# Blender 4.4.1
# www.blender.org
mtllib titleFont.mtl
o テキスト
v -9.989801 0.462188 -0.299999
v -10.005531 0.407595 -0.299999
v -10.019894 0.351683 -0.299999
v -10.032888 0.294451 -0.299999
v -10.044516 0.235901 -0.299999
v -10.054774 0.176032 -0.299999
v -10.063665 0.114844 -0.299999
v -10.071188 0.052336 -0.299999
v -10.077343 -0.011490 -0.299999
v -10.082130 -0.076635 -0.299999
v -10.085549 -0.143100 -0.299999
v -10.087601 -0.210883 -0.299999
v -10.088289 -0.279986 -0.299999
v -10.087556 -0.346328 -0.299999
v -10.085358 -0.411693 -0.299999
v -10.081693 -0.476081 -0.299999
v -10.076563 -0.539493 -0.299999
v -10.069969 -0.601927 -0.299999
v -10.061908 -0.663384 -0.299999
v -10.052382 -0.723864 -0.299999
v -10.041389 -0.783366 -0.299999
v -10.028933 -0.841892 -0.299999
v -10.015009 -0.899441 -0.299999
v -9.999619 -0.956013 -0.299999
v -9.982766 -1.011607 -0.299999
v -9.964422 -1.066078 -0.299999
v -9.944564 -1.119279 -0.299999
v -9.923190 -1.171210 -0.299999
v -9.900303 -1.221870 -0.299999
v -9.875900 -1.271261 -0.299999
v -9.849984 -1.319381 -0.299999
v -9.822554 -1.366231 -0.299999
v -9.793608 -1.411811 -0.299999
v -9.763148 -1.456120 -0.299999
v -9.731174 -1.499160 -0.299999
v -9.697685 -1.540929 -0.299999
v -9.662682 -1.581428 -0.299999
v -9.626164 -1.620535 -0.299999
v -9.588133 -1.658127 -0.299999
v -9.548586 -1.694205 -0.299999
v -9.507524 -1.728768 -0.299999
v -9.464950 -1.761817 -0.299999
v -9.420860 -1.793352 -0.299999
v -9.375256 -1.823372 -0.299999
v -9.328137 -1.851878 -0.299999
v -9.279504 -1.878869 -0.299999
v -9.229356 -1.904346 -0.299999
v -9.177693 -1.928308 -0.299999
v -9.124517 -1.950756 -0.299999
v -9.069826 -1.971543 -0.299999
v -9.013621 -1.990522 -0.299999
v -8.955901 -2.007694 -0.299999
v -8.896667 -2.023058 -0.299999
v -8.835918 -2.036615 -0.299999
v -8.773656 -2.048364 -0.299999
v -8.709878 -2.058306 -0.299999
v -8.644587 -2.066440 -0.299999
v -8.577780 -2.072766 -0.299999
v -8.509459 -2.077285 -0.299999
v -8.439625 -2.079997 -0.299999
v -8.368275 -2.080900 -0.299999
v -8.299270 -2.080094 -0.299999
v -8.231779 -2.077676 -0.299999
v -8.165804 -2.073646 -0.299999
v -8.101342 -2.068003 -0.299999
v -8.038395 -2.060749 -0.299999
v -7.976962 -2.051882 -0.299999
v -7.917044 -2.041403 -0.299999
v -7.858641 -2.029312 -0.299999
v -7.801752 -2.015609 -0.299999
v -7.746377 -2.000293 -0.299999
v -7.692516 -1.983366 -0.299999
v -7.640171 -1.964826 -0.299999
v -7.589314 -1.944747 -0.299999
v -7.539925 -1.923203 -0.299999
v -7.492000 -1.900193 -0.299999
v -7.445540 -1.875718 -0.299999
v -7.400547 -1.849777 -0.299999
v -7.357018 -1.822371 -0.299999
v -7.314956 -1.793499 -0.299999
v -7.274360 -1.763161 -0.299999
v -7.235229 -1.731358 -0.299999
v -7.197563 -1.698089 -0.299999
v -7.161363 -1.663354 -0.299999
v -7.126628 -1.627154 -0.299999
v -7.093359 -1.589513 -0.299999
v -7.061556 -1.550455 -0.299999
v -7.031219 -1.509981 -0.299999
v -7.002347 -1.468089 -0.299999
v -6.974940 -1.424781 -0.299999
v -6.948999 -1.380056 -0.299999
v -6.924524 -1.333915 -0.299999
v -6.901514 -1.286356 -0.299999
v -6.879970 -1.237381 -0.299999
v -6.859891 -1.186990 -0.299999
v -6.841279 -1.135181 -0.299999
v -6.824131 -1.081956 -0.299999
v -6.808400 -1.027387 -0.299999
v -6.794037 -0.971548 -0.299999
v -6.781042 -0.914439 -0.299999
v -6.769415 -0.856060 -0.299999
v -6.759156 -0.796410 -0.299999
v -6.750265 -0.735491 -0.299999
v -6.742742 -0.673301 -0.299999
v -6.736586 -0.609841 -0.299999
v -6.731799 -0.545111 -0.299999
v -6.728379 -0.479110 -0.299999
v -6.726327 -0.411840 -0.299999
v -6.725643 -0.343299 -0.299999
v -6.726388 -0.276945 -0.299999
v -6.728623 -0.211543 -0.299999
v -6.732349 -0.147094 -0.299999
v -6.737564 -0.083597 -0.299999
v -6.744268 -0.021053 -0.299999
v -6.752463 0.040538 -0.299999
v -6.762149 0.101177 -0.299999
v -6.773324 0.160863 -0.299999
v -6.785989 0.219597 -0.299999
v -6.800144 0.277378 -0.299999
v -6.815789 0.334206 -0.299999
v -6.832924 0.390081 -0.299999
v -6.851550 0.444821 -0.299999
v -6.871665 0.498242 -0.299999
v -6.893270 0.550343 -0.299999
v -6.916365 0.601126 -0.299999
v -6.940950 0.650589 -0.299999
v -6.967025 0.698734 -0.299999
v -6.994591 0.745560 -0.299999
v -7.023646 0.791066 -0.299999
v -7.054191 0.835254 -0.299999
v -7.086226 0.878122 -0.299999
v -7.119751 0.919672 -0.299999
v -7.154768 0.959902 -0.299999
v -7.191273 0.998728 -0.299999
v -7.229269 1.036064 -0.299999
v -7.268754 1.071909 -0.299999
v -7.309729 1.106265 -0.299999
v -7.352194 1.139131 -0.299999
v -7.396150 1.170507 -0.299999
v -7.441595 1.200392 -0.299999
v -7.488531 1.228788 -0.299999
v -7.536956 1.255694 -0.299999
v -7.586871 1.281110 -0.299999
v -7.638277 1.305035 -0.299999
v -7.691173 1.327471 -0.299999
v -7.745583 1.348258 -0.299999
v -7.801532 1.367237 -0.299999
v -7.859019 1.384409 -0.299999
v -7.918046 1.399773 -0.299999
v -7.978611 1.413330 -0.299999
v -8.040715 1.425079 -0.299999
v -8.104359 1.435021 -0.299999
v -8.169540 1.443155 -0.299999
v -8.236261 1.449481 -0.299999
v -8.304522 1.454000 -0.299999
v -8.374320 1.456711 -0.299999
v -8.445658 1.457615 -0.299999
v -8.515224 1.456822 -0.299999
v -8.583227 1.454440 -0.299999
v -8.649668 1.450471 -0.299999
v -8.714544 1.444913 -0.299999
v -8.777858 1.437769 -0.299999
v -8.839607 1.429036 -0.299999
v -8.899795 1.418716 -0.299999
v -8.958418 1.406808 -0.299999
v -9.015478 1.393312 -0.299999
v -9.070974 1.378229 -0.299999
v -9.124908 1.361558 -0.299999
v -9.177279 1.343299 -0.299999
v -9.228123 1.323502 -0.299999
v -9.277476 1.302214 -0.299999
v -9.325340 1.279436 -0.299999
v -9.371714 1.255169 -0.299999
v -9.416597 1.229411 -0.299999
v -9.459991 1.202163 -0.299999
v -9.501895 1.173426 -0.299999
v -9.542309 1.143198 -0.299999
v -9.581232 1.111480 -0.299999
v -9.618666 1.078272 -0.299999
v -9.654609 1.043575 -0.299999
v -9.689062 1.007387 -0.299999
v -9.722050 0.969746 -0.299999
v -9.753597 0.930688 -0.299999
v -9.783703 0.890213 -0.299999
v -9.812366 0.848321 -0.299999
v -9.839590 0.805013 -0.299999
v -9.865372 0.760288 -0.299999
v -9.889713 0.714147 -0.299999
v -9.912613 0.666589 -0.299999
v -9.934072 0.617613 -0.299999
v -9.954089 0.567222 -0.299999
v -9.972666 0.515413 -0.299999
v -9.131553 -0.760112 -0.299999
v -9.138856 -0.727198 -0.299999
v -9.145525 -0.693526 -0.299999
v -9.151558 -0.659097 -0.299999
v -9.156956 -0.623910 -0.299999
v -9.161719 -0.587967 -0.299999
v -9.165848 -0.551266 -0.299999
v -9.169340 -0.513808 -0.299999
v -9.172198 -0.475593 -0.299999
v -9.174421 -0.436620 -0.299999
v -9.176008 -0.396891 -0.299999
v -9.176961 -0.356404 -0.299999
v -9.177279 -0.315160 -0.299999
v -9.177023 -0.276725 -0.299999
v -9.176253 -0.238803 -0.299999
v -9.174971 -0.201394 -0.299999
v -9.173175 -0.164497 -0.299999
v -9.170867 -0.128114 -0.299999
v -9.168045 -0.092244 -0.299999
v -9.164711 -0.056887 -0.299999
v -9.160864 -0.022042 -0.299999
v -9.156505 0.012289 -0.299999
v -9.151631 0.046108 -0.299999
v -9.146245 0.079413 -0.299999
v -9.140347 0.112206 -0.299999
v -9.133837 0.144387 -0.299999
v -9.126618 0.175861 -0.299999
v -9.118692 0.206626 -0.299999
v -9.110058 0.236683 -0.299999
v -9.100715 0.266031 -0.299999
v -9.090663 0.294671 -0.299999
v -9.079903 0.322603 -0.299999
v -9.068434 0.349826 -0.299999
v -9.056257 0.376341 -0.299999
v -9.043373 0.402148 -0.299999
v -9.029779 0.427246 -0.299999
v -9.015478 0.451636 -0.299999
v -9.000419 0.475232 -0.299999
v -8.984554 0.497948 -0.299999
v -8.967883 0.519786 -0.299999
v -8.950406 0.540743 -0.299999
v -8.932122 0.560822 -0.299999
v -8.913033 0.580021 -0.299999
v -8.893138 0.598341 -0.299999
v -8.872437 0.615782 -0.299999
v -8.850928 0.632343 -0.299999
v -8.828615 0.648024 -0.299999
v -8.805495 0.662827 -0.299999
v -8.781570 0.676750 -0.299999
v -8.756716 0.689672 -0.299999
v -8.730812 0.701470 -0.299999
v -8.703857 0.712144 -0.299999
v -8.675853 0.721695 -0.299999
v -8.646797 0.730122 -0.299999
v -8.616692 0.737425 -0.299999
v -8.585536 0.743605 -0.299999
v -8.553329 0.748661 -0.299999
v -8.520073 0.752594 -0.299999
v -8.485766 0.755403 -0.299999
v -8.450409 0.757089 -0.299999
v -8.414001 0.757650 -0.299999
v -8.381514 0.757150 -0.299999
v -8.349710 0.755647 -0.299999
v -8.318590 0.753144 -0.299999
v -8.288156 0.749639 -0.299999
v -8.258404 0.745132 -0.299999
v -8.229336 0.739624 -0.299999
v -8.200953 0.733114 -0.299999
v -8.173253 0.725603 -0.299999
v -8.146237 0.717090 -0.299999
v -8.119905 0.707576 -0.299999
v -8.094257 0.697061 -0.299999
v -8.069295 0.685544 -0.299999
v -8.045039 0.673062 -0.299999
v -8.021516 0.659652 -0.299999
v -7.998726 0.645313 -0.299999
v -7.976669 0.630047 -0.299999
v -7.955345 0.613852 -0.299999
v -7.934753 0.596729 -0.299999
v -7.914895 0.578678 -0.299999
v -7.895769 0.559698 -0.299999
v -7.877376 0.539791 -0.299999
v -7.859715 0.518955 -0.299999
v -7.842788 0.497191 -0.299999
v -7.826593 0.474499 -0.299999
v -7.811094 0.450952 -0.299999
v -7.796255 0.426623 -0.299999
v -7.782076 0.401513 -0.299999
v -7.768556 0.375621 -0.299999
v -7.755695 0.348947 -0.299999
v -7.743495 0.321491 -0.299999
v -7.731953 0.293254 -0.299999
v -7.721071 0.264236 -0.299999
v -7.710849 0.234436 -0.299999
v -7.701286 0.203854 -0.299999
v -7.692382 0.172490 -0.299999
v -7.684138 0.140345 -0.299999
v -7.676553 0.107430 -0.299999
v -7.669628 0.073758 -0.299999
v -7.663363 0.039329 -0.299999
v -7.657757 0.004143 -0.299999
v -7.652810 -0.031801 -0.299999
v -7.648523 -0.068501 -0.299999
v -7.644896 -0.105959 -0.299999
v -7.641928 -0.144175 -0.299999
v -7.639620 -0.183147 -0.299999
v -7.637971 -0.222877 -0.299999
v -7.636981 -0.263364 -0.299999
v -7.636652 -0.304608 -0.299999
v -7.636921 -0.343043 -0.299999
v -7.637727 -0.380965 -0.299999
v -7.639071 -0.418374 -0.299999
v -7.640952 -0.455270 -0.299999
v -7.643370 -0.491653 -0.299999
v -7.646326 -0.527524 -0.299999
v -7.649818 -0.562881 -0.299999
v -7.653849 -0.597725 -0.299999
v -7.658417 -0.632057 -0.299999
v -7.663522 -0.665875 -0.299999
v -7.669165 -0.699181 -0.299999
v -7.675344 -0.731973 -0.299999
v -7.682123 -0.764155 -0.299999
v -7.689561 -0.795629 -0.299999
v -7.697658 -0.826394 -0.299999
v -7.706415 -0.856450 -0.299999
v -7.715831 -0.885799 -0.299999
v -7.725907 -0.914439 -0.299999
v -7.736643 -0.942371 -0.299999
v -7.748038 -0.969594 -0.299999
v -7.760093 -0.996109 -0.299999
v -7.772807 -1.021915 -0.299999
v -7.786180 -1.047014 -0.299999
v -7.800212 -1.071403 -0.299999
v -7.815003 -1.094987 -0.299999
v -7.830648 -1.117667 -0.299999
v -7.847148 -1.139443 -0.299999
v -7.864503 -1.160316 -0.299999
v -7.882713 -1.180284 -0.299999
v -7.901778 -1.199349 -0.299999
v -7.921698 -1.217510 -0.299999
v -7.942472 -1.234768 -0.299999
v -7.964102 -1.251121 -0.299999
v -7.986587 -1.266571 -0.299999
v -8.009926 -1.281117 -0.299999
v -8.034121 -1.294759 -0.299999
v -8.059231 -1.307400 -0.299999
v -8.085319 -1.318941 -0.299999
v -8.112383 -1.329383 -0.299999
v -8.140425 -1.338727 -0.299999
v -8.169443 -1.346971 -0.299999
v -8.199438 -1.354115 -0.299999
v -8.230412 -1.360161 -0.299999
v -8.262362 -1.365107 -0.299999
v -8.295288 -1.368954 -0.299999
v -8.329192 -1.371702 -0.299999
v -8.364073 -1.373351 -0.299999
v -8.399931 -1.373901 -0.299999
v -8.432981 -1.373400 -0.299999
v -8.465297 -1.371898 -0.299999
v -8.496880 -1.369394 -0.299999
v -8.527731 -1.365889 -0.299999
v -8.557848 -1.361382 -0.299999
v -8.587234 -1.355874 -0.299999
v -8.615886 -1.349364 -0.299999
v -8.643805 -1.341853 -0.299999
v -8.670992 -1.333341 -0.299999
v -8.697445 -1.323827 -0.299999
v -8.723166 -1.313311 -0.299999
v -8.748155 -1.301794 -0.299999
v -8.772410 -1.289324 -0.299999
v -8.795933 -1.275951 -0.299999
v -8.818723 -1.261673 -0.299999
v -8.840780 -1.246492 -0.299999
v -8.862104 -1.230407 -0.299999
v -8.882696 -1.213419 -0.299999
v -8.902555 -1.195526 -0.299999
v -8.921680 -1.176730 -0.299999
v -8.940074 -1.157030 -0.299999
v -8.957734 -1.136426 -0.299999
v -8.974662 -1.114919 -0.299999
v -8.990856 -1.092508 -0.299999
v -9.006343 -1.069242 -0.299999
v -9.021145 -1.045169 -0.299999
v -9.035264 -1.020291 -0.299999
v -9.048698 -0.994606 -0.299999
v -9.061449 -0.968116 -0.299999
v -9.073515 -0.940819 -0.299999
v -9.084898 -0.912717 -0.299999
v -9.095596 -0.883808 -0.299999
v -9.105612 -0.854093 -0.299999
v -9.114943 -0.823572 -0.299999
v -9.123590 -0.792245 -0.299999
v -5.187479 -0.079493 -0.300000
v -5.187479 -0.220190 -0.300000
v -5.186978 -0.246570 -0.300000
v -5.185476 -0.271778 -0.300000
v -5.182972 -0.295814 -0.300000
v -5.179467 -0.318677 -0.300000
v -5.174960 -0.340368 -0.300000
v -5.169452 -0.360886 -0.300000
v -5.162942 -0.380232 -0.300000
v -5.155432 -0.398405 -0.300000
v -5.146919 -0.415406 -0.300000
v -5.137405 -0.431234 -0.300000
v -5.126889 -0.445890 -0.300000
v -5.115372 -0.459374 -0.300000
v -5.102975 -0.471734 -0.300000
v -5.089822 -0.483019 -0.300000
v -5.075911 -0.493229 -0.300000
v -5.061243 -0.502364 -0.300000
v -5.045817 -0.510425 -0.300000
v -5.029635 -0.517411 -0.300000
v -5.012695 -0.523322 -0.300000
v -4.994998 -0.528159 -0.300000
v -4.976544 -0.531920 -0.300000
v -4.957333 -0.534607 -0.300000
v -4.937364 -0.536219 -0.300000
v -4.916638 -0.536757 -0.300000
v -3.006684 -0.536757 -0.300000
v -3.007013 -0.569916 -0.300000
v -3.008002 -0.602562 -0.300000
v -3.009651 -0.634695 -0.300000
v -3.011959 -0.666315 -0.300000
v -3.014927 -0.697422 -0.300000
v -3.018554 -0.728016 -0.300000
v -3.022841 -0.758097 -0.300000
v -3.027787 -0.787665 -0.300000
v -3.033393 -0.816721 -0.300000
v -3.039658 -0.845263 -0.300000
v -3.046583 -0.873292 -0.300000
v -3.054169 -0.900809 -0.300000
v -3.062474 -0.927727 -0.300000
v -3.071561 -0.953961 -0.300000
v -3.081429 -0.979511 -0.300000
v -3.092079 -1.004377 -0.300000
v -3.103510 -1.028559 -0.300000
v -3.115723 -1.052058 -0.300000
v -3.128718 -1.074872 -0.300000
v -3.142495 -1.097002 -0.300000
v -3.157053 -1.118449 -0.300000
v -3.172393 -1.139211 -0.300000
v -3.188514 -1.159290 -0.300000
v -3.205417 -1.178684 -0.300000
v -3.223126 -1.197358 -0.300000
v -3.241666 -1.215275 -0.300000
v -3.261037 -1.232435 -0.300000
v -3.281237 -1.248837 -0.300000
v -3.302269 -1.264482 -0.300000
v -3.324130 -1.279370 -0.300000
v -3.346822 -1.293501 -0.300000
v -3.370345 -1.306875 -0.300000
v -3.394698 -1.319491 -0.300000
v -3.419882 -1.331350 -0.300000
v -3.445896 -1.342452 -0.300000
v -3.472741 -1.352796 -0.300000
v -3.500452 -1.362347 -0.300000
v -3.529068 -1.371067 -0.300000
v -3.558588 -1.378957 -0.300000
v -3.589010 -1.386016 -0.300000
v -3.620337 -1.392245 -0.300000
v -3.652568 -1.397643 -0.300000
v -3.685703 -1.402211 -0.300000
v -3.719741 -1.405948 -0.300000
v -3.754683 -1.408855 -0.300000
v -3.790529 -1.410931 -0.300000
v -3.827279 -1.412177 -0.300000
v -3.864932 -1.412592 -0.300000
v -3.903233 -1.412360 -0.300000
v -3.940752 -1.411664 -0.300000
v -3.977489 -1.410504 -0.300000
v -4.013445 -1.408880 -0.300000
v -4.048619 -1.406791 -0.300000
v -4.083012 -1.404238 -0.300000
v -4.116622 -1.401222 -0.300000
v -4.149451 -1.397741 -0.300000
v -4.181499 -1.393796 -0.300000
v -4.212765 -1.389387 -0.300000
v -4.243249 -1.384514 -0.300000
v -4.272952 -1.379177 -0.300000
v -4.301934 -1.373559 -0.300000
v -4.330256 -1.367843 -0.300000
v -4.357919 -1.362029 -0.300000
v -4.384923 -1.356118 -0.300000
v -4.411267 -1.350109 -0.300000
v -4.436952 -1.344003 -0.300000
v -4.461977 -1.337798 -0.300000
v -4.486342 -1.331496 -0.300000
v -4.510048 -1.325097 -0.300000
v -4.533094 -1.318599 -0.300000
v -4.555481 -1.312004 -0.300000
v -4.577208 -1.305311 -0.300000
v -4.598300 -1.298618 -0.300000
v -4.618782 -1.292023 -0.300000
v -4.638653 -1.285526 -0.300000
v -4.657913 -1.279126 -0.300000
v -4.676563 -1.272824 -0.300000
v -4.694602 -1.266620 -0.300000
v -4.712030 -1.260513 -0.300000
v -4.728848 -1.254504 -0.300000
v -4.745055 -1.248593 -0.300000
v -4.760651 -1.242779 -0.300000
v -4.775636 -1.237064 -0.300000
v -4.790011 -1.231446 -0.300000
v -4.803861 -1.226108 -0.300000
v -4.817271 -1.221235 -0.300000
v -4.830242 -1.216826 -0.300000
v -4.842772 -1.212882 -0.300000
v -4.854863 -1.209401 -0.300000
v -4.866515 -1.206384 -0.300000
v -4.877727 -1.203832 -0.300000
v -4.888498 -1.201743 -0.300000
v -4.898831 -1.200119 -0.300000
v -4.908723 -1.198958 -0.300000
v -4.918177 -1.198262 -0.300000
v -4.927190 -1.198030 -0.300000
v -4.932393 -1.198116 -0.300000
v -4.937449 -1.198372 -0.300000
v -4.942359 -1.198799 -0.300000
v -4.947122 -1.199398 -0.300000
v -4.951739 -1.200167 -0.300000
v -4.956209 -1.201108 -0.300000
v -4.960532 -1.202219 -0.300000
v -4.964709 -1.203501 -0.300000
v -4.968740 -1.204955 -0.300000
v -4.972623 -1.206579 -0.300000
v -4.976360 -1.208375 -0.300000
v -4.979951 -1.210341 -0.300000
v -4.983420 -1.212527 -0.300000
v -4.986791 -1.214982 -0.300000
v -4.990064 -1.217706 -0.300000
v -4.993239 -1.220698 -0.300000
v -4.996317 -1.223959 -0.300000
v -4.999297 -1.227488 -0.300000
v -5.002180 -1.231287 -0.300000
v -5.004964 -1.235354 -0.300000
v -5.007651 -1.239689 -0.299999
v -5.010241 -1.244294 -0.299999
v -5.012732 -1.249167 -0.299999
v -5.015125 -1.254309 -0.299999
v -5.017409 -1.259768 -0.299999
v -5.019571 -1.265594 -0.299999
v -5.021611 -1.271786 -0.299999
v -5.023528 -1.278344 -0.299999
v -5.025324 -1.285269 -0.299999
v -5.026997 -1.292560 -0.299999
v -5.028548 -1.300218 -0.299999
v -5.029976 -1.308242 -0.299999
v -5.031283 -1.316633 -0.299999
v -5.032467 -1.325390 -0.299999
v -5.033530 -1.334513 -0.299999
v -5.034471 -1.344003 -0.299999
v -5.035314 -1.353883 -0.299999
v -5.036083 -1.364179 -0.299999
v -5.036779 -1.374890 -0.299999
v -5.037403 -1.386016 -0.299999
v -5.037952 -1.397558 -0.299999
v -5.038428 -1.409515 -0.299999
v -5.038831 -1.421887 -0.299999
v -5.039161 -1.434674 -0.299999
v -5.039417 -1.447876 -0.299999
v -5.039600 -1.461494 -0.299999
v -5.039710 -1.475527 -0.299999
v -5.039747 -1.489975 -0.299999
v -5.039723 -1.502714 -0.299999
v -5.039649 -1.515135 -0.299999
v -5.039527 -1.527238 -0.299999
v -5.039356 -1.539024 -0.299999
v -5.039136 -1.550492 -0.299999
v -5.038867 -1.561643 -0.299999
v -5.038550 -1.572476 -0.299999
v -5.038183 -1.582991 -0.299999
v -5.037768 -1.593189 -0.299999
v -5.037303 -1.603070 -0.299999
v -5.036790 -1.612633 -0.299999
v -5.036230 -1.621878 -0.299999
v -5.035620 -1.630855 -0.299999
v -5.034961 -1.639612 -0.299999
v -5.034252 -1.648149 -0.299999
v -5.033495 -1.656466 -0.299999
v -5.032690 -1.664564 -0.299999
v -5.031835 -1.672441 -0.299999
v -5.030931 -1.680099 -0.299999
v -5.029979 -1.687537 -0.299999
v -5.028977 -1.694755 -0.299999
v -5.027927 -1.701753 -0.299999
v -5.026828 -1.708531 -0.299999
v -5.025678 -1.715090 -0.299999
v -5.024457 -1.721453 -0.299999
v -5.023137 -1.727645 -0.299999
v -5.021720 -1.733666 -0.299999
v -5.020206 -1.739516 -0.299999
v -5.018594 -1.745195 -0.299999
v -5.016884 -1.750703 -0.299999
v -5.015076 -1.756041 -0.299999
v -5.013170 -1.761207 -0.299999
v -5.011167 -1.766202 -0.299999
v -5.009066 -1.771026 -0.299999
v -5.006867 -1.775679 -0.299999
v -5.004573 -1.780162 -0.299999
v -5.002167 -1.784546 -0.299999
v -4.999639 -1.788906 -0.299999
v -4.996989 -1.793242 -0.299999
v -4.994216 -1.797553 -0.299999
v -4.991322 -1.801840 -0.299999
v -4.988305 -1.806102 -0.299999
v -4.985167 -1.810340 -0.299999
v -4.981905 -1.814554 -0.299999
v -4.978522 -1.818743 -0.299999
v -4.975018 -1.822908 -0.299999
v -4.971390 -1.827048 -0.299999
v -4.967640 -1.831164 -0.299999
v -4.963280 -1.835390 -0.299999
v -4.957821 -1.839860 -0.299999
v -4.951262 -1.844574 -0.299999
v -4.943605 -1.849533 -0.299999
v -4.934848 -1.854736 -0.299999
v -4.924992 -1.860183 -0.299999
v -4.914037 -1.865874 -0.299999
v -4.901982 -1.871810 -0.299999
v -4.888829 -1.877990 -0.299999
v -4.874576 -1.884414 -0.299999
v -4.859224 -1.891082 -0.299999
v -4.842772 -1.897995 -0.299999
v -4.825381 -1.905017 -0.299999
v -4.807208 -1.912016 -0.299999
v -4.788253 -1.918989 -0.299999
v -4.768516 -1.925939 -0.299999
v -4.747998 -1.932864 -0.299999
v -4.726698 -1.939764 -0.299999
v -4.704617 -1.946640 -0.299999
v -4.681753 -1.953492 -0.299999
v -4.658108 -1.960319 -0.299999
v -4.633682 -1.967122 -0.300000
v -4.608473 -1.973900 -0.300000
v -4.582484 -1.980654 -0.300000
v -4.555786 -1.987323 -0.300000
v -4.528452 -1.993844 -0.300000
v -4.500484 -2.000220 -0.300000
v -4.471881 -2.006448 -0.300000
v -4.442642 -2.012531 -0.300000
v -4.412769 -2.018466 -0.300000
v -4.382260 -2.024255 -0.300000
v -4.351116 -2.029898 -0.300000
v -4.319338 -2.035394 -0.300000
v -4.286924 -2.040743 -0.300000
v -4.253875 -2.045946 -0.300000
v -4.220191 -2.051003 -0.300000
v -4.185994 -2.055778 -0.300000
v -4.151406 -2.060138 -0.300000
v -4.116427 -2.064083 -0.300000
v -4.081058 -2.067612 -0.300000
v -4.045297 -2.070727 -0.300000
v -4.009146 -2.073426 -0.300000
v -3.972604 -2.075710 -0.300000
v -3.935671 -2.077579 -0.300000
v -3.898348 -2.079032 -0.300000
v -3.860633 -2.080070 -0.300000
v -3.822528 -2.080693 -0.300000
v -3.784032 -2.080900 -0.300000
v -3.714990 -2.080168 -0.300000
v -3.647390 -2.077969 -0.300000
v -3.581231 -2.074305 -0.300000
v -3.516513 -2.069175 -0.300000
v -3.453236 -2.062580 -0.300000
v -3.391401 -2.054520 -0.300000
v -3.331006 -2.044993 -0.300000
v -3.272053 -2.034001 -0.300000
v -3.214541 -2.021544 -0.300000
v -3.158470 -2.007621 -0.300000
v -3.103840 -1.992232 -0.300000
v -3.050651 -1.975378 -0.300000
v -2.998904 -1.957034 -0.300000
v -2.948597 -1.937175 -0.300000
v -2.899732 -1.915802 -0.300000
v -2.852309 -1.892914 -0.300000
v -2.806325 -1.868512 -0.300000
v -2.761784 -1.842596 -0.300000
v -2.718683 -1.815165 -0.300000
v -2.677024 -1.786219 -0.300000
v -2.636806 -1.755760 -0.300000
v -2.598029 -1.723785 -0.300000
v -2.560693 -1.690297 -0.300000
v -2.524798 -1.655294 -0.300000
v -2.490369 -1.618752 -0.300000
v -2.457430 -1.580646 -0.300000
v -2.425981 -1.540978 -0.300000
v -2.396022 -1.499746 -0.300000
v -2.367553 -1.456951 -0.300000
v -2.340574 -1.412592 -0.300000
v -2.315085 -1.366670 -0.300000
v -2.291086 -1.319185 -0.300000
v -2.268577 -1.270137 -0.300000
v -2.247558 -1.219525 -0.300000
v -2.228029 -1.167350 -0.300000
v -2.209990 -1.113612 -0.300000
v -2.193417 -1.058311 -0.300000
v -2.178285 -1.001446 -0.300000
v -2.164593 -0.943018 -0.300000
v -2.152344 -0.883026 -0.300000
v -2.141535 -0.821472 -0.300000
v -2.132167 -0.758354 -0.300000
v -2.124241 -0.693672 -0.300000
v -2.117756 -0.627428 -0.300000
v -2.112711 -0.559620 -0.300000
v -2.109108 -0.490249 -0.300000
v -2.106947 -0.419314 -0.300000
v -2.106226 -0.346817 -0.300000
v -2.106984 -0.277629 -0.300000
v -2.109255 -0.209589 -0.300000
v -2.113041 -0.142697 -0.300000
v -2.118342 -0.076953 -0.300000
v -2.125157 -0.012357 -0.300000
v -2.133487 0.051091 -0.300000
v -2.143330 0.113390 -0.300000
v -2.154689 0.174542 -0.300000
v -2.167561 0.234546 -0.300000
v -2.181949 0.293401 -0.300000
v -2.197850 0.351109 -0.300000
v -2.215266 0.407668 -0.300000
v -2.234123 0.462945 -0.300000
v -2.254349 0.516806 -0.300000
v -2.275942 0.569249 -0.300000
v -2.298903 0.620276 -0.300000
v -2.323231 0.669886 -0.300000
v -2.348928 0.718080 -0.300000
v -2.375992 0.764856 -0.300000
v -2.404425 0.810216 -0.300000
v -2.434225 0.854159 -0.300000
v -2.465393 0.896686 -0.300000
v -2.497929 0.937796 -0.300000
v -2.531833 0.977489 -0.300000
v -2.567044 1.015704 -0.300000
v -2.603500 1.052380 -0.300000
v -2.641203 1.087518 -0.300000
v -2.680151 1.121116 -0.300000
v -2.720345 1.153176 -0.300000
v -2.761784 1.183697 -0.300000
v -2.804470 1.212679 -0.300000
v -2.848401 1.240122 -0.300000
v -2.893577 1.266026 -0.300000
v -2.940000 1.290392 -0.300000
v -2.987668 1.313218 -0.300000
v -3.036582 1.334506 -0.300000
v -3.086643 1.354169 -0.300000
v -3.137756 1.372123 -0.300000
v -3.189919 1.388366 -0.300000
v -3.243132 1.402900 -0.300000
v -3.297395 1.415724 -0.300000
v -3.352709 1.426838 -0.300000
v -3.409073 1.436242 -0.300000
v -3.466487 1.443937 -0.300000
v -3.524952 1.449921 -0.300000
v -3.584467 1.454196 -0.300000
v -3.645032 1.456761 -0.300000
v -3.706648 1.457615 -0.300000
v -3.771513 1.456810 -0.300000
v -3.834790 1.454391 -0.300000
v -3.896479 1.450361 -0.300000
v -3.956580 1.444719 -0.300000
v -4.015094 1.437464 -0.300000
v -4.072020 1.428597 -0.300000
v -4.127357 1.418118 -0.300000
v -4.181108 1.406027 -0.300000
v -4.233271 1.392324 -0.300000
v -4.283846 1.377008 -0.300000
v -4.332833 1.360081 -0.300000
v -4.380233 1.341541 -0.300000
v -4.426142 1.321572 -0.300000
v -4.470659 1.300358 -0.300000
v -4.513784 1.277897 -0.300000
v -4.555517 1.254191 -0.300000
v -4.595857 1.229240 -0.300000
v -4.634805 1.203042 -0.300000
v -4.672361 1.175599 -0.300000
v -4.708524 1.146910 -0.300000
v -4.743295 1.116976 -0.300000
v -4.776674 1.085795 -0.300000
v -4.808661 1.053369 -0.300000
v -4.839255 1.019698 -0.300000
v -4.868494 0.984878 -0.300000
v -4.896413 0.949008 -0.300000
v -4.923013 0.912087 -0.300000
v -4.948295 0.874116 -0.300000
v -4.972257 0.835095 -0.300000
v -4.994901 0.795023 -0.300000
v -5.016225 0.753901 -0.300000
v -5.036231 0.711729 -0.300000
v -5.054917 0.668506 -0.300000
v -5.072285 0.624233 -0.300000
v -5.088334 0.578910 -0.300000
v -5.103061 0.532536 -0.300000
v -5.116544 0.485295 -0.300000
v -5.128855 0.437371 -0.300000
v -5.139994 0.388762 -0.300000
v -5.149960 0.339469 -0.300000
v -5.158753 0.289493 -0.300000
v -5.166374 0.238832 -0.300000
v -5.172822 0.187488 -0.300000
v -5.178099 0.135459 -0.300000
v -5.182202 0.082747 -0.300000
v -5.185134 0.029351 -0.300000
v -5.186893 -0.024729 -0.300000
v -3.006684 0.033064 -0.300000
v -4.329230 0.033064 -0.300000
v -4.329804 0.094093 -0.300000
v -4.328009 0.152900 -0.300000
v -4.323844 0.209484 -0.300000
v -4.317310 0.263845 -0.300000
v -4.308407 0.315983 -0.300000
v -4.297134 0.365899 -0.300000
v -4.283492 0.413592 -0.300000
v -4.267480 0.459061 -0.300000
v -4.249099 0.502308 -0.300000
v -4.228349 0.543333 -0.300000
v -4.205229 0.582134 -0.300000
v -4.179740 0.618713 -0.300000
v -4.151857 0.652702 -0.300000
v -4.121556 0.683736 -0.300000
v -4.088837 0.711814 -0.300000
v -4.053699 0.736937 -0.300000
v -4.016144 0.759104 -0.300000
v -3.976170 0.778315 -0.300000
v -3.933778 0.794571 -0.300000
v -3.888968 0.807871 -0.300000
v -3.841739 0.818216 -0.300000
v -3.792092 0.825605 -0.300000
v -3.740027 0.830038 -0.300000
v -3.685544 0.831516 -0.300000
v -3.657710 0.831076 -0.300000
v -3.630487 0.829757 -0.300000
v -3.603874 0.827559 -0.300000
v -3.577873 0.824481 -0.300000
v -3.552481 0.820524 -0.300000
v -3.527701 0.815688 -0.300000
v -3.503531 0.809972 -0.300000
v -3.479971 0.803377 -0.300000
v -3.457023 0.795902 -0.300000
v -3.434685 0.787548 -0.300000
v -3.412957 0.778315 -0.300000
v -3.391840 0.768203 -0.300000
v -3.371322 0.757345 -0.300000
v -3.351390 0.745877 -0.300000
v -3.332044 0.733798 -0.300000
v -3.313284 0.721109 -0.300000
v -3.295111 0.707808 -0.300000
v -3.277524 0.693898 -0.300000
v -3.260523 0.679376 -0.300000
v -3.244109 0.664244 -0.300000
v -3.228281 0.648501 -0.300000
v -3.213038 0.632147 -0.300000
v -3.198383 0.615183 -0.300000
v -3.184313 0.597608 -0.300000
v -3.170805 0.579460 -0.300000
v -3.157835 0.560773 -0.300000
v -3.145401 0.541550 -0.300000
v -3.133506 0.521789 -0.300000
v -3.122148 0.501490 -0.300000
v -3.111327 0.480654 -0.300000
v -3.101043 0.459281 -0.300000
v -3.091297 0.437371 -0.300000
v -3.082088 0.414923 -0.300000
v -3.073417 0.391937 -0.300000
v -3.065283 0.368415 -0.300000
v -3.057686 0.344355 -0.300000
v -3.050615 0.319892 -0.300000
v -3.044056 0.295160 -0.300000
v -3.038011 0.270159 -0.300000
v -3.032478 0.244890 -0.300000
v -3.027458 0.219352 -0.300000
v -3.022952 0.193546 -0.300000
v -3.018958 0.167470 -0.300000
v -3.015477 0.141127 -0.300000
v -3.012509 0.114514 -0.300000
v -3.010055 0.087633 -0.300000
v -3.008113 0.060483 -0.300000
v -0.399226 1.257123 -0.300000
v -0.399226 -1.880408 -0.300000
v -0.399104 -1.886209 -0.300000
v -0.398737 -1.891888 -0.300000
v -0.398127 -1.897445 -0.300000
v -0.397272 -1.902880 -0.300000
v -0.396173 -1.908193 -0.300000
v -0.394829 -1.913384 -0.300000
v -0.393242 -1.918452 -0.300000
v -0.391410 -1.923398 -0.300000
v -0.389333 -1.928223 -0.300000
v -0.387013 -1.932925 -0.300000
v -0.384448 -1.937505 -0.300000
v -0.381639 -1.941962 -0.300000
v -0.378525 -1.946298 -0.300000
v -0.375044 -1.950512 -0.300000
v -0.371197 -1.954603 -0.300000
v -0.366983 -1.958573 -0.300000
v -0.362403 -1.962420 -0.300000
v -0.357457 -1.966145 -0.300000
v -0.352144 -1.969748 -0.300000
v -0.346465 -1.973228 -0.300000
v -0.340419 -1.976587 -0.300000
v -0.334008 -1.979824 -0.300000
v -0.327229 -1.982938 -0.300000
v -0.320084 -1.985930 -0.300000
v -0.312561 -1.988800 -0.300000
v -0.304647 -1.991548 -0.300000
v -0.296342 -1.994174 -0.300000
v -0.287646 -1.996678 -0.300000
v -0.278559 -1.999059 -0.300000
v -0.269082 -2.001319 -0.300000
v -0.259214 -2.003456 -0.300000
v -0.248955 -2.005471 -0.300000
v -0.238305 -2.007365 -0.300000
v -0.227264 -2.009135 -0.300000
v -0.215832 -2.010784 -0.300000
v -0.204010 -2.012311 -0.300000
v -0.191735 -2.013715 -0.300000
v -0.178948 -2.014998 -0.300000
v -0.165648 -2.016158 -0.300000
v -0.151835 -2.017196 -0.300000
v -0.137509 -2.018112 -0.300000
v -0.122670 -2.018906 -0.300000
v -0.107318 -2.019578 -0.300000
v -0.091453 -2.020127 -0.300000
v -0.075075 -2.020555 -0.300000
v -0.058184 -2.020860 -0.300000
v -0.040780 -2.021043 -0.300000
v -0.022863 -2.021104 -0.300000
v -0.003823 -2.021043 -0.300000
v 0.014607 -2.020860 -0.300000
v 0.032426 -2.020555 -0.300000
v 0.049635 -2.020127 -0.300000
v 0.066232 -2.019578 -0.300000
v 0.082220 -2.018906 -0.300000
v 0.097596 -2.018112 -0.300000
v 0.112362 -2.017196 -0.300000
v 0.126517 -2.016158 -0.300000
v 0.140061 -2.014998 -0.300000
v 0.152995 -2.013715 -0.300000
v 0.165319 -2.012311 -0.300000
v 0.177129 -2.010784 -0.300000
v 0.188524 -2.009135 -0.300000
v 0.199503 -2.007365 -0.300000
v 0.210068 -2.005471 -0.300000
v 0.220217 -2.003456 -0.300000
v 0.229951 -2.001319 -0.300000
v 0.239269 -1.999059 -0.300000
v 0.248173 -1.996678 -0.300000
v 0.256661 -1.994174 -0.300000
v 0.264734 -1.991548 -0.300000
v 0.272392 -1.988800 -0.300000
v 0.279634 -1.985930 -0.300000
v 0.286498 -1.982938 -0.300000
v 0.293020 -1.979824 -0.300000
v 0.299200 -1.976587 -0.300000
v 0.305038 -1.973228 -0.300000
v 0.310534 -1.969748 -0.300000
v 0.315688 -1.966145 -0.300000
v 0.320500 -1.962420 -0.300000
v 0.324970 -1.958573 -0.300000
v 0.329098 -1.954603 -0.300000
v 0.332884 -1.950512 -0.300000
v 0.336328 -1.946298 -0.300000
v 0.339430 -1.941962 -0.300000
v 0.342239 -1.937505 -0.300000
v 0.344804 -1.932925 -0.300000
v 0.347124 -1.928223 -0.300000
v 0.349201 -1.923398 -0.300000
v 0.351033 -1.918452 -0.300000
v 0.352620 -1.913384 -0.300000
v 0.353964 -1.908193 -0.300000
v 0.355063 -1.902880 -0.300000
v 0.355918 -1.897445 -0.300000
v 0.356529 -1.891888 -0.300000
v 0.356895 -1.886209 -0.300000
v 0.357017 -1.880408 -0.300000
v 0.357017 -1.518115 -0.300000
v 0.400460 -1.564036 -0.300000
v 0.444024 -1.608004 -0.300000
v 0.487711 -1.650017 -0.300000
v 0.531520 -1.690077 -0.300000
v 0.575451 -1.728182 -0.300000
v 0.619504 -1.764333 -0.300000
v 0.663679 -1.798530 -0.300000
v 0.707977 -1.830773 -0.300000
v 0.752396 -1.861062 -0.300000
v 0.796938 -1.889397 -0.300000
v 0.841602 -1.915777 -0.300000
v 0.886388 -1.940204 -0.300000
v 0.931369 -1.962676 -0.300000
v 0.976619 -1.983194 -0.300000
v 1.022138 -2.001759 -0.300000
v 1.067925 -2.018368 -0.300000
v 1.113981 -2.033024 -0.300000
v 1.160306 -2.045726 -0.300000
v 1.206900 -2.056474 -0.300000
v 1.253762 -2.065267 -0.300000
v 1.300893 -2.072107 -0.300000
v 1.348292 -2.076992 -0.300000
v 1.395960 -2.079923 -0.300000
v 1.443897 -2.080900 -0.300000
v 1.497111 -2.080168 -0.300000
v 1.548882 -2.077969 -0.300000
v 1.599213 -2.074305 -0.300000
v 1.648103 -2.069175 -0.300000
v 1.695551 -2.062580 -0.300000
v 1.741558 -2.054520 -0.300000
v 1.786124 -2.044993 -0.300000
v 1.829249 -2.034001 -0.300000
v 1.870933 -2.021544 -0.300000
v 1.911176 -2.007621 -0.300000
v 1.949977 -1.992232 -0.300000
v 1.987337 -1.975378 -0.300000
v 2.023391 -1.957253 -0.300000
v 2.058272 -1.938054 -0.300000
v 2.091980 -1.917780 -0.300000
v 2.124517 -1.896432 -0.300000
v 2.155880 -1.874008 -0.300000
v 2.186071 -1.850510 -0.300000
v 2.215090 -1.825937 -0.300000
v 2.242936 -1.800289 -0.300000
v 2.269610 -1.773566 -0.300000
v 2.295111 -1.745769 -0.300000
v 2.319440 -1.716897 -0.300000
v 2.342596 -1.686950 -0.300000
v 2.364629 -1.656063 -0.300000
v 2.385587 -1.624370 -0.300000
v 2.405470 -1.591870 -0.300000
v 2.424278 -1.558565 -0.300000
v 2.442012 -1.524453 -0.300000
v 2.458671 -1.489536 -0.300000
v 2.474255 -1.453812 -0.300000
v 2.488764 -1.417282 -0.300000
v 2.502198 -1.379946 -0.300000
v 2.514558 -1.341804 -0.300000
v 2.525843 -1.302856 -0.300000
v 2.536054 -1.263102 -0.300000
v 2.545323 -1.222127 -0.300000
v 2.553787 -1.179515 -0.300000
v 2.561445 -1.135266 -0.300000
v 2.568296 -1.089381 -0.300000
v 2.574342 -1.041860 -0.300000
v 2.579582 -0.992701 -0.300000
v 2.584015 -0.941906 -0.300000
v 2.587642 -0.889475 -0.300000
v 2.590464 -0.835407 -0.300000
v 2.592479 -0.779703 -0.300000
v 2.593688 -0.722361 -0.300000
v 2.594091 -0.663384 -0.300000
v 2.594091 1.257123 -0.300000
v 2.593956 1.262924 -0.300000
v 2.593554 1.268604 -0.300000
v 2.592882 1.274160 -0.300000
v 2.591941 1.279595 -0.300000
v 2.590732 1.284908 -0.300000
v 2.589254 1.290099 -0.300000
v 2.587508 1.295167 -0.300000
v 2.585493 1.300113 -0.300000
v 2.583209 1.304938 -0.300000
v 2.580657 1.309640 -0.300000
v 2.577835 1.314220 -0.300000
v 2.574745 1.318678 -0.300000
v 2.571301 1.323013 -0.300000
v 2.567417 1.327227 -0.300000
v 2.563094 1.331318 -0.300000
v 2.558330 1.335287 -0.300000
v 2.553127 1.339135 -0.300000
v 2.547485 1.342860 -0.300000
v 2.541403 1.346462 -0.300000
v 2.534881 1.349943 -0.300000
v 2.527919 1.353302 -0.300000
v 2.520518 1.356539 -0.300000
v 2.512677 1.359653 -0.300000
v 2.504397 1.362645 -0.300000
v 2.495652 1.365515 -0.300000
v 2.486419 1.368263 -0.300000
v 2.476697 1.370889 -0.300000
v 2.466487 1.373393 -0.300000
v 2.455788 1.375774 -0.300000
v 2.444601 1.378034 -0.300000
v 2.432925 1.380171 -0.300000
v 2.420761 1.382186 -0.300000
v 2.408108 1.384079 -0.300000
v 2.394966 1.385850 -0.300000
v 2.381336 1.387499 -0.300000
v 2.367218 1.389026 -0.300000
v 2.352574 1.390430 -0.300000
v 2.337369 1.391713 -0.300000
v 2.321601 1.392873 -0.300000
v 2.305272 1.393911 -0.300000
v 2.288382 1.394827 -0.300000
v 2.270929 1.395621 -0.300000
v 2.252914 1.396293 -0.300000
v 2.234338 1.396842 -0.300000
v 2.215200 1.397270 -0.300000
v 2.195500 1.397575 -0.300000
v 2.175238 1.397758 -0.300000
v 2.154414 1.397820 -0.300000
v 2.133041 1.397758 -0.300000
v 2.112303 1.397575 -0.300000
v 2.092200 1.397270 -0.300000
v 2.072732 1.396842 -0.300000
v 2.053900 1.396293 -0.300000
v 2.035702 1.395621 -0.300000
v 2.018139 1.394827 -0.300000
v 2.001211 1.393911 -0.300000
v 1.984919 1.392873 -0.300000
v 1.969262 1.391713 -0.300000
v 1.954239 1.390430 -0.300000
v 1.939852 1.389026 -0.300000
v 1.926015 1.387499 -0.300000
v 1.912641 1.385850 -0.300000
v 1.899732 1.384079 -0.300000
v 1.887287 1.382186 -0.300000
v 1.875306 1.380171 -0.300000
v 1.863788 1.378034 -0.300000
v 1.852736 1.375775 -0.300000
v 1.842147 1.373393 -0.300000
v 1.832022 1.370889 -0.300000
v 1.822361 1.368263 -0.300000
v 1.813165 1.365516 -0.300000
v 1.804432 1.362645 -0.300000
v 1.796139 1.359653 -0.300000
v 1.788262 1.356539 -0.300000
v 1.780800 1.353302 -0.300000
v 1.773752 1.349943 -0.300000
v 1.767121 1.346463 -0.300000
v 1.760904 1.342860 -0.300000
v 1.755103 1.339135 -0.300000
v 1.749717 1.335288 -0.300000
v 1.744746 1.331318 -0.300000
v 1.740191 1.327227 -0.300000
v 1.736050 1.323013 -0.300000
v 1.732325 1.318678 -0.300000
v 1.728954 1.314220 -0.300000
v 1.725877 1.309640 -0.300000
v 1.723092 1.304938 -0.300000
v 1.720601 1.300113 -0.300000
v 1.718402 1.295167 -0.300000
v 1.716497 1.290099 -0.300000
v 1.714885 1.284908 -0.300000
v 1.713566 1.279595 -0.300000
v 1.712540 1.274160 -0.300000
v 1.711807 1.268604 -0.300000
v 1.711367 1.262924 -0.300000
v 1.711221 1.257123 -0.300000
v 1.711221 -0.515652 -0.300000
v 1.711001 -0.555883 -0.300000
v 1.710341 -0.594501 -0.300000
v 1.709242 -0.631507 -0.300000
v 1.707703 -0.666901 -0.300000
v 1.705725 -0.700683 -0.300000
v 1.703306 -0.732853 -0.300000
v 1.700449 -0.763410 -0.300000
v 1.697151 -0.792355 -0.300000
v 1.693414 -0.819689 -0.300000
v 1.689237 -0.845410 -0.300000
v 1.684620 -0.869519 -0.300000
v 1.679564 -0.892015 -0.300000
v 1.674056 -0.913450 -0.300000
v 1.668084 -0.934371 -0.300000
v 1.661647 -0.954779 -0.300000
v 1.654747 -0.974674 -0.300000
v 1.647382 -0.994057 -0.300000
v 1.639553 -1.012926 -0.300000
v 1.631261 -1.031283 -0.300000
v 1.622504 -1.049126 -0.300000
v 1.613283 -1.066457 -0.300000
v 1.603598 -1.083275 -0.300000
v 1.593449 -1.099579 -0.300000
v 1.582835 -1.115371 -0.300000
v 1.571746 -1.130613 -0.300000
v 1.560167 -1.145269 -0.300000
v 1.548101 -1.159339 -0.300000
v 1.535546 -1.172822 -0.300000
v 1.522502 -1.185719 -0.300000
v 1.508970 -1.198030 -0.300000
v 1.494949 -1.209755 -0.300000
v 1.480440 -1.220893 -0.300000
v 1.465442 -1.231446 -0.300000
v 1.449955 -1.241412 -0.300000
v 1.433980 -1.250791 -0.300000
v 1.417517 -1.259585 -0.300000
v 1.400577 -1.267731 -0.300000
v 1.383173 -1.275169 -0.300000
v 1.365305 -1.281898 -0.300000
v 1.346973 -1.287920 -0.300000
v 1.328177 -1.293232 -0.300000
v 1.308917 -1.297837 -0.300000
v 1.289192 -1.301733 -0.300000
v 1.269004 -1.304920 -0.300000
v 1.248351 -1.307400 -0.300000
v 1.227235 -1.309171 -0.300000
v 1.205654 -1.310233 -0.300000
v 1.183609 -1.310587 -0.300000
v 1.155458 -1.309732 -0.300000
v 1.127282 -1.307168 -0.300000
v 1.099081 -1.302893 -0.300000
v 1.070856 -1.296909 -0.300000
v 1.042607 -1.289214 -0.300000
v 1.014334 -1.279810 -0.300000
v 0.986036 -1.268696 -0.300000
v 0.957713 -1.255872 -0.300000
v 0.929366 -1.241338 -0.300000
v 0.900995 -1.225095 -0.300000
v 0.872599 -1.207141 -0.300000
v 0.844179 -1.187478 -0.300000
v 0.815588 -1.166178 -0.300000
v 0.786679 -1.143315 -0.300000
v 0.757453 -1.118888 -0.300000
v 0.727909 -1.092899 -0.300000
v 0.698048 -1.065346 -0.300000
v 0.667869 -1.036229 -0.300000
v 0.637372 -1.005550 -0.300000
v 0.606558 -0.973307 -0.300000
v 0.575427 -0.939500 -0.300000
v 0.543978 -0.904131 -0.300000
v 0.512211 -0.867198 -0.300000
v 0.480127 -0.828702 -0.300000
v 0.480127 1.257123 -0.300000
v 0.479992 1.262924 -0.300000
v 0.479589 1.268604 -0.300000
v 0.478918 1.274160 -0.300000
v 0.477977 1.279595 -0.300000
v 0.476768 1.284908 -0.300000
v 0.475290 1.290099 -0.300000
v 0.473544 1.295167 -0.300000
v 0.471529 1.300113 -0.300000
v 0.469245 1.304938 -0.300000
v 0.466692 1.309640 -0.300000
v 0.463871 1.314220 -0.300000
v 0.460781 1.318678 -0.300000
v 0.457337 1.323013 -0.300000
v 0.453453 1.327227 -0.300000
v 0.449130 1.331318 -0.300000
v 0.444366 1.335287 -0.300000
v 0.439164 1.339135 -0.300000
v 0.433521 1.342860 -0.300000
v 0.427439 1.346462 -0.300000
v 0.420917 1.349943 -0.300000
v 0.413955 1.353302 -0.300000
v 0.406554 1.356539 -0.300000
v 0.398713 1.359653 -0.300000
v 0.390433 1.362645 -0.300000
v 0.381700 1.365515 -0.300000
v 0.372504 1.368263 -0.300000
v 0.362843 1.370889 -0.300000
v 0.352718 1.373393 -0.300000
v 0.342129 1.375774 -0.300000
v 0.331076 1.378034 -0.300000
v 0.319559 1.380171 -0.300000
v 0.307578 1.382186 -0.300000
v 0.295133 1.384079 -0.300000
v 0.282223 1.385850 -0.300000
v 0.268850 1.387499 -0.300000
v 0.255012 1.389026 -0.300000
v 0.240625 1.390430 -0.300000
v 0.225603 1.391713 -0.300000
v 0.209946 1.392873 -0.300000
v 0.193653 1.393911 -0.300000
v 0.176726 1.394827 -0.300000
v 0.159163 1.395621 -0.300000
v 0.140965 1.396293 -0.300000
v 0.122132 1.396842 -0.300000
v 0.102665 1.397270 -0.300000
v 0.082562 1.397575 -0.300000
v 0.061824 1.397758 -0.300000
v 0.040450 1.397820 -0.300000
v 0.019077 1.397758 -0.300000
v -0.001661 1.397575 -0.300000
v -0.021764 1.397270 -0.300000
v -0.041232 1.396842 -0.300000
v -0.060065 1.396293 -0.300000
v -0.078262 1.395621 -0.300000
v -0.095825 1.394827 -0.300000
v -0.112753 1.393911 -0.300000
v -0.129045 1.392873 -0.300000
v -0.144702 1.391713 -0.300000
v -0.159725 1.390430 -0.300000
v -0.174112 1.389026 -0.300000
v -0.187937 1.387499 -0.300000
v -0.201274 1.385850 -0.300000
v -0.214122 1.384079 -0.300000
v -0.226482 1.382186 -0.300000
v -0.238353 1.380171 -0.300000
v -0.249736 1.378034 -0.300000
v -0.260630 1.375775 -0.300000
v -0.271036 1.373393 -0.300000
v -0.280953 1.370889 -0.300000
v -0.290382 1.368263 -0.300000
v -0.299322 1.365516 -0.300000
v -0.307773 1.362645 -0.300000
v -0.315785 1.359653 -0.300000
v -0.323406 1.356539 -0.300000
v -0.330637 1.353302 -0.300000
v -0.337476 1.349943 -0.300000
v -0.343925 1.346463 -0.300000
v -0.349982 1.342860 -0.300000
v -0.355649 1.339135 -0.300000
v -0.360925 1.335288 -0.300000
v -0.365811 1.331318 -0.300000
v -0.370305 1.327227 -0.300000
v -0.374409 1.323013 -0.300000
v -0.378122 1.318678 -0.300000
v -0.381493 1.314220 -0.300000
v -0.384570 1.309640 -0.300000
v -0.387355 1.304938 -0.300000
v -0.389846 1.300113 -0.300000
v -0.392045 1.295167 -0.300000
v -0.393950 1.290099 -0.300000
v -0.395562 1.284908 -0.300000
v -0.396881 1.279595 -0.300000
v -0.397907 1.274160 -0.300000
v -0.398640 1.268604 -0.300000
v -0.399079 1.262924 -0.300000
v 4.498066 2.676399 -0.300000
v 4.481211 2.658604 -0.300000
v 4.465823 2.638635 -0.300000
v 4.451900 2.616493 -0.300000
v 4.439442 2.592176 -0.300000
v 4.428450 2.565686 -0.300000
v 4.418924 2.537021 -0.300000
v 4.410863 2.506183 -0.300000
v 4.404268 2.473171 -0.300000
v 4.399138 2.437984 -0.300000
v 4.395474 2.400624 -0.300000
v 4.393276 2.361090 -0.300000
v 4.392543 2.319381 -0.300000
v 4.393301 2.275975 -0.300000
v 4.395572 2.234866 -0.300000
v 4.399358 2.196052 -0.300000
v 4.404659 2.159534 -0.300000
v 4.411474 2.125313 -0.300000
v 4.419803 2.093388 -0.300000
v 4.429647 2.063758 -0.300000
v 4.441005 2.036425 -0.300000
v 4.453878 2.011388 -0.300000
v 4.468265 1.988647 -0.300000
v 4.484167 1.968202 -0.300000
v 4.501583 1.950053 -0.300000
v 4.521051 1.933761 -0.300000
v 4.543108 1.918885 -0.300000
v 4.567754 1.905426 -0.300000
v 4.594989 1.893384 -0.300000
v 4.624814 1.882758 -0.300000
v 4.657228 1.873549 -0.300000
v 4.692231 1.865757 -0.300000
v 4.729824 1.859382 -0.300000
v 4.770005 1.854423 -0.300000
v 4.812776 1.850881 -0.300000
v 4.858136 1.848756 -0.300000
v 4.906085 1.848048 -0.300000
v 4.954560 1.848732 -0.300000
v 5.000323 1.850784 -0.300000
v 5.043375 1.854203 -0.300001
v 5.083715 1.858991 -0.300001
v 5.121345 1.865147 -0.300001
v 5.156262 1.872670 -0.300001
v 5.188468 1.881561 -0.300001
v 5.217963 1.891820 -0.300001
v 5.244747 1.903447 -0.300001
v 5.268819 1.916442 -0.300001
v 5.290180 1.930805 -0.300001
v 5.308829 1.946535 -0.300001
v 5.325403 1.964049 -0.300001
v 5.340535 1.983761 -0.300001
v 5.354226 2.005672 -0.300001
v 5.366476 2.029781 -0.300001
v 5.377285 2.056088 -0.300001
v 5.386652 2.084594 -0.300001
v 5.394578 2.115298 -0.300001
v 5.401063 2.148201 -0.300001
v 5.406108 2.183301 -0.300001
v 5.409711 2.220601 -0.300001
v 5.411873 2.260098 -0.300001
v 5.412593 2.301794 -0.300001
v 5.411848 2.345212 -0.300001
v 5.409613 2.386358 -0.300001
v 5.405888 2.425233 -0.300001
v 5.400672 2.461836 -0.300001
v 5.393968 2.496168 -0.300001
v 5.385773 2.528228 -0.300001
v 5.376087 2.558016 -0.300001
v 5.364912 2.585532 -0.300001
v 5.352247 2.610777 -0.300001
v 5.338092 2.633750 -0.300001
v 5.322447 2.654451 -0.300001
v 5.305312 2.672881 -0.300001
v 5.286100 2.689454 -0.300001
v 5.264227 2.704587 -0.300001
v 5.239691 2.718277 -0.300001
v 5.212492 2.730527 -0.300001
v 5.182631 2.741336 -0.300001
v 5.150106 2.750703 -0.300001
v 5.114920 2.758630 -0.300001
v 5.077071 2.765115 -0.300001
v 5.036560 2.770159 -0.300001
v 4.993386 2.773762 -0.300001
v 4.947550 2.775924 -0.300001
v 4.899051 2.776644 -0.300001
v 4.851126 2.775948 -0.300001
v 4.805839 2.773860 -0.300001
v 4.763190 2.770379 -0.300001
v 4.723180 2.765506 -0.300001
v 4.685808 2.759241 -0.300001
v 4.651073 2.751583 -0.300001
v 4.618977 2.742533 -0.300001
v 4.589519 2.732091 -0.300000
v 4.562698 2.720256 -0.300000
v 4.538516 2.707029 -0.300000
v 4.516972 2.692410 -0.300000
v 4.459374 1.250088 -0.300000
v 4.459374 -1.880408 -0.300000
v 4.459521 -1.886209 -0.300000
v 4.459960 -1.891888 -0.300000
v 4.460693 -1.897445 -0.300000
v 4.461719 -1.902880 -0.300000
v 4.463038 -1.908193 -0.300000
v 4.464650 -1.913384 -0.300000
v 4.466556 -1.918452 -0.300000
v 4.468754 -1.923398 -0.300000
v 4.471245 -1.928223 -0.300000
v 4.474030 -1.932925 -0.300000
v 4.477108 -1.937505 -0.300000
v 4.480479 -1.941962 -0.300000
v 4.484204 -1.946298 -0.300000
v 4.488344 -1.950512 -0.300000
v 4.492900 -1.954603 -0.300000
v 4.497870 -1.958573 -0.300000
v 4.503257 -1.962420 -0.300000
v 4.509058 -1.966145 -0.300000
v 4.515275 -1.969748 -0.300000
v 4.521906 -1.973228 -0.300000
v 4.528954 -1.976587 -0.300000
v 4.536416 -1.979824 -0.300000
v 4.544293 -1.982938 -0.300000
v 4.552586 -1.985930 -0.300000
v 4.561318 -1.988800 -0.300000
v 4.570515 -1.991548 -0.300000
v 4.580175 -1.994174 -0.300000
v 4.590300 -1.996678 -0.300000
v 4.600889 -1.999059 -0.300000
v 4.611942 -2.001319 -0.300000
v 4.623459 -2.003456 -0.300000
v 4.635440 -2.005471 -0.300000
v 4.647885 -2.007365 -0.300000
v 4.660795 -2.009135 -0.300000
v 4.674169 -2.010784 -0.300000
v 4.688006 -2.012311 -0.300000
v 4.702393 -2.013715 -0.300000
v 4.717415 -2.014998 -0.300000
v 4.733072 -2.016158 -0.300000
v 4.749365 -2.017196 -0.300000
v 4.766292 -2.018112 -0.300000
v 4.783855 -2.018906 -0.300000
v 4.802052 -2.019578 -0.300000
v 4.820885 -2.020127 -0.300000
v 4.840353 -2.020555 -0.300000
v 4.860456 -2.020860 -0.300000
v 4.881194 -2.021043 -0.300000
v 4.902568 -2.021104 -0.300000
v 4.923941 -2.021043 -0.300000
v 4.944679 -2.020860 -0.300000
v 4.964782 -2.020555 -0.300000
v 4.984250 -2.020127 -0.300000
v 5.003083 -2.019578 -0.300000
v 5.021281 -2.018906 -0.300000
v 5.038843 -2.018112 -0.300000
v 5.055771 -2.017196 -0.300000
v 5.072063 -2.016158 -0.300000
v 5.087721 -2.014998 -0.300000
v 5.102743 -2.013715 -0.300000
v 5.117130 -2.012311 -0.300000
v 5.130968 -2.010784 -0.300000
v 5.144341 -2.009135 -0.300000
v 5.157251 -2.007365 -0.300000
v 5.169696 -2.005471 -0.300000
v 5.181677 -2.003456 -0.300000
v 5.193194 -2.001319 -0.300000
v 5.204247 -1.999059 -0.300000
v 5.214836 -1.996678 -0.300000
v 5.224960 -1.994174 -0.300000
v 5.234621 -1.991548 -0.300000
v 5.243817 -1.988800 -0.300000
v 5.252550 -1.985930 -0.300000
v 5.260843 -1.982938 -0.300000
v 5.268721 -1.979824 -0.300000
v 5.276183 -1.976587 -0.300000
v 5.283230 -1.973228 -0.300000
v 5.289862 -1.969748 -0.300000
v 5.296078 -1.966145 -0.300000
v 5.301880 -1.962420 -0.300000
v 5.307265 -1.958573 -0.300000
v 5.312237 -1.954603 -0.300000
v 5.316792 -1.950512 -0.300000
v 5.320932 -1.946298 -0.300000
v 5.324657 -1.941962 -0.300000
v 5.328028 -1.937505 -0.300000
v 5.331106 -1.932925 -0.300000
v 5.333891 -1.928223 -0.300000
v 5.336382 -1.923398 -0.300000
v 5.338581 -1.918452 -0.300000
v 5.340486 -1.913384 -0.300000
v 5.342098 -1.908193 -0.300000
v 5.343417 -1.902880 -0.300000
v 5.344443 -1.897445 -0.300000
v 5.345175 -1.891888 -0.300000
v 5.345615 -1.886209 -0.300000
v 5.345762 -1.880408 -0.300000
v 5.345762 1.250088 -0.300001
v 5.345615 1.255890 -0.300001
v 5.345175 1.261569 -0.300001
v 5.344443 1.267126 -0.300001
v 5.343417 1.272560 -0.300001
v 5.342098 1.277873 -0.300001
v 5.340486 1.283064 -0.300001
v 5.338581 1.288132 -0.300001
v 5.336382 1.293079 -0.300001
v 5.333891 1.297903 -0.300001
v 5.331106 1.302605 -0.300001
v 5.328028 1.307185 -0.300001
v 5.324657 1.311643 -0.300001
v 5.320932 1.315991 -0.300001
v 5.316792 1.320241 -0.300001
v 5.312237 1.324393 -0.300001
v 5.307265 1.328448 -0.300001
v 5.301880 1.332405 -0.300001
v 5.296078 1.336265 -0.300000
v 5.289862 1.340026 -0.300000
v 5.283230 1.343690 -0.300000
v 5.276183 1.347257 -0.300000
v 5.268721 1.350725 -0.300000
v 5.260843 1.354096 -0.300000
v 5.252550 1.357369 -0.300000
v 5.243817 1.360532 -0.300000
v 5.234621 1.363574 -0.300000
v 5.224960 1.366493 -0.300000
v 5.214836 1.369289 -0.300000
v 5.204247 1.371964 -0.300000
v 5.193194 1.374517 -0.300000
v 5.181677 1.376947 -0.300000
v 5.169696 1.379255 -0.300000
v 5.157251 1.381441 -0.300000
v 5.144341 1.383505 -0.300000
v 5.130968 1.385447 -0.300000
v 5.117130 1.387267 -0.300000
v 5.102743 1.388953 -0.300000
v 5.087721 1.390491 -0.300000
v 5.072063 1.391884 -0.300000
v 5.055771 1.393130 -0.300000
v 5.038843 1.394229 -0.300000
v 5.021281 1.395181 -0.300000
v 5.003083 1.395988 -0.300000
v 4.984250 1.396647 -0.300000
v 4.964782 1.397160 -0.300000
v 4.944679 1.397527 -0.300000
v 4.923942 1.397747 -0.300000
v 4.902568 1.397820 -0.300000
v 4.881195 1.397746 -0.300000
v 4.860456 1.397526 -0.300000
v 4.840354 1.397160 -0.300000
v 4.820886 1.396647 -0.300000
v 4.802053 1.395987 -0.300000
v 4.783855 1.395181 -0.300000
v 4.766293 1.394228 -0.300000
v 4.749366 1.393129 -0.300000
v 4.733073 1.391883 -0.300000
v 4.717416 1.390491 -0.300000
v 4.702394 1.388952 -0.300000
v 4.688006 1.387267 -0.300000
v 4.674169 1.385447 -0.300000
v 4.660795 1.383505 -0.300000
v 4.647885 1.381441 -0.300000
v 4.635440 1.379255 -0.300000
v 4.623459 1.376947 -0.300000
v 4.611942 1.374517 -0.300000
v 4.600889 1.371964 -0.300000
v 4.590300 1.369289 -0.300000
v 4.580175 1.366493 -0.300000
v 4.570515 1.363574 -0.300000
v 4.561318 1.360532 -0.300000
v 4.552586 1.357369 -0.300000
v 4.544292 1.354096 -0.300000
v 4.536415 1.350725 -0.300000
v 4.528953 1.347256 -0.300000
v 4.521906 1.343690 -0.300000
v 4.515275 1.340026 -0.300000
v 4.509058 1.336265 -0.300000
v 4.503257 1.332405 -0.300000
v 4.497871 1.328448 -0.300000
v 4.492900 1.324394 -0.300000
v 4.488345 1.320241 -0.300000
v 4.484204 1.315991 -0.300000
v 4.480479 1.311643 -0.300000
v 4.477108 1.307185 -0.300000
v 4.474030 1.302605 -0.300000
v 4.471245 1.297903 -0.300000
v 4.468754 1.293079 -0.300000
v 4.466556 1.288132 -0.300000
v 4.464650 1.283064 -0.300000
v 4.463038 1.277873 -0.300000
v 4.461719 1.272560 -0.300000
v 4.460693 1.267126 -0.300000
v 4.459960 1.261569 -0.300000
v 4.459521 1.255890 -0.300000
v 7.228632 0.219487 -0.300001
v 7.228632 -1.890960 -0.300001
v 7.228876 -1.899021 -0.300001
v 7.229609 -1.906788 -0.300001
v 7.230830 -1.914263 -0.300001
v 7.232540 -1.921444 -0.300001
v 7.234738 -1.928332 -0.300001
v 7.237425 -1.934927 -0.300001
v 7.240601 -1.941229 -0.300001
v 7.244265 -1.947238 -0.300001
v 7.248417 -1.952954 -0.300001
v 7.253058 -1.958377 -0.300001
v 7.258187 -1.963506 -0.300001
v 7.263806 -1.968343 -0.300001
v 7.269949 -1.972923 -0.300001
v 7.276654 -1.977283 -0.300001
v 7.283921 -1.981423 -0.300001
v 7.291750 -1.985344 -0.300001
v 7.300140 -1.989045 -0.300001
v 7.309093 -1.992525 -0.300001
v 7.318607 -1.995786 -0.300001
v 7.328683 -1.998827 -0.300001
v 7.339321 -2.001648 -0.300001
v 7.350521 -2.004250 -0.300001
v 7.362282 -2.006631 -0.300001
v 7.374605 -2.008793 -0.300001
v 7.387710 -2.010760 -0.300001
v 7.401815 -2.012555 -0.300001
v 7.416924 -2.014179 -0.300001
v 7.433033 -2.015633 -0.300001
v 7.450144 -2.016915 -0.300001
v 7.468256 -2.018027 -0.300001
v 7.487369 -2.018967 -0.300001
v 7.507484 -2.019737 -0.300001
v 7.528601 -2.020335 -0.300001
v 7.550719 -2.020763 -0.300001
v 7.573839 -2.021019 -0.300001
v 7.597960 -2.021104 -0.300001
v 7.623742 -2.021019 -0.300001
v 7.648327 -2.020762 -0.300001
v 7.671716 -2.020335 -0.300001
v 7.693907 -2.019737 -0.300001
v 7.714901 -2.018967 -0.300001
v 7.734699 -2.018027 -0.300001
v 7.753300 -2.016915 -0.300001
v 7.770704 -2.015633 -0.300001
v 7.786911 -2.014179 -0.300001
v 7.801921 -2.012555 -0.300001
v 7.815735 -2.010759 -0.300001
v 7.828351 -2.008793 -0.300001
v 7.840075 -2.006632 -0.300001
v 7.851214 -2.004250 -0.300001
v 7.861766 -2.001649 -0.300001
v 7.871732 -1.998827 -0.300001
v 7.881112 -1.995786 -0.300001
v 7.889905 -1.992525 -0.300001
v 7.898113 -1.989045 -0.300001
v 7.905734 -1.985344 -0.300001
v 7.912769 -1.981424 -0.300001
v 7.919217 -1.977283 -0.300001
v 7.925079 -1.972923 -0.300001
v 7.930356 -1.968343 -0.300001
v 7.935131 -1.963507 -0.300001
v 7.939491 -1.958377 -0.300001
v 7.943436 -1.952954 -0.300001
v 7.946966 -1.947239 -0.300001
v 7.950080 -1.941230 -0.300001
v 7.952779 -1.934928 -0.300001
v 7.955063 -1.928333 -0.300001
v 7.956932 -1.921444 -0.300001
v 7.958385 -1.914263 -0.300001
v 7.959423 -1.906789 -0.300001
v 7.960046 -1.899021 -0.300001
v 7.960254 -1.890960 -0.300001
v 7.960254 -1.641224 -0.300001
v 7.992876 -1.675177 -0.300001
v 8.026255 -1.707859 -0.300001
v 8.060390 -1.739272 -0.300001
v 8.095284 -1.769414 -0.300001
v 8.130934 -1.798286 -0.300001
v 8.167341 -1.825888 -0.300001
v 8.204506 -1.852220 -0.300001
v 8.242428 -1.877281 -0.300001
v 8.281108 -1.901072 -0.300001
v 8.320544 -1.923594 -0.300001
v 8.360738 -1.944845 -0.300001
v 8.401689 -1.964826 -0.300001
v 8.443398 -1.983366 -0.300001
v 8.485863 -2.000293 -0.300001
v 8.529085 -2.015609 -0.300001
v 8.573066 -2.029312 -0.300001
v 8.617803 -2.041403 -0.300001
v 8.663297 -2.051882 -0.300001
v 8.709548 -2.060749 -0.300001
v 8.756557 -2.068003 -0.300001
v 8.804323 -2.073646 -0.300001
v 8.852846 -2.077676 -0.300001
v 8.902126 -2.080094 -0.300001
v 8.952164 -2.080900 -0.300001
v 8.993505 -2.080448 -0.300001
v 9.034286 -2.079093 -0.300001
v 9.074504 -2.076833 -0.300001
v 9.114160 -2.073670 -0.300001
v 9.153255 -2.069603 -0.300001
v 9.191788 -2.064632 -0.300001
v 9.229758 -2.058758 -0.300001
v 9.267167 -2.051979 -0.300001
v 9.304015 -2.044297 -0.300001
v 9.340301 -2.035711 -0.300001
v 9.376024 -2.026222 -0.300001
v 9.411186 -2.015828 -0.300001
v 9.445676 -2.004543 -0.300001
v 9.479384 -1.992379 -0.300001
v 9.512311 -1.979335 -0.300001
v 9.544456 -1.965412 -0.300001
v 9.575820 -1.950610 -0.300001
v 9.606401 -1.934928 -0.300001
v 9.636203 -1.918367 -0.300001
v 9.665221 -1.900926 -0.300001
v 9.693459 -1.882607 -0.300001
v 9.720913 -1.863407 -0.300001
v 9.747587 -1.843329 -0.300001
v 9.773479 -1.822371 -0.300001
v 9.798504 -1.800546 -0.300001
v 9.822577 -1.777866 -0.300001
v 9.845696 -1.754331 -0.300001
v 9.867863 -1.729941 -0.300001
v 9.889077 -1.704696 -0.300001
v 9.909340 -1.678596 -0.300001
v 9.928648 -1.651642 -0.300001
v 9.947005 -1.623832 -0.300001
v 9.964409 -1.595168 -0.300001
v 9.980860 -1.565648 -0.300001
v 9.996358 -1.535274 -0.300001
v 10.010904 -1.504045 -0.300001
v 10.024387 -1.471949 -0.300001
v 10.036698 -1.438973 -0.300001
v 10.047837 -1.405118 -0.300001
v 10.057803 -1.370383 -0.300001
v 10.066597 -1.334770 -0.300001
v 10.074219 -1.298276 -0.300001
v 10.080667 -1.260904 -0.300001
v 10.085943 -1.222652 -0.300001
v 10.090046 -1.183521 -0.300001
v 10.092978 -1.143510 -0.300001
v 10.094736 -1.102620 -0.300001
v 10.095322 -1.060851 -0.300001
v 10.094577 -1.015625 -0.300001
v 10.092342 -0.971401 -0.300001
v 10.088616 -0.928179 -0.300001
v 10.083401 -0.885958 -0.300001
v 10.076695 -0.844738 -0.300001
v 10.068501 -0.804520 -0.300001
v 10.058815 -0.765303 -0.300001
v 10.047641 -0.727088 -0.300001
v 10.034976 -0.689874 -0.300001
v 10.020821 -0.653662 -0.300001
v 10.005177 -0.618451 -0.300001
v 9.988041 -0.584242 -0.300001
v 9.969428 -0.551022 -0.300001
v 9.949349 -0.518779 -0.300001
v 9.927806 -0.487513 -0.300001
v 9.904796 -0.457224 -0.300001
v 9.880321 -0.427913 -0.300001
v 9.854380 -0.399578 -0.300001
v 9.826973 -0.372220 -0.300001
v 9.798101 -0.345840 -0.300001
v 9.767763 -0.320436 -0.300001
v 9.735960 -0.296010 -0.300001
v 9.702691 -0.272560 -0.300001
v 9.667957 -0.250088 -0.300001
v 9.631769 -0.228580 -0.300001
v 9.594140 -0.208025 -0.300001
v 9.555070 -0.188423 -0.300001
v 9.514559 -0.169774 -0.300001
v 9.472606 -0.152077 -0.300001
v 9.429213 -0.135332 -0.300001
v 9.384377 -0.119540 -0.300001
v 9.338101 -0.104701 -0.300001
v 9.290384 -0.090815 -0.300001
v 9.241226 -0.077881 -0.300001
v 9.190627 -0.065900 -0.300001
v 9.138586 -0.054871 -0.300001
v 9.085117 -0.044759 -0.300001
v 9.030231 -0.035526 -0.300001
v 8.973927 -0.027172 -0.300001
v 8.916207 -0.019697 -0.300001
v 8.857071 -0.013102 -0.300001
v 8.796518 -0.007386 -0.300001
v 8.734549 -0.002550 -0.300001
v 8.671162 0.001407 -0.300001
v 8.606359 0.004485 -0.300001
v 8.540138 0.006683 -0.300001
v 8.472501 0.008002 -0.300001
v 8.403447 0.008442 -0.300001
v 8.097433 0.008442 -0.300001
v 8.097433 0.198382 -0.300001
v 8.097640 0.222748 -0.300001
v 8.098263 0.246600 -0.300001
v 8.099301 0.269940 -0.300001
v 8.100755 0.292766 -0.300001
v 8.102623 0.315080 -0.300001
v 8.104907 0.336880 -0.300001
v 8.107606 0.358168 -0.300001
v 8.110721 0.378943 -0.300001
v 8.114250 0.399204 -0.300001
v 8.118195 0.418953 -0.300001
v 8.122555 0.438189 -0.300001
v 8.127331 0.456912 -0.300001
v 8.132583 0.475122 -0.300001
v 8.138371 0.492819 -0.300001
v 8.144698 0.510003 -0.300001
v 8.151562 0.526674 -0.300001
v 8.158963 0.542832 -0.300001
v 8.166903 0.558477 -0.300001
v 8.175378 0.573609 -0.300001
v 8.184391 0.588229 -0.300001
v 8.193942 0.602335 -0.300001
v 8.204030 0.615928 -0.300001
v 8.214656 0.629009 -0.300001
v 8.225819 0.641576 -0.300001
v 8.237568 0.653618 -0.300001
v 8.249951 0.665123 -0.300001
v 8.262971 0.676091 -0.300001
v 8.276626 0.686521 -0.300001
v 8.290915 0.696414 -0.300001
v 8.305840 0.705769 -0.300001
v 8.321399 0.714587 -0.300001
v 8.337594 0.722867 -0.300001
v 8.354424 0.730610 -0.300001
v 8.371888 0.737816 -0.300001
v 8.389989 0.744485 -0.300001
v 8.408724 0.750616 -0.300001
v 8.428155 0.756234 -0.300001
v 8.448343 0.761363 -0.300001
v 8.469289 0.766004 -0.300001
v 8.490992 0.770157 -0.300001
v 8.513452 0.773821 -0.300001
v 8.536669 0.776996 -0.300001
v 8.560644 0.779683 -0.300001
v 8.585376 0.781882 -0.300001
v 8.610865 0.783591 -0.300001
v 8.637112 0.784813 -0.300001
v 8.664114 0.785545 -0.300001
v 8.691875 0.785790 -0.300001
v 8.728478 0.785448 -0.300001
v 8.764421 0.784422 -0.300001
v 8.799706 0.782712 -0.300001
v 8.834331 0.780318 -0.300001
v 8.868296 0.777240 -0.300001
v 8.901601 0.773479 -0.300001
v 8.934247 0.769033 -0.300001
v 8.966233 0.763904 -0.300001
v 8.997561 0.758090 -0.300001
v 9.028227 0.751593 -0.300001
v 9.058235 0.744411 -0.300001
v 9.087584 0.736546 -0.300001
v 9.116322 0.728265 -0.300001
v 9.144498 0.719838 -0.300001
v 9.172112 0.711265 -0.300001
v 9.199163 0.702544 -0.300001
v 9.225655 0.693678 -0.300001
v 9.251583 0.684664 -0.300001
v 9.276951 0.675504 -0.300001
v 9.301756 0.666198 -0.300001
v 9.325998 0.656745 -0.300001
v 9.349680 0.647145 -0.300001
v 9.372799 0.637399 -0.300001
v 9.395357 0.627506 -0.300001
v 9.417329 0.617614 -0.300001
v 9.438690 0.607868 -0.300001
v 9.459440 0.598268 -0.300001
v 9.479580 0.588815 -0.300001
v 9.499109 0.579508 -0.300001
v 9.518027 0.570349 -0.300001
v 9.536335 0.561335 -0.300001
v 9.554032 0.552468 -0.300001
v 9.571118 0.543748 -0.300001
v 9.587594 0.535174 -0.300001
v 9.603459 0.526747 -0.300001
v 9.618713 0.518467 -0.300001
v 9.633430 0.510601 -0.300001
v 9.647683 0.503420 -0.300001
v 9.661472 0.496922 -0.300001
v 9.674796 0.491109 -0.300001
v 9.687656 0.485979 -0.300001
v 9.700053 0.481534 -0.300001
v 9.711986 0.477772 -0.300001
v 9.723454 0.474694 -0.300001
v 9.734458 0.472301 -0.300001
v 9.744998 0.470591 -0.300001
v 9.755074 0.469565 -0.300001
v 9.764686 0.469223 -0.300001
v 9.771073 0.469394 -0.300001
v 9.777339 0.469907 -0.300001
v 9.783483 0.470762 -0.300001
v 9.789504 0.471959 -0.300001
v 9.795403 0.473497 -0.300001
v 9.801180 0.475378 -0.300001
v 9.806834 0.477601 -0.300001
v 9.812366 0.480166 -0.300001
v 9.817778 0.483073 -0.300001
v 9.823066 0.486321 -0.300001
v 9.828232 0.489912 -0.300001
v 9.833275 0.493845 -0.300001
v 9.838184 0.498095 -0.300001
v 9.842948 0.502638 -0.300001
v 9.847564 0.507475 -0.300001
v 9.852035 0.512604 -0.300001
v 9.856359 0.518027 -0.300001
v 9.860536 0.523743 -0.300001
v 9.864566 0.529752 -0.300001
v 9.868449 0.536054 -0.300001
v 9.872187 0.542649 -0.300001
v 9.875777 0.549537 -0.300001
v 9.879221 0.556718 -0.300001
v 9.882519 0.564193 -0.300001
v 9.885682 0.571960 -0.300001
v 9.888723 0.580021 -0.300001
v 9.891642 0.588375 -0.300001
v 9.894439 0.597022 -0.300001
v 9.897113 0.605962 -0.300001
v 9.899666 0.615195 -0.300001
v 9.902097 0.624722 -0.300001
v 9.904405 0.634541 -0.300001
v 9.906591 0.644653 -0.300001
v 9.908655 0.655059 -0.300001
v 9.910597 0.665758 -0.300001
v 9.912416 0.676750 -0.300001
v 9.914103 0.687986 -0.300001
v 9.915642 0.699418 -0.300001
v 9.917034 0.711045 -0.300001
v 9.918280 0.722867 -0.300001
v 9.919378 0.734885 -0.300001
v 9.920331 0.747098 -0.300001
v 9.921137 0.759507 -0.300001
v 9.921797 0.772111 -0.300001
v 9.922310 0.784910 -0.300001
v 9.922677 0.797905 -0.300001
v 9.922896 0.811096 -0.300001
v 9.922970 0.824481 -0.300001
v 9.922847 0.842337 -0.300001
v 9.922481 0.859558 -0.300001
v 9.921869 0.876143 -0.300001
v 9.921015 0.892094 -0.300001
v 9.919916 0.907409 -0.300001
v 9.918572 0.922090 -0.300001
v 9.916985 0.936135 -0.300001
v 9.915153 0.949545 -0.300001
v 9.913076 0.962320 -0.300001
v 9.910756 0.974460 -0.300001
v 9.908191 0.985965 -0.300001
v 9.905382 0.996835 -0.300001
v 9.902231 1.007301 -0.300001
v 9.898641 1.017597 -0.300001
v 9.894610 1.027722 -0.300001
v 9.890141 1.037676 -0.300001
v 9.885231 1.047458 -0.300001
v 9.879881 1.057070 -0.300001
v 9.874092 1.066511 -0.300001
v 9.867864 1.075781 -0.300001
v 9.861195 1.084880 -0.300001
v 9.854087 1.093808 -0.300001
v 9.846539 1.102564 -0.300001
v 9.838552 1.111150 -0.300001
v 9.829831 1.119724 -0.300001
v 9.820086 1.128444 -0.300001
v 9.809313 1.137311 -0.300001
v 9.797515 1.146325 -0.300001
v 9.784691 1.155484 -0.300001
v 9.770841 1.164791 -0.300001
v 9.755965 1.174244 -0.300001
v 9.740064 1.183844 -0.300001
v 9.723136 1.193590 -0.300001
v 9.705182 1.203482 -0.300001
v 9.686203 1.213522 -0.300001
v 9.666198 1.223707 -0.300001
v 9.645387 1.233906 -0.300001
v 9.623989 1.243981 -0.300001
v 9.602005 1.253935 -0.300001
v 9.579435 1.263767 -0.300001
v 9.556278 1.273476 -0.300001
v 9.532537 1.283064 -0.300001
v 9.508207 1.292529 -0.300001
v 9.483293 1.301872 -0.300001
v 9.457791 1.311093 -0.300001
v 9.431705 1.320192 -0.300001
v 9.405030 1.329169 -0.300001
v 9.377770 1.338023 -0.300001
v 9.350010 1.346682 -0.300001
v 9.321834 1.355073 -0.300001
v 9.293242 1.363195 -0.300001
v 9.264236 1.371048 -0.300001
v 9.234815 1.378633 -0.300001
v 9.204978 1.385948 -0.300001
v 9.174726 1.392995 -0.300001
v 9.144058 1.399774 -0.300001
v 9.112976 1.406283 -0.300001
v 9.081477 1.412524 -0.300001
v 9.049564 1.418496 -0.300001
v 9.017236 1.424200 -0.300001
v 8.984614 1.429537 -0.300001
v 8.951821 1.434410 -0.300001
v 8.918858 1.438819 -0.300001
v 8.885723 1.442764 -0.300001
v 8.852418 1.446245 -0.300001
v 8.818942 1.449262 -0.300001
v 8.785295 1.451814 -0.300001
v 8.751476 1.453903 -0.300001
v 8.717486 1.455527 -0.300001
v 8.683326 1.456687 -0.300001
v 8.648994 1.457384 -0.300001
v 8.614492 1.457615 -0.300001
v 8.553682 1.457115 -0.300001
v 8.494363 1.455613 -0.300001
v 8.436533 1.453109 -0.300001
v 8.380194 1.449604 -0.300001
v 8.325344 1.445097 -0.300001
v 8.271984 1.439589 -0.300001
v 8.220115 1.433079 -0.300001
v 8.169735 1.425568 -0.300001
v 8.120846 1.417055 -0.300001
v 8.073446 1.407541 -0.300001
v 8.027536 1.397026 -0.300001
v 7.983117 1.385509 -0.300001
v 7.940090 1.372953 -0.300001
v 7.898357 1.359323 -0.300001
v 7.857919 1.344619 -0.300001
v 7.818775 1.328839 -0.300001
v 7.780926 1.311985 -0.300001
v 7.744372 1.294056 -0.300001
v 7.709112 1.275052 -0.300001
v 7.675147 1.254973 -0.300001
v 7.642477 1.233820 -0.300001
v 7.611101 1.211592 -0.300001
v 7.581019 1.188289 -0.300001
v 7.552234 1.163912 -0.300001
v 7.524730 1.138398 -0.300001
v 7.498496 1.111688 -0.300001
v 7.473533 1.083780 -0.300001
v 7.449839 1.054676 -0.300001
v 7.427416 1.024375 -0.300001
v 7.406263 0.992877 -0.300001
v 7.386380 0.960183 -0.300001
v 7.367767 0.926291 -0.300001
v 7.350425 0.891202 -0.300001
v 7.334352 0.854917 -0.300001
v 7.319550 0.817434 -0.300001
v 7.306015 0.778755 -0.300001
v 7.293656 0.738867 -0.300001
v 7.282371 0.697757 -0.300001
v 7.272161 0.655426 -0.300001
v 7.263025 0.611873 -0.300001
v 7.254964 0.567100 -0.300001
v 7.247978 0.521105 -0.300001
v 7.242067 0.473888 -0.300001
v 7.237230 0.425451 -0.300001
v 7.233469 0.375792 -0.300001
v 7.230782 0.324911 -0.300001
v 7.229170 0.272810 -0.300001
v 8.097433 -1.081956 -0.300001
v 8.097433 -0.547309 -0.300001
v 8.435104 -0.547309 -0.300001
v 8.470425 -0.547529 -0.300001
v 8.504866 -0.548188 -0.300001
v 8.538428 -0.549288 -0.300001
v 8.571111 -0.550826 -0.300001
v 8.602914 -0.552805 -0.300001
v 8.633838 -0.555223 -0.300001
v 8.663882 -0.558081 -0.300001
v 8.693048 -0.561379 -0.300001
v 8.721334 -0.565116 -0.300001
v 8.748739 -0.569293 -0.300001
v 8.775267 -0.573909 -0.300001
v 8.800915 -0.578966 -0.300001
v 8.825732 -0.584462 -0.300001
v 8.849768 -0.590397 -0.300001
v 8.873022 -0.596773 -0.300001
v 8.895494 -0.603588 -0.300001
v 8.917185 -0.610842 -0.300001
v 8.938094 -0.618537 -0.300001
v 8.958221 -0.626671 -0.300001
v 8.977568 -0.635244 -0.300001
v 8.996132 -0.644258 -0.300001
v 9.013914 -0.653711 -0.300001
v 9.030915 -0.663603 -0.300001
v 9.047134 -0.673936 -0.300001
v 9.062608 -0.684671 -0.300001
v 9.077374 -0.695773 -0.300001
v 9.091431 -0.707241 -0.300001
v 9.104780 -0.719076 -0.300001
v 9.117421 -0.731277 -0.300001
v 9.129354 -0.743844 -0.300001
v 9.140577 -0.756778 -0.300001
v 9.151093 -0.770078 -0.300001
v 9.160900 -0.783745 -0.300001
v 9.169999 -0.797778 -0.300001
v 9.178390 -0.812177 -0.300001
v 9.186071 -0.826943 -0.300001
v 9.193094 -0.842075 -0.300001
v 9.199506 -0.857574 -0.300001
v 9.205307 -0.873439 -0.300001
v 9.210497 -0.889670 -0.300001
v 9.215077 -0.906268 -0.300001
v 9.219047 -0.923232 -0.300001
v 9.222404 -0.940563 -0.300001
v 9.225153 -0.958260 -0.300001
v 9.227290 -0.976323 -0.300001
v 9.228817 -0.994753 -0.300001
v 9.229733 -1.013549 -0.300001
v 9.230040 -1.032712 -0.300001
v 9.229172 -1.064955 -0.300001
v 9.226571 -1.096025 -0.300001
v 9.222235 -1.125923 -0.300001
v 9.216165 -1.154649 -0.300001
v 9.208361 -1.182202 -0.300001
v 9.198822 -1.208582 -0.300001
v 9.187550 -1.233790 -0.300001
v 9.174542 -1.257826 -0.300001
v 9.159801 -1.280689 -0.300001
v 9.143325 -1.302380 -0.300001
v 9.125115 -1.322898 -0.300001
v 9.105171 -1.342244 -0.300001
v 9.083688 -1.360222 -0.300001
v 9.060861 -1.376636 -0.300001
v 9.036691 -1.391488 -0.300001
v 9.011177 -1.404776 -0.300001
v 8.984321 -1.416500 -0.300001
v 8.956120 -1.426662 -0.300001
v 8.926577 -1.435260 -0.300001
v 8.895690 -1.442295 -0.300001
v 8.863460 -1.447766 -0.300001
v 8.829885 -1.451674 -0.300001
v 8.794968 -1.454019 -0.300001
v 8.758706 -1.454801 -0.300001
v 8.727843 -1.454142 -0.300001
v 8.697395 -1.452163 -0.300001
v 8.667363 -1.448865 -0.300001
v 8.637746 -1.444249 -0.300001
v 8.608544 -1.438313 -0.300001
v 8.579758 -1.431059 -0.300001
v 8.551387 -1.422485 -0.300001
v 8.523431 -1.412592 -0.300001
v 8.495890 -1.401380 -0.300001
v 8.468764 -1.388850 -0.300001
v 8.442055 -1.375000 -0.300001
v 8.415758 -1.359831 -0.300001
v 8.389634 -1.343392 -0.300001
v 8.363437 -1.325732 -0.300001
v 8.337166 -1.306850 -0.300001
v 8.310822 -1.286747 -0.300001
v 8.284405 -1.265423 -0.300001
v 8.257915 -1.242877 -0.300001
v 8.231350 -1.219110 -0.300001
v 8.204713 -1.194122 -0.300001
v 8.178003 -1.167912 -0.300001
v 8.151219 -1.140481 -0.300001
v 8.124363 -1.111829 -0.300001
v -9.989801 0.462188 0.300001
v -10.005531 0.407595 0.300001
v -10.019894 0.351683 0.300001
v -10.032888 0.294451 0.300001
v -10.044516 0.235901 0.300001
v -10.054774 0.176032 0.300001
v -10.063665 0.114844 0.300001
v -10.071188 0.052336 0.300001
v -10.077343 -0.011490 0.300001
v -10.082130 -0.076635 0.300001
v -10.085549 -0.143100 0.300001
v -10.087601 -0.210883 0.300001
v -10.088289 -0.279986 0.300001
v -10.087556 -0.346328 0.300001
v -10.085358 -0.411693 0.300001
v -10.081693 -0.476081 0.300001
v -10.076563 -0.539493 0.300001
v -10.069969 -0.601927 0.300001
v -10.061908 -0.663384 0.300001
v -10.052382 -0.723864 0.300001
v -10.041389 -0.783366 0.300001
v -10.028933 -0.841892 0.300001
v -10.015009 -0.899441 0.300001
v -9.999619 -0.956013 0.300001
v -9.982766 -1.011607 0.300001
v -9.964422 -1.066078 0.300001
v -9.944564 -1.119279 0.300001
v -9.923190 -1.171210 0.300001
v -9.900303 -1.221870 0.300001
v -9.875900 -1.271261 0.300001
v -9.849984 -1.319381 0.300001
v -9.822554 -1.366231 0.300001
v -9.793608 -1.411811 0.300001
v -9.763148 -1.456120 0.300001
v -9.731174 -1.499160 0.300001
v -9.697685 -1.540929 0.300001
v -9.662682 -1.581428 0.300001
v -9.626164 -1.620535 0.300001
v -9.588133 -1.658127 0.300001
v -9.548586 -1.694205 0.300001
v -9.507524 -1.728768 0.300001
v -9.464950 -1.761817 0.300001
v -9.420860 -1.793352 0.300001
v -9.375256 -1.823372 0.300001
v -9.328137 -1.851878 0.300001
v -9.279504 -1.878869 0.300001
v -9.229356 -1.904346 0.300001
v -9.177693 -1.928308 0.300001
v -9.124517 -1.950756 0.300001
v -9.069826 -1.971543 0.300001
v -9.013621 -1.990522 0.300001
v -8.955901 -2.007694 0.300001
v -8.896667 -2.023058 0.300001
v -8.835918 -2.036615 0.300001
v -8.773656 -2.048364 0.300001
v -8.709878 -2.058306 0.300001
v -8.644587 -2.066440 0.300001
v -8.577780 -2.072766 0.300001
v -8.509459 -2.077285 0.300001
v -8.439625 -2.079997 0.300001
v -8.368275 -2.080900 0.300001
v -8.299270 -2.080094 0.300001
v -8.231779 -2.077676 0.300001
v -8.165804 -2.073646 0.300001
v -8.101342 -2.068003 0.300001
v -8.038395 -2.060749 0.300001
v -7.976962 -2.051882 0.300001
v -7.917044 -2.041403 0.300001
v -7.858641 -2.029312 0.300001
v -7.801752 -2.015609 0.300001
v -7.746377 -2.000293 0.300001
v -7.692516 -1.983366 0.300001
v -7.640171 -1.964826 0.300001
v -7.589314 -1.944747 0.300001
v -7.539925 -1.923203 0.300001
v -7.492000 -1.900193 0.300001
v -7.445540 -1.875718 0.300001
v -7.400547 -1.849777 0.300001
v -7.357018 -1.822371 0.300001
v -7.314956 -1.793499 0.300001
v -7.274360 -1.763161 0.300001
v -7.235229 -1.731358 0.300001
v -7.197563 -1.698089 0.300001
v -7.161363 -1.663354 0.300001
v -7.126628 -1.627154 0.300001
v -7.093359 -1.589513 0.300001
v -7.061556 -1.550455 0.300001
v -7.031219 -1.509981 0.300001
v -7.002347 -1.468089 0.300001
v -6.974940 -1.424781 0.300001
v -6.948999 -1.380056 0.300001
v -6.924524 -1.333915 0.300001
v -6.901514 -1.286356 0.300001
v -6.879970 -1.237381 0.300001
v -6.859891 -1.186990 0.300001
v -6.841279 -1.135181 0.300001
v -6.824131 -1.081956 0.300001
v -6.808400 -1.027387 0.300001
v -6.794037 -0.971548 0.300001
v -6.781042 -0.914439 0.300001
v -6.769415 -0.856060 0.300001
v -6.759156 -0.796410 0.300001
v -6.750265 -0.735491 0.300001
v -6.742742 -0.673301 0.300001
v -6.736586 -0.609841 0.300001
v -6.731799 -0.545111 0.300001
v -6.728379 -0.479110 0.300001
v -6.726327 -0.411840 0.300001
v -6.725643 -0.343299 0.300001
v -6.726388 -0.276945 0.300001
v -6.728623 -0.211543 0.300001
v -6.732349 -0.147094 0.300001
v -6.737564 -0.083597 0.300001
v -6.744268 -0.021053 0.300001
v -6.752463 0.040538 0.300001
v -6.762149 0.101177 0.300001
v -6.773324 0.160863 0.300001
v -6.785989 0.219597 0.300001
v -6.800144 0.277378 0.300001
v -6.815789 0.334206 0.300001
v -6.832924 0.390081 0.300001
v -6.851550 0.444821 0.300001
v -6.871665 0.498242 0.300001
v -6.893270 0.550343 0.300001
v -6.916365 0.601126 0.300001
v -6.940950 0.650589 0.300001
v -6.967025 0.698734 0.300001
v -6.994591 0.745560 0.300001
v -7.023646 0.791066 0.300001
v -7.054191 0.835254 0.300001
v -7.086226 0.878122 0.300001
v -7.119751 0.919672 0.300001
v -7.154768 0.959902 0.300001
v -7.191273 0.998728 0.300001
v -7.229269 1.036064 0.300001
v -7.268754 1.071909 0.300001
v -7.309729 1.106265 0.300001
v -7.352194 1.139131 0.300001
v -7.396150 1.170507 0.300001
v -7.441595 1.200392 0.300001
v -7.488531 1.228788 0.300001
v -7.536956 1.255694 0.300001
v -7.586871 1.281110 0.300001
v -7.638277 1.305035 0.300001
v -7.691173 1.327471 0.300001
v -7.745583 1.348258 0.300001
v -7.801532 1.367237 0.300001
v -7.859019 1.384409 0.300001
v -7.918046 1.399773 0.300001
v -7.978611 1.413330 0.300001
v -8.040715 1.425079 0.300001
v -8.104359 1.435021 0.300001
v -8.169540 1.443155 0.300001
v -8.236261 1.449481 0.300001
v -8.304522 1.454000 0.300001
v -8.374320 1.456711 0.300001
v -8.445658 1.457615 0.300001
v -8.515224 1.456822 0.300001
v -8.583227 1.454440 0.300001
v -8.649668 1.450471 0.300001
v -8.714544 1.444913 0.300001
v -8.777858 1.437769 0.300001
v -8.839607 1.429036 0.300001
v -8.899795 1.418716 0.300001
v -8.958418 1.406808 0.300001
v -9.015478 1.393312 0.300001
v -9.070974 1.378229 0.300001
v -9.124908 1.361558 0.300001
v -9.177279 1.343299 0.300001
v -9.228123 1.323502 0.300001
v -9.277476 1.302214 0.300001
v -9.325340 1.279436 0.300001
v -9.371714 1.255169 0.300001
v -9.416597 1.229411 0.300001
v -9.459991 1.202163 0.300001
v -9.501895 1.173426 0.300001
v -9.542309 1.143198 0.300001
v -9.581232 1.111480 0.300001
v -9.618666 1.078272 0.300001
v -9.654609 1.043575 0.300001
v -9.689062 1.007387 0.300001
v -9.722050 0.969746 0.300001
v -9.753597 0.930688 0.300001
v -9.783703 0.890213 0.300001
v -9.812366 0.848321 0.300001
v -9.839590 0.805013 0.300001
v -9.865372 0.760288 0.300001
v -9.889713 0.714147 0.300001
v -9.912613 0.666589 0.300001
v -9.934072 0.617613 0.300001
v -9.954089 0.567222 0.300001
v -9.972666 0.515413 0.300001
v -9.131553 -0.760112 0.300001
v -9.138856 -0.727198 0.300001
v -9.145525 -0.693526 0.300001
v -9.151558 -0.659097 0.300001
v -9.156956 -0.623910 0.300001
v -9.161719 -0.587967 0.300001
v -9.165848 -0.551266 0.300001
v -9.169340 -0.513808 0.300001
v -9.172198 -0.475593 0.300001
v -9.174421 -0.436620 0.300001
v -9.176008 -0.396891 0.300001
v -9.176961 -0.356404 0.300001
v -9.177279 -0.315160 0.300001
v -9.177023 -0.276725 0.300001
v -9.176253 -0.238803 0.300001
v -9.174971 -0.201394 0.300001
v -9.173175 -0.164497 0.300001
v -9.170867 -0.128114 0.300001
v -9.168045 -0.092244 0.300001
v -9.164711 -0.056887 0.300001
v -9.160864 -0.022042 0.300001
v -9.156505 0.012289 0.300001
v -9.151631 0.046108 0.300001
v -9.146245 0.079413 0.300001
v -9.140347 0.112206 0.300001
v -9.133837 0.144387 0.300001
v -9.126618 0.175861 0.300001
v -9.118692 0.206626 0.300001
v -9.110058 0.236683 0.300001
v -9.100715 0.266031 0.300001
v -9.090663 0.294671 0.300001
v -9.079903 0.322603 0.300001
v -9.068434 0.349826 0.300001
v -9.056257 0.376341 0.300001
v -9.043373 0.402148 0.300001
v -9.029779 0.427246 0.300001
v -9.015478 0.451636 0.300001
v -9.000419 0.475232 0.300001
v -8.984554 0.497948 0.300001
v -8.967883 0.519786 0.300001
v -8.950406 0.540743 0.300001
v -8.932122 0.560822 0.300001
v -8.913033 0.580021 0.300001
v -8.893138 0.598341 0.300001
v -8.872437 0.615782 0.300001
v -8.850928 0.632343 0.300001
v -8.828615 0.648024 0.300001
v -8.805495 0.662827 0.300001
v -8.781570 0.676750 0.300001
v -8.756716 0.689672 0.300001
v -8.730812 0.701470 0.300001
v -8.703857 0.712144 0.300001
v -8.675853 0.721695 0.300001
v -8.646797 0.730122 0.300001
v -8.616692 0.737425 0.300001
v -8.585536 0.743605 0.300001
v -8.553329 0.748661 0.300001
v -8.520073 0.752594 0.300001
v -8.485766 0.755403 0.300001
v -8.450409 0.757089 0.300001
v -8.414001 0.757650 0.300001
v -8.381514 0.757150 0.300001
v -8.349710 0.755647 0.300001
v -8.318590 0.753144 0.300001
v -8.288156 0.749639 0.300001
v -8.258404 0.745132 0.300001
v -8.229336 0.739624 0.300001
v -8.200953 0.733114 0.300001
v -8.173253 0.725603 0.300001
v -8.146237 0.717090 0.300001
v -8.119905 0.707576 0.300001
v -8.094257 0.697061 0.300001
v -8.069295 0.685544 0.300001
v -8.045039 0.673062 0.300001
v -8.021516 0.659652 0.300001
v -7.998726 0.645313 0.300001
v -7.976669 0.630047 0.300001
v -7.955345 0.613852 0.300001
v -7.934753 0.596729 0.300001
v -7.914895 0.578678 0.300001
v -7.895769 0.559698 0.300001
v -7.877376 0.539791 0.300001
v -7.859715 0.518955 0.300001
v -7.842788 0.497191 0.300001
v -7.826593 0.474499 0.300001
v -7.811094 0.450952 0.300001
v -7.796255 0.426623 0.300001
v -7.782076 0.401513 0.300001
v -7.768556 0.375621 0.300001
v -7.755695 0.348947 0.300001
v -7.743495 0.321491 0.300001
v -7.731953 0.293254 0.300001
v -7.721071 0.264236 0.300001
v -7.710849 0.234436 0.300001
v -7.701286 0.203854 0.300001
v -7.692382 0.172490 0.300001
v -7.684138 0.140345 0.300001
v -7.676553 0.107430 0.300001
v -7.669628 0.073758 0.300001
v -7.663363 0.039329 0.300001
v -7.657757 0.004143 0.300001
v -7.652810 -0.031801 0.300001
v -7.648523 -0.068501 0.300001
v -7.644896 -0.105959 0.300001
v -7.641928 -0.144175 0.300001
v -7.639620 -0.183147 0.300001
v -7.637971 -0.222877 0.300001
v -7.636981 -0.263364 0.300001
v -7.636652 -0.304608 0.300001
v -7.636921 -0.343043 0.300001
v -7.637727 -0.380965 0.300001
v -7.639071 -0.418374 0.300001
v -7.640952 -0.455270 0.300001
v -7.643370 -0.491653 0.300001
v -7.646326 -0.527524 0.300001
v -7.649818 -0.562881 0.300001
v -7.653849 -0.597725 0.300001
v -7.658417 -0.632057 0.300001
v -7.663522 -0.665875 0.300001
v -7.669165 -0.699181 0.300001
v -7.675344 -0.731973 0.300001
v -7.682123 -0.764155 0.300001
v -7.689561 -0.795629 0.300001
v -7.697658 -0.826394 0.300001
v -7.706415 -0.856450 0.300001
v -7.715831 -0.885799 0.300001
v -7.725907 -0.914439 0.300001
v -7.736643 -0.942371 0.300001
v -7.748038 -0.969594 0.300001
v -7.760093 -0.996109 0.300001
v -7.772807 -1.021915 0.300001
v -7.786180 -1.047014 0.300001
v -7.800212 -1.071403 0.300001
v -7.815003 -1.094987 0.300001
v -7.830648 -1.117667 0.300001
v -7.847148 -1.139443 0.300001
v -7.864503 -1.160316 0.300001
v -7.882713 -1.180284 0.300001
v -7.901778 -1.199349 0.300001
v -7.921698 -1.217510 0.300001
v -7.942472 -1.234768 0.300001
v -7.964102 -1.251121 0.300001
v -7.986587 -1.266571 0.300001
v -8.009926 -1.281117 0.300001
v -8.034121 -1.294759 0.300001
v -8.059231 -1.307400 0.300001
v -8.085319 -1.318941 0.300001
v -8.112383 -1.329383 0.300001
v -8.140425 -1.338727 0.300001
v -8.169443 -1.346971 0.300001
v -8.199438 -1.354115 0.300001
v -8.230412 -1.360161 0.300001
v -8.262362 -1.365107 0.300001
v -8.295288 -1.368954 0.300001
v -8.329192 -1.371702 0.300001
v -8.364073 -1.373351 0.300001
v -8.399931 -1.373901 0.300001
v -8.432981 -1.373400 0.300001
v -8.465297 -1.371898 0.300001
v -8.496880 -1.369394 0.300001
v -8.527731 -1.365889 0.300001
v -8.557848 -1.361382 0.300001
v -8.587234 -1.355874 0.300001
v -8.615886 -1.349364 0.300001
v -8.643805 -1.341853 0.300001
v -8.670992 -1.333341 0.300001
v -8.697445 -1.323827 0.300001
v -8.723166 -1.313311 0.300001
v -8.748155 -1.301794 0.300001
v -8.772410 -1.289324 0.300001
v -8.795933 -1.275951 0.300001
v -8.818723 -1.261673 0.300001
v -8.840780 -1.246492 0.300001
v -8.862104 -1.230407 0.300001
v -8.882696 -1.213419 0.300001
v -8.902555 -1.195526 0.300001
v -8.921680 -1.176730 0.300001
v -8.940074 -1.157030 0.300001
v -8.957734 -1.136426 0.300001
v -8.974662 -1.114919 0.300001
v -8.990856 -1.092508 0.300001
v -9.006343 -1.069242 0.300001
v -9.021145 -1.045169 0.300001
v -9.035264 -1.020291 0.300001
v -9.048698 -0.994606 0.300001
v -9.061449 -0.968116 0.300001
v -9.073515 -0.940819 0.300001
v -9.084898 -0.912717 0.300001
v -9.095596 -0.883808 0.300001
v -9.105612 -0.854093 0.300001
v -9.114943 -0.823572 0.300001
v -9.123590 -0.792245 0.300001
v -5.187479 -0.079493 0.300000
v -5.187479 -0.220190 0.300000
v -5.186978 -0.246570 0.300000
v -5.185476 -0.271778 0.300000
v -5.182972 -0.295814 0.300000
v -5.179467 -0.318677 0.300000
v -5.174960 -0.340368 0.300000
v -5.169452 -0.360886 0.300000
v -5.162942 -0.380232 0.300000
v -5.155432 -0.398405 0.300000
v -5.146919 -0.415406 0.300000
v -5.137405 -0.431234 0.300000
v -5.126889 -0.445890 0.300000
v -5.115372 -0.459374 0.300000
v -5.102975 -0.471734 0.300000
v -5.089822 -0.483019 0.300000
v -5.075911 -0.493229 0.300000
v -5.061243 -0.502364 0.300000
v -5.045817 -0.510425 0.300000
v -5.029635 -0.517411 0.300000
v -5.012695 -0.523322 0.300000
v -4.994998 -0.528159 0.300000
v -4.976544 -0.531920 0.300000
v -4.957333 -0.534607 0.300000
v -4.937364 -0.536219 0.300000
v -4.916638 -0.536757 0.300000
v -3.006684 -0.536757 0.300000
v -3.007013 -0.569916 0.300000
v -3.008002 -0.602562 0.300000
v -3.009651 -0.634695 0.300000
v -3.011959 -0.666315 0.300000
v -3.014927 -0.697422 0.300000
v -3.018554 -0.728016 0.300000
v -3.022841 -0.758097 0.300000
v -3.027787 -0.787665 0.300000
v -3.033393 -0.816721 0.300000
v -3.039658 -0.845263 0.300000
v -3.046583 -0.873292 0.300000
v -3.054169 -0.900809 0.300000
v -3.062474 -0.927727 0.300000
v -3.071561 -0.953961 0.300000
v -3.081429 -0.979511 0.300000
v -3.092079 -1.004377 0.300000
v -3.103510 -1.028559 0.300000
v -3.115723 -1.052058 0.300000
v -3.128718 -1.074872 0.300000
v -3.142495 -1.097002 0.300000
v -3.157053 -1.118449 0.300000
v -3.172393 -1.139211 0.300000
v -3.188514 -1.159290 0.300000
v -3.205417 -1.178684 0.300000
v -3.223126 -1.197358 0.300000
v -3.241666 -1.215275 0.300000
v -3.261037 -1.232435 0.300000
v -3.281237 -1.248837 0.300000
v -3.302269 -1.264482 0.300000
v -3.324130 -1.279370 0.300000
v -3.346822 -1.293501 0.300000
v -3.370345 -1.306875 0.300000
v -3.394698 -1.319491 0.300000
v -3.419882 -1.331350 0.300000
v -3.445896 -1.342452 0.300000
v -3.472741 -1.352796 0.300000
v -3.500452 -1.362347 0.300000
v -3.529068 -1.371067 0.300000
v -3.558588 -1.378957 0.300000
v -3.589010 -1.386016 0.300000
v -3.620337 -1.392245 0.300000
v -3.652568 -1.397643 0.300000
v -3.685703 -1.402211 0.300000
v -3.719741 -1.405948 0.300000
v -3.754683 -1.408855 0.300000
v -3.790529 -1.410931 0.300000
v -3.827279 -1.412177 0.300000
v -3.864932 -1.412592 0.300000
v -3.903233 -1.412360 0.300000
v -3.940752 -1.411664 0.300000
v -3.977489 -1.410504 0.300000
v -4.013445 -1.408880 0.300000
v -4.048619 -1.406791 0.300000
v -4.083012 -1.404238 0.300000
v -4.116622 -1.401222 0.300000
v -4.149451 -1.397741 0.300000
v -4.181499 -1.393796 0.300000
v -4.212765 -1.389387 0.300000
v -4.243249 -1.384514 0.300000
v -4.272952 -1.379177 0.300000
v -4.301934 -1.373559 0.300000
v -4.330256 -1.367843 0.300000
v -4.357919 -1.362029 0.300000
v -4.384923 -1.356118 0.300000
v -4.411267 -1.350109 0.300000
v -4.436952 -1.344003 0.300000
v -4.461977 -1.337798 0.300000
v -4.486342 -1.331496 0.300000
v -4.510048 -1.325097 0.300000
v -4.533094 -1.318599 0.300000
v -4.555481 -1.312004 0.300000
v -4.577208 -1.305311 0.300000
v -4.598300 -1.298618 0.300000
v -4.618782 -1.292023 0.300000
v -4.638653 -1.285526 0.300000
v -4.657913 -1.279126 0.300000
v -4.676563 -1.272824 0.300000
v -4.694602 -1.266620 0.300000
v -4.712030 -1.260513 0.300000
v -4.728848 -1.254504 0.300000
v -4.745055 -1.248593 0.300000
v -4.760651 -1.242779 0.300000
v -4.775636 -1.237064 0.300000
v -4.790011 -1.231446 0.300000
v -4.803861 -1.226108 0.300000
v -4.817271 -1.221235 0.300000
v -4.830242 -1.216826 0.300000
v -4.842772 -1.212882 0.300000
v -4.854863 -1.209401 0.300000
v -4.866515 -1.206384 0.300000
v -4.877727 -1.203832 0.300000
v -4.888498 -1.201743 0.300000
v -4.898831 -1.200119 0.300000
v -4.908723 -1.198958 0.300000
v -4.918177 -1.198262 0.300000
v -4.927190 -1.198030 0.300000
v -4.932393 -1.198116 0.300000
v -4.937449 -1.198372 0.300000
v -4.942359 -1.198799 0.300000
v -4.947122 -1.199398 0.300000
v -4.951739 -1.200167 0.300000
v -4.956209 -1.201108 0.300000
v -4.960532 -1.202219 0.300000
v -4.964709 -1.203501 0.300000
v -4.968740 -1.204955 0.300000
v -4.972623 -1.206579 0.300000
v -4.976360 -1.208375 0.300000
v -4.979951 -1.210341 0.300000
v -4.983420 -1.212527 0.300000
v -4.986791 -1.214982 0.300000
v -4.990064 -1.217706 0.300000
v -4.993239 -1.220698 0.300000
v -4.996317 -1.223959 0.300000
v -4.999297 -1.227488 0.300000
v -5.002180 -1.231287 0.300000
v -5.004964 -1.235354 0.300000
v -5.007651 -1.239689 0.300000
v -5.010241 -1.244294 0.300000
v -5.012732 -1.249167 0.300000
v -5.015125 -1.254309 0.300000
v -5.017409 -1.259768 0.300000
v -5.019571 -1.265594 0.300000
v -5.021611 -1.271786 0.300000
v -5.023528 -1.278344 0.300000
v -5.025324 -1.285269 0.300000
v -5.026997 -1.292560 0.300000
v -5.028548 -1.300218 0.300000
v -5.029976 -1.308242 0.300000
v -5.031283 -1.316633 0.300000
v -5.032467 -1.325390 0.300000
v -5.033530 -1.334513 0.300000
v -5.034471 -1.344003 0.300000
v -5.035314 -1.353883 0.300000
v -5.036083 -1.364179 0.300000
v -5.036779 -1.374890 0.300000
v -5.037403 -1.386016 0.300000
v -5.037952 -1.397558 0.300000
v -5.038428 -1.409515 0.300000
v -5.038831 -1.421887 0.300000
v -5.039161 -1.434674 0.300000
v -5.039417 -1.447876 0.300000
v -5.039600 -1.461494 0.300000
v -5.039710 -1.475527 0.300000
v -5.039747 -1.489975 0.300000
v -5.039723 -1.502714 0.300000
v -5.039649 -1.515135 0.300000
v -5.039527 -1.527238 0.300000
v -5.039356 -1.539024 0.300000
v -5.039136 -1.550492 0.300000
v -5.038867 -1.561643 0.300000
v -5.038550 -1.572476 0.300000
v -5.038183 -1.582991 0.300000
v -5.037768 -1.593189 0.300000
v -5.037303 -1.603070 0.300000
v -5.036790 -1.612633 0.300000
v -5.036230 -1.621878 0.300000
v -5.035620 -1.630855 0.300000
v -5.034961 -1.639612 0.300000
v -5.034252 -1.648149 0.300000
v -5.033495 -1.656466 0.300000
v -5.032690 -1.664564 0.300000
v -5.031835 -1.672441 0.300000
v -5.030931 -1.680099 0.300000
v -5.029979 -1.687537 0.300000
v -5.028977 -1.694755 0.300000
v -5.027927 -1.701753 0.300000
v -5.026828 -1.708531 0.300000
v -5.025678 -1.715090 0.300000
v -5.024457 -1.721453 0.300000
v -5.023137 -1.727645 0.300000
v -5.021720 -1.733666 0.300000
v -5.020206 -1.739516 0.300000
v -5.018594 -1.745195 0.300000
v -5.016884 -1.750703 0.300000
v -5.015076 -1.756041 0.300000
v -5.013170 -1.761207 0.300000
v -5.011167 -1.766202 0.300000
v -5.009066 -1.771026 0.300000
v -5.006867 -1.775679 0.300000
v -5.004573 -1.780162 0.300000
v -5.002167 -1.784546 0.300000
v -4.999639 -1.788906 0.300000
v -4.996989 -1.793242 0.300000
v -4.994216 -1.797553 0.300000
v -4.991322 -1.801840 0.300000
v -4.988305 -1.806102 0.300000
v -4.985167 -1.810340 0.300000
v -4.981905 -1.814554 0.300000
v -4.978522 -1.818743 0.300000
v -4.975018 -1.822908 0.300000
v -4.971390 -1.827048 0.300000
v -4.967640 -1.831164 0.300000
v -4.963280 -1.835390 0.300000
v -4.957821 -1.839860 0.300000
v -4.951262 -1.844574 0.300000
v -4.943605 -1.849533 0.300000
v -4.934848 -1.854736 0.300000
v -4.924992 -1.860183 0.300000
v -4.914037 -1.865874 0.300000
v -4.901982 -1.871810 0.300000
v -4.888829 -1.877990 0.300000
v -4.874576 -1.884414 0.300000
v -4.859224 -1.891082 0.300000
v -4.842772 -1.897995 0.300000
v -4.825381 -1.905017 0.300000
v -4.807208 -1.912016 0.300000
v -4.788253 -1.918989 0.300000
v -4.768516 -1.925939 0.300000
v -4.747998 -1.932864 0.300000
v -4.726698 -1.939764 0.300000
v -4.704617 -1.946640 0.300000
v -4.681753 -1.953492 0.300000
v -4.658108 -1.960319 0.300000
v -4.633682 -1.967122 0.300000
v -4.608473 -1.973900 0.300000
v -4.582484 -1.980654 0.300000
v -4.555786 -1.987323 0.300000
v -4.528452 -1.993844 0.300000
v -4.500484 -2.000220 0.300000
v -4.471881 -2.006448 0.300000
v -4.442642 -2.012531 0.300000
v -4.412769 -2.018466 0.300000
v -4.382260 -2.024255 0.300000
v -4.351116 -2.029898 0.300000
v -4.319338 -2.035394 0.300000
v -4.286924 -2.040743 0.300000
v -4.253875 -2.045946 0.300000
v -4.220191 -2.051003 0.300000
v -4.185994 -2.055778 0.300000
v -4.151406 -2.060138 0.300000
v -4.116427 -2.064083 0.300000
v -4.081058 -2.067612 0.300000
v -4.045297 -2.070727 0.300000
v -4.009146 -2.073426 0.300000
v -3.972604 -2.075710 0.300000
v -3.935671 -2.077579 0.300000
v -3.898348 -2.079032 0.300000
v -3.860633 -2.080070 0.300000
v -3.822528 -2.080693 0.300000
v -3.784032 -2.080900 0.300000
v -3.714990 -2.080168 0.300000
v -3.647390 -2.077969 0.300000
v -3.581231 -2.074305 0.300000
v -3.516513 -2.069175 0.300000
v -3.453236 -2.062580 0.300000
v -3.391401 -2.054520 0.300000
v -3.331006 -2.044993 0.300000
v -3.272053 -2.034001 0.300000
v -3.214541 -2.021544 0.300000
v -3.158470 -2.007621 0.300000
v -3.103840 -1.992232 0.300000
v -3.050651 -1.975378 0.300000
v -2.998904 -1.957034 0.300000
v -2.948597 -1.937175 0.300000
v -2.899732 -1.915802 0.300000
v -2.852309 -1.892914 0.300000
v -2.806325 -1.868512 0.300000
v -2.761784 -1.842596 0.300000
v -2.718683 -1.815165 0.300000
v -2.677024 -1.786219 0.300000
v -2.636806 -1.755760 0.300000
v -2.598029 -1.723785 0.300000
v -2.560693 -1.690297 0.300000
v -2.524798 -1.655294 0.300000
v -2.490369 -1.618752 0.300000
v -2.457430 -1.580646 0.300000
v -2.425981 -1.540978 0.300000
v -2.396022 -1.499746 0.300000
v -2.367553 -1.456951 0.300000
v -2.340574 -1.412592 0.300000
v -2.315085 -1.366670 0.300000
v -2.291086 -1.319185 0.300000
v -2.268577 -1.270137 0.300000
v -2.247558 -1.219525 0.300000
v -2.228029 -1.167350 0.300000
v -2.209990 -1.113612 0.300000
v -2.193417 -1.058311 0.300000
v -2.178285 -1.001446 0.300000
v -2.164593 -0.943018 0.300000
v -2.152344 -0.883026 0.300000
v -2.141535 -0.821472 0.300000
v -2.132167 -0.758354 0.300000
v -2.124241 -0.693672 0.300000
v -2.117756 -0.627428 0.300000
v -2.112711 -0.559620 0.300000
v -2.109108 -0.490249 0.300000
v -2.106947 -0.419314 0.300000
v -2.106226 -0.346817 0.300000
v -2.106984 -0.277629 0.300000
v -2.109255 -0.209589 0.300000
v -2.113041 -0.142697 0.300000
v -2.118342 -0.076953 0.300000
v -2.125157 -0.012357 0.300000
v -2.133487 0.051091 0.300000
v -2.143330 0.113390 0.300000
v -2.154689 0.174542 0.300000
v -2.167561 0.234546 0.300000
v -2.181949 0.293401 0.300000
v -2.197850 0.351109 0.300000
v -2.215266 0.407668 0.300000
v -2.234123 0.462945 0.300000
v -2.254349 0.516806 0.300000
v -2.275942 0.569249 0.300000
v -2.298903 0.620276 0.300000
v -2.323231 0.669886 0.300000
v -2.348928 0.718080 0.300000
v -2.375992 0.764856 0.300000
v -2.404425 0.810216 0.300000
v -2.434225 0.854159 0.300000
v -2.465393 0.896686 0.300000
v -2.497929 0.937796 0.300000
v -2.531833 0.977489 0.300000
v -2.567044 1.015704 0.300000
v -2.603500 1.052380 0.300000
v -2.641203 1.087518 0.300000
v -2.680151 1.121116 0.300000
v -2.720345 1.153176 0.300000
v -2.761784 1.183697 0.300000
v -2.804470 1.212679 0.300000
v -2.848401 1.240122 0.300000
v -2.893577 1.266026 0.300000
v -2.940000 1.290392 0.300000
v -2.987668 1.313218 0.300000
v -3.036582 1.334506 0.300000
v -3.086643 1.354169 0.300000
v -3.137756 1.372123 0.300000
v -3.189919 1.388366 0.300000
v -3.243132 1.402900 0.300000
v -3.297395 1.415724 0.300000
v -3.352709 1.426838 0.300000
v -3.409073 1.436242 0.300000
v -3.466487 1.443937 0.300000
v -3.524952 1.449921 0.300000
v -3.584467 1.454196 0.300000
v -3.645032 1.456761 0.300000
v -3.706648 1.457615 0.300000
v -3.771513 1.456810 0.300000
v -3.834790 1.454391 0.300000
v -3.896479 1.450361 0.300000
v -3.956580 1.444719 0.300000
v -4.015094 1.437464 0.300000
v -4.072020 1.428597 0.300000
v -4.127357 1.418118 0.300000
v -4.181108 1.406027 0.300000
v -4.233271 1.392324 0.300000
v -4.283846 1.377008 0.300000
v -4.332833 1.360081 0.300000
v -4.380233 1.341541 0.300000
v -4.426142 1.321572 0.300000
v -4.470659 1.300358 0.300000
v -4.513784 1.277897 0.300000
v -4.555517 1.254191 0.300000
v -4.595857 1.229240 0.300000
v -4.634805 1.203042 0.300000
v -4.672361 1.175599 0.300000
v -4.708524 1.146910 0.300000
v -4.743295 1.116976 0.300000
v -4.776674 1.085795 0.300000
v -4.808661 1.053369 0.300000
v -4.839255 1.019698 0.300000
v -4.868494 0.984878 0.300000
v -4.896413 0.949008 0.300000
v -4.923013 0.912087 0.300000
v -4.948295 0.874116 0.300000
v -4.972257 0.835095 0.300000
v -4.994901 0.795023 0.300000
v -5.016225 0.753901 0.300000
v -5.036231 0.711729 0.300000
v -5.054917 0.668506 0.300000
v -5.072285 0.624233 0.300000
v -5.088334 0.578910 0.300000
v -5.103061 0.532536 0.300000
v -5.116544 0.485295 0.300000
v -5.128855 0.437371 0.300000
v -5.139994 0.388762 0.300000
v -5.149960 0.339469 0.300000
v -5.158753 0.289493 0.300000
v -5.166374 0.238832 0.300000
v -5.172822 0.187488 0.300000
v -5.178099 0.135459 0.300000
v -5.182202 0.082747 0.300000
v -5.185134 0.029351 0.300000
v -5.186893 -0.024729 0.300000
v -3.006684 0.033064 0.300000
v -4.329230 0.033064 0.300000
v -4.329804 0.094093 0.300000
v -4.328009 0.152900 0.300000
v -4.323844 0.209484 0.300000
v -4.317310 0.263845 0.300000
v -4.308407 0.315983 0.300000
v -4.297134 0.365899 0.300000
v -4.283492 0.413592 0.300000
v -4.267480 0.459061 0.300000
v -4.249099 0.502308 0.300000
v -4.228349 0.543333 0.300000
v -4.205229 0.582134 0.300000
v -4.179740 0.618713 0.300000
v -4.151857 0.652702 0.300000
v -4.121556 0.683736 0.300000
v -4.088837 0.711814 0.300000
v -4.053699 0.736937 0.300000
v -4.016144 0.759104 0.300000
v -3.976170 0.778315 0.300000
v -3.933778 0.794571 0.300000
v -3.888968 0.807871 0.300000
v -3.841739 0.818216 0.300000
v -3.792092 0.825605 0.300000
v -3.740027 0.830038 0.300000
v -3.685544 0.831516 0.300000
v -3.657710 0.831076 0.300000
v -3.630487 0.829757 0.300000
v -3.603874 0.827559 0.300000
v -3.577873 0.824481 0.300000
v -3.552481 0.820524 0.300000
v -3.527701 0.815688 0.300000
v -3.503531 0.809972 0.300000
v -3.479971 0.803377 0.300000
v -3.457023 0.795902 0.300000
v -3.434685 0.787548 0.300000
v -3.412957 0.778315 0.300000
v -3.391840 0.768203 0.300000
v -3.371322 0.757345 0.300000
v -3.351390 0.745877 0.300000
v -3.332044 0.733798 0.300000
v -3.313284 0.721109 0.300000
v -3.295111 0.707808 0.300000
v -3.277524 0.693898 0.300000
v -3.260523 0.679376 0.300000
v -3.244109 0.664244 0.300000
v -3.228281 0.648501 0.300000
v -3.213038 0.632147 0.300000
v -3.198383 0.615183 0.300000
v -3.184313 0.597608 0.300000
v -3.170805 0.579460 0.300000
v -3.157835 0.560773 0.300000
v -3.145401 0.541550 0.300000
v -3.133506 0.521789 0.300000
v -3.122148 0.501490 0.300000
v -3.111327 0.480654 0.300000
v -3.101043 0.459281 0.300000
v -3.091297 0.437371 0.300000
v -3.082088 0.414923 0.300000
v -3.073417 0.391937 0.300000
v -3.065283 0.368415 0.300000
v -3.057686 0.344355 0.300000
v -3.050615 0.319892 0.300000
v -3.044056 0.295160 0.300000
v -3.038011 0.270159 0.300000
v -3.032478 0.244890 0.300000
v -3.027458 0.219352 0.300000
v -3.022952 0.193546 0.300000
v -3.018958 0.167470 0.300000
v -3.015477 0.141127 0.300000
v -3.012509 0.114514 0.300000
v -3.010055 0.087633 0.300000
v -3.008113 0.060483 0.300000
v -0.399226 1.257123 0.300000
v -0.399226 -1.880408 0.300000
v -0.399104 -1.886209 0.300000
v -0.398737 -1.891888 0.300000
v -0.398127 -1.897445 0.300000
v -0.397272 -1.902880 0.300000
v -0.396173 -1.908193 0.300000
v -0.394829 -1.913384 0.300000
v -0.393241 -1.918452 0.300000
v -0.391410 -1.923398 0.300000
v -0.389333 -1.928223 0.300000
v -0.387013 -1.932925 0.300000
v -0.384448 -1.937505 0.300000
v -0.381639 -1.941962 0.300000
v -0.378525 -1.946298 0.300000
v -0.375044 -1.950512 0.300000
v -0.371197 -1.954603 0.300000
v -0.366983 -1.958573 0.300000
v -0.362403 -1.962420 0.300000
v -0.357457 -1.966145 0.300000
v -0.352144 -1.969748 0.300000
v -0.346465 -1.973228 0.300000
v -0.340419 -1.976587 0.300000
v -0.334007 -1.979824 0.300000
v -0.327229 -1.982938 0.300000
v -0.320084 -1.985930 0.300000
v -0.312561 -1.988800 0.300000
v -0.304647 -1.991548 0.300000
v -0.296342 -1.994174 0.300000
v -0.287646 -1.996678 0.300000
v -0.278559 -1.999059 0.300000
v -0.269082 -2.001319 0.300000
v -0.259214 -2.003456 0.300000
v -0.248954 -2.005471 0.300000
v -0.238304 -2.007365 0.300000
v -0.227264 -2.009135 0.300000
v -0.215832 -2.010784 0.300000
v -0.204010 -2.012311 0.300000
v -0.191735 -2.013715 0.300000
v -0.178948 -2.014998 0.300000
v -0.165648 -2.016158 0.300000
v -0.151835 -2.017196 0.300000
v -0.137509 -2.018112 0.300000
v -0.122670 -2.018906 0.300000
v -0.107318 -2.019578 0.300000
v -0.091453 -2.020127 0.300000
v -0.075075 -2.020555 0.300000
v -0.058184 -2.020860 0.300000
v -0.040780 -2.021043 0.300000
v -0.022863 -2.021104 0.300000
v -0.003823 -2.021043 0.300000
v 0.014607 -2.020860 0.300000
v 0.032426 -2.020555 0.300000
v 0.049635 -2.020127 0.300000
v 0.066233 -2.019578 0.300000
v 0.082220 -2.018906 0.300000
v 0.097596 -2.018112 0.300000
v 0.112362 -2.017196 0.300000
v 0.126517 -2.016158 0.300000
v 0.140062 -2.014998 0.300000
v 0.152995 -2.013715 0.300000
v 0.165319 -2.012311 0.300000
v 0.177129 -2.010784 0.300000
v 0.188524 -2.009135 0.300000
v 0.199503 -2.007365 0.300000
v 0.210068 -2.005471 0.300000
v 0.220217 -2.003456 0.300000
v 0.229951 -2.001319 0.300000
v 0.239270 -1.999059 0.300000
v 0.248173 -1.996678 0.300000
v 0.256661 -1.994174 0.300000
v 0.264734 -1.991548 0.300000
v 0.272392 -1.988800 0.300000
v 0.279634 -1.985930 0.300000
v 0.286498 -1.982938 0.300000
v 0.293020 -1.979824 0.300000
v 0.299200 -1.976587 0.300000
v 0.305038 -1.973228 0.300000
v 0.310534 -1.969748 0.300000
v 0.315688 -1.966145 0.300000
v 0.320500 -1.962420 0.300000
v 0.324970 -1.958573 0.300000
v 0.329098 -1.954603 0.300000
v 0.332884 -1.950512 0.300000
v 0.336328 -1.946298 0.300000
v 0.339430 -1.941962 0.300000
v 0.342239 -1.937505 0.300000
v 0.344804 -1.932925 0.300000
v 0.347125 -1.928223 0.300000
v 0.349201 -1.923398 0.300000
v 0.351033 -1.918452 0.300000
v 0.352620 -1.913384 0.300000
v 0.353964 -1.908193 0.300000
v 0.355063 -1.902880 0.300000
v 0.355918 -1.897445 0.300000
v 0.356529 -1.891888 0.300000
v 0.356895 -1.886209 0.300000
v 0.357017 -1.880408 0.300000
v 0.357017 -1.518115 0.300000
v 0.400460 -1.564036 0.300000
v 0.444024 -1.608004 0.300000
v 0.487711 -1.650017 0.300000
v 0.531520 -1.690077 0.300000
v 0.575451 -1.728182 0.300000
v 0.619504 -1.764333 0.300000
v 0.663679 -1.798530 0.300000
v 0.707977 -1.830773 0.300000
v 0.752396 -1.861062 0.300000
v 0.796938 -1.889397 0.300000
v 0.841602 -1.915777 0.300000
v 0.886388 -1.940204 0.300000
v 0.931369 -1.962676 0.300000
v 0.976619 -1.983194 0.300000
v 1.022138 -2.001759 0.300000
v 1.067925 -2.018368 0.300000
v 1.113981 -2.033024 0.300000
v 1.160306 -2.045726 0.300000
v 1.206900 -2.056474 0.300000
v 1.253762 -2.065267 0.300000
v 1.300893 -2.072107 0.300000
v 1.348292 -2.076992 0.300000
v 1.395960 -2.079923 0.300000
v 1.443897 -2.080900 0.300000
v 1.497111 -2.080168 0.300000
v 1.548882 -2.077969 0.300000
v 1.599213 -2.074305 0.300000
v 1.648103 -2.069175 0.300000
v 1.695551 -2.062580 0.300000
v 1.741558 -2.054520 0.300000
v 1.786124 -2.044993 0.300000
v 1.829249 -2.034001 0.300000
v 1.870933 -2.021544 0.300000
v 1.911176 -2.007621 0.300000
v 1.949977 -1.992232 0.300000
v 1.987337 -1.975378 0.300000
v 2.023391 -1.957253 0.300000
v 2.058272 -1.938054 0.300000
v 2.091980 -1.917780 0.300000
v 2.124517 -1.896432 0.300000
v 2.155880 -1.874008 0.300000
v 2.186071 -1.850510 0.300000
v 2.215090 -1.825937 0.300000
v 2.242936 -1.800289 0.300000
v 2.269610 -1.773566 0.300000
v 2.295111 -1.745769 0.300000
v 2.319440 -1.716897 0.300000
v 2.342596 -1.686950 0.300000
v 2.364629 -1.656063 0.300000
v 2.385587 -1.624370 0.300000
v 2.405470 -1.591870 0.300000
v 2.424278 -1.558565 0.300000
v 2.442012 -1.524453 0.300000
v 2.458671 -1.489536 0.300000
v 2.474255 -1.453812 0.300000
v 2.488764 -1.417282 0.300000
v 2.502198 -1.379946 0.300000
v 2.514558 -1.341804 0.300000
v 2.525843 -1.302856 0.300000
v 2.536054 -1.263102 0.300000
v 2.545323 -1.222127 0.300000
v 2.553787 -1.179515 0.300000
v 2.561445 -1.135266 0.300000
v 2.568296 -1.089381 0.300000
v 2.574342 -1.041860 0.300000
v 2.579582 -0.992701 0.300000
v 2.584015 -0.941906 0.300000
v 2.587642 -0.889475 0.300000
v 2.590464 -0.835407 0.300000
v 2.592479 -0.779703 0.300000
v 2.593688 -0.722361 0.300000
v 2.594091 -0.663384 0.300000
v 2.594091 1.257123 0.300000
v 2.593956 1.262924 0.300000
v 2.593554 1.268604 0.300000
v 2.592882 1.274160 0.300000
v 2.591941 1.279595 0.300000
v 2.590732 1.284908 0.300000
v 2.589254 1.290099 0.300000
v 2.587508 1.295167 0.300000
v 2.585493 1.300113 0.300000
v 2.583209 1.304938 0.300000
v 2.580657 1.309640 0.300000
v 2.577835 1.314220 0.300000
v 2.574745 1.318678 0.300000
v 2.571301 1.323013 0.300000
v 2.567417 1.327227 0.300000
v 2.563094 1.331318 0.300000
v 2.558330 1.335287 0.300000
v 2.553127 1.339135 0.300000
v 2.547485 1.342860 0.300000
v 2.541403 1.346462 0.300000
v 2.534881 1.349943 0.300000
v 2.527919 1.353302 0.300000
v 2.520518 1.356539 0.300000
v 2.512677 1.359653 0.300000
v 2.504397 1.362645 0.300000
v 2.495652 1.365515 0.300000
v 2.486419 1.368263 0.300000
v 2.476697 1.370889 0.300000
v 2.466487 1.373393 0.300000
v 2.455788 1.375774 0.300000
v 2.444601 1.378034 0.300000
v 2.432925 1.380171 0.300000
v 2.420761 1.382186 0.300000
v 2.408108 1.384079 0.300000
v 2.394966 1.385850 0.300000
v 2.381336 1.387499 0.300000
v 2.367218 1.389026 0.300000
v 2.352574 1.390430 0.300000
v 2.337369 1.391713 0.300000
v 2.321601 1.392873 0.300000
v 2.305272 1.393911 0.300000
v 2.288382 1.394827 0.300000
v 2.270929 1.395621 0.300000
v 2.252914 1.396293 0.300000
v 2.234338 1.396842 0.300000
v 2.215200 1.397270 0.300000
v 2.195500 1.397575 0.300000
v 2.175238 1.397758 0.300000
v 2.154414 1.397820 0.300000
v 2.133041 1.397758 0.300000
v 2.112303 1.397575 0.300000
v 2.092200 1.397270 0.300000
v 2.072732 1.396842 0.300000
v 2.053900 1.396293 0.300000
v 2.035702 1.395621 0.300000
v 2.018139 1.394827 0.300000
v 2.001211 1.393911 0.300000
v 1.984919 1.392873 0.300000
v 1.969262 1.391713 0.300000
v 1.954239 1.390430 0.300000
v 1.939852 1.389026 0.300000
v 1.926015 1.387499 0.300000
v 1.912641 1.385850 0.300000
v 1.899732 1.384079 0.300000
v 1.887287 1.382186 0.300000
v 1.875306 1.380171 0.300000
v 1.863788 1.378034 0.300000
v 1.852736 1.375775 0.300000
v 1.842147 1.373393 0.300000
v 1.832022 1.370889 0.300000
v 1.822361 1.368263 0.300000
v 1.813165 1.365516 0.300000
v 1.804432 1.362645 0.300000
v 1.796139 1.359653 0.300000
v 1.788262 1.356539 0.300000
v 1.780800 1.353302 0.300000
v 1.773752 1.349943 0.300000
v 1.767121 1.346463 0.300000
v 1.760904 1.342860 0.300000
v 1.755103 1.339135 0.300000
v 1.749717 1.335288 0.300000
v 1.744746 1.331318 0.300000
v 1.740191 1.327227 0.300000
v 1.736050 1.323013 0.300000
v 1.732325 1.318678 0.300000
v 1.728954 1.314220 0.300000
v 1.725877 1.309640 0.300000
v 1.723092 1.304938 0.300000
v 1.720601 1.300113 0.300000
v 1.718402 1.295167 0.300000
v 1.716497 1.290099 0.300000
v 1.714885 1.284908 0.300000
v 1.713566 1.279595 0.300000
v 1.712540 1.274160 0.300000
v 1.711807 1.268604 0.300000
v 1.711367 1.262924 0.300000
v 1.711221 1.257123 0.300000
v 1.711221 -0.515652 0.300000
v 1.711001 -0.555883 0.300000
v 1.710341 -0.594501 0.300000
v 1.709242 -0.631507 0.300000
v 1.707703 -0.666901 0.300000
v 1.705725 -0.700683 0.300000
v 1.703306 -0.732853 0.300000
v 1.700449 -0.763410 0.300000
v 1.697151 -0.792355 0.300000
v 1.693414 -0.819689 0.300000
v 1.689237 -0.845410 0.300000
v 1.684620 -0.869519 0.300000
v 1.679564 -0.892015 0.300000
v 1.674056 -0.913450 0.300000
v 1.668084 -0.934371 0.300000
v 1.661647 -0.954779 0.300000
v 1.654747 -0.974674 0.300000
v 1.647382 -0.994057 0.300000
v 1.639553 -1.012926 0.300000
v 1.631261 -1.031283 0.300000
v 1.622504 -1.049126 0.300000
v 1.613283 -1.066457 0.300000
v 1.603598 -1.083275 0.300000
v 1.593449 -1.099579 0.300000
v 1.582835 -1.115371 0.300000
v 1.571746 -1.130613 0.300000
v 1.560167 -1.145269 0.300000
v 1.548101 -1.159339 0.300000
v 1.535546 -1.172822 0.300000
v 1.522502 -1.185719 0.300000
v 1.508970 -1.198030 0.300000
v 1.494949 -1.209755 0.300000
v 1.480440 -1.220893 0.300000
v 1.465442 -1.231446 0.300000
v 1.449955 -1.241412 0.300000
v 1.433980 -1.250791 0.300000
v 1.417517 -1.259585 0.300000
v 1.400577 -1.267731 0.300000
v 1.383173 -1.275169 0.300000
v 1.365305 -1.281898 0.300000
v 1.346973 -1.287920 0.300000
v 1.328177 -1.293232 0.300000
v 1.308917 -1.297837 0.300000
v 1.289192 -1.301733 0.300000
v 1.269004 -1.304920 0.300000
v 1.248351 -1.307400 0.300000
v 1.227235 -1.309171 0.300000
v 1.205654 -1.310233 0.300000
v 1.183609 -1.310587 0.300000
v 1.155458 -1.309732 0.300000
v 1.127282 -1.307168 0.300000
v 1.099081 -1.302893 0.300000
v 1.070856 -1.296909 0.300000
v 1.042607 -1.289214 0.300000
v 1.014334 -1.279810 0.300000
v 0.986036 -1.268696 0.300000
v 0.957713 -1.255872 0.300000
v 0.929366 -1.241338 0.300000
v 0.900995 -1.225095 0.300000
v 0.872599 -1.207141 0.300000
v 0.844179 -1.187478 0.300000
v 0.815588 -1.166178 0.300000
v 0.786679 -1.143315 0.300000
v 0.757453 -1.118888 0.300000
v 0.727909 -1.092899 0.300000
v 0.698048 -1.065346 0.300000
v 0.667869 -1.036229 0.300000
v 0.637372 -1.005550 0.300000
v 0.606558 -0.973307 0.300000
v 0.575427 -0.939500 0.300000
v 0.543978 -0.904131 0.300000
v 0.512211 -0.867198 0.300000
v 0.480127 -0.828702 0.300000
v 0.480127 1.257123 0.300000
v 0.479992 1.262924 0.300000
v 0.479589 1.268604 0.300000
v 0.478918 1.274160 0.300000
v 0.477977 1.279595 0.300000
v 0.476768 1.284908 0.300000
v 0.475290 1.290099 0.300000
v 0.473544 1.295167 0.300000
v 0.471529 1.300113 0.300000
v 0.469245 1.304938 0.300000
v 0.466692 1.309640 0.300000
v 0.463871 1.314220 0.300000
v 0.460781 1.318678 0.300000
v 0.457337 1.323013 0.300000
v 0.453453 1.327227 0.300000
v 0.449130 1.331318 0.300000
v 0.444366 1.335287 0.300000
v 0.439164 1.339135 0.300000
v 0.433521 1.342860 0.300000
v 0.427439 1.346462 0.300000
v 0.420917 1.349943 0.300000
v 0.413955 1.353302 0.300000
v 0.406554 1.356539 0.300000
v 0.398713 1.359653 0.300000
v 0.390433 1.362645 0.300000
v 0.381700 1.365515 0.300000
v 0.372504 1.368263 0.300000
v 0.362843 1.370889 0.300000
v 0.352718 1.373393 0.300000
v 0.342129 1.375774 0.300000
v 0.331076 1.378034 0.300000
v 0.319559 1.380171 0.300000
v 0.307578 1.382186 0.300000
v 0.295133 1.384079 0.300000
v 0.282224 1.385850 0.300000
v 0.268850 1.387499 0.300000
v 0.255013 1.389026 0.300000
v 0.240625 1.390430 0.300000
v 0.225603 1.391713 0.300000
v 0.209946 1.392873 0.300000
v 0.193653 1.393911 0.300000
v 0.176726 1.394827 0.300000
v 0.159163 1.395621 0.300000
v 0.140965 1.396293 0.300000
v 0.122133 1.396842 0.300000
v 0.102665 1.397270 0.300000
v 0.082562 1.397575 0.300000
v 0.061824 1.397758 0.300000
v 0.040450 1.397820 0.300000
v 0.019077 1.397758 0.300000
v -0.001661 1.397575 0.300000
v -0.021764 1.397270 0.300000
v -0.041232 1.396842 0.300000
v -0.060065 1.396293 0.300000
v -0.078262 1.395621 0.300000
v -0.095825 1.394827 0.300000
v -0.112753 1.393911 0.300000
v -0.129045 1.392873 0.300000
v -0.144702 1.391713 0.300000
v -0.159725 1.390430 0.300000
v -0.174112 1.389026 0.300000
v -0.187937 1.387499 0.300000
v -0.201274 1.385850 0.300000
v -0.214122 1.384079 0.300000
v -0.226482 1.382186 0.300000
v -0.238353 1.380171 0.300000
v -0.249736 1.378034 0.300000
v -0.260630 1.375775 0.300000
v -0.271036 1.373393 0.300000
v -0.280953 1.370889 0.300000
v -0.290382 1.368263 0.300000
v -0.299322 1.365516 0.300000
v -0.307773 1.362645 0.300000
v -0.315785 1.359653 0.300000
v -0.323406 1.356539 0.300000
v -0.330636 1.353302 0.300000
v -0.337476 1.349943 0.300000
v -0.343924 1.346463 0.300000
v -0.349982 1.342860 0.300000
v -0.355649 1.339135 0.300000
v -0.360925 1.335288 0.300000
v -0.365811 1.331318 0.300000
v -0.370305 1.327227 0.300000
v -0.374409 1.323013 0.300000
v -0.378122 1.318678 0.300000
v -0.381493 1.314220 0.300000
v -0.384570 1.309640 0.300000
v -0.387355 1.304938 0.300000
v -0.389846 1.300113 0.300000
v -0.392045 1.295167 0.300000
v -0.393950 1.290099 0.300000
v -0.395562 1.284908 0.300000
v -0.396881 1.279595 0.300000
v -0.397907 1.274160 0.300000
v -0.398640 1.268604 0.300000
v -0.399079 1.262924 0.300000
v 4.498066 2.676399 0.299999
v 4.481211 2.658604 0.299999
v 4.465823 2.638635 0.299999
v 4.451900 2.616493 0.299999
v 4.439442 2.592176 0.299999
v 4.428450 2.565686 0.299999
v 4.418924 2.537021 0.299999
v 4.410863 2.506183 0.299999
v 4.404268 2.473171 0.299999
v 4.399138 2.437984 0.300000
v 4.395474 2.400624 0.300000
v 4.393276 2.361090 0.300000
v 4.392543 2.319381 0.300000
v 4.393301 2.275975 0.300000
v 4.395572 2.234866 0.300000
v 4.399358 2.196052 0.300000
v 4.404659 2.159534 0.300000
v 4.411474 2.125313 0.300000
v 4.419803 2.093388 0.300000
v 4.429647 2.063758 0.300000
v 4.441005 2.036425 0.300000
v 4.453878 2.011388 0.300000
v 4.468265 1.988647 0.300000
v 4.484167 1.968202 0.300000
v 4.501583 1.950053 0.300000
v 4.521051 1.933761 0.300000
v 4.543108 1.918885 0.300000
v 4.567754 1.905426 0.300000
v 4.594989 1.893384 0.300000
v 4.624814 1.882758 0.300000
v 4.657228 1.873549 0.300000
v 4.692231 1.865757 0.299999
v 4.729824 1.859382 0.299999
v 4.770005 1.854423 0.299999
v 4.812776 1.850881 0.299999
v 4.858136 1.848756 0.299999
v 4.906085 1.848048 0.299999
v 4.954560 1.848732 0.299999
v 5.000323 1.850784 0.299999
v 5.043375 1.854203 0.299999
v 5.083715 1.858991 0.299999
v 5.121345 1.865147 0.299999
v 5.156262 1.872670 0.299999
v 5.188468 1.881561 0.299999
v 5.217963 1.891820 0.299999
v 5.244747 1.903447 0.299999
v 5.268819 1.916442 0.299999
v 5.290180 1.930805 0.299999
v 5.308829 1.946535 0.299999
v 5.325403 1.964049 0.299999
v 5.340535 1.983761 0.299999
v 5.354226 2.005672 0.299999
v 5.366476 2.029781 0.299999
v 5.377285 2.056088 0.299999
v 5.386652 2.084594 0.299999
v 5.394578 2.115298 0.299999
v 5.401063 2.148201 0.299999
v 5.406108 2.183301 0.299999
v 5.409711 2.220601 0.299999
v 5.411873 2.260098 0.299999
v 5.412593 2.301794 0.299999
v 5.411848 2.345212 0.299999
v 5.409613 2.386358 0.299999
v 5.405888 2.425233 0.299999
v 5.400672 2.461836 0.299999
v 5.393968 2.496168 0.299999
v 5.385773 2.528228 0.299999
v 5.376087 2.558016 0.299999
v 5.364912 2.585532 0.299999
v 5.352247 2.610777 0.299999
v 5.338092 2.633750 0.299999
v 5.322447 2.654451 0.299999
v 5.305312 2.672881 0.299999
v 5.286100 2.689454 0.299999
v 5.264227 2.704587 0.299999
v 5.239691 2.718277 0.299999
v 5.212492 2.730527 0.299999
v 5.182631 2.741336 0.299999
v 5.150106 2.750703 0.299999
v 5.114920 2.758630 0.299999
v 5.077071 2.765115 0.299999
v 5.036560 2.770159 0.299999
v 4.993386 2.773762 0.299999
v 4.947550 2.775924 0.299999
v 4.899051 2.776644 0.299999
v 4.851126 2.775948 0.299999
v 4.805839 2.773860 0.299999
v 4.763190 2.770379 0.299999
v 4.723180 2.765506 0.299999
v 4.685808 2.759241 0.299999
v 4.651073 2.751583 0.299999
v 4.618977 2.742533 0.299999
v 4.589519 2.732091 0.299999
v 4.562698 2.720256 0.299999
v 4.538516 2.707029 0.299999
v 4.516972 2.692410 0.299999
v 4.459374 1.250088 0.300000
v 4.459374 -1.880408 0.300000
v 4.459521 -1.886209 0.300000
v 4.459960 -1.891888 0.300000
v 4.460693 -1.897445 0.300000
v 4.461719 -1.902880 0.300000
v 4.463038 -1.908193 0.300000
v 4.464650 -1.913384 0.300000
v 4.466556 -1.918452 0.300000
v 4.468754 -1.923398 0.300000
v 4.471245 -1.928223 0.300000
v 4.474030 -1.932925 0.300000
v 4.477108 -1.937505 0.300000
v 4.480479 -1.941962 0.300000
v 4.484204 -1.946298 0.300000
v 4.488344 -1.950512 0.300000
v 4.492900 -1.954603 0.300000
v 4.497870 -1.958573 0.300000
v 4.503257 -1.962420 0.300000
v 4.509058 -1.966145 0.300000
v 4.515275 -1.969748 0.300000
v 4.521906 -1.973228 0.300000
v 4.528954 -1.976587 0.300000
v 4.536416 -1.979824 0.300000
v 4.544293 -1.982938 0.300000
v 4.552586 -1.985930 0.300000
v 4.561318 -1.988800 0.300000
v 4.570515 -1.991548 0.300000
v 4.580175 -1.994174 0.300000
v 4.590300 -1.996678 0.300000
v 4.600889 -1.999059 0.300000
v 4.611942 -2.001319 0.300000
v 4.623459 -2.003456 0.300000
v 4.635440 -2.005471 0.300000
v 4.647885 -2.007365 0.300000
v 4.660795 -2.009135 0.300000
v 4.674169 -2.010784 0.300000
v 4.688006 -2.012311 0.300000
v 4.702393 -2.013715 0.300000
v 4.717415 -2.014998 0.300000
v 4.733072 -2.016158 0.300000
v 4.749365 -2.017196 0.300000
v 4.766292 -2.018112 0.300000
v 4.783855 -2.018906 0.300000
v 4.802052 -2.019578 0.300000
v 4.820885 -2.020127 0.300000
v 4.840353 -2.020555 0.300000
v 4.860456 -2.020860 0.300000
v 4.881194 -2.021043 0.300000
v 4.902568 -2.021104 0.300000
v 4.923941 -2.021043 0.300000
v 4.944679 -2.020860 0.300000
v 4.964782 -2.020555 0.300000
v 4.984250 -2.020127 0.300000
v 5.003083 -2.019578 0.300000
v 5.021281 -2.018906 0.300000
v 5.038843 -2.018112 0.300000
v 5.055771 -2.017196 0.300000
v 5.072063 -2.016158 0.300000
v 5.087721 -2.014998 0.300000
v 5.102743 -2.013715 0.300000
v 5.117130 -2.012311 0.300000
v 5.130968 -2.010784 0.300000
v 5.144341 -2.009135 0.300000
v 5.157251 -2.007365 0.300000
v 5.169696 -2.005471 0.300000
v 5.181677 -2.003456 0.300000
v 5.193194 -2.001319 0.300000
v 5.204247 -1.999059 0.300000
v 5.214836 -1.996678 0.300000
v 5.224960 -1.994174 0.300000
v 5.234621 -1.991548 0.300000
v 5.243817 -1.988800 0.300000
v 5.252550 -1.985930 0.300000
v 5.260843 -1.982938 0.300000
v 5.268721 -1.979824 0.300000
v 5.276183 -1.976587 0.300000
v 5.283230 -1.973228 0.300000
v 5.289862 -1.969748 0.300000
v 5.296078 -1.966145 0.300000
v 5.301880 -1.962420 0.300000
v 5.307265 -1.958573 0.300000
v 5.312237 -1.954603 0.300000
v 5.316792 -1.950512 0.300000
v 5.320932 -1.946298 0.300000
v 5.324657 -1.941962 0.300000
v 5.328028 -1.937505 0.300000
v 5.331106 -1.932925 0.300000
v 5.333891 -1.928223 0.300000
v 5.336382 -1.923398 0.300000
v 5.338581 -1.918452 0.300000
v 5.340486 -1.913384 0.300000
v 5.342098 -1.908193 0.300000
v 5.343417 -1.902880 0.300000
v 5.344443 -1.897445 0.300000
v 5.345175 -1.891888 0.300000
v 5.345615 -1.886209 0.300000
v 5.345762 -1.880408 0.300000
v 5.345762 1.250088 0.299999
v 5.345615 1.255890 0.299999
v 5.345175 1.261569 0.299999
v 5.344443 1.267126 0.299999
v 5.343417 1.272560 0.299999
v 5.342098 1.277873 0.299999
v 5.340486 1.283064 0.299999
v 5.338581 1.288132 0.299999
v 5.336382 1.293079 0.299999
v 5.333891 1.297903 0.299999
v 5.331106 1.302605 0.299999
v 5.328028 1.307185 0.299999
v 5.324657 1.311643 0.299999
v 5.320932 1.315991 0.299999
v 5.316792 1.320241 0.299999
v 5.312237 1.324393 0.299999
v 5.307265 1.328448 0.299999
v 5.301880 1.332405 0.299999
v 5.296078 1.336265 0.299999
v 5.289862 1.340026 0.299999
v 5.283230 1.343690 0.299999
v 5.276183 1.347257 0.299999
v 5.268721 1.350725 0.299999
v 5.260843 1.354096 0.299999
v 5.252550 1.357369 0.299999
v 5.243817 1.360532 0.299999
v 5.234621 1.363574 0.299999
v 5.224960 1.366493 0.299999
v 5.214836 1.369289 0.299999
v 5.204247 1.371964 0.299999
v 5.193194 1.374517 0.299999
v 5.181677 1.376947 0.299999
v 5.169696 1.379255 0.299999
v 5.157251 1.381441 0.299999
v 5.144341 1.383505 0.299999
v 5.130968 1.385447 0.299999
v 5.117130 1.387267 0.299999
v 5.102743 1.388953 0.299999
v 5.087721 1.390491 0.299999
v 5.072063 1.391884 0.299999
v 5.055771 1.393130 0.299999
v 5.038843 1.394229 0.299999
v 5.021281 1.395181 0.299999
v 5.003083 1.395988 0.299999
v 4.984250 1.396647 0.299999
v 4.964782 1.397160 0.299999
v 4.944679 1.397527 0.299999
v 4.923942 1.397747 0.300000
v 4.902568 1.397820 0.300000
v 4.881195 1.397746 0.300000
v 4.860456 1.397526 0.300000
v 4.840354 1.397160 0.300000
v 4.820886 1.396647 0.300000
v 4.802053 1.395987 0.300000
v 4.783855 1.395181 0.300000
v 4.766293 1.394228 0.300000
v 4.749366 1.393129 0.300000
v 4.733073 1.391883 0.300000
v 4.717416 1.390491 0.300000
v 4.702394 1.388952 0.300000
v 4.688006 1.387267 0.300000
v 4.674169 1.385447 0.300000
v 4.660795 1.383505 0.300000
v 4.647885 1.381441 0.300000
v 4.635440 1.379255 0.300000
v 4.623459 1.376947 0.300000
v 4.611942 1.374517 0.300000
v 4.600889 1.371964 0.300000
v 4.590300 1.369289 0.300000
v 4.580175 1.366493 0.300000
v 4.570515 1.363574 0.300000
v 4.561318 1.360532 0.300000
v 4.552586 1.357369 0.300000
v 4.544292 1.354096 0.300000
v 4.536415 1.350725 0.300000
v 4.528953 1.347256 0.300000
v 4.521906 1.343690 0.300000
v 4.515275 1.340026 0.300000
v 4.509058 1.336265 0.300000
v 4.503257 1.332405 0.300000
v 4.497871 1.328448 0.300000
v 4.492900 1.324394 0.300000
v 4.488345 1.320241 0.300000
v 4.484204 1.315991 0.300000
v 4.480479 1.311643 0.300000
v 4.477108 1.307185 0.300000
v 4.474030 1.302605 0.300000
v 4.471245 1.297903 0.300000
v 4.468754 1.293079 0.300000
v 4.466556 1.288132 0.300000
v 4.464650 1.283064 0.300000
v 4.463038 1.277873 0.300000
v 4.461719 1.272560 0.300000
v 4.460693 1.267126 0.300000
v 4.459960 1.261569 0.300000
v 4.459521 1.255890 0.300000
v 7.228632 0.219487 0.299999
v 7.228632 -1.890960 0.299999
v 7.228876 -1.899021 0.299999
v 7.229609 -1.906788 0.299999
v 7.230830 -1.914263 0.299999
v 7.232540 -1.921444 0.299999
v 7.234738 -1.928332 0.299999
v 7.237425 -1.934927 0.299999
v 7.240601 -1.941229 0.299999
v 7.244265 -1.947238 0.299999
v 7.248417 -1.952954 0.299999
v 7.253058 -1.958377 0.299999
v 7.258187 -1.963506 0.299999
v 7.263806 -1.968343 0.299999
v 7.269949 -1.972923 0.299999
v 7.276654 -1.977283 0.299999
v 7.283921 -1.981423 0.299999
v 7.291750 -1.985344 0.299999
v 7.300140 -1.989045 0.299999
v 7.309093 -1.992525 0.299999
v 7.318607 -1.995786 0.299999
v 7.328683 -1.998827 0.299999
v 7.339321 -2.001648 0.299999
v 7.350521 -2.004250 0.299999
v 7.362282 -2.006631 0.299999
v 7.374605 -2.008793 0.299999
v 7.387710 -2.010760 0.299999
v 7.401815 -2.012555 0.299999
v 7.416924 -2.014179 0.299999
v 7.433033 -2.015633 0.299999
v 7.450144 -2.016915 0.299999
v 7.468256 -2.018027 0.299999
v 7.487369 -2.018967 0.299999
v 7.507484 -2.019737 0.299999
v 7.528601 -2.020335 0.299999
v 7.550719 -2.020763 0.299999
v 7.573839 -2.021019 0.299999
v 7.597960 -2.021104 0.299999
v 7.623742 -2.021019 0.299999
v 7.648327 -2.020762 0.299999
v 7.671716 -2.020335 0.299999
v 7.693907 -2.019737 0.299999
v 7.714901 -2.018967 0.299999
v 7.734699 -2.018027 0.299999
v 7.753300 -2.016915 0.299999
v 7.770704 -2.015633 0.299999
v 7.786911 -2.014179 0.299999
v 7.801921 -2.012555 0.299999
v 7.815735 -2.010759 0.299999
v 7.828351 -2.008793 0.299999
v 7.840075 -2.006632 0.299999
v 7.851214 -2.004250 0.299999
v 7.861766 -2.001649 0.299999
v 7.871732 -1.998827 0.299999
v 7.881112 -1.995786 0.299999
v 7.889905 -1.992525 0.299999
v 7.898113 -1.989045 0.299999
v 7.905734 -1.985344 0.299999
v 7.912769 -1.981424 0.299999
v 7.919217 -1.977283 0.299999
v 7.925079 -1.972923 0.299999
v 7.930356 -1.968343 0.299999
v 7.935131 -1.963507 0.299999
v 7.939491 -1.958377 0.299999
v 7.943436 -1.952954 0.299999
v 7.946966 -1.947239 0.299999
v 7.950080 -1.941230 0.299999
v 7.952779 -1.934928 0.299999
v 7.955063 -1.928333 0.299999
v 7.956932 -1.921444 0.299999
v 7.958385 -1.914263 0.299999
v 7.959423 -1.906789 0.299999
v 7.960046 -1.899021 0.299999
v 7.960254 -1.890960 0.299999
v 7.960254 -1.641224 0.299999
v 7.992876 -1.675177 0.299999
v 8.026255 -1.707859 0.299999
v 8.060390 -1.739272 0.299999
v 8.095284 -1.769414 0.299999
v 8.130934 -1.798286 0.299999
v 8.167341 -1.825888 0.299999
v 8.204506 -1.852220 0.299999
v 8.242428 -1.877281 0.299999
v 8.281108 -1.901072 0.299999
v 8.320544 -1.923594 0.299999
v 8.360738 -1.944845 0.299999
v 8.401689 -1.964826 0.299999
v 8.443398 -1.983366 0.299999
v 8.485863 -2.000293 0.299999
v 8.529085 -2.015609 0.299999
v 8.573066 -2.029312 0.299999
v 8.617803 -2.041403 0.299999
v 8.663297 -2.051882 0.299999
v 8.709548 -2.060749 0.299999
v 8.756557 -2.068003 0.299999
v 8.804323 -2.073646 0.299999
v 8.852846 -2.077676 0.299999
v 8.902126 -2.080094 0.299999
v 8.952164 -2.080900 0.299999
v 8.993505 -2.080448 0.299999
v 9.034286 -2.079093 0.299999
v 9.074504 -2.076833 0.299999
v 9.114160 -2.073670 0.299999
v 9.153255 -2.069603 0.299999
v 9.191788 -2.064632 0.299999
v 9.229758 -2.058758 0.299999
v 9.267167 -2.051979 0.299999
v 9.304015 -2.044297 0.299999
v 9.340301 -2.035711 0.299999
v 9.376024 -2.026222 0.299999
v 9.411186 -2.015828 0.299999
v 9.445676 -2.004543 0.299999
v 9.479384 -1.992379 0.299999
v 9.512311 -1.979335 0.299999
v 9.544456 -1.965412 0.299999
v 9.575820 -1.950610 0.299999
v 9.606401 -1.934928 0.299999
v 9.636203 -1.918367 0.299999
v 9.665221 -1.900926 0.299999
v 9.693459 -1.882607 0.299999
v 9.720913 -1.863407 0.299999
v 9.747587 -1.843329 0.299999
v 9.773479 -1.822371 0.299999
v 9.798504 -1.800546 0.299999
v 9.822577 -1.777866 0.299999
v 9.845696 -1.754331 0.299999
v 9.867863 -1.729941 0.299999
v 9.889077 -1.704696 0.299999
v 9.909340 -1.678596 0.299999
v 9.928648 -1.651642 0.299999
v 9.947005 -1.623832 0.299999
v 9.964409 -1.595168 0.299999
v 9.980860 -1.565648 0.299999
v 9.996358 -1.535274 0.299999
v 10.010904 -1.504045 0.299999
v 10.024387 -1.471949 0.299999
v 10.036698 -1.438973 0.299999
v 10.047837 -1.405118 0.299999
v 10.057803 -1.370383 0.299999
v 10.066597 -1.334770 0.299999
v 10.074219 -1.298276 0.299999
v 10.080667 -1.260904 0.299999
v 10.085943 -1.222652 0.299999
v 10.090046 -1.183521 0.299999
v 10.092978 -1.143510 0.299999
v 10.094736 -1.102620 0.299999
v 10.095322 -1.060851 0.299999
v 10.094577 -1.015625 0.299999
v 10.092342 -0.971401 0.299999
v 10.088616 -0.928179 0.299999
v 10.083401 -0.885958 0.299999
v 10.076695 -0.844738 0.299999
v 10.068501 -0.804520 0.299999
v 10.058815 -0.765303 0.299999
v 10.047641 -0.727088 0.299999
v 10.034976 -0.689874 0.299999
v 10.020821 -0.653662 0.299999
v 10.005177 -0.618451 0.299999
v 9.988041 -0.584242 0.299999
v 9.969428 -0.551022 0.299999
v 9.949349 -0.518779 0.299999
v 9.927806 -0.487513 0.299999
v 9.904796 -0.457224 0.299999
v 9.880321 -0.427913 0.299999
v 9.854380 -0.399578 0.299999
v 9.826973 -0.372220 0.299999
v 9.798101 -0.345840 0.299999
v 9.767763 -0.320436 0.299999
v 9.735960 -0.296010 0.299999
v 9.702691 -0.272560 0.299999
v 9.667957 -0.250088 0.299999
v 9.631769 -0.228580 0.299999
v 9.594140 -0.208025 0.299999
v 9.555070 -0.188423 0.299999
v 9.514559 -0.169774 0.299999
v 9.472606 -0.152077 0.299999
v 9.429213 -0.135332 0.299999
v 9.384377 -0.119540 0.299999
v 9.338101 -0.104701 0.299999
v 9.290384 -0.090815 0.299999
v 9.241226 -0.077881 0.299999
v 9.190627 -0.065900 0.299999
v 9.138586 -0.054871 0.299999
v 9.085117 -0.044759 0.299999
v 9.030231 -0.035526 0.299999
v 8.973927 -0.027172 0.299999
v 8.916207 -0.019697 0.299999
v 8.857071 -0.013102 0.299999
v 8.796518 -0.007386 0.299999
v 8.734549 -0.002550 0.299999
v 8.671162 0.001407 0.299999
v 8.606359 0.004485 0.299999
v 8.540138 0.006683 0.299999
v 8.472501 0.008002 0.299999
v 8.403447 0.008442 0.299999
v 8.097433 0.008442 0.299999
v 8.097433 0.198382 0.299999
v 8.097640 0.222748 0.299999
v 8.098263 0.246600 0.299999
v 8.099301 0.269940 0.299999
v 8.100755 0.292766 0.299999
v 8.102623 0.315080 0.299999
v 8.104907 0.336880 0.299999
v 8.107606 0.358168 0.299999
v 8.110721 0.378943 0.299999
v 8.114250 0.399204 0.299999
v 8.118195 0.418953 0.299999
v 8.122555 0.438189 0.299999
v 8.127331 0.456912 0.299999
v 8.132583 0.475122 0.299999
v 8.138371 0.492819 0.299999
v 8.144698 0.510003 0.299999
v 8.151562 0.526674 0.299999
v 8.158963 0.542832 0.299999
v 8.166903 0.558477 0.299999
v 8.175378 0.573609 0.299999
v 8.184391 0.588229 0.299999
v 8.193942 0.602335 0.299999
v 8.204030 0.615928 0.299999
v 8.214656 0.629009 0.299999
v 8.225819 0.641576 0.299999
v 8.237568 0.653618 0.299999
v 8.249951 0.665123 0.299999
v 8.262971 0.676091 0.299999
v 8.276626 0.686521 0.299999
v 8.290915 0.696414 0.299999
v 8.305840 0.705769 0.299999
v 8.321399 0.714587 0.299999
v 8.337594 0.722867 0.299999
v 8.354424 0.730610 0.299999
v 8.371888 0.737816 0.299999
v 8.389989 0.744485 0.299999
v 8.408724 0.750616 0.299999
v 8.428155 0.756234 0.299999
v 8.448343 0.761363 0.299999
v 8.469289 0.766004 0.299999
v 8.490992 0.770157 0.299999
v 8.513452 0.773821 0.299999
v 8.536669 0.776996 0.299999
v 8.560644 0.779683 0.299999
v 8.585376 0.781882 0.299999
v 8.610865 0.783591 0.299999
v 8.637112 0.784813 0.299999
v 8.664114 0.785545 0.299999
v 8.691875 0.785790 0.299999
v 8.728478 0.785448 0.299999
v 8.764421 0.784422 0.299999
v 8.799706 0.782712 0.299999
v 8.834331 0.780318 0.299999
v 8.868296 0.777240 0.299999
v 8.901601 0.773479 0.299999
v 8.934247 0.769033 0.299999
v 8.966233 0.763904 0.299999
v 8.997561 0.758090 0.299999
v 9.028227 0.751593 0.299999
v 9.058235 0.744411 0.299999
v 9.087584 0.736546 0.299999
v 9.116322 0.728265 0.299999
v 9.144498 0.719838 0.299999
v 9.172112 0.711265 0.299999
v 9.199163 0.702544 0.299999
v 9.225655 0.693678 0.299999
v 9.251583 0.684664 0.299999
v 9.276951 0.675504 0.299999
v 9.301756 0.666198 0.299999
v 9.325998 0.656745 0.299999
v 9.349680 0.647145 0.299999
v 9.372799 0.637399 0.299999
v 9.395357 0.627506 0.299999
v 9.417329 0.617614 0.299999
v 9.438690 0.607868 0.299999
v 9.459440 0.598268 0.299999
v 9.479580 0.588815 0.299999
v 9.499109 0.579508 0.299999
v 9.518027 0.570349 0.299999
v 9.536335 0.561335 0.299999
v 9.554032 0.552468 0.299999
v 9.571118 0.543748 0.299999
v 9.587594 0.535174 0.299999
v 9.603459 0.526747 0.299999
v 9.618713 0.518467 0.299999
v 9.633430 0.510601 0.299999
v 9.647683 0.503420 0.299999
v 9.661472 0.496922 0.299999
v 9.674796 0.491109 0.299999
v 9.687656 0.485979 0.299999
v 9.700053 0.481534 0.299999
v 9.711986 0.477772 0.299999
v 9.723454 0.474694 0.299999
v 9.734458 0.472301 0.299999
v 9.744998 0.470591 0.299999
v 9.755074 0.469565 0.299999
v 9.764686 0.469223 0.299999
v 9.771073 0.469394 0.299999
v 9.777339 0.469907 0.299999
v 9.783483 0.470762 0.299999
v 9.789504 0.471959 0.299999
v 9.795403 0.473497 0.299999
v 9.801180 0.475378 0.299999
v 9.806834 0.477601 0.299999
v 9.812366 0.480166 0.299999
v 9.817778 0.483073 0.299999
v 9.823066 0.486321 0.299999
v 9.828232 0.489912 0.299999
v 9.833275 0.493845 0.299999
v 9.838184 0.498095 0.299999
v 9.842948 0.502638 0.299999
v 9.847564 0.507475 0.299999
v 9.852035 0.512604 0.299999
v 9.856359 0.518027 0.299999
v 9.860536 0.523743 0.299999
v 9.864566 0.529752 0.299999
v 9.868449 0.536054 0.299999
v 9.872187 0.542649 0.299999
v 9.875777 0.549537 0.299999
v 9.879221 0.556718 0.299999
v 9.882519 0.564193 0.299999
v 9.885682 0.571960 0.299999
v 9.888723 0.580021 0.299999
v 9.891642 0.588375 0.299999
v 9.894439 0.597022 0.299999
v 9.897113 0.605962 0.299999
v 9.899666 0.615195 0.299999
v 9.902097 0.624722 0.299999
v 9.904405 0.634541 0.299999
v 9.906591 0.644653 0.299999
v 9.908655 0.655059 0.299999
v 9.910597 0.665758 0.299999
v 9.912416 0.676750 0.299999
v 9.914103 0.687986 0.299999
v 9.915642 0.699418 0.299999
v 9.917034 0.711045 0.299999
v 9.918280 0.722867 0.299999
v 9.919378 0.734885 0.299999
v 9.920331 0.747098 0.299999
v 9.921137 0.759507 0.299999
v 9.921797 0.772111 0.299999
v 9.922310 0.784910 0.299999
v 9.922677 0.797905 0.299999
v 9.922896 0.811096 0.299999
v 9.922970 0.824481 0.299999
v 9.922847 0.842337 0.299999
v 9.922481 0.859558 0.299999
v 9.921869 0.876143 0.299999
v 9.921015 0.892094 0.299999
v 9.919916 0.907409 0.299999
v 9.918572 0.922090 0.299999
v 9.916985 0.936135 0.299999
v 9.915153 0.949545 0.299999
v 9.913076 0.962320 0.299999
v 9.910756 0.974460 0.299999
v 9.908191 0.985965 0.299999
v 9.905382 0.996835 0.299999
v 9.902231 1.007301 0.299999
v 9.898641 1.017597 0.299999
v 9.894610 1.027722 0.299999
v 9.890141 1.037676 0.299999
v 9.885231 1.047458 0.299999
v 9.879881 1.057070 0.299999
v 9.874092 1.066511 0.299999
v 9.867864 1.075781 0.299999
v 9.861195 1.084880 0.299999
v 9.854087 1.093808 0.299999
v 9.846539 1.102564 0.299999
v 9.838552 1.111150 0.299999
v 9.829831 1.119724 0.299999
v 9.820086 1.128444 0.299999
v 9.809313 1.137311 0.299999
v 9.797515 1.146325 0.299999
v 9.784691 1.155484 0.299999
v 9.770841 1.164791 0.299999
v 9.755965 1.174244 0.299999
v 9.740064 1.183844 0.299999
v 9.723136 1.193590 0.299999
v 9.705182 1.203482 0.299999
v 9.686203 1.213522 0.299999
v 9.666198 1.223707 0.299999
v 9.645387 1.233906 0.299999
v 9.623989 1.243981 0.299999
v 9.602005 1.253935 0.299999
v 9.579435 1.263767 0.299999
v 9.556278 1.273476 0.299999
v 9.532537 1.283064 0.299999
v 9.508207 1.292529 0.299999
v 9.483293 1.301872 0.299999
v 9.457791 1.311093 0.299999
v 9.431705 1.320192 0.299999
v 9.405030 1.329169 0.299999
v 9.377770 1.338023 0.299999
v 9.350010 1.346682 0.299999
v 9.321834 1.355073 0.299999
v 9.293242 1.363195 0.299999
v 9.264236 1.371048 0.299999
v 9.234815 1.378633 0.299999
v 9.204978 1.385948 0.299999
v 9.174726 1.392995 0.299999
v 9.144058 1.399774 0.299999
v 9.112976 1.406283 0.299999
v 9.081477 1.412524 0.299999
v 9.049564 1.418496 0.299999
v 9.017236 1.424200 0.299999
v 8.984614 1.429537 0.299999
v 8.951821 1.434410 0.299999
v 8.918858 1.438819 0.299999
v 8.885723 1.442764 0.299999
v 8.852418 1.446245 0.299999
v 8.818942 1.449262 0.299999
v 8.785295 1.451814 0.299999
v 8.751476 1.453903 0.299999
v 8.717486 1.455527 0.299999
v 8.683326 1.456687 0.299999
v 8.648994 1.457384 0.299999
v 8.614492 1.457615 0.299999
v 8.553682 1.457115 0.299999
v 8.494363 1.455613 0.299999
v 8.436533 1.453109 0.299999
v 8.380194 1.449604 0.299999
v 8.325344 1.445097 0.299999
v 8.271984 1.439589 0.299999
v 8.220115 1.433079 0.299999
v 8.169735 1.425568 0.299999
v 8.120846 1.417055 0.299999
v 8.073446 1.407541 0.299999
v 8.027536 1.397026 0.299999
v 7.983117 1.385509 0.299999
v 7.940090 1.372953 0.299999
v 7.898357 1.359323 0.299999
v 7.857919 1.344619 0.299999
v 7.818775 1.328839 0.299999
v 7.780926 1.311985 0.299999
v 7.744372 1.294056 0.299999
v 7.709112 1.275052 0.299999
v 7.675147 1.254973 0.299999
v 7.642477 1.233820 0.299999
v 7.611101 1.211592 0.299999
v 7.581019 1.188289 0.299999
v 7.552234 1.163912 0.299999
v 7.524730 1.138398 0.299999
v 7.498496 1.111688 0.299999
v 7.473533 1.083780 0.299999
v 7.449839 1.054676 0.299999
v 7.427416 1.024375 0.299999
v 7.406263 0.992877 0.299999
v 7.386380 0.960183 0.299999
v 7.367767 0.926291 0.299999
v 7.350425 0.891202 0.299999
v 7.334352 0.854917 0.299999
v 7.319550 0.817434 0.299999
v 7.306015 0.778755 0.299999
v 7.293656 0.738867 0.299999
v 7.282371 0.697757 0.299999
v 7.272161 0.655426 0.299999
v 7.263025 0.611873 0.299999
v 7.254964 0.567100 0.299999
v 7.247978 0.521105 0.299999
v 7.242067 0.473888 0.299999
v 7.237230 0.425451 0.299999
v 7.233469 0.375792 0.299999
v 7.230782 0.324911 0.299999
v 7.229170 0.272810 0.299999
v 8.097433 -1.081956 0.299999
v 8.097433 -0.547309 0.299999
v 8.435104 -0.547309 0.299999
v 8.470425 -0.547529 0.299999
v 8.504866 -0.548188 0.299999
v 8.538428 -0.549288 0.299999
v 8.571111 -0.550826 0.299999
v 8.602914 -0.552805 0.299999
v 8.633838 -0.555223 0.299999
v 8.663882 -0.558081 0.299999
v 8.693048 -0.561379 0.299999
v 8.721334 -0.565116 0.299999
v 8.748739 -0.569293 0.299999
v 8.775267 -0.573909 0.299999
v 8.800915 -0.578966 0.299999
v 8.825732 -0.584462 0.299999
v 8.849768 -0.590397 0.299999
v 8.873022 -0.596773 0.299999
v 8.895494 -0.603588 0.299999
v 8.917185 -0.610842 0.299999
v 8.938094 -0.618537 0.299999
v 8.958221 -0.626671 0.299999
v 8.977568 -0.635244 0.299999
v 8.996132 -0.644258 0.299999
v 9.013914 -0.653711 0.299999
v 9.030915 -0.663603 0.299999
v 9.047134 -0.673936 0.299999
v 9.062608 -0.684671 0.299999
v 9.077374 -0.695773 0.299999
v 9.091431 -0.707241 0.299999
v 9.104780 -0.719076 0.299999
v 9.117421 -0.731277 0.299999
v 9.129354 -0.743844 0.299999
v 9.140577 -0.756778 0.299999
v 9.151093 -0.770078 0.299999
v 9.160900 -0.783745 0.299999
v 9.169999 -0.797778 0.299999
v 9.178390 -0.812177 0.299999
v 9.186071 -0.826943 0.299999
v 9.193094 -0.842075 0.299999
v 9.199506 -0.857574 0.299999
v 9.205307 -0.873439 0.299999
v 9.210497 -0.889670 0.299999
v 9.215077 -0.906268 0.299999
v 9.219047 -0.923232 0.299999
v 9.222404 -0.940563 0.299999
v 9.225153 -0.958260 0.299999
v 9.227290 -0.976323 0.299999
v 9.228817 -0.994753 0.299999
v 9.229733 -1.013549 0.299999
v 9.230040 -1.032712 0.299999
v 9.229172 -1.064955 0.299999
v 9.226571 -1.096025 0.299999
v 9.222235 -1.125923 0.299999
v 9.216165 -1.154649 0.299999
v 9.208361 -1.182202 0.299999
v 9.198822 -1.208582 0.299999
v 9.187550 -1.233790 0.299999
v 9.174542 -1.257826 0.299999
v 9.159801 -1.280689 0.299999
v 9.143325 -1.302380 0.299999
v 9.125115 -1.322898 0.299999
v 9.105171 -1.342244 0.299999
v 9.083688 -1.360222 0.299999
v 9.060861 -1.376636 0.299999
v 9.036691 -1.391488 0.299999
v 9.011177 -1.404776 0.299999
v 8.984321 -1.416500 0.299999
v 8.956120 -1.426662 0.299999
v 8.926577 -1.435260 0.299999
v 8.895690 -1.442295 0.299999
v 8.863460 -1.447766 0.299999
v 8.829885 -1.451674 0.299999
v 8.794968 -1.454019 0.299999
v 8.758706 -1.454801 0.299999
v 8.727843 -1.454142 0.299999
v 8.697395 -1.452163 0.299999
v 8.667363 -1.448865 0.299999
v 8.637746 -1.444249 0.299999
v 8.608544 -1.438313 0.299999
v 8.579758 -1.431059 0.299999
v 8.551387 -1.422485 0.299999
v 8.523431 -1.412592 0.299999
v 8.495890 -1.401380 0.299999
v 8.468764 -1.388850 0.299999
v 8.442055 -1.375000 0.299999
v 8.415758 -1.359831 0.299999
v 8.389634 -1.343392 0.299999
v 8.363437 -1.325732 0.299999
v 8.337166 -1.306850 0.299999
v 8.310822 -1.286747 0.299999
v 8.284405 -1.265423 0.299999
v 8.257915 -1.242877 0.299999
v 8.231350 -1.219110 0.299999
v 8.204713 -1.194122 0.299999
v 8.178003 -1.167912 0.299999
v 8.151219 -1.140481 0.299999
v 8.124363 -1.111829 0.299999
v 7.228632 0.219487 0.299999
v 7.228632 0.219487 -0.300001
v 7.228632 -1.890960 0.299999
v 7.228632 -1.890960 -0.300001
v 7.228876 -1.899021 0.299999
v 7.228876 -1.899021 -0.300001
v 7.229609 -1.906788 0.299999
v 7.229609 -1.906788 -0.300001
v 7.230830 -1.914263 0.299999
v 7.230830 -1.914263 -0.300001
v 7.232540 -1.921444 0.299999
v 7.232540 -1.921444 -0.300001
v 7.234738 -1.928332 0.299999
v 7.234738 -1.928332 -0.300001
v 7.237425 -1.934927 0.299999
v 7.237425 -1.934927 -0.300001
v 7.240601 -1.941229 0.299999
v 7.240601 -1.941229 -0.300001
v 7.244265 -1.947238 0.299999
v 7.244265 -1.947238 -0.300001
v 7.248417 -1.952954 0.299999
v 7.248417 -1.952954 -0.300001
v 7.253058 -1.958377 0.299999
v 7.253058 -1.958377 -0.300001
v 7.258187 -1.963506 0.299999
v 7.258187 -1.963506 -0.300001
v 7.263806 -1.968343 0.299999
v 7.263806 -1.968343 -0.300001
v 7.269949 -1.972923 0.299999
v 7.269949 -1.972923 -0.300001
v 7.276654 -1.977283 0.299999
v 7.276654 -1.977283 -0.300001
v 7.283921 -1.981423 0.299999
v 7.283921 -1.981423 -0.300001
v 7.291750 -1.985344 0.299999
v 7.291750 -1.985344 -0.300001
v 7.300140 -1.989045 0.299999
v 7.300140 -1.989045 -0.300001
v 7.309093 -1.992525 0.299999
v 7.309093 -1.992525 -0.300001
v 7.318607 -1.995786 0.299999
v 7.318607 -1.995786 -0.300001
v 7.328683 -1.998827 0.299999
v 7.328683 -1.998827 -0.300001
v 7.339321 -2.001648 0.299999
v 7.339321 -2.001648 -0.300001
v 7.350521 -2.004250 0.299999
v 7.350521 -2.004250 -0.300001
v 7.362282 -2.006631 0.299999
v 7.362282 -2.006631 -0.300001
v 7.374605 -2.008793 0.299999
v 7.374605 -2.008793 -0.300001
v 7.387710 -2.010760 0.299999
v 7.387710 -2.010760 -0.300001
v 7.401815 -2.012555 0.299999
v 7.401815 -2.012555 -0.300001
v 7.416924 -2.014179 0.299999
v 7.416924 -2.014179 -0.300001
v 7.433033 -2.015633 0.299999
v 7.433033 -2.015633 -0.300001
v 7.450144 -2.016915 0.299999
v 7.450144 -2.016915 -0.300001
v 7.468256 -2.018027 0.299999
v 7.468256 -2.018027 -0.300001
v 7.487369 -2.018967 0.299999
v 7.487369 -2.018967 -0.300001
v 7.507484 -2.019737 0.299999
v 7.507484 -2.019737 -0.300001
v 7.528601 -2.020335 0.299999
v 7.528601 -2.020335 -0.300001
v 7.550719 -2.020763 0.299999
v 7.550719 -2.020763 -0.300001
v 7.573839 -2.021019 0.299999
v 7.573839 -2.021019 -0.300001
v 7.597960 -2.021104 0.299999
v 7.597960 -2.021104 -0.300001
v 7.623742 -2.021019 0.299999
v 7.623742 -2.021019 -0.300001
v 7.648327 -2.020762 0.299999
v 7.648327 -2.020762 -0.300001
v 7.671716 -2.020335 0.299999
v 7.671716 -2.020335 -0.300001
v 7.693907 -2.019737 0.299999
v 7.693907 -2.019737 -0.300001
v 7.714901 -2.018967 0.299999
v 7.714901 -2.018967 -0.300001
v 7.734699 -2.018027 0.299999
v 7.734699 -2.018027 -0.300001
v 7.753300 -2.016915 0.299999
v 7.753300 -2.016915 -0.300001
v 7.770704 -2.015633 0.299999
v 7.770704 -2.015633 -0.300001
v 7.786911 -2.014179 0.299999
v 7.786911 -2.014179 -0.300001
v 7.801921 -2.012555 0.299999
v 7.801921 -2.012555 -0.300001
v 7.815735 -2.010759 0.299999
v 7.815735 -2.010759 -0.300001
v 7.828351 -2.008793 0.299999
v 7.828351 -2.008793 -0.300001
v 7.840075 -2.006632 0.299999
v 7.840075 -2.006632 -0.300001
v 7.851214 -2.004250 0.299999
v 7.851214 -2.004250 -0.300001
v 7.861766 -2.001649 0.299999
v 7.861766 -2.001649 -0.300001
v 7.871732 -1.998827 0.299999
v 7.871732 -1.998827 -0.300001
v 7.881112 -1.995786 0.299999
v 7.881112 -1.995786 -0.300001
v 7.889905 -1.992525 0.299999
v 7.889905 -1.992525 -0.300001
v 7.898113 -1.989045 0.299999
v 7.898113 -1.989045 -0.300001
v 7.905734 -1.985344 0.299999
v 7.905734 -1.985344 -0.300001
v 7.912769 -1.981424 0.299999
v 7.912769 -1.981424 -0.300001
v 7.919217 -1.977283 0.299999
v 7.919217 -1.977283 -0.300001
v 7.925079 -1.972923 0.299999
v 7.925079 -1.972923 -0.300001
v 7.930356 -1.968343 0.299999
v 7.930356 -1.968343 -0.300001
v 7.935131 -1.963507 0.299999
v 7.935131 -1.963507 -0.300001
v 7.939491 -1.958377 0.299999
v 7.939491 -1.958377 -0.300001
v 7.943436 -1.952954 0.299999
v 7.943436 -1.952954 -0.300001
v 7.946966 -1.947239 0.299999
v 7.946966 -1.947239 -0.300001
v 7.950080 -1.941230 0.299999
v 7.950080 -1.941230 -0.300001
v 7.952779 -1.934928 0.299999
v 7.952779 -1.934928 -0.300001
v 7.955063 -1.928333 0.299999
v 7.955063 -1.928333 -0.300001
v 7.956932 -1.921444 0.299999
v 7.956932 -1.921444 -0.300001
v 7.958385 -1.914263 0.299999
v 7.958385 -1.914263 -0.300001
v 7.959423 -1.906789 0.299999
v 7.959423 -1.906789 -0.300001
v 7.960046 -1.899021 0.299999
v 7.960046 -1.899021 -0.300001
v 7.960254 -1.890960 0.299999
v 7.960254 -1.890960 -0.300001
v 7.960254 -1.641224 0.299999
v 7.960254 -1.641224 -0.300001
v 7.992876 -1.675177 0.299999
v 7.992876 -1.675177 -0.300001
v 8.026255 -1.707859 0.299999
v 8.026255 -1.707859 -0.300001
v 8.060390 -1.739272 0.299999
v 8.060390 -1.739272 -0.300001
v 8.095284 -1.769414 0.299999
v 8.095284 -1.769414 -0.300001
v 8.130934 -1.798286 0.299999
v 8.130934 -1.798286 -0.300001
v 8.167341 -1.825888 0.299999
v 8.167341 -1.825888 -0.300001
v 8.204506 -1.852220 0.299999
v 8.204506 -1.852220 -0.300001
v 8.242428 -1.877281 0.299999
v 8.242428 -1.877281 -0.300001
v 8.281108 -1.901072 0.299999
v 8.281108 -1.901072 -0.300001
v 8.320544 -1.923594 0.299999
v 8.320544 -1.923594 -0.300001
v 8.360738 -1.944845 0.299999
v 8.360738 -1.944845 -0.300001
v 8.401689 -1.964826 0.299999
v 8.401689 -1.964826 -0.300001
v 8.443398 -1.983366 0.299999
v 8.443398 -1.983366 -0.300001
v 8.485863 -2.000293 0.299999
v 8.485863 -2.000293 -0.300001
v 8.529085 -2.015609 0.299999
v 8.529085 -2.015609 -0.300001
v 8.573066 -2.029312 0.299999
v 8.573066 -2.029312 -0.300001
v 8.617803 -2.041403 0.299999
v 8.617803 -2.041403 -0.300001
v 8.663297 -2.051882 0.299999
v 8.663297 -2.051882 -0.300001
v 8.709548 -2.060749 0.299999
v 8.709548 -2.060749 -0.300001
v 8.756557 -2.068003 0.299999
v 8.756557 -2.068003 -0.300001
v 8.804323 -2.073646 0.299999
v 8.804323 -2.073646 -0.300001
v 8.852846 -2.077676 0.299999
v 8.852846 -2.077676 -0.300001
v 8.902126 -2.080094 0.299999
v 8.902126 -2.080094 -0.300001
v 8.952164 -2.080900 0.299999
v 8.952164 -2.080900 -0.300001
v 8.993505 -2.080448 0.299999
v 8.993505 -2.080448 -0.300001
v 9.034286 -2.079093 0.299999
v 9.034286 -2.079093 -0.300001
v 9.074504 -2.076833 0.299999
v 9.074504 -2.076833 -0.300001
v 9.114160 -2.073670 0.299999
v 9.114160 -2.073670 -0.300001
v 9.153255 -2.069603 0.299999
v 9.153255 -2.069603 -0.300001
v 9.191788 -2.064632 0.299999
v 9.191788 -2.064632 -0.300001
v 9.229758 -2.058758 0.299999
v 9.229758 -2.058758 -0.300001
v 9.267167 -2.051979 0.299999
v 9.267167 -2.051979 -0.300001
v 9.304015 -2.044297 0.299999
v 9.304015 -2.044297 -0.300001
v 9.340301 -2.035711 0.299999
v 9.340301 -2.035711 -0.300001
v 9.376024 -2.026222 0.299999
v 9.376024 -2.026222 -0.300001
v 9.411186 -2.015828 0.299999
v 9.411186 -2.015828 -0.300001
v 9.445676 -2.004543 0.299999
v 9.445676 -2.004543 -0.300001
v 9.479384 -1.992379 0.299999
v 9.479384 -1.992379 -0.300001
v 9.512311 -1.979335 0.299999
v 9.512311 -1.979335 -0.300001
v 9.544456 -1.965412 0.299999
v 9.544456 -1.965412 -0.300001
v 9.575820 -1.950610 0.299999
v 9.575820 -1.950610 -0.300001
v 9.606401 -1.934928 0.299999
v 9.606401 -1.934928 -0.300001
v 9.636203 -1.918367 0.299999
v 9.636203 -1.918367 -0.300001
v 9.665221 -1.900926 0.299999
v 9.665221 -1.900926 -0.300001
v 9.693459 -1.882607 0.299999
v 9.693459 -1.882607 -0.300001
v 9.720913 -1.863407 0.299999
v 9.720913 -1.863407 -0.300001
v 9.747587 -1.843329 0.299999
v 9.747587 -1.843329 -0.300001
v 9.773479 -1.822371 0.299999
v 9.773479 -1.822371 -0.300001
v 9.798504 -1.800546 0.299999
v 9.798504 -1.800546 -0.300001
v 9.822577 -1.777866 0.299999
v 9.822577 -1.777866 -0.300001
v 9.845696 -1.754331 0.299999
v 9.845696 -1.754331 -0.300001
v 9.867863 -1.729941 0.299999
v 9.867863 -1.729941 -0.300001
v 9.889077 -1.704696 0.299999
v 9.889077 -1.704696 -0.300001
v 9.909340 -1.678596 0.299999
v 9.909340 -1.678596 -0.300001
v 9.928648 -1.651642 0.299999
v 9.928648 -1.651642 -0.300001
v 9.947005 -1.623832 0.299999
v 9.947005 -1.623832 -0.300001
v 9.964409 -1.595168 0.299999
v 9.964409 -1.595168 -0.300001
v 9.980860 -1.565648 0.299999
v 9.980860 -1.565648 -0.300001
v 9.996358 -1.535274 0.299999
v 9.996358 -1.535274 -0.300001
v 10.010904 -1.504045 0.299999
v 10.010904 -1.504045 -0.300001
v 10.024387 -1.471949 0.299999
v 10.024387 -1.471949 -0.300001
v 10.036698 -1.438973 0.299999
v 10.036698 -1.438973 -0.300001
v 10.047837 -1.405118 0.299999
v 10.047837 -1.405118 -0.300001
v 10.057803 -1.370383 0.299999
v 10.057803 -1.370383 -0.300001
v 10.066597 -1.334770 0.299999
v 10.066597 -1.334770 -0.300001
v 10.074219 -1.298276 0.299999
v 10.074219 -1.298276 -0.300001
v 10.080667 -1.260904 0.299999
v 10.080667 -1.260904 -0.300001
v 10.085943 -1.222652 0.299999
v 10.085943 -1.222652 -0.300001
v 10.090046 -1.183521 0.299999
v 10.090046 -1.183521 -0.300001
v 10.092978 -1.143510 0.299999
v 10.092978 -1.143510 -0.300001
v 10.094736 -1.102620 0.299999
v 10.094736 -1.102620 -0.300001
v 10.095322 -1.060851 0.299999
v 10.095322 -1.060851 -0.300001
v 10.094577 -1.015625 0.299999
v 10.094577 -1.015625 -0.300001
v 10.092342 -0.971401 0.299999
v 10.092342 -0.971401 -0.300001
v 10.088616 -0.928179 0.299999
v 10.088616 -0.928179 -0.300001
v 10.083401 -0.885958 0.299999
v 10.083401 -0.885958 -0.300001
v 10.076695 -0.844738 0.299999
v 10.076695 -0.844738 -0.300001
v 10.068501 -0.804520 0.299999
v 10.068501 -0.804520 -0.300001
v 10.058815 -0.765303 0.299999
v 10.058815 -0.765303 -0.300001
v 10.047641 -0.727088 0.299999
v 10.047641 -0.727088 -0.300001
v 10.034976 -0.689874 0.299999
v 10.034976 -0.689874 -0.300001
v 10.020821 -0.653662 0.299999
v 10.020821 -0.653662 -0.300001
v 10.005177 -0.618451 0.299999
v 10.005177 -0.618451 -0.300001
v 9.988041 -0.584242 0.299999
v 9.988041 -0.584242 -0.300001
v 9.969428 -0.551022 0.299999
v 9.969428 -0.551022 -0.300001
v 9.949349 -0.518779 0.299999
v 9.949349 -0.518779 -0.300001
v 9.927806 -0.487513 0.299999
v 9.927806 -0.487513 -0.300001
v 9.904796 -0.457224 0.299999
v 9.904796 -0.457224 -0.300001
v 9.880321 -0.427913 0.299999
v 9.880321 -0.427913 -0.300001
v 9.854380 -0.399578 0.299999
v 9.854380 -0.399578 -0.300001
v 9.826973 -0.372220 0.299999
v 9.826973 -0.372220 -0.300001
v 9.798101 -0.345840 0.299999
v 9.798101 -0.345840 -0.300001
v 9.767763 -0.320436 0.299999
v 9.767763 -0.320436 -0.300001
v 9.735960 -0.296010 0.299999
v 9.735960 -0.296010 -0.300001
v 9.702691 -0.272560 0.299999
v 9.702691 -0.272560 -0.300001
v 9.667957 -0.250088 0.299999
v 9.667957 -0.250088 -0.300001
v 9.631769 -0.228580 0.299999
v 9.631769 -0.228580 -0.300001
v 9.594140 -0.208025 0.299999
v 9.594140 -0.208025 -0.300001
v 9.555070 -0.188423 0.299999
v 9.555070 -0.188423 -0.300001
v 9.514559 -0.169774 0.299999
v 9.514559 -0.169774 -0.300001
v 9.472606 -0.152077 0.299999
v 9.472606 -0.152077 -0.300001
v 9.429213 -0.135332 0.299999
v 9.429213 -0.135332 -0.300001
v 9.384377 -0.119540 0.299999
v 9.384377 -0.119540 -0.300001
v 9.338101 -0.104701 0.299999
v 9.338101 -0.104701 -0.300001
v 9.290384 -0.090815 0.299999
v 9.290384 -0.090815 -0.300001
v 9.241226 -0.077881 0.299999
v 9.241226 -0.077881 -0.300001
v 9.190627 -0.065900 0.299999
v 9.190627 -0.065900 -0.300001
v 9.138586 -0.054871 0.299999
v 9.138586 -0.054871 -0.300001
v 9.085117 -0.044759 0.299999
v 9.085117 -0.044759 -0.300001
v 9.030231 -0.035526 0.299999
v 9.030231 -0.035526 -0.300001
v 8.973927 -0.027172 0.299999
v 8.973927 -0.027172 -0.300001
v 8.916207 -0.019697 0.299999
v 8.916207 -0.019697 -0.300001
v 8.857071 -0.013102 0.299999
v 8.857071 -0.013102 -0.300001
v 8.796518 -0.007386 0.299999
v 8.796518 -0.007386 -0.300001
v 8.734549 -0.002550 0.299999
v 8.734549 -0.002550 -0.300001
v 8.671162 0.001407 0.299999
v 8.671162 0.001407 -0.300001
v 8.606359 0.004485 0.299999
v 8.606359 0.004485 -0.300001
v 8.540138 0.006683 0.299999
v 8.540138 0.006683 -0.300001
v 8.472501 0.008002 0.299999
v 8.472501 0.008002 -0.300001
v 8.403447 0.008442 0.299999
v 8.403447 0.008442 -0.300001
v 8.097433 0.008442 0.299999
v 8.097433 0.008442 -0.300001
v 8.097433 0.198382 0.299999
v 8.097433 0.198382 -0.300001
v 8.097640 0.222748 0.299999
v 8.097640 0.222748 -0.300001
v 8.098263 0.246600 0.299999
v 8.098263 0.246600 -0.300001
v 8.099301 0.269940 0.299999
v 8.099301 0.269940 -0.300001
v 8.100755 0.292766 0.299999
v 8.100755 0.292766 -0.300001
v 8.102623 0.315080 0.299999
v 8.102623 0.315080 -0.300001
v 8.104907 0.336880 0.299999
v 8.104907 0.336880 -0.300001
v 8.107606 0.358168 0.299999
v 8.107606 0.358168 -0.300001
v 8.110721 0.378943 0.299999
v 8.110721 0.378943 -0.300001
v 8.114250 0.399204 0.299999
v 8.114250 0.399204 -0.300001
v 8.118195 0.418953 0.299999
v 8.118195 0.418953 -0.300001
v 8.122555 0.438189 0.299999
v 8.122555 0.438189 -0.300001
v 8.127331 0.456912 0.299999
v 8.127331 0.456912 -0.300001
v 8.132583 0.475122 0.299999
v 8.132583 0.475122 -0.300001
v 8.138371 0.492819 0.299999
v 8.138371 0.492819 -0.300001
v 8.144698 0.510003 0.299999
v 8.144698 0.510003 -0.300001
v 8.151562 0.526674 0.299999
v 8.151562 0.526674 -0.300001
v 8.158963 0.542832 0.299999
v 8.158963 0.542832 -0.300001
v 8.166903 0.558477 0.299999
v 8.166903 0.558477 -0.300001
v 8.175378 0.573609 0.299999
v 8.175378 0.573609 -0.300001
v 8.184391 0.588229 0.299999
v 8.184391 0.588229 -0.300001
v 8.193942 0.602335 0.299999
v 8.193942 0.602335 -0.300001
v 8.204030 0.615928 0.299999
v 8.204030 0.615928 -0.300001
v 8.214656 0.629009 0.299999
v 8.214656 0.629009 -0.300001
v 8.225819 0.641576 0.299999
v 8.225819 0.641576 -0.300001
v 8.237568 0.653618 0.299999
v 8.237568 0.653618 -0.300001
v 8.249951 0.665123 0.299999
v 8.249951 0.665123 -0.300001
v 8.262971 0.676091 0.299999
v 8.262971 0.676091 -0.300001
v 8.276626 0.686521 0.299999
v 8.276626 0.686521 -0.300001
v 8.290915 0.696414 0.299999
v 8.290915 0.696414 -0.300001
v 8.305840 0.705769 0.299999
v 8.305840 0.705769 -0.300001
v 8.321399 0.714587 0.299999
v 8.321399 0.714587 -0.300001
v 8.337594 0.722867 0.299999
v 8.337594 0.722867 -0.300001
v 8.354424 0.730610 0.299999
v 8.354424 0.730610 -0.300001
v 8.371888 0.737816 0.299999
v 8.371888 0.737816 -0.300001
v 8.389989 0.744485 0.299999
v 8.389989 0.744485 -0.300001
v 8.408724 0.750616 0.299999
v 8.408724 0.750616 -0.300001
v 8.428155 0.756234 0.299999
v 8.428155 0.756234 -0.300001
v 8.448343 0.761363 0.299999
v 8.448343 0.761363 -0.300001
v 8.469289 0.766004 0.299999
v 8.469289 0.766004 -0.300001
v 8.490992 0.770157 0.299999
v 8.490992 0.770157 -0.300001
v 8.513452 0.773821 0.299999
v 8.513452 0.773821 -0.300001
v 8.536669 0.776996 0.299999
v 8.536669 0.776996 -0.300001
v 8.560644 0.779683 0.299999
v 8.560644 0.779683 -0.300001
v 8.585376 0.781882 0.299999
v 8.585376 0.781882 -0.300001
v 8.610865 0.783591 0.299999
v 8.610865 0.783591 -0.300001
v 8.637112 0.784813 0.299999
v 8.637112 0.784813 -0.300001
v 8.664114 0.785545 0.299999
v 8.664114 0.785545 -0.300001
v 8.691875 0.785790 0.299999
v 8.691875 0.785790 -0.300001
v 8.728478 0.785448 0.299999
v 8.728478 0.785448 -0.300001
v 8.764421 0.784422 0.299999
v 8.764421 0.784422 -0.300001
v 8.799706 0.782712 0.299999
v 8.799706 0.782712 -0.300001
v 8.834331 0.780318 0.299999
v 8.834331 0.780318 -0.300001
v 8.868296 0.777240 0.299999
v 8.868296 0.777240 -0.300001
v 8.901601 0.773479 0.299999
v 8.901601 0.773479 -0.300001
v 8.934247 0.769033 0.299999
v 8.934247 0.769033 -0.300001
v 8.966233 0.763904 0.299999
v 8.966233 0.763904 -0.300001
v 8.997561 0.758090 0.299999
v 8.997561 0.758090 -0.300001
v 9.028227 0.751593 0.299999
v 9.028227 0.751593 -0.300001
v 9.058235 0.744411 0.299999
v 9.058235 0.744411 -0.300001
v 9.087584 0.736546 0.299999
v 9.087584 0.736546 -0.300001
v 9.116322 0.728265 0.299999
v 9.116322 0.728265 -0.300001
v 9.144498 0.719838 0.299999
v 9.144498 0.719838 -0.300001
v 9.172112 0.711265 0.299999
v 9.172112 0.711265 -0.300001
v 9.199163 0.702544 0.299999
v 9.199163 0.702544 -0.300001
v 9.225655 0.693678 0.299999
v 9.225655 0.693678 -0.300001
v 9.251583 0.684664 0.299999
v 9.251583 0.684664 -0.300001
v 9.276951 0.675504 0.299999
v 9.276951 0.675504 -0.300001
v 9.301756 0.666198 0.299999
v 9.301756 0.666198 -0.300001
v 9.325998 0.656745 0.299999
v 9.325998 0.656745 -0.300001
v 9.349680 0.647145 0.299999
v 9.349680 0.647145 -0.300001
v 9.372799 0.637399 0.299999
v 9.372799 0.637399 -0.300001
v 9.395357 0.627506 0.299999
v 9.395357 0.627506 -0.300001
v 9.417329 0.617614 0.299999
v 9.417329 0.617614 -0.300001
v 9.438690 0.607868 0.299999
v 9.438690 0.607868 -0.300001
v 9.459440 0.598268 0.299999
v 9.459440 0.598268 -0.300001
v 9.479580 0.588815 0.299999
v 9.479580 0.588815 -0.300001
v 9.499109 0.579508 0.299999
v 9.499109 0.579508 -0.300001
v 9.518027 0.570349 0.299999
v 9.518027 0.570349 -0.300001
v 9.536335 0.561335 0.299999
v 9.536335 0.561335 -0.300001
v 9.554032 0.552468 0.299999
v 9.554032 0.552468 -0.300001
v 9.571118 0.543748 0.299999
v 9.571118 0.543748 -0.300001
v 9.587594 0.535174 0.299999
v 9.587594 0.535174 -0.300001
v 9.603459 0.526747 0.299999
v 9.603459 0.526747 -0.300001
v 9.618713 0.518467 0.299999
v 9.618713 0.518467 -0.300001
v 9.633430 0.510601 0.299999
v 9.633430 0.510601 -0.300001
v 9.647683 0.503420 0.299999
v 9.647683 0.503420 -0.300001
v 9.661472 0.496922 0.299999
v 9.661472 0.496922 -0.300001
v 9.674796 0.491109 0.299999
v 9.674796 0.491109 -0.300001
v 9.687656 0.485979 0.299999
v 9.687656 0.485979 -0.300001
v 9.700053 0.481534 0.299999
v 9.700053 0.481534 -0.300001
v 9.711986 0.477772 0.299999
v 9.711986 0.477772 -0.300001
v 9.723454 0.474694 0.299999
v 9.723454 0.474694 -0.300001
v 9.734458 0.472301 0.299999
v 9.734458 0.472301 -0.300001
v 9.744998 0.470591 0.299999
v 9.744998 0.470591 -0.300001
v 9.755074 0.469565 0.299999
v 9.755074 0.469565 -0.300001
v 9.764686 0.469223 0.299999
v 9.764686 0.469223 -0.300001
v 9.771073 0.469394 0.299999
v 9.771073 0.469394 -0.300001
v 9.777339 0.469907 0.299999
v 9.777339 0.469907 -0.300001
v 9.783483 0.470762 0.299999
v 9.783483 0.470762 -0.300001
v 9.789504 0.471959 0.299999
v 9.789504 0.471959 -0.300001
v 9.795403 0.473497 0.299999
v 9.795403 0.473497 -0.300001
v 9.801180 0.475378 0.299999
v 9.801180 0.475378 -0.300001
v 9.806834 0.477601 0.299999
v 9.806834 0.477601 -0.300001
v 9.812366 0.480166 0.299999
v 9.812366 0.480166 -0.300001
v 9.817778 0.483073 0.299999
v 9.817778 0.483073 -0.300001
v 9.823066 0.486321 0.299999
v 9.823066 0.486321 -0.300001
v 9.828232 0.489912 0.299999
v 9.828232 0.489912 -0.300001
v 9.833275 0.493845 0.299999
v 9.833275 0.493845 -0.300001
v 9.838184 0.498095 0.299999
v 9.838184 0.498095 -0.300001
v 9.842948 0.502638 0.299999
v 9.842948 0.502638 -0.300001
v 9.847564 0.507475 0.299999
v 9.847564 0.507475 -0.300001
v 9.852035 0.512604 0.299999
v 9.852035 0.512604 -0.300001
v 9.856359 0.518027 0.299999
v 9.856359 0.518027 -0.300001
v 9.860536 0.523743 0.299999
v 9.860536 0.523743 -0.300001
v 9.864566 0.529752 0.299999
v 9.864566 0.529752 -0.300001
v 9.868449 0.536054 0.299999
v 9.868449 0.536054 -0.300001
v 9.872187 0.542649 0.299999
v 9.872187 0.542649 -0.300001
v 9.875777 0.549537 0.299999
v 9.875777 0.549537 -0.300001
v 9.879221 0.556718 0.299999
v 9.879221 0.556718 -0.300001
v 9.882519 0.564193 0.299999
v 9.882519 0.564193 -0.300001
v 9.885682 0.571960 0.299999
v 9.885682 0.571960 -0.300001
v 9.888723 0.580021 0.299999
v 9.888723 0.580021 -0.300001
v 9.891642 0.588375 0.299999
v 9.891642 0.588375 -0.300001
v 9.894439 0.597022 0.299999
v 9.894439 0.597022 -0.300001
v 9.897113 0.605962 0.299999
v 9.897113 0.605962 -0.300001
v 9.899666 0.615195 0.299999
v 9.899666 0.615195 -0.300001
v 9.902097 0.624722 0.299999
v 9.902097 0.624722 -0.300001
v 9.904405 0.634541 0.299999
v 9.904405 0.634541 -0.300001
v 9.906591 0.644653 0.299999
v 9.906591 0.644653 -0.300001
v 9.908655 0.655059 0.299999
v 9.908655 0.655059 -0.300001
v 9.910597 0.665758 0.299999
v 9.910597 0.665758 -0.300001
v 9.912416 0.676750 0.299999
v 9.912416 0.676750 -0.300001
v 9.914103 0.687986 0.299999
v 9.914103 0.687986 -0.300001
v 9.915642 0.699418 0.299999
v 9.915642 0.699418 -0.300001
v 9.917034 0.711045 0.299999
v 9.917034 0.711045 -0.300001
v 9.918280 0.722867 0.299999
v 9.918280 0.722867 -0.300001
v 9.919378 0.734885 0.299999
v 9.919378 0.734885 -0.300001
v 9.920331 0.747098 0.299999
v 9.920331 0.747098 -0.300001
v 9.921137 0.759507 0.299999
v 9.921137 0.759507 -0.300001
v 9.921797 0.772111 0.299999
v 9.921797 0.772111 -0.300001
v 9.922310 0.784910 0.299999
v 9.922310 0.784910 -0.300001
v 9.922677 0.797905 0.299999
v 9.922677 0.797905 -0.300001
v 9.922896 0.811096 0.299999
v 9.922896 0.811096 -0.300001
v 9.922970 0.824481 0.299999
v 9.922970 0.824481 -0.300001
v 9.922847 0.842337 0.299999
v 9.922847 0.842337 -0.300001
v 9.922481 0.859558 0.299999
v 9.922481 0.859558 -0.300001
v 9.921869 0.876143 0.299999
v 9.921869 0.876143 -0.300001
v 9.921015 0.892094 0.299999
v 9.921015 0.892094 -0.300001
v 9.919916 0.907409 0.299999
v 9.919916 0.907409 -0.300001
v 9.918572 0.922090 0.299999
v 9.918572 0.922090 -0.300001
v 9.916985 0.936135 0.299999
v 9.916985 0.936135 -0.300001
v 9.915153 0.949545 0.299999
v 9.915153 0.949545 -0.300001
v 9.913076 0.962320 0.299999
v 9.913076 0.962320 -0.300001
v 9.910756 0.974460 0.299999
v 9.910756 0.974460 -0.300001
v 9.908191 0.985965 0.299999
v 9.908191 0.985965 -0.300001
v 9.905382 0.996835 0.299999
v 9.905382 0.996835 -0.300001
v 9.902231 1.007301 0.299999
v 9.902231 1.007301 -0.300001
v 9.898641 1.017597 0.299999
v 9.898641 1.017597 -0.300001
v 9.894610 1.027722 0.299999
v 9.894610 1.027722 -0.300001
v 9.890141 1.037676 0.299999
v 9.890141 1.037676 -0.300001
v 9.885231 1.047458 0.299999
v 9.885231 1.047458 -0.300001
v 9.879881 1.057070 0.299999
v 9.879881 1.057070 -0.300001
v 9.874092 1.066511 0.299999
v 9.874092 1.066511 -0.300001
v 9.867864 1.075781 0.299999
v 9.867864 1.075781 -0.300001
v 9.861195 1.084880 0.299999
v 9.861195 1.084880 -0.300001
v 9.854087 1.093808 0.299999
v 9.854087 1.093808 -0.300001
v 9.846539 1.102564 0.299999
v 9.846539 1.102564 -0.300001
v 9.838552 1.111150 0.299999
v 9.838552 1.111150 -0.300001
v 9.829831 1.119724 0.299999
v 9.829831 1.119724 -0.300001
v 9.820086 1.128444 0.299999
v 9.820086 1.128444 -0.300001
v 9.809313 1.137311 0.299999
v 9.809313 1.137311 -0.300001
v 9.797515 1.146325 0.299999
v 9.797515 1.146325 -0.300001
v 9.784691 1.155484 0.299999
v 9.784691 1.155484 -0.300001
v 9.770841 1.164791 0.299999
v 9.770841 1.164791 -0.300001
v 9.755965 1.174244 0.299999
v 9.755965 1.174244 -0.300001
v 9.740064 1.183844 0.299999
v 9.740064 1.183844 -0.300001
v 9.723136 1.193590 0.299999
v 9.723136 1.193590 -0.300001
v 9.705182 1.203482 0.299999
v 9.705182 1.203482 -0.300001
v 9.686203 1.213522 0.299999
v 9.686203 1.213522 -0.300001
v 9.666198 1.223707 0.299999
v 9.666198 1.223707 -0.300001
v 9.645387 1.233906 0.299999
v 9.645387 1.233906 -0.300001
v 9.623989 1.243981 0.299999
v 9.623989 1.243981 -0.300001
v 9.602005 1.253935 0.299999
v 9.602005 1.253935 -0.300001
v 9.579435 1.263767 0.299999
v 9.579435 1.263767 -0.300001
v 9.556278 1.273476 0.299999
v 9.556278 1.273476 -0.300001
v 9.532537 1.283064 0.299999
v 9.532537 1.283064 -0.300001
v 9.508207 1.292529 0.299999
v 9.508207 1.292529 -0.300001
v 9.483293 1.301872 0.299999
v 9.483293 1.301872 -0.300001
v 9.457791 1.311093 0.299999
v 9.457791 1.311093 -0.300001
v 9.431705 1.320192 0.299999
v 9.431705 1.320192 -0.300001
v 9.405030 1.329169 0.299999
v 9.405030 1.329169 -0.300001
v 9.377770 1.338023 0.299999
v 9.377770 1.338023 -0.300001
v 9.350010 1.346682 0.299999
v 9.350010 1.346682 -0.300001
v 9.321834 1.355073 0.299999
v 9.321834 1.355073 -0.300001
v 9.293242 1.363195 0.299999
v 9.293242 1.363195 -0.300001
v 9.264236 1.371048 0.299999
v 9.264236 1.371048 -0.300001
v 9.234815 1.378633 0.299999
v 9.234815 1.378633 -0.300001
v 9.204978 1.385948 0.299999
v 9.204978 1.385948 -0.300001
v 9.174726 1.392995 0.299999
v 9.174726 1.392995 -0.300001
v 9.144058 1.399774 0.299999
v 9.144058 1.399774 -0.300001
v 9.112976 1.406283 0.299999
v 9.112976 1.406283 -0.300001
v 9.081477 1.412524 0.299999
v 9.081477 1.412524 -0.300001
v 9.049564 1.418496 0.299999
v 9.049564 1.418496 -0.300001
v 9.017236 1.424200 0.299999
v 9.017236 1.424200 -0.300001
v 8.984614 1.429537 0.299999
v 8.984614 1.429537 -0.300001
v 8.951821 1.434410 0.299999
v 8.951821 1.434410 -0.300001
v 8.918858 1.438819 0.299999
v 8.918858 1.438819 -0.300001
v 8.885723 1.442764 0.299999
v 8.885723 1.442764 -0.300001
v 8.852418 1.446245 0.299999
v 8.852418 1.446245 -0.300001
v 8.818942 1.449262 0.299999
v 8.818942 1.449262 -0.300001
v 8.785295 1.451814 0.299999
v 8.785295 1.451814 -0.300001
v 8.751476 1.453903 0.299999
v 8.751476 1.453903 -0.300001
v 8.717486 1.455527 0.299999
v 8.717486 1.455527 -0.300001
v 8.683326 1.456687 0.299999
v 8.683326 1.456687 -0.300001
v 8.648994 1.457384 0.299999
v 8.648994 1.457384 -0.300001
v 8.614492 1.457615 0.299999
v 8.614492 1.457615 -0.300001
v 8.553682 1.457115 0.299999
v 8.553682 1.457115 -0.300001
v 8.494363 1.455613 0.299999
v 8.494363 1.455613 -0.300001
v 8.436533 1.453109 0.299999
v 8.436533 1.453109 -0.300001
v 8.380194 1.449604 0.299999
v 8.380194 1.449604 -0.300001
v 8.325344 1.445097 0.299999
v 8.325344 1.445097 -0.300001
v 8.271984 1.439589 0.299999
v 8.271984 1.439589 -0.300001
v 8.220115 1.433079 0.299999
v 8.220115 1.433079 -0.300001
v 8.169735 1.425568 0.299999
v 8.169735 1.425568 -0.300001
v 8.120846 1.417055 0.299999
v 8.120846 1.417055 -0.300001
v 8.073446 1.407541 0.299999
v 8.073446 1.407541 -0.300001
v 8.027536 1.397026 0.299999
v 8.027536 1.397026 -0.300001
v 7.983117 1.385509 0.299999
v 7.983117 1.385509 -0.300001
v 7.940090 1.372953 0.299999
v 7.940090 1.372953 -0.300001
v 7.898357 1.359323 0.299999
v 7.898357 1.359323 -0.300001
v 7.857919 1.344619 0.299999
v 7.857919 1.344619 -0.300001
v 7.818775 1.328839 0.299999
v 7.818775 1.328839 -0.300001
v 7.780926 1.311985 0.299999
v 7.780926 1.311985 -0.300001
v 7.744372 1.294056 0.299999
v 7.744372 1.294056 -0.300001
v 7.709112 1.275052 0.299999
v 7.709112 1.275052 -0.300001
v 7.675147 1.254973 0.299999
v 7.675147 1.254973 -0.300001
v 7.642477 1.233820 0.299999
v 7.642477 1.233820 -0.300001
v 7.611101 1.211592 0.299999
v 7.611101 1.211592 -0.300001
v 7.581019 1.188289 0.299999
v 7.581019 1.188289 -0.300001
v 7.552234 1.163912 0.299999
v 7.552234 1.163912 -0.300001
v 7.524730 1.138398 0.299999
v 7.524730 1.138398 -0.300001
v 7.498496 1.111688 0.299999
v 7.498496 1.111688 -0.300001
v 7.473533 1.083780 0.299999
v 7.473533 1.083780 -0.300001
v 7.449839 1.054676 0.299999
v 7.449839 1.054676 -0.300001
v 7.427416 1.024375 0.299999
v 7.427416 1.024375 -0.300001
v 7.406263 0.992877 0.299999
v 7.406263 0.992877 -0.300001
v 7.386380 0.960183 0.299999
v 7.386380 0.960183 -0.300001
v 7.367767 0.926291 0.299999
v 7.367767 0.926291 -0.300001
v 7.350425 0.891202 0.299999
v 7.350425 0.891202 -0.300001
v 7.334352 0.854917 0.299999
v 7.334352 0.854917 -0.300001
v 7.319550 0.817434 0.299999
v 7.319550 0.817434 -0.300001
v 7.306015 0.778755 0.299999
v 7.306015 0.778755 -0.300001
v 7.293656 0.738867 0.299999
v 7.293656 0.738867 -0.300001
v 7.282371 0.697757 0.299999
v 7.282371 0.697757 -0.300001
v 7.272161 0.655426 0.299999
v 7.272161 0.655426 -0.300001
v 7.263025 0.611873 0.299999
v 7.263025 0.611873 -0.300001
v 7.254964 0.567100 0.299999
v 7.254964 0.567100 -0.300001
v 7.247978 0.521105 0.299999
v 7.247978 0.521105 -0.300001
v 7.242067 0.473888 0.299999
v 7.242067 0.473888 -0.300001
v 7.237230 0.425451 0.299999
v 7.237230 0.425451 -0.300001
v 7.233469 0.375792 0.299999
v 7.233469 0.375792 -0.300001
v 7.230782 0.324911 0.299999
v 7.230782 0.324911 -0.300001
v 7.229170 0.272810 0.299999
v 7.229170 0.272810 -0.300001
v 8.097433 -1.081956 0.299999
v 8.097433 -1.081956 -0.300001
v 8.097433 -0.547309 0.299999
v 8.097433 -0.547309 -0.300001
v 8.435104 -0.547309 0.299999
v 8.435104 -0.547309 -0.300001
v 8.470425 -0.547529 0.299999
v 8.470425 -0.547529 -0.300001
v 8.504866 -0.548188 0.299999
v 8.504866 -0.548188 -0.300001
v 8.538428 -0.549288 0.299999
v 8.538428 -0.549288 -0.300001
v 8.571111 -0.550826 0.299999
v 8.571111 -0.550826 -0.300001
v 8.602914 -0.552805 0.299999
v 8.602914 -0.552805 -0.300001
v 8.633838 -0.555223 0.299999
v 8.633838 -0.555223 -0.300001
v 8.663882 -0.558081 0.299999
v 8.663882 -0.558081 -0.300001
v 8.693048 -0.561379 0.299999
v 8.693048 -0.561379 -0.300001
v 8.721334 -0.565116 0.299999
v 8.721334 -0.565116 -0.300001
v 8.748739 -0.569293 0.299999
v 8.748739 -0.569293 -0.300001
v 8.775267 -0.573909 0.299999
v 8.775267 -0.573909 -0.300001
v 8.800915 -0.578966 0.299999
v 8.800915 -0.578966 -0.300001
v 8.825732 -0.584462 0.299999
v 8.825732 -0.584462 -0.300001
v 8.849768 -0.590397 0.299999
v 8.849768 -0.590397 -0.300001
v 8.873022 -0.596773 0.299999
v 8.873022 -0.596773 -0.300001
v 8.895494 -0.603588 0.299999
v 8.895494 -0.603588 -0.300001
v 8.917185 -0.610842 0.299999
v 8.917185 -0.610842 -0.300001
v 8.938094 -0.618537 0.299999
v 8.938094 -0.618537 -0.300001
v 8.958221 -0.626671 0.299999
v 8.958221 -0.626671 -0.300001
v 8.977568 -0.635244 0.299999
v 8.977568 -0.635244 -0.300001
v 8.996132 -0.644258 0.299999
v 8.996132 -0.644258 -0.300001
v 9.013914 -0.653711 0.299999
v 9.013914 -0.653711 -0.300001
v 9.030915 -0.663603 0.299999
v 9.030915 -0.663603 -0.300001
v 9.047134 -0.673936 0.299999
v 9.047134 -0.673936 -0.300001
v 9.062608 -0.684671 0.299999
v 9.062608 -0.684671 -0.300001
v 9.077374 -0.695773 0.299999
v 9.077374 -0.695773 -0.300001
v 9.091431 -0.707241 0.299999
v 9.091431 -0.707241 -0.300001
v 9.104780 -0.719076 0.299999
v 9.104780 -0.719076 -0.300001
v 9.117421 -0.731277 0.299999
v 9.117421 -0.731277 -0.300001
v 9.129354 -0.743844 0.299999
v 9.129354 -0.743844 -0.300001
v 9.140577 -0.756778 0.299999
v 9.140577 -0.756778 -0.300001
v 9.151093 -0.770078 0.299999
v 9.151093 -0.770078 -0.300001
v 9.160900 -0.783745 0.299999
v 9.160900 -0.783745 -0.300001
v 9.169999 -0.797778 0.299999
v 9.169999 -0.797778 -0.300001
v 9.178390 -0.812177 0.299999
v 9.178390 -0.812177 -0.300001
v 9.186071 -0.826943 0.299999
v 9.186071 -0.826943 -0.300001
v 9.193094 -0.842075 0.299999
v 9.193094 -0.842075 -0.300001
v 9.199506 -0.857574 0.299999
v 9.199506 -0.857574 -0.300001
v 9.205307 -0.873439 0.299999
v 9.205307 -0.873439 -0.300001
v 9.210497 -0.889670 0.299999
v 9.210497 -0.889670 -0.300001
v 9.215077 -0.906268 0.299999
v 9.215077 -0.906268 -0.300001
v 9.219047 -0.923232 0.299999
v 9.219047 -0.923232 -0.300001
v 9.222404 -0.940563 0.299999
v 9.222404 -0.940563 -0.300001
v 9.225153 -0.958260 0.299999
v 9.225153 -0.958260 -0.300001
v 9.227290 -0.976323 0.299999
v 9.227290 -0.976323 -0.300001
v 9.228817 -0.994753 0.299999
v 9.228817 -0.994753 -0.300001
v 9.229733 -1.013549 0.299999
v 9.229733 -1.013549 -0.300001
v 9.230040 -1.032712 0.299999
v 9.230040 -1.032712 -0.300001
v 9.229172 -1.064955 0.299999
v 9.229172 -1.064955 -0.300001
v 9.226571 -1.096025 0.299999
v 9.226571 -1.096025 -0.300001
v 9.222235 -1.125923 0.299999
v 9.222235 -1.125923 -0.300001
v 9.216165 -1.154649 0.299999
v 9.216165 -1.154649 -0.300001
v 9.208361 -1.182202 0.299999
v 9.208361 -1.182202 -0.300001
v 9.198822 -1.208582 0.299999
v 9.198822 -1.208582 -0.300001
v 9.187550 -1.233790 0.299999
v 9.187550 -1.233790 -0.300001
v 9.174542 -1.257826 0.299999
v 9.174542 -1.257826 -0.300001
v 9.159801 -1.280689 0.299999
v 9.159801 -1.280689 -0.300001
v 9.143325 -1.302380 0.299999
v 9.143325 -1.302380 -0.300001
v 9.125115 -1.322898 0.299999
v 9.125115 -1.322898 -0.300001
v 9.105171 -1.342244 0.299999
v 9.105171 -1.342244 -0.300001
v 9.083688 -1.360222 0.299999
v 9.083688 -1.360222 -0.300001
v 9.060861 -1.376636 0.299999
v 9.060861 -1.376636 -0.300001
v 9.036691 -1.391488 0.299999
v 9.036691 -1.391488 -0.300001
v 9.011177 -1.404776 0.299999
v 9.011177 -1.404776 -0.300001
v 8.984321 -1.416500 0.299999
v 8.984321 -1.416500 -0.300001
v 8.956120 -1.426662 0.299999
v 8.956120 -1.426662 -0.300001
v 8.926577 -1.435260 0.299999
v 8.926577 -1.435260 -0.300001
v 8.895690 -1.442295 0.299999
v 8.895690 -1.442295 -0.300001
v 8.863460 -1.447766 0.299999
v 8.863460 -1.447766 -0.300001
v 8.829885 -1.451674 0.299999
v 8.829885 -1.451674 -0.300001
v 8.794968 -1.454019 0.299999
v 8.794968 -1.454019 -0.300001
v 8.758706 -1.454801 0.299999
v 8.758706 -1.454801 -0.300001
v 8.727843 -1.454142 0.299999
v 8.727843 -1.454142 -0.300001
v 8.697395 -1.452163 0.299999
v 8.697395 -1.452163 -0.300001
v 8.667363 -1.448865 0.299999
v 8.667363 -1.448865 -0.300001
v 8.637746 -1.444249 0.299999
v 8.637746 -1.444249 -0.300001
v 8.608544 -1.438313 0.299999
v 8.608544 -1.438313 -0.300001
v 8.579758 -1.431059 0.299999
v 8.579758 -1.431059 -0.300001
v 8.551387 -1.422485 0.299999
v 8.551387 -1.422485 -0.300001
v 8.523431 -1.412592 0.299999
v 8.523431 -1.412592 -0.300001
v 8.495890 -1.401380 0.299999
v 8.495890 -1.401380 -0.300001
v 8.468764 -1.388850 0.299999
v 8.468764 -1.388850 -0.300001
v 8.442055 -1.375000 0.299999
v 8.442055 -1.375000 -0.300001
v 8.415758 -1.359831 0.299999
v 8.415758 -1.359831 -0.300001
v 8.389634 -1.343392 0.299999
v 8.389634 -1.343392 -0.300001
v 8.363437 -1.325732 0.299999
v 8.363437 -1.325732 -0.300001
v 8.337166 -1.306850 0.299999
v 8.337166 -1.306850 -0.300001
v 8.310822 -1.286747 0.299999
v 8.310822 -1.286747 -0.300001
v 8.284405 -1.265423 0.299999
v 8.284405 -1.265423 -0.300001
v 8.257915 -1.242877 0.299999
v 8.257915 -1.242877 -0.300001
v 8.231350 -1.219110 0.299999
v 8.231350 -1.219110 -0.300001
v 8.204713 -1.194122 0.299999
v 8.204713 -1.194122 -0.300001
v 8.178003 -1.167912 0.299999
v 8.178003 -1.167912 -0.300001
v 8.151219 -1.140481 0.299999
v 8.151219 -1.140481 -0.300001
v 8.124363 -1.111829 0.299999
v 8.124363 -1.111829 -0.300001
v 4.459374 1.250088 0.300000
v 4.459374 1.250088 -0.300000
v 4.459374 -1.880408 0.300000
v 4.459374 -1.880408 -0.300000
v 4.459521 -1.886209 0.300000
v 4.459521 -1.886209 -0.300000
v 4.459960 -1.891888 0.300000
v 4.459960 -1.891888 -0.300000
v 4.460693 -1.897445 0.300000
v 4.460693 -1.897445 -0.300000
v 4.461719 -1.902880 0.300000
v 4.461719 -1.902880 -0.300000
v 4.463038 -1.908193 0.300000
v 4.463038 -1.908193 -0.300000
v 4.464650 -1.913384 0.300000
v 4.464650 -1.913384 -0.300000
v 4.466556 -1.918452 0.300000
v 4.466556 -1.918452 -0.300000
v 4.468754 -1.923398 0.300000
v 4.468754 -1.923398 -0.300000
v 4.471245 -1.928223 0.300000
v 4.471245 -1.928223 -0.300000
v 4.474030 -1.932925 0.300000
v 4.474030 -1.932925 -0.300000
v 4.477108 -1.937505 0.300000
v 4.477108 -1.937505 -0.300000
v 4.480479 -1.941962 0.300000
v 4.480479 -1.941962 -0.300000
v 4.484204 -1.946298 0.300000
v 4.484204 -1.946298 -0.300000
v 4.488344 -1.950512 0.300000
v 4.488344 -1.950512 -0.300000
v 4.492900 -1.954603 0.300000
v 4.492900 -1.954603 -0.300000
v 4.497870 -1.958573 0.300000
v 4.497870 -1.958573 -0.300000
v 4.503257 -1.962420 0.300000
v 4.503257 -1.962420 -0.300000
v 4.509058 -1.966145 0.300000
v 4.509058 -1.966145 -0.300000
v 4.515275 -1.969748 0.300000
v 4.515275 -1.969748 -0.300000
v 4.521906 -1.973228 0.300000
v 4.521906 -1.973228 -0.300000
v 4.528954 -1.976587 0.300000
v 4.528954 -1.976587 -0.300000
v 4.536416 -1.979824 0.300000
v 4.536416 -1.979824 -0.300000
v 4.544293 -1.982938 0.300000
v 4.544293 -1.982938 -0.300000
v 4.552586 -1.985930 0.300000
v 4.552586 -1.985930 -0.300000
v 4.561318 -1.988800 0.300000
v 4.561318 -1.988800 -0.300000
v 4.570515 -1.991548 0.300000
v 4.570515 -1.991548 -0.300000
v 4.580175 -1.994174 0.300000
v 4.580175 -1.994174 -0.300000
v 4.590300 -1.996678 0.300000
v 4.590300 -1.996678 -0.300000
v 4.600889 -1.999059 0.300000
v 4.600889 -1.999059 -0.300000
v 4.611942 -2.001319 0.300000
v 4.611942 -2.001319 -0.300000
v 4.623459 -2.003456 0.300000
v 4.623459 -2.003456 -0.300000
v 4.635440 -2.005471 0.300000
v 4.635440 -2.005471 -0.300000
v 4.647885 -2.007365 0.300000
v 4.647885 -2.007365 -0.300000
v 4.660795 -2.009135 0.300000
v 4.660795 -2.009135 -0.300000
v 4.674169 -2.010784 0.300000
v 4.674169 -2.010784 -0.300000
v 4.688006 -2.012311 0.300000
v 4.688006 -2.012311 -0.300000
v 4.702393 -2.013715 0.300000
v 4.702393 -2.013715 -0.300000
v 4.717415 -2.014998 0.300000
v 4.717415 -2.014998 -0.300000
v 4.733072 -2.016158 0.300000
v 4.733072 -2.016158 -0.300000
v 4.749365 -2.017196 0.300000
v 4.749365 -2.017196 -0.300000
v 4.766292 -2.018112 0.300000
v 4.766292 -2.018112 -0.300000
v 4.783855 -2.018906 0.300000
v 4.783855 -2.018906 -0.300000
v 4.802052 -2.019578 0.300000
v 4.802052 -2.019578 -0.300000
v 4.820885 -2.020127 0.300000
v 4.820885 -2.020127 -0.300000
v 4.840353 -2.020555 0.300000
v 4.840353 -2.020555 -0.300000
v 4.860456 -2.020860 0.300000
v 4.860456 -2.020860 -0.300000
v 4.881194 -2.021043 0.300000
v 4.881194 -2.021043 -0.300000
v 4.902568 -2.021104 0.300000
v 4.902568 -2.021104 -0.300000
v 4.923941 -2.021043 0.300000
v 4.923941 -2.021043 -0.300000
v 4.944679 -2.020860 0.300000
v 4.944679 -2.020860 -0.300000
v 4.964782 -2.020555 0.300000
v 4.964782 -2.020555 -0.300000
v 4.984250 -2.020127 0.300000
v 4.984250 -2.020127 -0.300000
v 5.003083 -2.019578 0.300000
v 5.003083 -2.019578 -0.300000
v 5.021281 -2.018906 0.300000
v 5.021281 -2.018906 -0.300000
v 5.038843 -2.018112 0.300000
v 5.038843 -2.018112 -0.300000
v 5.055771 -2.017196 0.300000
v 5.055771 -2.017196 -0.300000
v 5.072063 -2.016158 0.300000
v 5.072063 -2.016158 -0.300000
v 5.087721 -2.014998 0.300000
v 5.087721 -2.014998 -0.300000
v 5.102743 -2.013715 0.300000
v 5.102743 -2.013715 -0.300000
v 5.117130 -2.012311 0.300000
v 5.117130 -2.012311 -0.300000
v 5.130968 -2.010784 0.300000
v 5.130968 -2.010784 -0.300000
v 5.144341 -2.009135 0.300000
v 5.144341 -2.009135 -0.300000
v 5.157251 -2.007365 0.300000
v 5.157251 -2.007365 -0.300000
v 5.169696 -2.005471 0.300000
v 5.169696 -2.005471 -0.300000
v 5.181677 -2.003456 0.300000
v 5.181677 -2.003456 -0.300000
v 5.193194 -2.001319 0.300000
v 5.193194 -2.001319 -0.300000
v 5.204247 -1.999059 0.300000
v 5.204247 -1.999059 -0.300000
v 5.214836 -1.996678 0.300000
v 5.214836 -1.996678 -0.300000
v 5.224960 -1.994174 0.300000
v 5.224960 -1.994174 -0.300000
v 5.234621 -1.991548 0.300000
v 5.234621 -1.991548 -0.300000
v 5.243817 -1.988800 0.300000
v 5.243817 -1.988800 -0.300000
v 5.252550 -1.985930 0.300000
v 5.252550 -1.985930 -0.300000
v 5.260843 -1.982938 0.300000
v 5.260843 -1.982938 -0.300000
v 5.268721 -1.979824 0.300000
v 5.268721 -1.979824 -0.300000
v 5.276183 -1.976587 0.300000
v 5.276183 -1.976587 -0.300000
v 5.283230 -1.973228 0.300000
v 5.283230 -1.973228 -0.300000
v 5.289862 -1.969748 0.300000
v 5.289862 -1.969748 -0.300000
v 5.296078 -1.966145 0.300000
v 5.296078 -1.966145 -0.300000
v 5.301880 -1.962420 0.300000
v 5.301880 -1.962420 -0.300000
v 5.307265 -1.958573 0.300000
v 5.307265 -1.958573 -0.300000
v 5.312237 -1.954603 0.300000
v 5.312237 -1.954603 -0.300000
v 5.316792 -1.950512 0.300000
v 5.316792 -1.950512 -0.300000
v 5.320932 -1.946298 0.300000
v 5.320932 -1.946298 -0.300000
v 5.324657 -1.941962 0.300000
v 5.324657 -1.941962 -0.300000
v 5.328028 -1.937505 0.300000
v 5.328028 -1.937505 -0.300000
v 5.331106 -1.932925 0.300000
v 5.331106 -1.932925 -0.300000
v 5.333891 -1.928223 0.300000
v 5.333891 -1.928223 -0.300000
v 5.336382 -1.923398 0.300000
v 5.336382 -1.923398 -0.300000
v 5.338581 -1.918452 0.300000
v 5.338581 -1.918452 -0.300000
v 5.340486 -1.913384 0.300000
v 5.340486 -1.913384 -0.300000
v 5.342098 -1.908193 0.300000
v 5.342098 -1.908193 -0.300000
v 5.343417 -1.902880 0.300000
v 5.343417 -1.902880 -0.300000
v 5.344443 -1.897445 0.300000
v 5.344443 -1.897445 -0.300000
v 5.345175 -1.891888 0.300000
v 5.345175 -1.891888 -0.300000
v 5.345615 -1.886209 0.300000
v 5.345615 -1.886209 -0.300000
v 5.345762 -1.880408 0.300000
v 5.345762 -1.880408 -0.300000
v 5.345762 1.250088 0.299999
v 5.345762 1.250088 -0.300001
v 5.345615 1.255890 0.299999
v 5.345615 1.255890 -0.300001
v 5.345175 1.261569 0.299999
v 5.345175 1.261569 -0.300001
v 5.344443 1.267126 0.299999
v 5.344443 1.267126 -0.300001
v 5.343417 1.272560 0.299999
v 5.343417 1.272560 -0.300001
v 5.342098 1.277873 0.299999
v 5.342098 1.277873 -0.300001
v 5.340486 1.283064 0.299999
v 5.340486 1.283064 -0.300001
v 5.338581 1.288132 0.299999
v 5.338581 1.288132 -0.300001
v 5.336382 1.293079 0.299999
v 5.336382 1.293079 -0.300001
v 5.333891 1.297903 0.299999
v 5.333891 1.297903 -0.300001
v 5.331106 1.302605 0.299999
v 5.331106 1.302605 -0.300001
v 5.328028 1.307185 0.299999
v 5.328028 1.307185 -0.300001
v 5.324657 1.311643 0.299999
v 5.324657 1.311643 -0.300001
v 5.320932 1.315991 0.299999
v 5.320932 1.315991 -0.300001
v 5.316792 1.320241 0.299999
v 5.316792 1.320241 -0.300001
v 5.312237 1.324393 0.299999
v 5.312237 1.324393 -0.300001
v 5.307265 1.328448 0.299999
v 5.307265 1.328448 -0.300001
v 5.301880 1.332405 0.299999
v 5.301880 1.332405 -0.300001
v 5.296078 1.336265 0.299999
v 5.296078 1.336265 -0.300000
v 5.289862 1.340026 0.299999
v 5.289862 1.340026 -0.300000
v 5.283230 1.343690 0.299999
v 5.283230 1.343690 -0.300000
v 5.276183 1.347257 0.299999
v 5.276183 1.347257 -0.300000
v 5.268721 1.350725 0.299999
v 5.268721 1.350725 -0.300000
v 5.260843 1.354096 0.299999
v 5.260843 1.354096 -0.300000
v 5.252550 1.357369 0.299999
v 5.252550 1.357369 -0.300000
v 5.243817 1.360532 0.299999
v 5.243817 1.360532 -0.300000
v 5.234621 1.363574 0.299999
v 5.234621 1.363574 -0.300000
v 5.224960 1.366493 0.299999
v 5.224960 1.366493 -0.300000
v 5.214836 1.369289 0.299999
v 5.214836 1.369289 -0.300000
v 5.204247 1.371964 0.299999
v 5.204247 1.371964 -0.300000
v 5.193194 1.374517 0.299999
v 5.193194 1.374517 -0.300000
v 5.181677 1.376947 0.299999
v 5.181677 1.376947 -0.300000
v 5.169696 1.379255 0.299999
v 5.169696 1.379255 -0.300000
v 5.157251 1.381441 0.299999
v 5.157251 1.381441 -0.300000
v 5.144341 1.383505 0.299999
v 5.144341 1.383505 -0.300000
v 5.130968 1.385447 0.299999
v 5.130968 1.385447 -0.300000
v 5.117130 1.387267 0.299999
v 5.117130 1.387267 -0.300000
v 5.102743 1.388953 0.299999
v 5.102743 1.388953 -0.300000
v 5.087721 1.390491 0.299999
v 5.087721 1.390491 -0.300000
v 5.072063 1.391884 0.299999
v 5.072063 1.391884 -0.300000
v 5.055771 1.393130 0.299999
v 5.055771 1.393130 -0.300000
v 5.038843 1.394229 0.299999
v 5.038843 1.394229 -0.300000
v 5.021281 1.395181 0.299999
v 5.021281 1.395181 -0.300000
v 5.003083 1.395988 0.299999
v 5.003083 1.395988 -0.300000
v 4.984250 1.396647 0.299999
v 4.984250 1.396647 -0.300000
v 4.964782 1.397160 0.299999
v 4.964782 1.397160 -0.300000
v 4.944679 1.397527 0.299999
v 4.944679 1.397527 -0.300000
v 4.923942 1.397747 0.300000
v 4.923942 1.397747 -0.300000
v 4.902568 1.397820 0.300000
v 4.902568 1.397820 -0.300000
v 4.881195 1.397746 0.300000
v 4.881195 1.397746 -0.300000
v 4.860456 1.397526 0.300000
v 4.860456 1.397526 -0.300000
v 4.840354 1.397160 0.300000
v 4.840354 1.397160 -0.300000
v 4.820886 1.396647 0.300000
v 4.820886 1.396647 -0.300000
v 4.802053 1.395987 0.300000
v 4.802053 1.395987 -0.300000
v 4.783855 1.395181 0.300000
v 4.783855 1.395181 -0.300000
v 4.766293 1.394228 0.300000
v 4.766293 1.394228 -0.300000
v 4.749366 1.393129 0.300000
v 4.749366 1.393129 -0.300000
v 4.733073 1.391883 0.300000
v 4.733073 1.391883 -0.300000
v 4.717416 1.390491 0.300000
v 4.717416 1.390491 -0.300000
v 4.702394 1.388952 0.300000
v 4.702394 1.388952 -0.300000
v 4.688006 1.387267 0.300000
v 4.688006 1.387267 -0.300000
v 4.674169 1.385447 0.300000
v 4.674169 1.385447 -0.300000
v 4.660795 1.383505 0.300000
v 4.660795 1.383505 -0.300000
v 4.647885 1.381441 0.300000
v 4.647885 1.381441 -0.300000
v 4.635440 1.379255 0.300000
v 4.635440 1.379255 -0.300000
v 4.623459 1.376947 0.300000
v 4.623459 1.376947 -0.300000
v 4.611942 1.374517 0.300000
v 4.611942 1.374517 -0.300000
v 4.600889 1.371964 0.300000
v 4.600889 1.371964 -0.300000
v 4.590300 1.369289 0.300000
v 4.590300 1.369289 -0.300000
v 4.580175 1.366493 0.300000
v 4.580175 1.366493 -0.300000
v 4.570515 1.363574 0.300000
v 4.570515 1.363574 -0.300000
v 4.561318 1.360532 0.300000
v 4.561318 1.360532 -0.300000
v 4.552586 1.357369 0.300000
v 4.552586 1.357369 -0.300000
v 4.544292 1.354096 0.300000
v 4.544292 1.354096 -0.300000
v 4.536415 1.350725 0.300000
v 4.536415 1.350725 -0.300000
v 4.528953 1.347256 0.300000
v 4.528953 1.347256 -0.300000
v 4.521906 1.343690 0.300000
v 4.521906 1.343690 -0.300000
v 4.515275 1.340026 0.300000
v 4.515275 1.340026 -0.300000
v 4.509058 1.336265 0.300000
v 4.509058 1.336265 -0.300000
v 4.503257 1.332405 0.300000
v 4.503257 1.332405 -0.300000
v 4.497871 1.328448 0.300000
v 4.497871 1.328448 -0.300000
v 4.492900 1.324394 0.300000
v 4.492900 1.324394 -0.300000
v 4.488345 1.320241 0.300000
v 4.488345 1.320241 -0.300000
v 4.484204 1.315991 0.300000
v 4.484204 1.315991 -0.300000
v 4.480479 1.311643 0.300000
v 4.480479 1.311643 -0.300000
v 4.477108 1.307185 0.300000
v 4.477108 1.307185 -0.300000
v 4.474030 1.302605 0.300000
v 4.474030 1.302605 -0.300000
v 4.471245 1.297903 0.300000
v 4.471245 1.297903 -0.300000
v 4.468754 1.293079 0.300000
v 4.468754 1.293079 -0.300000
v 4.466556 1.288132 0.300000
v 4.466556 1.288132 -0.300000
v 4.464650 1.283064 0.300000
v 4.464650 1.283064 -0.300000
v 4.463038 1.277873 0.300000
v 4.463038 1.277873 -0.300000
v 4.461719 1.272560 0.300000
v 4.461719 1.272560 -0.300000
v 4.460693 1.267126 0.300000
v 4.460693 1.267126 -0.300000
v 4.459960 1.261569 0.300000
v 4.459960 1.261569 -0.300000
v 4.459521 1.255890 0.300000
v 4.459521 1.255890 -0.300000
v 4.498066 2.676399 0.299999
v 4.498066 2.676399 -0.300000
v 4.481211 2.658604 0.299999
v 4.481211 2.658604 -0.300000
v 4.465823 2.638635 0.299999
v 4.465823 2.638635 -0.300000
v 4.451900 2.616493 0.299999
v 4.451900 2.616493 -0.300000
v 4.439442 2.592176 0.299999
v 4.439442 2.592176 -0.300000
v 4.428450 2.565686 0.299999
v 4.428450 2.565686 -0.300000
v 4.418924 2.537021 0.299999
v 4.418924 2.537021 -0.300000
v 4.410863 2.506183 0.299999
v 4.410863 2.506183 -0.300000
v 4.404268 2.473171 0.299999
v 4.404268 2.473171 -0.300000
v 4.399138 2.437984 0.300000
v 4.399138 2.437984 -0.300000
v 4.395474 2.400624 0.300000
v 4.395474 2.400624 -0.300000
v 4.393276 2.361090 0.300000
v 4.393276 2.361090 -0.300000
v 4.392543 2.319381 0.300000
v 4.392543 2.319381 -0.300000
v 4.393301 2.275975 0.300000
v 4.393301 2.275975 -0.300000
v 4.395572 2.234866 0.300000
v 4.395572 2.234866 -0.300000
v 4.399358 2.196052 0.300000
v 4.399358 2.196052 -0.300000
v 4.404659 2.159534 0.300000
v 4.404659 2.159534 -0.300000
v 4.411474 2.125313 0.300000
v 4.411474 2.125313 -0.300000
v 4.419803 2.093388 0.300000
v 4.419803 2.093388 -0.300000
v 4.429647 2.063758 0.300000
v 4.429647 2.063758 -0.300000
v 4.441005 2.036425 0.300000
v 4.441005 2.036425 -0.300000
v 4.453878 2.011388 0.300000
v 4.453878 2.011388 -0.300000
v 4.468265 1.988647 0.300000
v 4.468265 1.988647 -0.300000
v 4.484167 1.968202 0.300000
v 4.484167 1.968202 -0.300000
v 4.501583 1.950053 0.300000
v 4.501583 1.950053 -0.300000
v 4.521051 1.933761 0.300000
v 4.521051 1.933761 -0.300000
v 4.543108 1.918885 0.300000
v 4.543108 1.918885 -0.300000
v 4.567754 1.905426 0.300000
v 4.567754 1.905426 -0.300000
v 4.594989 1.893384 0.300000
v 4.594989 1.893384 -0.300000
v 4.624814 1.882758 0.300000
v 4.624814 1.882758 -0.300000
v 4.657228 1.873549 0.300000
v 4.657228 1.873549 -0.300000
v 4.692231 1.865757 0.299999
v 4.692231 1.865757 -0.300000
v 4.729824 1.859382 0.299999
v 4.729824 1.859382 -0.300000
v 4.770005 1.854423 0.299999
v 4.770005 1.854423 -0.300000
v 4.812776 1.850881 0.299999
v 4.812776 1.850881 -0.300000
v 4.858136 1.848756 0.299999
v 4.858136 1.848756 -0.300000
v 4.906085 1.848048 0.299999
v 4.906085 1.848048 -0.300000
v 4.954560 1.848732 0.299999
v 4.954560 1.848732 -0.300000
v 5.000323 1.850784 0.299999
v 5.000323 1.850784 -0.300000
v 5.043375 1.854203 0.299999
v 5.043375 1.854203 -0.300001
v 5.083715 1.858991 0.299999
v 5.083715 1.858991 -0.300001
v 5.121345 1.865147 0.299999
v 5.121345 1.865147 -0.300001
v 5.156262 1.872670 0.299999
v 5.156262 1.872670 -0.300001
v 5.188468 1.881561 0.299999
v 5.188468 1.881561 -0.300001
v 5.217963 1.891820 0.299999
v 5.217963 1.891820 -0.300001
v 5.244747 1.903447 0.299999
v 5.244747 1.903447 -0.300001
v 5.268819 1.916442 0.299999
v 5.268819 1.916442 -0.300001
v 5.290180 1.930805 0.299999
v 5.290180 1.930805 -0.300001
v 5.308829 1.946535 0.299999
v 5.308829 1.946535 -0.300001
v 5.325403 1.964049 0.299999
v 5.325403 1.964049 -0.300001
v 5.340535 1.983761 0.299999
v 5.340535 1.983761 -0.300001
v 5.354226 2.005672 0.299999
v 5.354226 2.005672 -0.300001
v 5.366476 2.029781 0.299999
v 5.366476 2.029781 -0.300001
v 5.377285 2.056088 0.299999
v 5.377285 2.056088 -0.300001
v 5.386652 2.084594 0.299999
v 5.386652 2.084594 -0.300001
v 5.394578 2.115298 0.299999
v 5.394578 2.115298 -0.300001
v 5.401063 2.148201 0.299999
v 5.401063 2.148201 -0.300001
v 5.406108 2.183301 0.299999
v 5.406108 2.183301 -0.300001
v 5.409711 2.220601 0.299999
v 5.409711 2.220601 -0.300001
v 5.411873 2.260098 0.299999
v 5.411873 2.260098 -0.300001
v 5.412593 2.301794 0.299999
v 5.412593 2.301794 -0.300001
v 5.411848 2.345212 0.299999
v 5.411848 2.345212 -0.300001
v 5.409613 2.386358 0.299999
v 5.409613 2.386358 -0.300001
v 5.405888 2.425233 0.299999
v 5.405888 2.425233 -0.300001
v 5.400672 2.461836 0.299999
v 5.400672 2.461836 -0.300001
v 5.393968 2.496168 0.299999
v 5.393968 2.496168 -0.300001
v 5.385773 2.528228 0.299999
v 5.385773 2.528228 -0.300001
v 5.376087 2.558016 0.299999
v 5.376087 2.558016 -0.300001
v 5.364912 2.585532 0.299999
v 5.364912 2.585532 -0.300001
v 5.352247 2.610777 0.299999
v 5.352247 2.610777 -0.300001
v 5.338092 2.633750 0.299999
v 5.338092 2.633750 -0.300001
v 5.322447 2.654451 0.299999
v 5.322447 2.654451 -0.300001
v 5.305312 2.672881 0.299999
v 5.305312 2.672881 -0.300001
v 5.286100 2.689454 0.299999
v 5.286100 2.689454 -0.300001
v 5.264227 2.704587 0.299999
v 5.264227 2.704587 -0.300001
v 5.239691 2.718277 0.299999
v 5.239691 2.718277 -0.300001
v 5.212492 2.730527 0.299999
v 5.212492 2.730527 -0.300001
v 5.182631 2.741336 0.299999
v 5.182631 2.741336 -0.300001
v 5.150106 2.750703 0.299999
v 5.150106 2.750703 -0.300001
v 5.114920 2.758630 0.299999
v 5.114920 2.758630 -0.300001
v 5.077071 2.765115 0.299999
v 5.077071 2.765115 -0.300001
v 5.036560 2.770159 0.299999
v 5.036560 2.770159 -0.300001
v 4.993386 2.773762 0.299999
v 4.993386 2.773762 -0.300001
v 4.947550 2.775924 0.299999
v 4.947550 2.775924 -0.300001
v 4.899051 2.776644 0.299999
v 4.899051 2.776644 -0.300001
v 4.851126 2.775948 0.299999
v 4.851126 2.775948 -0.300001
v 4.805839 2.773860 0.299999
v 4.805839 2.773860 -0.300001
v 4.763190 2.770379 0.299999
v 4.763190 2.770379 -0.300001
v 4.723180 2.765506 0.299999
v 4.723180 2.765506 -0.300001
v 4.685808 2.759241 0.299999
v 4.685808 2.759241 -0.300001
v 4.651073 2.751583 0.299999
v 4.651073 2.751583 -0.300001
v 4.618977 2.742533 0.299999
v 4.618977 2.742533 -0.300001
v 4.589519 2.732091 0.299999
v 4.589519 2.732091 -0.300000
v 4.562698 2.720256 0.299999
v 4.562698 2.720256 -0.300000
v 4.538516 2.707029 0.299999
v 4.538516 2.707029 -0.300000
v 4.516972 2.692410 0.299999
v 4.516972 2.692410 -0.300000
v -0.399226 1.257123 0.300000
v -0.399226 1.257123 -0.300000
v -0.399226 -1.880408 0.300000
v -0.399226 -1.880408 -0.300000
v -0.399104 -1.886209 0.300000
v -0.399104 -1.886209 -0.300000
v -0.398737 -1.891888 0.300000
v -0.398737 -1.891888 -0.300000
v -0.398127 -1.897445 0.300000
v -0.398127 -1.897445 -0.300000
v -0.397272 -1.902880 0.300000
v -0.397272 -1.902880 -0.300000
v -0.396173 -1.908193 0.300000
v -0.396173 -1.908193 -0.300000
v -0.394829 -1.913384 0.300000
v -0.394829 -1.913384 -0.300000
v -0.393241 -1.918452 0.300000
v -0.393242 -1.918452 -0.300000
v -0.391410 -1.923398 0.300000
v -0.391410 -1.923398 -0.300000
v -0.389333 -1.928223 0.300000
v -0.389333 -1.928223 -0.300000
v -0.387013 -1.932925 0.300000
v -0.387013 -1.932925 -0.300000
v -0.384448 -1.937505 0.300000
v -0.384448 -1.937505 -0.300000
v -0.381639 -1.941962 0.300000
v -0.381639 -1.941962 -0.300000
v -0.378525 -1.946298 0.300000
v -0.378525 -1.946298 -0.300000
v -0.375044 -1.950512 0.300000
v -0.375044 -1.950512 -0.300000
v -0.371197 -1.954603 0.300000
v -0.371197 -1.954603 -0.300000
v -0.366983 -1.958573 0.300000
v -0.366983 -1.958573 -0.300000
v -0.362403 -1.962420 0.300000
v -0.362403 -1.962420 -0.300000
v -0.357457 -1.966145 0.300000
v -0.357457 -1.966145 -0.300000
v -0.352144 -1.969748 0.300000
v -0.352144 -1.969748 -0.300000
v -0.346465 -1.973228 0.300000
v -0.346465 -1.973228 -0.300000
v -0.340419 -1.976587 0.300000
v -0.340419 -1.976587 -0.300000
v -0.334007 -1.979824 0.300000
v -0.334008 -1.979824 -0.300000
v -0.327229 -1.982938 0.300000
v -0.327229 -1.982938 -0.300000
v -0.320084 -1.985930 0.300000
v -0.320084 -1.985930 -0.300000
v -0.312561 -1.988800 0.300000
v -0.312561 -1.988800 -0.300000
v -0.304647 -1.991548 0.300000
v -0.304647 -1.991548 -0.300000
v -0.296342 -1.994174 0.300000
v -0.296342 -1.994174 -0.300000
v -0.287646 -1.996678 0.300000
v -0.287646 -1.996678 -0.300000
v -0.278559 -1.999059 0.300000
v -0.278559 -1.999059 -0.300000
v -0.269082 -2.001319 0.300000
v -0.269082 -2.001319 -0.300000
v -0.259214 -2.003456 0.300000
v -0.259214 -2.003456 -0.300000
v -0.248954 -2.005471 0.300000
v -0.248955 -2.005471 -0.300000
v -0.238304 -2.007365 0.300000
v -0.238305 -2.007365 -0.300000
v -0.227264 -2.009135 0.300000
v -0.227264 -2.009135 -0.300000
v -0.215832 -2.010784 0.300000
v -0.215832 -2.010784 -0.300000
v -0.204010 -2.012311 0.300000
v -0.204010 -2.012311 -0.300000
v -0.191735 -2.013715 0.300000
v -0.191735 -2.013715 -0.300000
v -0.178948 -2.014998 0.300000
v -0.178948 -2.014998 -0.300000
v -0.165648 -2.016158 0.300000
v -0.165648 -2.016158 -0.300000
v -0.151835 -2.017196 0.300000
v -0.151835 -2.017196 -0.300000
v -0.137509 -2.018112 0.300000
v -0.137509 -2.018112 -0.300000
v -0.122670 -2.018906 0.300000
v -0.122670 -2.018906 -0.300000
v -0.107318 -2.019578 0.300000
v -0.107318 -2.019578 -0.300000
v -0.091453 -2.020127 0.300000
v -0.091453 -2.020127 -0.300000
v -0.075075 -2.020555 0.300000
v -0.075075 -2.020555 -0.300000
v -0.058184 -2.020860 0.300000
v -0.058184 -2.020860 -0.300000
v -0.040780 -2.021043 0.300000
v -0.040780 -2.021043 -0.300000
v -0.022863 -2.021104 0.300000
v -0.022863 -2.021104 -0.300000
v -0.003823 -2.021043 0.300000
v -0.003823 -2.021043 -0.300000
v 0.014607 -2.020860 0.300000
v 0.014607 -2.020860 -0.300000
v 0.032426 -2.020555 0.300000
v 0.032426 -2.020555 -0.300000
v 0.049635 -2.020127 0.300000
v 0.049635 -2.020127 -0.300000
v 0.066233 -2.019578 0.300000
v 0.066232 -2.019578 -0.300000
v 0.082220 -2.018906 0.300000
v 0.082220 -2.018906 -0.300000
v 0.097596 -2.018112 0.300000
v 0.097596 -2.018112 -0.300000
v 0.112362 -2.017196 0.300000
v 0.112362 -2.017196 -0.300000
v 0.126517 -2.016158 0.300000
v 0.126517 -2.016158 -0.300000
v 0.140062 -2.014998 0.300000
v 0.140061 -2.014998 -0.300000
v 0.152995 -2.013715 0.300000
v 0.152995 -2.013715 -0.300000
v 0.165319 -2.012311 0.300000
v 0.165319 -2.012311 -0.300000
v 0.177129 -2.010784 0.300000
v 0.177129 -2.010784 -0.300000
v 0.188524 -2.009135 0.300000
v 0.188524 -2.009135 -0.300000
v 0.199503 -2.007365 0.300000
v 0.199503 -2.007365 -0.300000
v 0.210068 -2.005471 0.300000
v 0.210068 -2.005471 -0.300000
v 0.220217 -2.003456 0.300000
v 0.220217 -2.003456 -0.300000
v 0.229951 -2.001319 0.300000
v 0.229951 -2.001319 -0.300000
v 0.239270 -1.999059 0.300000
v 0.239269 -1.999059 -0.300000
v 0.248173 -1.996678 0.300000
v 0.248173 -1.996678 -0.300000
v 0.256661 -1.994174 0.300000
v 0.256661 -1.994174 -0.300000
v 0.264734 -1.991548 0.300000
v 0.264734 -1.991548 -0.300000
v 0.272392 -1.988800 0.300000
v 0.272392 -1.988800 -0.300000
v 0.279634 -1.985930 0.300000
v 0.279634 -1.985930 -0.300000
v 0.286498 -1.982938 0.300000
v 0.286498 -1.982938 -0.300000
v 0.293020 -1.979824 0.300000
v 0.293020 -1.979824 -0.300000
v 0.299200 -1.976587 0.300000
v 0.299200 -1.976587 -0.300000
v 0.305038 -1.973228 0.300000
v 0.305038 -1.973228 -0.300000
v 0.310534 -1.969748 0.300000
v 0.310534 -1.969748 -0.300000
v 0.315688 -1.966145 0.300000
v 0.315688 -1.966145 -0.300000
v 0.320500 -1.962420 0.300000
v 0.320500 -1.962420 -0.300000
v 0.324970 -1.958573 0.300000
v 0.324970 -1.958573 -0.300000
v 0.329098 -1.954603 0.300000
v 0.329098 -1.954603 -0.300000
v 0.332884 -1.950512 0.300000
v 0.332884 -1.950512 -0.300000
v 0.336328 -1.946298 0.300000
v 0.336328 -1.946298 -0.300000
v 0.339430 -1.941962 0.300000
v 0.339430 -1.941962 -0.300000
v 0.342239 -1.937505 0.300000
v 0.342239 -1.937505 -0.300000
v 0.344804 -1.932925 0.300000
v 0.344804 -1.932925 -0.300000
v 0.347125 -1.928223 0.300000
v 0.347124 -1.928223 -0.300000
v 0.349201 -1.923398 0.300000
v 0.349201 -1.923398 -0.300000
v 0.351033 -1.918452 0.300000
v 0.351033 -1.918452 -0.300000
v 0.352620 -1.913384 0.300000
v 0.352620 -1.913384 -0.300000
v 0.353964 -1.908193 0.300000
v 0.353964 -1.908193 -0.300000
v 0.355063 -1.902880 0.300000
v 0.355063 -1.902880 -0.300000
v 0.355918 -1.897445 0.300000
v 0.355918 -1.897445 -0.300000
v 0.356529 -1.891888 0.300000
v 0.356529 -1.891888 -0.300000
v 0.356895 -1.886209 0.300000
v 0.356895 -1.886209 -0.300000
v 0.357017 -1.880408 0.300000
v 0.357017 -1.880408 -0.300000
v 0.357017 -1.518115 0.300000
v 0.357017 -1.518115 -0.300000
v 0.400460 -1.564036 0.300000
v 0.400460 -1.564036 -0.300000
v 0.444024 -1.608004 0.300000
v 0.444024 -1.608004 -0.300000
v 0.487711 -1.650017 0.300000
v 0.487711 -1.650017 -0.300000
v 0.531520 -1.690077 0.300000
v 0.531520 -1.690077 -0.300000
v 0.575451 -1.728182 0.300000
v 0.575451 -1.728182 -0.300000
v 0.619504 -1.764333 0.300000
v 0.619504 -1.764333 -0.300000
v 0.663679 -1.798530 0.300000
v 0.663679 -1.798530 -0.300000
v 0.707977 -1.830773 0.300000
v 0.707977 -1.830773 -0.300000
v 0.752396 -1.861062 0.300000
v 0.752396 -1.861062 -0.300000
v 0.796938 -1.889397 0.300000
v 0.796938 -1.889397 -0.300000
v 0.841602 -1.915777 0.300000
v 0.841602 -1.915777 -0.300000
v 0.886388 -1.940204 0.300000
v 0.886388 -1.940204 -0.300000
v 0.931369 -1.962676 0.300000
v 0.931369 -1.962676 -0.300000
v 0.976619 -1.983194 0.300000
v 0.976619 -1.983194 -0.300000
v 1.022138 -2.001759 0.300000
v 1.022138 -2.001759 -0.300000
v 1.067925 -2.018368 0.300000
v 1.067925 -2.018368 -0.300000
v 1.113981 -2.033024 0.300000
v 1.113981 -2.033024 -0.300000
v 1.160306 -2.045726 0.300000
v 1.160306 -2.045726 -0.300000
v 1.206900 -2.056474 0.300000
v 1.206900 -2.056474 -0.300000
v 1.253762 -2.065267 0.300000
v 1.253762 -2.065267 -0.300000
v 1.300893 -2.072107 0.300000
v 1.300893 -2.072107 -0.300000
v 1.348292 -2.076992 0.300000
v 1.348292 -2.076992 -0.300000
v 1.395960 -2.079923 0.300000
v 1.395960 -2.079923 -0.300000
v 1.443897 -2.080900 0.300000
v 1.443897 -2.080900 -0.300000
v 1.497111 -2.080168 0.300000
v 1.497111 -2.080168 -0.300000
v 1.548882 -2.077969 0.300000
v 1.548882 -2.077969 -0.300000
v 1.599213 -2.074305 0.300000
v 1.599213 -2.074305 -0.300000
v 1.648103 -2.069175 0.300000
v 1.648103 -2.069175 -0.300000
v 1.695551 -2.062580 0.300000
v 1.695551 -2.062580 -0.300000
v 1.741558 -2.054520 0.300000
v 1.741558 -2.054520 -0.300000
v 1.786124 -2.044993 0.300000
v 1.786124 -2.044993 -0.300000
v 1.829249 -2.034001 0.300000
v 1.829249 -2.034001 -0.300000
v 1.870933 -2.021544 0.300000
v 1.870933 -2.021544 -0.300000
v 1.911176 -2.007621 0.300000
v 1.911176 -2.007621 -0.300000
v 1.949977 -1.992232 0.300000
v 1.949977 -1.992232 -0.300000
v 1.987337 -1.975378 0.300000
v 1.987337 -1.975378 -0.300000
v 2.023391 -1.957253 0.300000
v 2.023391 -1.957253 -0.300000
v 2.058272 -1.938054 0.300000
v 2.058272 -1.938054 -0.300000
v 2.091980 -1.917780 0.300000
v 2.091980 -1.917780 -0.300000
v 2.124517 -1.896432 0.300000
v 2.124517 -1.896432 -0.300000
v 2.155880 -1.874008 0.300000
v 2.155880 -1.874008 -0.300000
v 2.186071 -1.850510 0.300000
v 2.186071 -1.850510 -0.300000
v 2.215090 -1.825937 0.300000
v 2.215090 -1.825937 -0.300000
v 2.242936 -1.800289 0.300000
v 2.242936 -1.800289 -0.300000
v 2.269610 -1.773566 0.300000
v 2.269610 -1.773566 -0.300000
v 2.295111 -1.745769 0.300000
v 2.295111 -1.745769 -0.300000
v 2.319440 -1.716897 0.300000
v 2.319440 -1.716897 -0.300000
v 2.342596 -1.686950 0.300000
v 2.342596 -1.686950 -0.300000
v 2.364629 -1.656063 0.300000
v 2.364629 -1.656063 -0.300000
v 2.385587 -1.624370 0.300000
v 2.385587 -1.624370 -0.300000
v 2.405470 -1.591870 0.300000
v 2.405470 -1.591870 -0.300000
v 2.424278 -1.558565 0.300000
v 2.424278 -1.558565 -0.300000
v 2.442012 -1.524453 0.300000
v 2.442012 -1.524453 -0.300000
v 2.458671 -1.489536 0.300000
v 2.458671 -1.489536 -0.300000
v 2.474255 -1.453812 0.300000
v 2.474255 -1.453812 -0.300000
v 2.488764 -1.417282 0.300000
v 2.488764 -1.417282 -0.300000
v 2.502198 -1.379946 0.300000
v 2.502198 -1.379946 -0.300000
v 2.514558 -1.341804 0.300000
v 2.514558 -1.341804 -0.300000
v 2.525843 -1.302856 0.300000
v 2.525843 -1.302856 -0.300000
v 2.536054 -1.263102 0.300000
v 2.536054 -1.263102 -0.300000
v 2.545323 -1.222127 0.300000
v 2.545323 -1.222127 -0.300000
v 2.553787 -1.179515 0.300000
v 2.553787 -1.179515 -0.300000
v 2.561445 -1.135266 0.300000
v 2.561445 -1.135266 -0.300000
v 2.568296 -1.089381 0.300000
v 2.568296 -1.089381 -0.300000
v 2.574342 -1.041860 0.300000
v 2.574342 -1.041860 -0.300000
v 2.579582 -0.992701 0.300000
v 2.579582 -0.992701 -0.300000
v 2.584015 -0.941906 0.300000
v 2.584015 -0.941906 -0.300000
v 2.587642 -0.889475 0.300000
v 2.587642 -0.889475 -0.300000
v 2.590464 -0.835407 0.300000
v 2.590464 -0.835407 -0.300000
v 2.592479 -0.779703 0.300000
v 2.592479 -0.779703 -0.300000
v 2.593688 -0.722361 0.300000
v 2.593688 -0.722361 -0.300000
v 2.594091 -0.663384 0.300000
v 2.594091 -0.663384 -0.300000
v 2.594091 1.257123 0.300000
v 2.594091 1.257123 -0.300000
v 2.593956 1.262924 0.300000
v 2.593956 1.262924 -0.300000
v 2.593554 1.268604 0.300000
v 2.593554 1.268604 -0.300000
v 2.592882 1.274160 0.300000
v 2.592882 1.274160 -0.300000
v 2.591941 1.279595 0.300000
v 2.591941 1.279595 -0.300000
v 2.590732 1.284908 0.300000
v 2.590732 1.284908 -0.300000
v 2.589254 1.290099 0.300000
v 2.589254 1.290099 -0.300000
v 2.587508 1.295167 0.300000
v 2.587508 1.295167 -0.300000
v 2.585493 1.300113 0.300000
v 2.585493 1.300113 -0.300000
v 2.583209 1.304938 0.300000
v 2.583209 1.304938 -0.300000
v 2.580657 1.309640 0.300000
v 2.580657 1.309640 -0.300000
v 2.577835 1.314220 0.300000
v 2.577835 1.314220 -0.300000
v 2.574745 1.318678 0.300000
v 2.574745 1.318678 -0.300000
v 2.571301 1.323013 0.300000
v 2.571301 1.323013 -0.300000
v 2.567417 1.327227 0.300000
v 2.567417 1.327227 -0.300000
v 2.563094 1.331318 0.300000
v 2.563094 1.331318 -0.300000
v 2.558330 1.335287 0.300000
v 2.558330 1.335287 -0.300000
v 2.553127 1.339135 0.300000
v 2.553127 1.339135 -0.300000
v 2.547485 1.342860 0.300000
v 2.547485 1.342860 -0.300000
v 2.541403 1.346462 0.300000
v 2.541403 1.346462 -0.300000
v 2.534881 1.349943 0.300000
v 2.534881 1.349943 -0.300000
v 2.527919 1.353302 0.300000
v 2.527919 1.353302 -0.300000
v 2.520518 1.356539 0.300000
v 2.520518 1.356539 -0.300000
v 2.512677 1.359653 0.300000
v 2.512677 1.359653 -0.300000
v 2.504397 1.362645 0.300000
v 2.504397 1.362645 -0.300000
v 2.495652 1.365515 0.300000
v 2.495652 1.365515 -0.300000
v 2.486419 1.368263 0.300000
v 2.486419 1.368263 -0.300000
v 2.476697 1.370889 0.300000
v 2.476697 1.370889 -0.300000
v 2.466487 1.373393 0.300000
v 2.466487 1.373393 -0.300000
v 2.455788 1.375774 0.300000
v 2.455788 1.375774 -0.300000
v 2.444601 1.378034 0.300000
v 2.444601 1.378034 -0.300000
v 2.432925 1.380171 0.300000
v 2.432925 1.380171 -0.300000
v 2.420761 1.382186 0.300000
v 2.420761 1.382186 -0.300000
v 2.408108 1.384079 0.300000
v 2.408108 1.384079 -0.300000
v 2.394966 1.385850 0.300000
v 2.394966 1.385850 -0.300000
v 2.381336 1.387499 0.300000
v 2.381336 1.387499 -0.300000
v 2.367218 1.389026 0.300000
v 2.367218 1.389026 -0.300000
v 2.352574 1.390430 0.300000
v 2.352574 1.390430 -0.300000
v 2.337369 1.391713 0.300000
v 2.337369 1.391713 -0.300000
v 2.321601 1.392873 0.300000
v 2.321601 1.392873 -0.300000
v 2.305272 1.393911 0.300000
v 2.305272 1.393911 -0.300000
v 2.288382 1.394827 0.300000
v 2.288382 1.394827 -0.300000
v 2.270929 1.395621 0.300000
v 2.270929 1.395621 -0.300000
v 2.252914 1.396293 0.300000
v 2.252914 1.396293 -0.300000
v 2.234338 1.396842 0.300000
v 2.234338 1.396842 -0.300000
v 2.215200 1.397270 0.300000
v 2.215200 1.397270 -0.300000
v 2.195500 1.397575 0.300000
v 2.195500 1.397575 -0.300000
v 2.175238 1.397758 0.300000
v 2.175238 1.397758 -0.300000
v 2.154414 1.397820 0.300000
v 2.154414 1.397820 -0.300000
v 2.133041 1.397758 0.300000
v 2.133041 1.397758 -0.300000
v 2.112303 1.397575 0.300000
v 2.112303 1.397575 -0.300000
v 2.092200 1.397270 0.300000
v 2.092200 1.397270 -0.300000
v 2.072732 1.396842 0.300000
v 2.072732 1.396842 -0.300000
v 2.053900 1.396293 0.300000
v 2.053900 1.396293 -0.300000
v 2.035702 1.395621 0.300000
v 2.035702 1.395621 -0.300000
v 2.018139 1.394827 0.300000
v 2.018139 1.394827 -0.300000
v 2.001211 1.393911 0.300000
v 2.001211 1.393911 -0.300000
v 1.984919 1.392873 0.300000
v 1.984919 1.392873 -0.300000
v 1.969262 1.391713 0.300000
v 1.969262 1.391713 -0.300000
v 1.954239 1.390430 0.300000
v 1.954239 1.390430 -0.300000
v 1.939852 1.389026 0.300000
v 1.939852 1.389026 -0.300000
v 1.926015 1.387499 0.300000
v 1.926015 1.387499 -0.300000
v 1.912641 1.385850 0.300000
v 1.912641 1.385850 -0.300000
v 1.899732 1.384079 0.300000
v 1.899732 1.384079 -0.300000
v 1.887287 1.382186 0.300000
v 1.887287 1.382186 -0.300000
v 1.875306 1.380171 0.300000
v 1.875306 1.380171 -0.300000
v 1.863788 1.378034 0.300000
v 1.863788 1.378034 -0.300000
v 1.852736 1.375775 0.300000
v 1.852736 1.375775 -0.300000
v 1.842147 1.373393 0.300000
v 1.842147 1.373393 -0.300000
v 1.832022 1.370889 0.300000
v 1.832022 1.370889 -0.300000
v 1.822361 1.368263 0.300000
v 1.822361 1.368263 -0.300000
v 1.813165 1.365516 0.300000
v 1.813165 1.365516 -0.300000
v 1.804432 1.362645 0.300000
v 1.804432 1.362645 -0.300000
v 1.796139 1.359653 0.300000
v 1.796139 1.359653 -0.300000
v 1.788262 1.356539 0.300000
v 1.788262 1.356539 -0.300000
v 1.780800 1.353302 0.300000
v 1.780800 1.353302 -0.300000
v 1.773752 1.349943 0.300000
v 1.773752 1.349943 -0.300000
v 1.767121 1.346463 0.300000
v 1.767121 1.346463 -0.300000
v 1.760904 1.342860 0.300000
v 1.760904 1.342860 -0.300000
v 1.755103 1.339135 0.300000
v 1.755103 1.339135 -0.300000
v 1.749717 1.335288 0.300000
v 1.749717 1.335288 -0.300000
v 1.744746 1.331318 0.300000
v 1.744746 1.331318 -0.300000
v 1.740191 1.327227 0.300000
v 1.740191 1.327227 -0.300000
v 1.736050 1.323013 0.300000
v 1.736050 1.323013 -0.300000
v 1.732325 1.318678 0.300000
v 1.732325 1.318678 -0.300000
v 1.728954 1.314220 0.300000
v 1.728954 1.314220 -0.300000
v 1.725877 1.309640 0.300000
v 1.725877 1.309640 -0.300000
v 1.723092 1.304938 0.300000
v 1.723092 1.304938 -0.300000
v 1.720601 1.300113 0.300000
v 1.720601 1.300113 -0.300000
v 1.718402 1.295167 0.300000
v 1.718402 1.295167 -0.300000
v 1.716497 1.290099 0.300000
v 1.716497 1.290099 -0.300000
v 1.714885 1.284908 0.300000
v 1.714885 1.284908 -0.300000
v 1.713566 1.279595 0.300000
v 1.713566 1.279595 -0.300000
v 1.712540 1.274160 0.300000
v 1.712540 1.274160 -0.300000
v 1.711807 1.268604 0.300000
v 1.711807 1.268604 -0.300000
v 1.711367 1.262924 0.300000
v 1.711367 1.262924 -0.300000
v 1.711221 1.257123 0.300000
v 1.711221 1.257123 -0.300000
v 1.711221 -0.515652 0.300000
v 1.711221 -0.515652 -0.300000
v 1.711001 -0.555883 0.300000
v 1.711001 -0.555883 -0.300000
v 1.710341 -0.594501 0.300000
v 1.710341 -0.594501 -0.300000
v 1.709242 -0.631507 0.300000
v 1.709242 -0.631507 -0.300000
v 1.707703 -0.666901 0.300000
v 1.707703 -0.666901 -0.300000
v 1.705725 -0.700683 0.300000
v 1.705725 -0.700683 -0.300000
v 1.703306 -0.732853 0.300000
v 1.703306 -0.732853 -0.300000
v 1.700449 -0.763410 0.300000
v 1.700449 -0.763410 -0.300000
v 1.697151 -0.792355 0.300000
v 1.697151 -0.792355 -0.300000
v 1.693414 -0.819689 0.300000
v 1.693414 -0.819689 -0.300000
v 1.689237 -0.845410 0.300000
v 1.689237 -0.845410 -0.300000
v 1.684620 -0.869519 0.300000
v 1.684620 -0.869519 -0.300000
v 1.679564 -0.892015 0.300000
v 1.679564 -0.892015 -0.300000
v 1.674056 -0.913450 0.300000
v 1.674056 -0.913450 -0.300000
v 1.668084 -0.934371 0.300000
v 1.668084 -0.934371 -0.300000
v 1.661647 -0.954779 0.300000
v 1.661647 -0.954779 -0.300000
v 1.654747 -0.974674 0.300000
v 1.654747 -0.974674 -0.300000
v 1.647382 -0.994057 0.300000
v 1.647382 -0.994057 -0.300000
v 1.639553 -1.012926 0.300000
v 1.639553 -1.012926 -0.300000
v 1.631261 -1.031283 0.300000
v 1.631261 -1.031283 -0.300000
v 1.622504 -1.049126 0.300000
v 1.622504 -1.049126 -0.300000
v 1.613283 -1.066457 0.300000
v 1.613283 -1.066457 -0.300000
v 1.603598 -1.083275 0.300000
v 1.603598 -1.083275 -0.300000
v 1.593449 -1.099579 0.300000
v 1.593449 -1.099579 -0.300000
v 1.582835 -1.115371 0.300000
v 1.582835 -1.115371 -0.300000
v 1.571746 -1.130613 0.300000
v 1.571746 -1.130613 -0.300000
v 1.560167 -1.145269 0.300000
v 1.560167 -1.145269 -0.300000
v 1.548101 -1.159339 0.300000
v 1.548101 -1.159339 -0.300000
v 1.535546 -1.172822 0.300000
v 1.535546 -1.172822 -0.300000
v 1.522502 -1.185719 0.300000
v 1.522502 -1.185719 -0.300000
v 1.508970 -1.198030 0.300000
v 1.508970 -1.198030 -0.300000
v 1.494949 -1.209755 0.300000
v 1.494949 -1.209755 -0.300000
v 1.480440 -1.220893 0.300000
v 1.480440 -1.220893 -0.300000
v 1.465442 -1.231446 0.300000
v 1.465442 -1.231446 -0.300000
v 1.449955 -1.241412 0.300000
v 1.449955 -1.241412 -0.300000
v 1.433980 -1.250791 0.300000
v 1.433980 -1.250791 -0.300000
v 1.417517 -1.259585 0.300000
v 1.417517 -1.259585 -0.300000
v 1.400577 -1.267731 0.300000
v 1.400577 -1.267731 -0.300000
v 1.383173 -1.275169 0.300000
v 1.383173 -1.275169 -0.300000
v 1.365305 -1.281898 0.300000
v 1.365305 -1.281898 -0.300000
v 1.346973 -1.287920 0.300000
v 1.346973 -1.287920 -0.300000
v 1.328177 -1.293232 0.300000
v 1.328177 -1.293232 -0.300000
v 1.308917 -1.297837 0.300000
v 1.308917 -1.297837 -0.300000
v 1.289192 -1.301733 0.300000
v 1.289192 -1.301733 -0.300000
v 1.269004 -1.304920 0.300000
v 1.269004 -1.304920 -0.300000
v 1.248351 -1.307400 0.300000
v 1.248351 -1.307400 -0.300000
v 1.227235 -1.309171 0.300000
v 1.227235 -1.309171 -0.300000
v 1.205654 -1.310233 0.300000
v 1.205654 -1.310233 -0.300000
v 1.183609 -1.310587 0.300000
v 1.183609 -1.310587 -0.300000
v 1.155458 -1.309732 0.300000
v 1.155458 -1.309732 -0.300000
v 1.127282 -1.307168 0.300000
v 1.127282 -1.307168 -0.300000
v 1.099081 -1.302893 0.300000
v 1.099081 -1.302893 -0.300000
v 1.070856 -1.296909 0.300000
v 1.070856 -1.296909 -0.300000
v 1.042607 -1.289214 0.300000
v 1.042607 -1.289214 -0.300000
v 1.014334 -1.279810 0.300000
v 1.014334 -1.279810 -0.300000
v 0.986036 -1.268696 0.300000
v 0.986036 -1.268696 -0.300000
v 0.957713 -1.255872 0.300000
v 0.957713 -1.255872 -0.300000
v 0.929366 -1.241338 0.300000
v 0.929366 -1.241338 -0.300000
v 0.900995 -1.225095 0.300000
v 0.900995 -1.225095 -0.300000
v 0.872599 -1.207141 0.300000
v 0.872599 -1.207141 -0.300000
v 0.844179 -1.187478 0.300000
v 0.844179 -1.187478 -0.300000
v 0.815588 -1.166178 0.300000
v 0.815588 -1.166178 -0.300000
v 0.786679 -1.143315 0.300000
v 0.786679 -1.143315 -0.300000
v 0.757453 -1.118888 0.300000
v 0.757453 -1.118888 -0.300000
v 0.727909 -1.092899 0.300000
v 0.727909 -1.092899 -0.300000
v 0.698048 -1.065346 0.300000
v 0.698048 -1.065346 -0.300000
v 0.667869 -1.036229 0.300000
v 0.667869 -1.036229 -0.300000
v 0.637372 -1.005550 0.300000
v 0.637372 -1.005550 -0.300000
v 0.606558 -0.973307 0.300000
v 0.606558 -0.973307 -0.300000
v 0.575427 -0.939500 0.300000
v 0.575427 -0.939500 -0.300000
v 0.543978 -0.904131 0.300000
v 0.543978 -0.904131 -0.300000
v 0.512211 -0.867198 0.300000
v 0.512211 -0.867198 -0.300000
v 0.480127 -0.828702 0.300000
v 0.480127 -0.828702 -0.300000
v 0.480127 1.257123 0.300000
v 0.480127 1.257123 -0.300000
v 0.479992 1.262924 0.300000
v 0.479992 1.262924 -0.300000
v 0.479589 1.268604 0.300000
v 0.479589 1.268604 -0.300000
v 0.478918 1.274160 0.300000
v 0.478918 1.274160 -0.300000
v 0.477977 1.279595 0.300000
v 0.477977 1.279595 -0.300000
v 0.476768 1.284908 0.300000
v 0.476768 1.284908 -0.300000
v 0.475290 1.290099 0.300000
v 0.475290 1.290099 -0.300000
v 0.473544 1.295167 0.300000
v 0.473544 1.295167 -0.300000
v 0.471529 1.300113 0.300000
v 0.471529 1.300113 -0.300000
v 0.469245 1.304938 0.300000
v 0.469245 1.304938 -0.300000
v 0.466692 1.309640 0.300000
v 0.466692 1.309640 -0.300000
v 0.463871 1.314220 0.300000
v 0.463871 1.314220 -0.300000
v 0.460781 1.318678 0.300000
v 0.460781 1.318678 -0.300000
v 0.457337 1.323013 0.300000
v 0.457337 1.323013 -0.300000
v 0.453453 1.327227 0.300000
v 0.453453 1.327227 -0.300000
v 0.449130 1.331318 0.300000
v 0.449130 1.331318 -0.300000
v 0.444366 1.335287 0.300000
v 0.444366 1.335287 -0.300000
v 0.439164 1.339135 0.300000
v 0.439164 1.339135 -0.300000
v 0.433521 1.342860 0.300000
v 0.433521 1.342860 -0.300000
v 0.427439 1.346462 0.300000
v 0.427439 1.346462 -0.300000
v 0.420917 1.349943 0.300000
v 0.420917 1.349943 -0.300000
v 0.413955 1.353302 0.300000
v 0.413955 1.353302 -0.300000
v 0.406554 1.356539 0.300000
v 0.406554 1.356539 -0.300000
v 0.398713 1.359653 0.300000
v 0.398713 1.359653 -0.300000
v 0.390433 1.362645 0.300000
v 0.390433 1.362645 -0.300000
v 0.381700 1.365515 0.300000
v 0.381700 1.365515 -0.300000
v 0.372504 1.368263 0.300000
v 0.372504 1.368263 -0.300000
v 0.362843 1.370889 0.300000
v 0.362843 1.370889 -0.300000
v 0.352718 1.373393 0.300000
v 0.352718 1.373393 -0.300000
v 0.342129 1.375774 0.300000
v 0.342129 1.375774 -0.300000
v 0.331076 1.378034 0.300000
v 0.331076 1.378034 -0.300000
v 0.319559 1.380171 0.300000
v 0.319559 1.380171 -0.300000
v 0.307578 1.382186 0.300000
v 0.307578 1.382186 -0.300000
v 0.295133 1.384079 0.300000
v 0.295133 1.384079 -0.300000
v 0.282224 1.385850 0.300000
v 0.282223 1.385850 -0.300000
v 0.268850 1.387499 0.300000
v 0.268850 1.387499 -0.300000
v 0.255013 1.389026 0.300000
v 0.255012 1.389026 -0.300000
v 0.240625 1.390430 0.300000
v 0.240625 1.390430 -0.300000
v 0.225603 1.391713 0.300000
v 0.225603 1.391713 -0.300000
v 0.209946 1.392873 0.300000
v 0.209946 1.392873 -0.300000
v 0.193653 1.393911 0.300000
v 0.193653 1.393911 -0.300000
v 0.176726 1.394827 0.300000
v 0.176726 1.394827 -0.300000
v 0.159163 1.395621 0.300000
v 0.159163 1.395621 -0.300000
v 0.140965 1.396293 0.300000
v 0.140965 1.396293 -0.300000
v 0.122133 1.396842 0.300000
v 0.122132 1.396842 -0.300000
v 0.102665 1.397270 0.300000
v 0.102665 1.397270 -0.300000
v 0.082562 1.397575 0.300000
v 0.082562 1.397575 -0.300000
v 0.061824 1.397758 0.300000
v 0.061824 1.397758 -0.300000
v 0.040450 1.397820 0.300000
v 0.040450 1.397820 -0.300000
v 0.019077 1.397758 0.300000
v 0.019077 1.397758 -0.300000
v -0.001661 1.397575 0.300000
v -0.001661 1.397575 -0.300000
v -0.021764 1.397270 0.300000
v -0.021764 1.397270 -0.300000
v -0.041232 1.396842 0.300000
v -0.041232 1.396842 -0.300000
v -0.060065 1.396293 0.300000
v -0.060065 1.396293 -0.300000
v -0.078262 1.395621 0.300000
v -0.078262 1.395621 -0.300000
v -0.095825 1.394827 0.300000
v -0.095825 1.394827 -0.300000
v -0.112753 1.393911 0.300000
v -0.112753 1.393911 -0.300000
v -0.129045 1.392873 0.300000
v -0.129045 1.392873 -0.300000
v -0.144702 1.391713 0.300000
v -0.144702 1.391713 -0.300000
v -0.159725 1.390430 0.300000
v -0.159725 1.390430 -0.300000
v -0.174112 1.389026 0.300000
v -0.174112 1.389026 -0.300000
v -0.187937 1.387499 0.300000
v -0.187937 1.387499 -0.300000
v -0.201274 1.385850 0.300000
v -0.201274 1.385850 -0.300000
v -0.214122 1.384079 0.300000
v -0.214122 1.384079 -0.300000
v -0.226482 1.382186 0.300000
v -0.226482 1.382186 -0.300000
v -0.238353 1.380171 0.300000
v -0.238353 1.380171 -0.300000
v -0.249736 1.378034 0.300000
v -0.249736 1.378034 -0.300000
v -0.260630 1.375775 0.300000
v -0.260630 1.375775 -0.300000
v -0.271036 1.373393 0.300000
v -0.271036 1.373393 -0.300000
v -0.280953 1.370889 0.300000
v -0.280953 1.370889 -0.300000
v -0.290382 1.368263 0.300000
v -0.290382 1.368263 -0.300000
v -0.299322 1.365516 0.300000
v -0.299322 1.365516 -0.300000
v -0.307773 1.362645 0.300000
v -0.307773 1.362645 -0.300000
v -0.315785 1.359653 0.300000
v -0.315785 1.359653 -0.300000
v -0.323406 1.356539 0.300000
v -0.323406 1.356539 -0.300000
v -0.330636 1.353302 0.300000
v -0.330637 1.353302 -0.300000
v -0.337476 1.349943 0.300000
v -0.337476 1.349943 -0.300000
v -0.343924 1.346463 0.300000
v -0.343925 1.346463 -0.300000
v -0.349982 1.342860 0.300000
v -0.349982 1.342860 -0.300000
v -0.355649 1.339135 0.300000
v -0.355649 1.339135 -0.300000
v -0.360925 1.335288 0.300000
v -0.360925 1.335288 -0.300000
v -0.365811 1.331318 0.300000
v -0.365811 1.331318 -0.300000
v -0.370305 1.327227 0.300000
v -0.370305 1.327227 -0.300000
v -0.374409 1.323013 0.300000
v -0.374409 1.323013 -0.300000
v -0.378122 1.318678 0.300000
v -0.378122 1.318678 -0.300000
v -0.381493 1.314220 0.300000
v -0.381493 1.314220 -0.300000
v -0.384570 1.309640 0.300000
v -0.384570 1.309640 -0.300000
v -0.387355 1.304938 0.300000
v -0.387355 1.304938 -0.300000
v -0.389846 1.300113 0.300000
v -0.389846 1.300113 -0.300000
v -0.392045 1.295167 0.300000
v -0.392045 1.295167 -0.300000
v -0.393950 1.290099 0.300000
v -0.393950 1.290099 -0.300000
v -0.395562 1.284908 0.300000
v -0.395562 1.284908 -0.300000
v -0.396881 1.279595 0.300000
v -0.396881 1.279595 -0.300000
v -0.397907 1.274160 0.300000
v -0.397907 1.274160 -0.300000
v -0.398640 1.268604 0.300000
v -0.398640 1.268604 -0.300000
v -0.399079 1.262924 0.300000
v -0.399079 1.262924 -0.300000
v -5.187479 -0.079493 0.300000
v -5.187479 -0.079493 -0.300000
v -5.187479 -0.220190 0.300000
v -5.187479 -0.220190 -0.300000
v -5.186978 -0.246570 0.300000
v -5.186978 -0.246570 -0.300000
v -5.185476 -0.271778 0.300000
v -5.185476 -0.271778 -0.300000
v -5.182972 -0.295814 0.300000
v -5.182972 -0.295814 -0.300000
v -5.179467 -0.318677 0.300000
v -5.179467 -0.318677 -0.300000
v -5.174960 -0.340368 0.300000
v -5.174960 -0.340368 -0.300000
v -5.169452 -0.360886 0.300000
v -5.169452 -0.360886 -0.300000
v -5.162942 -0.380232 0.300000
v -5.162942 -0.380232 -0.300000
v -5.155432 -0.398405 0.300000
v -5.155432 -0.398405 -0.300000
v -5.146919 -0.415406 0.300000
v -5.146919 -0.415406 -0.300000
v -5.137405 -0.431234 0.300000
v -5.137405 -0.431234 -0.300000
v -5.126889 -0.445890 0.300000
v -5.126889 -0.445890 -0.300000
v -5.115372 -0.459374 0.300000
v -5.115372 -0.459374 -0.300000
v -5.102975 -0.471734 0.300000
v -5.102975 -0.471734 -0.300000
v -5.089822 -0.483019 0.300000
v -5.089822 -0.483019 -0.300000
v -5.075911 -0.493229 0.300000
v -5.075911 -0.493229 -0.300000
v -5.061243 -0.502364 0.300000
v -5.061243 -0.502364 -0.300000
v -5.045817 -0.510425 0.300000
v -5.045817 -0.510425 -0.300000
v -5.029635 -0.517411 0.300000
v -5.029635 -0.517411 -0.300000
v -5.012695 -0.523322 0.300000
v -5.012695 -0.523322 -0.300000
v -4.994998 -0.528159 0.300000
v -4.994998 -0.528159 -0.300000
v -4.976544 -0.531920 0.300000
v -4.976544 -0.531920 -0.300000
v -4.957333 -0.534607 0.300000
v -4.957333 -0.534607 -0.300000
v -4.937364 -0.536219 0.300000
v -4.937364 -0.536219 -0.300000
v -4.916638 -0.536757 0.300000
v -4.916638 -0.536757 -0.300000
v -3.006684 -0.536757 0.300000
v -3.006684 -0.536757 -0.300000
v -3.007013 -0.569916 0.300000
v -3.007013 -0.569916 -0.300000
v -3.008002 -0.602562 0.300000
v -3.008002 -0.602562 -0.300000
v -3.009651 -0.634695 0.300000
v -3.009651 -0.634695 -0.300000
v -3.011959 -0.666315 0.300000
v -3.011959 -0.666315 -0.300000
v -3.014927 -0.697422 0.300000
v -3.014927 -0.697422 -0.300000
v -3.018554 -0.728016 0.300000
v -3.018554 -0.728016 -0.300000
v -3.022841 -0.758097 0.300000
v -3.022841 -0.758097 -0.300000
v -3.027787 -0.787665 0.300000
v -3.027787 -0.787665 -0.300000
v -3.033393 -0.816721 0.300000
v -3.033393 -0.816721 -0.300000
v -3.039658 -0.845263 0.300000
v -3.039658 -0.845263 -0.300000
v -3.046583 -0.873292 0.300000
v -3.046583 -0.873292 -0.300000
v -3.054169 -0.900809 0.300000
v -3.054169 -0.900809 -0.300000
v -3.062474 -0.927727 0.300000
v -3.062474 -0.927727 -0.300000
v -3.071561 -0.953961 0.300000
v -3.071561 -0.953961 -0.300000
v -3.081429 -0.979511 0.300000
v -3.081429 -0.979511 -0.300000
v -3.092079 -1.004377 0.300000
v -3.092079 -1.004377 -0.300000
v -3.103510 -1.028559 0.300000
v -3.103510 -1.028559 -0.300000
v -3.115723 -1.052058 0.300000
v -3.115723 -1.052058 -0.300000
v -3.128718 -1.074872 0.300000
v -3.128718 -1.074872 -0.300000
v -3.142495 -1.097002 0.300000
v -3.142495 -1.097002 -0.300000
v -3.157053 -1.118449 0.300000
v -3.157053 -1.118449 -0.300000
v -3.172393 -1.139211 0.300000
v -3.172393 -1.139211 -0.300000
v -3.188514 -1.159290 0.300000
v -3.188514 -1.159290 -0.300000
v -3.205417 -1.178684 0.300000
v -3.205417 -1.178684 -0.300000
v -3.223126 -1.197358 0.300000
v -3.223126 -1.197358 -0.300000
v -3.241666 -1.215275 0.300000
v -3.241666 -1.215275 -0.300000
v -3.261037 -1.232435 0.300000
v -3.261037 -1.232435 -0.300000
v -3.281237 -1.248837 0.300000
v -3.281237 -1.248837 -0.300000
v -3.302269 -1.264482 0.300000
v -3.302269 -1.264482 -0.300000
v -3.324130 -1.279370 0.300000
v -3.324130 -1.279370 -0.300000
v -3.346822 -1.293501 0.300000
v -3.346822 -1.293501 -0.300000
v -3.370345 -1.306875 0.300000
v -3.370345 -1.306875 -0.300000
v -3.394698 -1.319491 0.300000
v -3.394698 -1.319491 -0.300000
v -3.419882 -1.331350 0.300000
v -3.419882 -1.331350 -0.300000
v -3.445896 -1.342452 0.300000
v -3.445896 -1.342452 -0.300000
v -3.472741 -1.352796 0.300000
v -3.472741 -1.352796 -0.300000
v -3.500452 -1.362347 0.300000
v -3.500452 -1.362347 -0.300000
v -3.529068 -1.371067 0.300000
v -3.529068 -1.371067 -0.300000
v -3.558588 -1.378957 0.300000
v -3.558588 -1.378957 -0.300000
v -3.589010 -1.386016 0.300000
v -3.589010 -1.386016 -0.300000
v -3.620337 -1.392245 0.300000
v -3.620337 -1.392245 -0.300000
v -3.652568 -1.397643 0.300000
v -3.652568 -1.397643 -0.300000
v -3.685703 -1.402211 0.300000
v -3.685703 -1.402211 -0.300000
v -3.719741 -1.405948 0.300000
v -3.719741 -1.405948 -0.300000
v -3.754683 -1.408855 0.300000
v -3.754683 -1.408855 -0.300000
v -3.790529 -1.410931 0.300000
v -3.790529 -1.410931 -0.300000
v -3.827279 -1.412177 0.300000
v -3.827279 -1.412177 -0.300000
v -3.864932 -1.412592 0.300000
v -3.864932 -1.412592 -0.300000
v -3.903233 -1.412360 0.300000
v -3.903233 -1.412360 -0.300000
v -3.940752 -1.411664 0.300000
v -3.940752 -1.411664 -0.300000
v -3.977489 -1.410504 0.300000
v -3.977489 -1.410504 -0.300000
v -4.013445 -1.408880 0.300000
v -4.013445 -1.408880 -0.300000
v -4.048619 -1.406791 0.300000
v -4.048619 -1.406791 -0.300000
v -4.083012 -1.404238 0.300000
v -4.083012 -1.404238 -0.300000
v -4.116622 -1.401222 0.300000
v -4.116622 -1.401222 -0.300000
v -4.149451 -1.397741 0.300000
v -4.149451 -1.397741 -0.300000
v -4.181499 -1.393796 0.300000
v -4.181499 -1.393796 -0.300000
v -4.212765 -1.389387 0.300000
v -4.212765 -1.389387 -0.300000
v -4.243249 -1.384514 0.300000
v -4.243249 -1.384514 -0.300000
v -4.272952 -1.379177 0.300000
v -4.272952 -1.379177 -0.300000
v -4.301934 -1.373559 0.300000
v -4.301934 -1.373559 -0.300000
v -4.330256 -1.367843 0.300000
v -4.330256 -1.367843 -0.300000
v -4.357919 -1.362029 0.300000
v -4.357919 -1.362029 -0.300000
v -4.384923 -1.356118 0.300000
v -4.384923 -1.356118 -0.300000
v -4.411267 -1.350109 0.300000
v -4.411267 -1.350109 -0.300000
v -4.436952 -1.344003 0.300000
v -4.436952 -1.344003 -0.300000
v -4.461977 -1.337798 0.300000
v -4.461977 -1.337798 -0.300000
v -4.486342 -1.331496 0.300000
v -4.486342 -1.331496 -0.300000
v -4.510048 -1.325097 0.300000
v -4.510048 -1.325097 -0.300000
v -4.533094 -1.318599 0.300000
v -4.533094 -1.318599 -0.300000
v -4.555481 -1.312004 0.300000
v -4.555481 -1.312004 -0.300000
v -4.577208 -1.305311 0.300000
v -4.577208 -1.305311 -0.300000
v -4.598300 -1.298618 0.300000
v -4.598300 -1.298618 -0.300000
v -4.618782 -1.292023 0.300000
v -4.618782 -1.292023 -0.300000
v -4.638653 -1.285526 0.300000
v -4.638653 -1.285526 -0.300000
v -4.657913 -1.279126 0.300000
v -4.657913 -1.279126 -0.300000
v -4.676563 -1.272824 0.300000
v -4.676563 -1.272824 -0.300000
v -4.694602 -1.266620 0.300000
v -4.694602 -1.266620 -0.300000
v -4.712030 -1.260513 0.300000
v -4.712030 -1.260513 -0.300000
v -4.728848 -1.254504 0.300000
v -4.728848 -1.254504 -0.300000
v -4.745055 -1.248593 0.300000
v -4.745055 -1.248593 -0.300000
v -4.760651 -1.242779 0.300000
v -4.760651 -1.242779 -0.300000
v -4.775636 -1.237064 0.300000
v -4.775636 -1.237064 -0.300000
v -4.790011 -1.231446 0.300000
v -4.790011 -1.231446 -0.300000
v -4.803861 -1.226108 0.300000
v -4.803861 -1.226108 -0.300000
v -4.817271 -1.221235 0.300000
v -4.817271 -1.221235 -0.300000
v -4.830242 -1.216826 0.300000
v -4.830242 -1.216826 -0.300000
v -4.842772 -1.212882 0.300000
v -4.842772 -1.212882 -0.300000
v -4.854863 -1.209401 0.300000
v -4.854863 -1.209401 -0.300000
v -4.866515 -1.206384 0.300000
v -4.866515 -1.206384 -0.300000
v -4.877727 -1.203832 0.300000
v -4.877727 -1.203832 -0.300000
v -4.888498 -1.201743 0.300000
v -4.888498 -1.201743 -0.300000
v -4.898831 -1.200119 0.300000
v -4.898831 -1.200119 -0.300000
v -4.908723 -1.198958 0.300000
v -4.908723 -1.198958 -0.300000
v -4.918177 -1.198262 0.300000
v -4.918177 -1.198262 -0.300000
v -4.927190 -1.198030 0.300000
v -4.927190 -1.198030 -0.300000
v -4.932393 -1.198116 0.300000
v -4.932393 -1.198116 -0.300000
v -4.937449 -1.198372 0.300000
v -4.937449 -1.198372 -0.300000
v -4.942359 -1.198799 0.300000
v -4.942359 -1.198799 -0.300000
v -4.947122 -1.199398 0.300000
v -4.947122 -1.199398 -0.300000
v -4.951739 -1.200167 0.300000
v -4.951739 -1.200167 -0.300000
v -4.956209 -1.201108 0.300000
v -4.956209 -1.201108 -0.300000
v -4.960532 -1.202219 0.300000
v -4.960532 -1.202219 -0.300000
v -4.964709 -1.203501 0.300000
v -4.964709 -1.203501 -0.300000
v -4.968740 -1.204955 0.300000
v -4.968740 -1.204955 -0.300000
v -4.972623 -1.206579 0.300000
v -4.972623 -1.206579 -0.300000
v -4.976360 -1.208375 0.300000
v -4.976360 -1.208375 -0.300000
v -4.979951 -1.210341 0.300000
v -4.979951 -1.210341 -0.300000
v -4.983420 -1.212527 0.300000
v -4.983420 -1.212527 -0.300000
v -4.986791 -1.214982 0.300000
v -4.986791 -1.214982 -0.300000
v -4.990064 -1.217706 0.300000
v -4.990064 -1.217706 -0.300000
v -4.993239 -1.220698 0.300000
v -4.993239 -1.220698 -0.300000
v -4.996317 -1.223959 0.300000
v -4.996317 -1.223959 -0.300000
v -4.999297 -1.227488 0.300000
v -4.999297 -1.227488 -0.300000
v -5.002180 -1.231287 0.300000
v -5.002180 -1.231287 -0.300000
v -5.004964 -1.235354 0.300000
v -5.004964 -1.235354 -0.300000
v -5.007651 -1.239689 0.300000
v -5.007651 -1.239689 -0.299999
v -5.010241 -1.244294 0.300000
v -5.010241 -1.244294 -0.299999
v -5.012732 -1.249167 0.300000
v -5.012732 -1.249167 -0.299999
v -5.015125 -1.254309 0.300000
v -5.015125 -1.254309 -0.299999
v -5.017409 -1.259768 0.300000
v -5.017409 -1.259768 -0.299999
v -5.019571 -1.265594 0.300000
v -5.019571 -1.265594 -0.299999
v -5.021611 -1.271786 0.300000
v -5.021611 -1.271786 -0.299999
v -5.023528 -1.278344 0.300000
v -5.023528 -1.278344 -0.299999
v -5.025324 -1.285269 0.300000
v -5.025324 -1.285269 -0.299999
v -5.026997 -1.292560 0.300000
v -5.026997 -1.292560 -0.299999
v -5.028548 -1.300218 0.300000
v -5.028548 -1.300218 -0.299999
v -5.029976 -1.308242 0.300000
v -5.029976 -1.308242 -0.299999
v -5.031283 -1.316633 0.300000
v -5.031283 -1.316633 -0.299999
v -5.032467 -1.325390 0.300000
v -5.032467 -1.325390 -0.299999
v -5.033530 -1.334513 0.300000
v -5.033530 -1.334513 -0.299999
v -5.034471 -1.344003 0.300000
v -5.034471 -1.344003 -0.299999
v -5.035314 -1.353883 0.300000
v -5.035314 -1.353883 -0.299999
v -5.036083 -1.364179 0.300000
v -5.036083 -1.364179 -0.299999
v -5.036779 -1.374890 0.300000
v -5.036779 -1.374890 -0.299999
v -5.037403 -1.386016 0.300000
v -5.037403 -1.386016 -0.299999
v -5.037952 -1.397558 0.300000
v -5.037952 -1.397558 -0.299999
v -5.038428 -1.409515 0.300000
v -5.038428 -1.409515 -0.299999
v -5.038831 -1.421887 0.300000
v -5.038831 -1.421887 -0.299999
v -5.039161 -1.434674 0.300000
v -5.039161 -1.434674 -0.299999
v -5.039417 -1.447876 0.300000
v -5.039417 -1.447876 -0.299999
v -5.039600 -1.461494 0.300000
v -5.039600 -1.461494 -0.299999
v -5.039710 -1.475527 0.300000
v -5.039710 -1.475527 -0.299999
v -5.039747 -1.489975 0.300000
v -5.039747 -1.489975 -0.299999
v -5.039723 -1.502714 0.300000
v -5.039723 -1.502714 -0.299999
v -5.039649 -1.515135 0.300000
v -5.039649 -1.515135 -0.299999
v -5.039527 -1.527238 0.300000
v -5.039527 -1.527238 -0.299999
v -5.039356 -1.539024 0.300000
v -5.039356 -1.539024 -0.299999
v -5.039136 -1.550492 0.300000
v -5.039136 -1.550492 -0.299999
v -5.038867 -1.561643 0.300000
v -5.038867 -1.561643 -0.299999
v -5.038550 -1.572476 0.300000
v -5.038550 -1.572476 -0.299999
v -5.038183 -1.582991 0.300000
v -5.038183 -1.582991 -0.299999
v -5.037768 -1.593189 0.300000
v -5.037768 -1.593189 -0.299999
v -5.037303 -1.603070 0.300000
v -5.037303 -1.603070 -0.299999
v -5.036790 -1.612633 0.300000
v -5.036790 -1.612633 -0.299999
v -5.036230 -1.621878 0.300000
v -5.036230 -1.621878 -0.299999
v -5.035620 -1.630855 0.300000
v -5.035620 -1.630855 -0.299999
v -5.034961 -1.639612 0.300000
v -5.034961 -1.639612 -0.299999
v -5.034252 -1.648149 0.300000
v -5.034252 -1.648149 -0.299999
v -5.033495 -1.656466 0.300000
v -5.033495 -1.656466 -0.299999
v -5.032690 -1.664564 0.300000
v -5.032690 -1.664564 -0.299999
v -5.031835 -1.672441 0.300000
v -5.031835 -1.672441 -0.299999
v -5.030931 -1.680099 0.300000
v -5.030931 -1.680099 -0.299999
v -5.029979 -1.687537 0.300000
v -5.029979 -1.687537 -0.299999
v -5.028977 -1.694755 0.300000
v -5.028977 -1.694755 -0.299999
v -5.027927 -1.701753 0.300000
v -5.027927 -1.701753 -0.299999
v -5.026828 -1.708531 0.300000
v -5.026828 -1.708531 -0.299999
v -5.025678 -1.715090 0.300000
v -5.025678 -1.715090 -0.299999
v -5.024457 -1.721453 0.300000
v -5.024457 -1.721453 -0.299999
v -5.023137 -1.727645 0.300000
v -5.023137 -1.727645 -0.299999
v -5.021720 -1.733666 0.300000
v -5.021720 -1.733666 -0.299999
v -5.020206 -1.739516 0.300000
v -5.020206 -1.739516 -0.299999
v -5.018594 -1.745195 0.300000
v -5.018594 -1.745195 -0.299999
v -5.016884 -1.750703 0.300000
v -5.016884 -1.750703 -0.299999
v -5.015076 -1.756041 0.300000
v -5.015076 -1.756041 -0.299999
v -5.013170 -1.761207 0.300000
v -5.013170 -1.761207 -0.299999
v -5.011167 -1.766202 0.300000
v -5.011167 -1.766202 -0.299999
v -5.009066 -1.771026 0.300000
v -5.009066 -1.771026 -0.299999
v -5.006867 -1.775679 0.300000
v -5.006867 -1.775679 -0.299999
v -5.004573 -1.780162 0.300000
v -5.004573 -1.780162 -0.299999
v -5.002167 -1.784546 0.300000
v -5.002167 -1.784546 -0.299999
v -4.999639 -1.788906 0.300000
v -4.999639 -1.788906 -0.299999
v -4.996989 -1.793242 0.300000
v -4.996989 -1.793242 -0.299999
v -4.994216 -1.797553 0.300000
v -4.994216 -1.797553 -0.299999
v -4.991322 -1.801840 0.300000
v -4.991322 -1.801840 -0.299999
v -4.988305 -1.806102 0.300000
v -4.988305 -1.806102 -0.299999
v -4.985167 -1.810340 0.300000
v -4.985167 -1.810340 -0.299999
v -4.981905 -1.814554 0.300000
v -4.981905 -1.814554 -0.299999
v -4.978522 -1.818743 0.300000
v -4.978522 -1.818743 -0.299999
v -4.975018 -1.822908 0.300000
v -4.975018 -1.822908 -0.299999
v -4.971390 -1.827048 0.300000
v -4.971390 -1.827048 -0.299999
v -4.967640 -1.831164 0.300000
v -4.967640 -1.831164 -0.299999
v -4.963280 -1.835390 0.300000
v -4.963280 -1.835390 -0.299999
v -4.957821 -1.839860 0.300000
v -4.957821 -1.839860 -0.299999
v -4.951262 -1.844574 0.300000
v -4.951262 -1.844574 -0.299999
v -4.943605 -1.849533 0.300000
v -4.943605 -1.849533 -0.299999
v -4.934848 -1.854736 0.300000
v -4.934848 -1.854736 -0.299999
v -4.924992 -1.860183 0.300000
v -4.924992 -1.860183 -0.299999
v -4.914037 -1.865874 0.300000
v -4.914037 -1.865874 -0.299999
v -4.901982 -1.871810 0.300000
v -4.901982 -1.871810 -0.299999
v -4.888829 -1.877990 0.300000
v -4.888829 -1.877990 -0.299999
v -4.874576 -1.884414 0.300000
v -4.874576 -1.884414 -0.299999
v -4.859224 -1.891082 0.300000
v -4.859224 -1.891082 -0.299999
v -4.842772 -1.897995 0.300000
v -4.842772 -1.897995 -0.299999
v -4.825381 -1.905017 0.300000
v -4.825381 -1.905017 -0.299999
v -4.807208 -1.912016 0.300000
v -4.807208 -1.912016 -0.299999
v -4.788253 -1.918989 0.300000
v -4.788253 -1.918989 -0.299999
v -4.768516 -1.925939 0.300000
v -4.768516 -1.925939 -0.299999
v -4.747998 -1.932864 0.300000
v -4.747998 -1.932864 -0.299999
v -4.726698 -1.939764 0.300000
v -4.726698 -1.939764 -0.299999
v -4.704617 -1.946640 0.300000
v -4.704617 -1.946640 -0.299999
v -4.681753 -1.953492 0.300000
v -4.681753 -1.953492 -0.299999
v -4.658108 -1.960319 0.300000
v -4.658108 -1.960319 -0.299999
v -4.633682 -1.967122 0.300000
v -4.633682 -1.967122 -0.300000
v -4.608473 -1.973900 0.300000
v -4.608473 -1.973900 -0.300000
v -4.582484 -1.980654 0.300000
v -4.582484 -1.980654 -0.300000
v -4.555786 -1.987323 0.300000
v -4.555786 -1.987323 -0.300000
v -4.528452 -1.993844 0.300000
v -4.528452 -1.993844 -0.300000
v -4.500484 -2.000220 0.300000
v -4.500484 -2.000220 -0.300000
v -4.471881 -2.006448 0.300000
v -4.471881 -2.006448 -0.300000
v -4.442642 -2.012531 0.300000
v -4.442642 -2.012531 -0.300000
v -4.412769 -2.018466 0.300000
v -4.412769 -2.018466 -0.300000
v -4.382260 -2.024255 0.300000
v -4.382260 -2.024255 -0.300000
v -4.351116 -2.029898 0.300000
v -4.351116 -2.029898 -0.300000
v -4.319338 -2.035394 0.300000
v -4.319338 -2.035394 -0.300000
v -4.286924 -2.040743 0.300000
v -4.286924 -2.040743 -0.300000
v -4.253875 -2.045946 0.300000
v -4.253875 -2.045946 -0.300000
v -4.220191 -2.051003 0.300000
v -4.220191 -2.051003 -0.300000
v -4.185994 -2.055778 0.300000
v -4.185994 -2.055778 -0.300000
v -4.151406 -2.060138 0.300000
v -4.151406 -2.060138 -0.300000
v -4.116427 -2.064083 0.300000
v -4.116427 -2.064083 -0.300000
v -4.081058 -2.067612 0.300000
v -4.081058 -2.067612 -0.300000
v -4.045297 -2.070727 0.300000
v -4.045297 -2.070727 -0.300000
v -4.009146 -2.073426 0.300000
v -4.009146 -2.073426 -0.300000
v -3.972604 -2.075710 0.300000
v -3.972604 -2.075710 -0.300000
v -3.935671 -2.077579 0.300000
v -3.935671 -2.077579 -0.300000
v -3.898348 -2.079032 0.300000
v -3.898348 -2.079032 -0.300000
v -3.860633 -2.080070 0.300000
v -3.860633 -2.080070 -0.300000
v -3.822528 -2.080693 0.300000
v -3.822528 -2.080693 -0.300000
v -3.784032 -2.080900 0.300000
v -3.784032 -2.080900 -0.300000
v -3.714990 -2.080168 0.300000
v -3.714990 -2.080168 -0.300000
v -3.647390 -2.077969 0.300000
v -3.647390 -2.077969 -0.300000
v -3.581231 -2.074305 0.300000
v -3.581231 -2.074305 -0.300000
v -3.516513 -2.069175 0.300000
v -3.516513 -2.069175 -0.300000
v -3.453236 -2.062580 0.300000
v -3.453236 -2.062580 -0.300000
v -3.391401 -2.054520 0.300000
v -3.391401 -2.054520 -0.300000
v -3.331006 -2.044993 0.300000
v -3.331006 -2.044993 -0.300000
v -3.272053 -2.034001 0.300000
v -3.272053 -2.034001 -0.300000
v -3.214541 -2.021544 0.300000
v -3.214541 -2.021544 -0.300000
v -3.158470 -2.007621 0.300000
v -3.158470 -2.007621 -0.300000
v -3.103840 -1.992232 0.300000
v -3.103840 -1.992232 -0.300000
v -3.050651 -1.975378 0.300000
v -3.050651 -1.975378 -0.300000
v -2.998904 -1.957034 0.300000
v -2.998904 -1.957034 -0.300000
v -2.948597 -1.937175 0.300000
v -2.948597 -1.937175 -0.300000
v -2.899732 -1.915802 0.300000
v -2.899732 -1.915802 -0.300000
v -2.852309 -1.892914 0.300000
v -2.852309 -1.892914 -0.300000
v -2.806325 -1.868512 0.300000
v -2.806325 -1.868512 -0.300000
v -2.761784 -1.842596 0.300000
v -2.761784 -1.842596 -0.300000
v -2.718683 -1.815165 0.300000
v -2.718683 -1.815165 -0.300000
v -2.677024 -1.786219 0.300000
v -2.677024 -1.786219 -0.300000
v -2.636806 -1.755760 0.300000
v -2.636806 -1.755760 -0.300000
v -2.598029 -1.723785 0.300000
v -2.598029 -1.723785 -0.300000
v -2.560693 -1.690297 0.300000
v -2.560693 -1.690297 -0.300000
v -2.524798 -1.655294 0.300000
v -2.524798 -1.655294 -0.300000
v -2.490369 -1.618752 0.300000
v -2.490369 -1.618752 -0.300000
v -2.457430 -1.580646 0.300000
v -2.457430 -1.580646 -0.300000
v -2.425981 -1.540978 0.300000
v -2.425981 -1.540978 -0.300000
v -2.396022 -1.499746 0.300000
v -2.396022 -1.499746 -0.300000
v -2.367553 -1.456951 0.300000
v -2.367553 -1.456951 -0.300000
v -2.340574 -1.412592 0.300000
v -2.340574 -1.412592 -0.300000
v -2.315085 -1.366670 0.300000
v -2.315085 -1.366670 -0.300000
v -2.291086 -1.319185 0.300000
v -2.291086 -1.319185 -0.300000
v -2.268577 -1.270137 0.300000
v -2.268577 -1.270137 -0.300000
v -2.247558 -1.219525 0.300000
v -2.247558 -1.219525 -0.300000
v -2.228029 -1.167350 0.300000
v -2.228029 -1.167350 -0.300000
v -2.209990 -1.113612 0.300000
v -2.209990 -1.113612 -0.300000
v -2.193417 -1.058311 0.300000
v -2.193417 -1.058311 -0.300000
v -2.178285 -1.001446 0.300000
v -2.178285 -1.001446 -0.300000
v -2.164593 -0.943018 0.300000
v -2.164593 -0.943018 -0.300000
v -2.152344 -0.883026 0.300000
v -2.152344 -0.883026 -0.300000
v -2.141535 -0.821472 0.300000
v -2.141535 -0.821472 -0.300000
v -2.132167 -0.758354 0.300000
v -2.132167 -0.758354 -0.300000
v -2.124241 -0.693672 0.300000
v -2.124241 -0.693672 -0.300000
v -2.117756 -0.627428 0.300000
v -2.117756 -0.627428 -0.300000
v -2.112711 -0.559620 0.300000
v -2.112711 -0.559620 -0.300000
v -2.109108 -0.490249 0.300000
v -2.109108 -0.490249 -0.300000
v -2.106947 -0.419314 0.300000
v -2.106947 -0.419314 -0.300000
v -2.106226 -0.346817 0.300000
v -2.106226 -0.346817 -0.300000
v -2.106984 -0.277629 0.300000
v -2.106984 -0.277629 -0.300000
v -2.109255 -0.209589 0.300000
v -2.109255 -0.209589 -0.300000
v -2.113041 -0.142697 0.300000
v -2.113041 -0.142697 -0.300000
v -2.118342 -0.076953 0.300000
v -2.118342 -0.076953 -0.300000
v -2.125157 -0.012357 0.300000
v -2.125157 -0.012357 -0.300000
v -2.133487 0.051091 0.300000
v -2.133487 0.051091 -0.300000
v -2.143330 0.113390 0.300000
v -2.143330 0.113390 -0.300000
v -2.154689 0.174542 0.300000
v -2.154689 0.174542 -0.300000
v -2.167561 0.234546 0.300000
v -2.167561 0.234546 -0.300000
v -2.181949 0.293401 0.300000
v -2.181949 0.293401 -0.300000
v -2.197850 0.351109 0.300000
v -2.197850 0.351109 -0.300000
v -2.215266 0.407668 0.300000
v -2.215266 0.407668 -0.300000
v -2.234123 0.462945 0.300000
v -2.234123 0.462945 -0.300000
v -2.254349 0.516806 0.300000
v -2.254349 0.516806 -0.300000
v -2.275942 0.569249 0.300000
v -2.275942 0.569249 -0.300000
v -2.298903 0.620276 0.300000
v -2.298903 0.620276 -0.300000
v -2.323231 0.669886 0.300000
v -2.323231 0.669886 -0.300000
v -2.348928 0.718080 0.300000
v -2.348928 0.718080 -0.300000
v -2.375992 0.764856 0.300000
v -2.375992 0.764856 -0.300000
v -2.404425 0.810216 0.300000
v -2.404425 0.810216 -0.300000
v -2.434225 0.854159 0.300000
v -2.434225 0.854159 -0.300000
v -2.465393 0.896686 0.300000
v -2.465393 0.896686 -0.300000
v -2.497929 0.937796 0.300000
v -2.497929 0.937796 -0.300000
v -2.531833 0.977489 0.300000
v -2.531833 0.977489 -0.300000
v -2.567044 1.015704 0.300000
v -2.567044 1.015704 -0.300000
v -2.603500 1.052380 0.300000
v -2.603500 1.052380 -0.300000
v -2.641203 1.087518 0.300000
v -2.641203 1.087518 -0.300000
v -2.680151 1.121116 0.300000
v -2.680151 1.121116 -0.300000
v -2.720345 1.153176 0.300000
v -2.720345 1.153176 -0.300000
v -2.761784 1.183697 0.300000
v -2.761784 1.183697 -0.300000
v -2.804470 1.212679 0.300000
v -2.804470 1.212679 -0.300000
v -2.848401 1.240122 0.300000
v -2.848401 1.240122 -0.300000
v -2.893577 1.266026 0.300000
v -2.893577 1.266026 -0.300000
v -2.940000 1.290392 0.300000
v -2.940000 1.290392 -0.300000
v -2.987668 1.313218 0.300000
v -2.987668 1.313218 -0.300000
v -3.036582 1.334506 0.300000
v -3.036582 1.334506 -0.300000
v -3.086643 1.354169 0.300000
v -3.086643 1.354169 -0.300000
v -3.137756 1.372123 0.300000
v -3.137756 1.372123 -0.300000
v -3.189919 1.388366 0.300000
v -3.189919 1.388366 -0.300000
v -3.243132 1.402900 0.300000
v -3.243132 1.402900 -0.300000
v -3.297395 1.415724 0.300000
v -3.297395 1.415724 -0.300000
v -3.352709 1.426838 0.300000
v -3.352709 1.426838 -0.300000
v -3.409073 1.436242 0.300000
v -3.409073 1.436242 -0.300000
v -3.466487 1.443937 0.300000
v -3.466487 1.443937 -0.300000
v -3.524952 1.449921 0.300000
v -3.524952 1.449921 -0.300000
v -3.584467 1.454196 0.300000
v -3.584467 1.454196 -0.300000
v -3.645032 1.456761 0.300000
v -3.645032 1.456761 -0.300000
v -3.706648 1.457615 0.300000
v -3.706648 1.457615 -0.300000
v -3.771513 1.456810 0.300000
v -3.771513 1.456810 -0.300000
v -3.834790 1.454391 0.300000
v -3.834790 1.454391 -0.300000
v -3.896479 1.450361 0.300000
v -3.896479 1.450361 -0.300000
v -3.956580 1.444719 0.300000
v -3.956580 1.444719 -0.300000
v -4.015094 1.437464 0.300000
v -4.015094 1.437464 -0.300000
v -4.072020 1.428597 0.300000
v -4.072020 1.428597 -0.300000
v -4.127357 1.418118 0.300000
v -4.127357 1.418118 -0.300000
v -4.181108 1.406027 0.300000
v -4.181108 1.406027 -0.300000
v -4.233271 1.392324 0.300000
v -4.233271 1.392324 -0.300000
v -4.283846 1.377008 0.300000
v -4.283846 1.377008 -0.300000
v -4.332833 1.360081 0.300000
v -4.332833 1.360081 -0.300000
v -4.380233 1.341541 0.300000
v -4.380233 1.341541 -0.300000
v -4.426142 1.321572 0.300000
v -4.426142 1.321572 -0.300000
v -4.470659 1.300358 0.300000
v -4.470659 1.300358 -0.300000
v -4.513784 1.277897 0.300000
v -4.513784 1.277897 -0.300000
v -4.555517 1.254191 0.300000
v -4.555517 1.254191 -0.300000
v -4.595857 1.229240 0.300000
v -4.595857 1.229240 -0.300000
v -4.634805 1.203042 0.300000
v -4.634805 1.203042 -0.300000
v -4.672361 1.175599 0.300000
v -4.672361 1.175599 -0.300000
v -4.708524 1.146910 0.300000
v -4.708524 1.146910 -0.300000
v -4.743295 1.116976 0.300000
v -4.743295 1.116976 -0.300000
v -4.776674 1.085795 0.300000
v -4.776674 1.085795 -0.300000
v -4.808661 1.053369 0.300000
v -4.808661 1.053369 -0.300000
v -4.839255 1.019698 0.300000
v -4.839255 1.019698 -0.300000
v -4.868494 0.984878 0.300000
v -4.868494 0.984878 -0.300000
v -4.896413 0.949008 0.300000
v -4.896413 0.949008 -0.300000
v -4.923013 0.912087 0.300000
v -4.923013 0.912087 -0.300000
v -4.948295 0.874116 0.300000
v -4.948295 0.874116 -0.300000
v -4.972257 0.835095 0.300000
v -4.972257 0.835095 -0.300000
v -4.994901 0.795023 0.300000
v -4.994901 0.795023 -0.300000
v -5.016225 0.753901 0.300000
v -5.016225 0.753901 -0.300000
v -5.036231 0.711729 0.300000
v -5.036231 0.711729 -0.300000
v -5.054917 0.668506 0.300000
v -5.054917 0.668506 -0.300000
v -5.072285 0.624233 0.300000
v -5.072285 0.624233 -0.300000
v -5.088334 0.578910 0.300000
v -5.088334 0.578910 -0.300000
v -5.103061 0.532536 0.300000
v -5.103061 0.532536 -0.300000
v -5.116544 0.485295 0.300000
v -5.116544 0.485295 -0.300000
v -5.128855 0.437371 0.300000
v -5.128855 0.437371 -0.300000
v -5.139994 0.388762 0.300000
v -5.139994 0.388762 -0.300000
v -5.149960 0.339469 0.300000
v -5.149960 0.339469 -0.300000
v -5.158753 0.289493 0.300000
v -5.158753 0.289493 -0.300000
v -5.166374 0.238832 0.300000
v -5.166374 0.238832 -0.300000
v -5.172822 0.187488 0.300000
v -5.172822 0.187488 -0.300000
v -5.178099 0.135459 0.300000
v -5.178099 0.135459 -0.300000
v -5.182202 0.082747 0.300000
v -5.182202 0.082747 -0.300000
v -5.185134 0.029351 0.300000
v -5.185134 0.029351 -0.300000
v -5.186893 -0.024729 0.300000
v -5.186893 -0.024729 -0.300000
v -3.006684 0.033064 0.300000
v -3.006684 0.033064 -0.300000
v -4.329230 0.033064 0.300000
v -4.329230 0.033064 -0.300000
v -4.329804 0.094093 0.300000
v -4.329804 0.094093 -0.300000
v -4.328009 0.152900 0.300000
v -4.328009 0.152900 -0.300000
v -4.323844 0.209484 0.300000
v -4.323844 0.209484 -0.300000
v -4.317310 0.263845 0.300000
v -4.317310 0.263845 -0.300000
v -4.308407 0.315983 0.300000
v -4.308407 0.315983 -0.300000
v -4.297134 0.365899 0.300000
v -4.297134 0.365899 -0.300000
v -4.283492 0.413592 0.300000
v -4.283492 0.413592 -0.300000
v -4.267480 0.459061 0.300000
v -4.267480 0.459061 -0.300000
v -4.249099 0.502308 0.300000
v -4.249099 0.502308 -0.300000
v -4.228349 0.543333 0.300000
v -4.228349 0.543333 -0.300000
v -4.205229 0.582134 0.300000
v -4.205229 0.582134 -0.300000
v -4.179740 0.618713 0.300000
v -4.179740 0.618713 -0.300000
v -4.151857 0.652702 0.300000
v -4.151857 0.652702 -0.300000
v -4.121556 0.683736 0.300000
v -4.121556 0.683736 -0.300000
v -4.088837 0.711814 0.300000
v -4.088837 0.711814 -0.300000
v -4.053699 0.736937 0.300000
v -4.053699 0.736937 -0.300000
v -4.016144 0.759104 0.300000
v -4.016144 0.759104 -0.300000
v -3.976170 0.778315 0.300000
v -3.976170 0.778315 -0.300000
v -3.933778 0.794571 0.300000
v -3.933778 0.794571 -0.300000
v -3.888968 0.807871 0.300000
v -3.888968 0.807871 -0.300000
v -3.841739 0.818216 0.300000
v -3.841739 0.818216 -0.300000
v -3.792092 0.825605 0.300000
v -3.792092 0.825605 -0.300000
v -3.740027 0.830038 0.300000
v -3.740027 0.830038 -0.300000
v -3.685544 0.831516 0.300000
v -3.685544 0.831516 -0.300000
v -3.657710 0.831076 0.300000
v -3.657710 0.831076 -0.300000
v -3.630487 0.829757 0.300000
v -3.630487 0.829757 -0.300000
v -3.603874 0.827559 0.300000
v -3.603874 0.827559 -0.300000
v -3.577873 0.824481 0.300000
v -3.577873 0.824481 -0.300000
v -3.552481 0.820524 0.300000
v -3.552481 0.820524 -0.300000
v -3.527701 0.815688 0.300000
v -3.527701 0.815688 -0.300000
v -3.503531 0.809972 0.300000
v -3.503531 0.809972 -0.300000
v -3.479971 0.803377 0.300000
v -3.479971 0.803377 -0.300000
v -3.457023 0.795902 0.300000
v -3.457023 0.795902 -0.300000
v -3.434685 0.787548 0.300000
v -3.434685 0.787548 -0.300000
v -3.412957 0.778315 0.300000
v -3.412957 0.778315 -0.300000
v -3.391840 0.768203 0.300000
v -3.391840 0.768203 -0.300000
v -3.371322 0.757345 0.300000
v -3.371322 0.757345 -0.300000
v -3.351390 0.745877 0.300000
v -3.351390 0.745877 -0.300000
v -3.332044 0.733798 0.300000
v -3.332044 0.733798 -0.300000
v -3.313284 0.721109 0.300000
v -3.313284 0.721109 -0.300000
v -3.295111 0.707808 0.300000
v -3.295111 0.707808 -0.300000
v -3.277524 0.693898 0.300000
v -3.277524 0.693898 -0.300000
v -3.260523 0.679376 0.300000
v -3.260523 0.679376 -0.300000
v -3.244109 0.664244 0.300000
v -3.244109 0.664244 -0.300000
v -3.228281 0.648501 0.300000
v -3.228281 0.648501 -0.300000
v -3.213038 0.632147 0.300000
v -3.213038 0.632147 -0.300000
v -3.198383 0.615183 0.300000
v -3.198383 0.615183 -0.300000
v -3.184313 0.597608 0.300000
v -3.184313 0.597608 -0.300000
v -3.170805 0.579460 0.300000
v -3.170805 0.579460 -0.300000
v -3.157835 0.560773 0.300000
v -3.157835 0.560773 -0.300000
v -3.145401 0.541550 0.300000
v -3.145401 0.541550 -0.300000
v -3.133506 0.521789 0.300000
v -3.133506 0.521789 -0.300000
v -3.122148 0.501490 0.300000
v -3.122148 0.501490 -0.300000
v -3.111327 0.480654 0.300000
v -3.111327 0.480654 -0.300000
v -3.101043 0.459281 0.300000
v -3.101043 0.459281 -0.300000
v -3.091297 0.437371 0.300000
v -3.091297 0.437371 -0.300000
v -3.082088 0.414923 0.300000
v -3.082088 0.414923 -0.300000
v -3.073417 0.391937 0.300000
v -3.073417 0.391937 -0.300000
v -3.065283 0.368415 0.300000
v -3.065283 0.368415 -0.300000
v -3.057686 0.344355 0.300000
v -3.057686 0.344355 -0.300000
v -3.050615 0.319892 0.300000
v -3.050615 0.319892 -0.300000
v -3.044056 0.295160 0.300000
v -3.044056 0.295160 -0.300000
v -3.038011 0.270159 0.300000
v -3.038011 0.270159 -0.300000
v -3.032478 0.244890 0.300000
v -3.032478 0.244890 -0.300000
v -3.027458 0.219352 0.300000
v -3.027458 0.219352 -0.300000
v -3.022952 0.193546 0.300000
v -3.022952 0.193546 -0.300000
v -3.018958 0.167470 0.300000
v -3.018958 0.167470 -0.300000
v -3.015477 0.141127 0.300000
v -3.015477 0.141127 -0.300000
v -3.012509 0.114514 0.300000
v -3.012509 0.114514 -0.300000
v -3.010055 0.087633 0.300000
v -3.010055 0.087633 -0.300000
v -3.008113 0.060483 0.300000
v -3.008113 0.060483 -0.300000
v -9.989801 0.462188 0.300001
v -9.989801 0.462188 -0.299999
v -10.005531 0.407595 0.300001
v -10.005531 0.407595 -0.299999
v -10.019894 0.351683 0.300001
v -10.019894 0.351683 -0.299999
v -10.032888 0.294451 0.300001
v -10.032888 0.294451 -0.299999
v -10.044516 0.235901 0.300001
v -10.044516 0.235901 -0.299999
v -10.054774 0.176032 0.300001
v -10.054774 0.176032 -0.299999
v -10.063665 0.114844 0.300001
v -10.063665 0.114844 -0.299999
v -10.071188 0.052336 0.300001
v -10.071188 0.052336 -0.299999
v -10.077343 -0.011490 0.300001
v -10.077343 -0.011490 -0.299999
v -10.082130 -0.076635 0.300001
v -10.082130 -0.076635 -0.299999
v -10.085549 -0.143100 0.300001
v -10.085549 -0.143100 -0.299999
v -10.087601 -0.210883 0.300001
v -10.087601 -0.210883 -0.299999
v -10.088289 -0.279986 0.300001
v -10.088289 -0.279986 -0.299999
v -10.087556 -0.346328 0.300001
v -10.087556 -0.346328 -0.299999
v -10.085358 -0.411693 0.300001
v -10.085358 -0.411693 -0.299999
v -10.081693 -0.476081 0.300001
v -10.081693 -0.476081 -0.299999
v -10.076563 -0.539493 0.300001
v -10.076563 -0.539493 -0.299999
v -10.069969 -0.601927 0.300001
v -10.069969 -0.601927 -0.299999
v -10.061908 -0.663384 0.300001
v -10.061908 -0.663384 -0.299999
v -10.052382 -0.723864 0.300001
v -10.052382 -0.723864 -0.299999
v -10.041389 -0.783366 0.300001
v -10.041389 -0.783366 -0.299999
v -10.028933 -0.841892 0.300001
v -10.028933 -0.841892 -0.299999
v -10.015009 -0.899441 0.300001
v -10.015009 -0.899441 -0.299999
v -9.999619 -0.956013 0.300001
v -9.999619 -0.956013 -0.299999
v -9.982766 -1.011607 0.300001
v -9.982766 -1.011607 -0.299999
v -9.964422 -1.066078 0.300001
v -9.964422 -1.066078 -0.299999
v -9.944564 -1.119279 0.300001
v -9.944564 -1.119279 -0.299999
v -9.923190 -1.171210 0.300001
v -9.923190 -1.171210 -0.299999
v -9.900303 -1.221870 0.300001
v -9.900303 -1.221870 -0.299999
v -9.875900 -1.271261 0.300001
v -9.875900 -1.271261 -0.299999
v -9.849984 -1.319381 0.300001
v -9.849984 -1.319381 -0.299999
v -9.822554 -1.366231 0.300001
v -9.822554 -1.366231 -0.299999
v -9.793608 -1.411811 0.300001
v -9.793608 -1.411811 -0.299999
v -9.763148 -1.456120 0.300001
v -9.763148 -1.456120 -0.299999
v -9.731174 -1.499160 0.300001
v -9.731174 -1.499160 -0.299999
v -9.697685 -1.540929 0.300001
v -9.697685 -1.540929 -0.299999
v -9.662682 -1.581428 0.300001
v -9.662682 -1.581428 -0.299999
v -9.626164 -1.620535 0.300001
v -9.626164 -1.620535 -0.299999
v -9.588133 -1.658127 0.300001
v -9.588133 -1.658127 -0.299999
v -9.548586 -1.694205 0.300001
v -9.548586 -1.694205 -0.299999
v -9.507524 -1.728768 0.300001
v -9.507524 -1.728768 -0.299999
v -9.464950 -1.761817 0.300001
v -9.464950 -1.761817 -0.299999
v -9.420860 -1.793352 0.300001
v -9.420860 -1.793352 -0.299999
v -9.375256 -1.823372 0.300001
v -9.375256 -1.823372 -0.299999
v -9.328137 -1.851878 0.300001
v -9.328137 -1.851878 -0.299999
v -9.279504 -1.878869 0.300001
v -9.279504 -1.878869 -0.299999
v -9.229356 -1.904346 0.300001
v -9.229356 -1.904346 -0.299999
v -9.177693 -1.928308 0.300001
v -9.177693 -1.928308 -0.299999
v -9.124517 -1.950756 0.300001
v -9.124517 -1.950756 -0.299999
v -9.069826 -1.971543 0.300001
v -9.069826 -1.971543 -0.299999
v -9.013621 -1.990522 0.300001
v -9.013621 -1.990522 -0.299999
v -8.955901 -2.007694 0.300001
v -8.955901 -2.007694 -0.299999
v -8.896667 -2.023058 0.300001
v -8.896667 -2.023058 -0.299999
v -8.835918 -2.036615 0.300001
v -8.835918 -2.036615 -0.299999
v -8.773656 -2.048364 0.300001
v -8.773656 -2.048364 -0.299999
v -8.709878 -2.058306 0.300001
v -8.709878 -2.058306 -0.299999
v -8.644587 -2.066440 0.300001
v -8.644587 -2.066440 -0.299999
v -8.577780 -2.072766 0.300001
v -8.577780 -2.072766 -0.299999
v -8.509459 -2.077285 0.300001
v -8.509459 -2.077285 -0.299999
v -8.439625 -2.079997 0.300001
v -8.439625 -2.079997 -0.299999
v -8.368275 -2.080900 0.300001
v -8.368275 -2.080900 -0.299999
v -8.299270 -2.080094 0.300001
v -8.299270 -2.080094 -0.299999
v -8.231779 -2.077676 0.300001
v -8.231779 -2.077676 -0.299999
v -8.165804 -2.073646 0.300001
v -8.165804 -2.073646 -0.299999
v -8.101342 -2.068003 0.300001
v -8.101342 -2.068003 -0.299999
v -8.038395 -2.060749 0.300001
v -8.038395 -2.060749 -0.299999
v -7.976962 -2.051882 0.300001
v -7.976962 -2.051882 -0.299999
v -7.917044 -2.041403 0.300001
v -7.917044 -2.041403 -0.299999
v -7.858641 -2.029312 0.300001
v -7.858641 -2.029312 -0.299999
v -7.801752 -2.015609 0.300001
v -7.801752 -2.015609 -0.299999
v -7.746377 -2.000293 0.300001
v -7.746377 -2.000293 -0.299999
v -7.692516 -1.983366 0.300001
v -7.692516 -1.983366 -0.299999
v -7.640171 -1.964826 0.300001
v -7.640171 -1.964826 -0.299999
v -7.589314 -1.944747 0.300001
v -7.589314 -1.944747 -0.299999
v -7.539925 -1.923203 0.300001
v -7.539925 -1.923203 -0.299999
v -7.492000 -1.900193 0.300001
v -7.492000 -1.900193 -0.299999
v -7.445540 -1.875718 0.300001
v -7.445540 -1.875718 -0.299999
v -7.400547 -1.849777 0.300001
v -7.400547 -1.849777 -0.299999
v -7.357018 -1.822371 0.300001
v -7.357018 -1.822371 -0.299999
v -7.314956 -1.793499 0.300001
v -7.314956 -1.793499 -0.299999
v -7.274360 -1.763161 0.300001
v -7.274360 -1.763161 -0.299999
v -7.235229 -1.731358 0.300001
v -7.235229 -1.731358 -0.299999
v -7.197563 -1.698089 0.300001
v -7.197563 -1.698089 -0.299999
v -7.161363 -1.663354 0.300001
v -7.161363 -1.663354 -0.299999
v -7.126628 -1.627154 0.300001
v -7.126628 -1.627154 -0.299999
v -7.093359 -1.589513 0.300001
v -7.093359 -1.589513 -0.299999
v -7.061556 -1.550455 0.300001
v -7.061556 -1.550455 -0.299999
v -7.031219 -1.509981 0.300001
v -7.031219 -1.509981 -0.299999
v -7.002347 -1.468089 0.300001
v -7.002347 -1.468089 -0.299999
v -6.974940 -1.424781 0.300001
v -6.974940 -1.424781 -0.299999
v -6.948999 -1.380056 0.300001
v -6.948999 -1.380056 -0.299999
v -6.924524 -1.333915 0.300001
v -6.924524 -1.333915 -0.299999
v -6.901514 -1.286356 0.300001
v -6.901514 -1.286356 -0.299999
v -6.879970 -1.237381 0.300001
v -6.879970 -1.237381 -0.299999
v -6.859891 -1.186990 0.300001
v -6.859891 -1.186990 -0.299999
v -6.841279 -1.135181 0.300001
v -6.841279 -1.135181 -0.299999
v -6.824131 -1.081956 0.300001
v -6.824131 -1.081956 -0.299999
v -6.808400 -1.027387 0.300001
v -6.808400 -1.027387 -0.299999
v -6.794037 -0.971548 0.300001
v -6.794037 -0.971548 -0.299999
v -6.781042 -0.914439 0.300001
v -6.781042 -0.914439 -0.299999
v -6.769415 -0.856060 0.300001
v -6.769415 -0.856060 -0.299999
v -6.759156 -0.796410 0.300001
v -6.759156 -0.796410 -0.299999
v -6.750265 -0.735491 0.300001
v -6.750265 -0.735491 -0.299999
v -6.742742 -0.673301 0.300001
v -6.742742 -0.673301 -0.299999
v -6.736586 -0.609841 0.300001
v -6.736586 -0.609841 -0.299999
v -6.731799 -0.545111 0.300001
v -6.731799 -0.545111 -0.299999
v -6.728379 -0.479110 0.300001
v -6.728379 -0.479110 -0.299999
v -6.726327 -0.411840 0.300001
v -6.726327 -0.411840 -0.299999
v -6.725643 -0.343299 0.300001
v -6.725643 -0.343299 -0.299999
v -6.726388 -0.276945 0.300001
v -6.726388 -0.276945 -0.299999
v -6.728623 -0.211543 0.300001
v -6.728623 -0.211543 -0.299999
v -6.732349 -0.147094 0.300001
v -6.732349 -0.147094 -0.299999
v -6.737564 -0.083597 0.300001
v -6.737564 -0.083597 -0.299999
v -6.744268 -0.021053 0.300001
v -6.744268 -0.021053 -0.299999
v -6.752463 0.040538 0.300001
v -6.752463 0.040538 -0.299999
v -6.762149 0.101177 0.300001
v -6.762149 0.101177 -0.299999
v -6.773324 0.160863 0.300001
v -6.773324 0.160863 -0.299999
v -6.785989 0.219597 0.300001
v -6.785989 0.219597 -0.299999
v -6.800144 0.277378 0.300001
v -6.800144 0.277378 -0.299999
v -6.815789 0.334206 0.300001
v -6.815789 0.334206 -0.299999
v -6.832924 0.390081 0.300001
v -6.832924 0.390081 -0.299999
v -6.851550 0.444821 0.300001
v -6.851550 0.444821 -0.299999
v -6.871665 0.498242 0.300001
v -6.871665 0.498242 -0.299999
v -6.893270 0.550343 0.300001
v -6.893270 0.550343 -0.299999
v -6.916365 0.601126 0.300001
v -6.916365 0.601126 -0.299999
v -6.940950 0.650589 0.300001
v -6.940950 0.650589 -0.299999
v -6.967025 0.698734 0.300001
v -6.967025 0.698734 -0.299999
v -6.994591 0.745560 0.300001
v -6.994591 0.745560 -0.299999
v -7.023646 0.791066 0.300001
v -7.023646 0.791066 -0.299999
v -7.054191 0.835254 0.300001
v -7.054191 0.835254 -0.299999
v -7.086226 0.878122 0.300001
v -7.086226 0.878122 -0.299999
v -7.119751 0.919672 0.300001
v -7.119751 0.919672 -0.299999
v -7.154768 0.959902 0.300001
v -7.154768 0.959902 -0.299999
v -7.191273 0.998728 0.300001
v -7.191273 0.998728 -0.299999
v -7.229269 1.036064 0.300001
v -7.229269 1.036064 -0.299999
v -7.268754 1.071909 0.300001
v -7.268754 1.071909 -0.299999
v -7.309729 1.106265 0.300001
v -7.309729 1.106265 -0.299999
v -7.352194 1.139131 0.300001
v -7.352194 1.139131 -0.299999
v -7.396150 1.170507 0.300001
v -7.396150 1.170507 -0.299999
v -7.441595 1.200392 0.300001
v -7.441595 1.200392 -0.299999
v -7.488531 1.228788 0.300001
v -7.488531 1.228788 -0.299999
v -7.536956 1.255694 0.300001
v -7.536956 1.255694 -0.299999
v -7.586871 1.281110 0.300001
v -7.586871 1.281110 -0.299999
v -7.638277 1.305035 0.300001
v -7.638277 1.305035 -0.299999
v -7.691173 1.327471 0.300001
v -7.691173 1.327471 -0.299999
v -7.745583 1.348258 0.300001
v -7.745583 1.348258 -0.299999
v -7.801532 1.367237 0.300001
v -7.801532 1.367237 -0.299999
v -7.859019 1.384409 0.300001
v -7.859019 1.384409 -0.299999
v -7.918046 1.399773 0.300001
v -7.918046 1.399773 -0.299999
v -7.978611 1.413330 0.300001
v -7.978611 1.413330 -0.299999
v -8.040715 1.425079 0.300001
v -8.040715 1.425079 -0.299999
v -8.104359 1.435021 0.300001
v -8.104359 1.435021 -0.299999
v -8.169540 1.443155 0.300001
v -8.169540 1.443155 -0.299999
v -8.236261 1.449481 0.300001
v -8.236261 1.449481 -0.299999
v -8.304522 1.454000 0.300001
v -8.304522 1.454000 -0.299999
v -8.374320 1.456711 0.300001
v -8.374320 1.456711 -0.299999
v -8.445658 1.457615 0.300001
v -8.445658 1.457615 -0.299999
v -8.515224 1.456822 0.300001
v -8.515224 1.456822 -0.299999
v -8.583227 1.454440 0.300001
v -8.583227 1.454440 -0.299999
v -8.649668 1.450471 0.300001
v -8.649668 1.450471 -0.299999
v -8.714544 1.444913 0.300001
v -8.714544 1.444913 -0.299999
v -8.777858 1.437769 0.300001
v -8.777858 1.437769 -0.299999
v -8.839607 1.429036 0.300001
v -8.839607 1.429036 -0.299999
v -8.899795 1.418716 0.300001
v -8.899795 1.418716 -0.299999
v -8.958418 1.406808 0.300001
v -8.958418 1.406808 -0.299999
v -9.015478 1.393312 0.300001
v -9.015478 1.393312 -0.299999
v -9.070974 1.378229 0.300001
v -9.070974 1.378229 -0.299999
v -9.124908 1.361558 0.300001
v -9.124908 1.361558 -0.299999
v -9.177279 1.343299 0.300001
v -9.177279 1.343299 -0.299999
v -9.228123 1.323502 0.300001
v -9.228123 1.323502 -0.299999
v -9.277476 1.302214 0.300001
v -9.277476 1.302214 -0.299999
v -9.325340 1.279436 0.300001
v -9.325340 1.279436 -0.299999
v -9.371714 1.255169 0.300001
v -9.371714 1.255169 -0.299999
v -9.416597 1.229411 0.300001
v -9.416597 1.229411 -0.299999
v -9.459991 1.202163 0.300001
v -9.459991 1.202163 -0.299999
v -9.501895 1.173426 0.300001
v -9.501895 1.173426 -0.299999
v -9.542309 1.143198 0.300001
v -9.542309 1.143198 -0.299999
v -9.581232 1.111480 0.300001
v -9.581232 1.111480 -0.299999
v -9.618666 1.078272 0.300001
v -9.618666 1.078272 -0.299999
v -9.654609 1.043575 0.300001
v -9.654609 1.043575 -0.299999
v -9.689062 1.007387 0.300001
v -9.689062 1.007387 -0.299999
v -9.722050 0.969746 0.300001
v -9.722050 0.969746 -0.299999
v -9.753597 0.930688 0.300001
v -9.753597 0.930688 -0.299999
v -9.783703 0.890213 0.300001
v -9.783703 0.890213 -0.299999
v -9.812366 0.848321 0.300001
v -9.812366 0.848321 -0.299999
v -9.839590 0.805013 0.300001
v -9.839590 0.805013 -0.299999
v -9.865372 0.760288 0.300001
v -9.865372 0.760288 -0.299999
v -9.889713 0.714147 0.300001
v -9.889713 0.714147 -0.299999
v -9.912613 0.666589 0.300001
v -9.912613 0.666589 -0.299999
v -9.934072 0.617613 0.300001
v -9.934072 0.617613 -0.299999
v -9.954089 0.567222 0.300001
v -9.954089 0.567222 -0.299999
v -9.972666 0.515413 0.300001
v -9.972666 0.515413 -0.299999
v -9.131553 -0.760112 0.300001
v -9.131553 -0.760112 -0.299999
v -9.138856 -0.727198 0.300001
v -9.138856 -0.727198 -0.299999
v -9.145525 -0.693526 0.300001
v -9.145525 -0.693526 -0.299999
v -9.151558 -0.659097 0.300001
v -9.151558 -0.659097 -0.299999
v -9.156956 -0.623910 0.300001
v -9.156956 -0.623910 -0.299999
v -9.161719 -0.587967 0.300001
v -9.161719 -0.587967 -0.299999
v -9.165848 -0.551266 0.300001
v -9.165848 -0.551266 -0.299999
v -9.169340 -0.513808 0.300001
v -9.169340 -0.513808 -0.299999
v -9.172198 -0.475593 0.300001
v -9.172198 -0.475593 -0.299999
v -9.174421 -0.436620 0.300001
v -9.174421 -0.436620 -0.299999
v -9.176008 -0.396891 0.300001
v -9.176008 -0.396891 -0.299999
v -9.176961 -0.356404 0.300001
v -9.176961 -0.356404 -0.299999
v -9.177279 -0.315160 0.300001
v -9.177279 -0.315160 -0.299999
v -9.177023 -0.276725 0.300001
v -9.177023 -0.276725 -0.299999
v -9.176253 -0.238803 0.300001
v -9.176253 -0.238803 -0.299999
v -9.174971 -0.201394 0.300001
v -9.174971 -0.201394 -0.299999
v -9.173175 -0.164497 0.300001
v -9.173175 -0.164497 -0.299999
v -9.170867 -0.128114 0.300001
v -9.170867 -0.128114 -0.299999
v -9.168045 -0.092244 0.300001
v -9.168045 -0.092244 -0.299999
v -9.164711 -0.056887 0.300001
v -9.164711 -0.056887 -0.299999
v -9.160864 -0.022042 0.300001
v -9.160864 -0.022042 -0.299999
v -9.156505 0.012289 0.300001
v -9.156505 0.012289 -0.299999
v -9.151631 0.046108 0.300001
v -9.151631 0.046108 -0.299999
v -9.146245 0.079413 0.300001
v -9.146245 0.079413 -0.299999
v -9.140347 0.112206 0.300001
v -9.140347 0.112206 -0.299999
v -9.133837 0.144387 0.300001
v -9.133837 0.144387 -0.299999
v -9.126618 0.175861 0.300001
v -9.126618 0.175861 -0.299999
v -9.118692 0.206626 0.300001
v -9.118692 0.206626 -0.299999
v -9.110058 0.236683 0.300001
v -9.110058 0.236683 -0.299999
v -9.100715 0.266031 0.300001
v -9.100715 0.266031 -0.299999
v -9.090663 0.294671 0.300001
v -9.090663 0.294671 -0.299999
v -9.079903 0.322603 0.300001
v -9.079903 0.322603 -0.299999
v -9.068434 0.349826 0.300001
v -9.068434 0.349826 -0.299999
v -9.056257 0.376341 0.300001
v -9.056257 0.376341 -0.299999
v -9.043373 0.402148 0.300001
v -9.043373 0.402148 -0.299999
v -9.029779 0.427246 0.300001
v -9.029779 0.427246 -0.299999
v -9.015478 0.451636 0.300001
v -9.015478 0.451636 -0.299999
v -9.000419 0.475232 0.300001
v -9.000419 0.475232 -0.299999
v -8.984554 0.497948 0.300001
v -8.984554 0.497948 -0.299999
v -8.967883 0.519786 0.300001
v -8.967883 0.519786 -0.299999
v -8.950406 0.540743 0.300001
v -8.950406 0.540743 -0.299999
v -8.932122 0.560822 0.300001
v -8.932122 0.560822 -0.299999
v -8.913033 0.580021 0.300001
v -8.913033 0.580021 -0.299999
v -8.893138 0.598341 0.300001
v -8.893138 0.598341 -0.299999
v -8.872437 0.615782 0.300001
v -8.872437 0.615782 -0.299999
v -8.850928 0.632343 0.300001
v -8.850928 0.632343 -0.299999
v -8.828615 0.648024 0.300001
v -8.828615 0.648024 -0.299999
v -8.805495 0.662827 0.300001
v -8.805495 0.662827 -0.299999
v -8.781570 0.676750 0.300001
v -8.781570 0.676750 -0.299999
v -8.756716 0.689672 0.300001
v -8.756716 0.689672 -0.299999
v -8.730812 0.701470 0.300001
v -8.730812 0.701470 -0.299999
v -8.703857 0.712144 0.300001
v -8.703857 0.712144 -0.299999
v -8.675853 0.721695 0.300001
v -8.675853 0.721695 -0.299999
v -8.646797 0.730122 0.300001
v -8.646797 0.730122 -0.299999
v -8.616692 0.737425 0.300001
v -8.616692 0.737425 -0.299999
v -8.585536 0.743605 0.300001
v -8.585536 0.743605 -0.299999
v -8.553329 0.748661 0.300001
v -8.553329 0.748661 -0.299999
v -8.520073 0.752594 0.300001
v -8.520073 0.752594 -0.299999
v -8.485766 0.755403 0.300001
v -8.485766 0.755403 -0.299999
v -8.450409 0.757089 0.300001
v -8.450409 0.757089 -0.299999
v -8.414001 0.757650 0.300001
v -8.414001 0.757650 -0.299999
v -8.381514 0.757150 0.300001
v -8.381514 0.757150 -0.299999
v -8.349710 0.755647 0.300001
v -8.349710 0.755647 -0.299999
v -8.318590 0.753144 0.300001
v -8.318590 0.753144 -0.299999
v -8.288156 0.749639 0.300001
v -8.288156 0.749639 -0.299999
v -8.258404 0.745132 0.300001
v -8.258404 0.745132 -0.299999
v -8.229336 0.739624 0.300001
v -8.229336 0.739624 -0.299999
v -8.200953 0.733114 0.300001
v -8.200953 0.733114 -0.299999
v -8.173253 0.725603 0.300001
v -8.173253 0.725603 -0.299999
v -8.146237 0.717090 0.300001
v -8.146237 0.717090 -0.299999
v -8.119905 0.707576 0.300001
v -8.119905 0.707576 -0.299999
v -8.094257 0.697061 0.300001
v -8.094257 0.697061 -0.299999
v -8.069295 0.685544 0.300001
v -8.069295 0.685544 -0.299999
v -8.045039 0.673062 0.300001
v -8.045039 0.673062 -0.299999
v -8.021516 0.659652 0.300001
v -8.021516 0.659652 -0.299999
v -7.998726 0.645313 0.300001
v -7.998726 0.645313 -0.299999
v -7.976669 0.630047 0.300001
v -7.976669 0.630047 -0.299999
v -7.955345 0.613852 0.300001
v -7.955345 0.613852 -0.299999
v -7.934753 0.596729 0.300001
v -7.934753 0.596729 -0.299999
v -7.914895 0.578678 0.300001
v -7.914895 0.578678 -0.299999
v -7.895769 0.559698 0.300001
v -7.895769 0.559698 -0.299999
v -7.877376 0.539791 0.300001
v -7.877376 0.539791 -0.299999
v -7.859715 0.518955 0.300001
v -7.859715 0.518955 -0.299999
v -7.842788 0.497191 0.300001
v -7.842788 0.497191 -0.299999
v -7.826593 0.474499 0.300001
v -7.826593 0.474499 -0.299999
v -7.811094 0.450952 0.300001
v -7.811094 0.450952 -0.299999
v -7.796255 0.426623 0.300001
v -7.796255 0.426623 -0.299999
v -7.782076 0.401513 0.300001
v -7.782076 0.401513 -0.299999
v -7.768556 0.375621 0.300001
v -7.768556 0.375621 -0.299999
v -7.755695 0.348947 0.300001
v -7.755695 0.348947 -0.299999
v -7.743495 0.321491 0.300001
v -7.743495 0.321491 -0.299999
v -7.731953 0.293254 0.300001
v -7.731953 0.293254 -0.299999
v -7.721071 0.264236 0.300001
v -7.721071 0.264236 -0.299999
v -7.710849 0.234436 0.300001
v -7.710849 0.234436 -0.299999
v -7.701286 0.203854 0.300001
v -7.701286 0.203854 -0.299999
v -7.692382 0.172490 0.300001
v -7.692382 0.172490 -0.299999
v -7.684138 0.140345 0.300001
v -7.684138 0.140345 -0.299999
v -7.676553 0.107430 0.300001
v -7.676553 0.107430 -0.299999
v -7.669628 0.073758 0.300001
v -7.669628 0.073758 -0.299999
v -7.663363 0.039329 0.300001
v -7.663363 0.039329 -0.299999
v -7.657757 0.004143 0.300001
v -7.657757 0.004143 -0.299999
v -7.652810 -0.031801 0.300001
v -7.652810 -0.031801 -0.299999
v -7.648523 -0.068501 0.300001
v -7.648523 -0.068501 -0.299999
v -7.644896 -0.105959 0.300001
v -7.644896 -0.105959 -0.299999
v -7.641928 -0.144175 0.300001
v -7.641928 -0.144175 -0.299999
v -7.639620 -0.183147 0.300001
v -7.639620 -0.183147 -0.299999
v -7.637971 -0.222877 0.300001
v -7.637971 -0.222877 -0.299999
v -7.636981 -0.263364 0.300001
v -7.636981 -0.263364 -0.299999
v -7.636652 -0.304608 0.300001
v -7.636652 -0.304608 -0.299999
v -7.636921 -0.343043 0.300001
v -7.636921 -0.343043 -0.299999
v -7.637727 -0.380965 0.300001
v -7.637727 -0.380965 -0.299999
v -7.639071 -0.418374 0.300001
v -7.639071 -0.418374 -0.299999
v -7.640952 -0.455270 0.300001
v -7.640952 -0.455270 -0.299999
v -7.643370 -0.491653 0.300001
v -7.643370 -0.491653 -0.299999
v -7.646326 -0.527524 0.300001
v -7.646326 -0.527524 -0.299999
v -7.649818 -0.562881 0.300001
v -7.649818 -0.562881 -0.299999
v -7.653849 -0.597725 0.300001
v -7.653849 -0.597725 -0.299999
v -7.658417 -0.632057 0.300001
v -7.658417 -0.632057 -0.299999
v -7.663522 -0.665875 0.300001
v -7.663522 -0.665875 -0.299999
v -7.669165 -0.699181 0.300001
v -7.669165 -0.699181 -0.299999
v -7.675344 -0.731973 0.300001
v -7.675344 -0.731973 -0.299999
v -7.682123 -0.764155 0.300001
v -7.682123 -0.764155 -0.299999
v -7.689561 -0.795629 0.300001
v -7.689561 -0.795629 -0.299999
v -7.697658 -0.826394 0.300001
v -7.697658 -0.826394 -0.299999
v -7.706415 -0.856450 0.300001
v -7.706415 -0.856450 -0.299999
v -7.715831 -0.885799 0.300001
v -7.715831 -0.885799 -0.299999
v -7.725907 -0.914439 0.300001
v -7.725907 -0.914439 -0.299999
v -7.736643 -0.942371 0.300001
v -7.736643 -0.942371 -0.299999
v -7.748038 -0.969594 0.300001
v -7.748038 -0.969594 -0.299999
v -7.760093 -0.996109 0.300001
v -7.760093 -0.996109 -0.299999
v -7.772807 -1.021915 0.300001
v -7.772807 -1.021915 -0.299999
v -7.786180 -1.047014 0.300001
v -7.786180 -1.047014 -0.299999
v -7.800212 -1.071403 0.300001
v -7.800212 -1.071403 -0.299999
v -7.815003 -1.094987 0.300001
v -7.815003 -1.094987 -0.299999
v -7.830648 -1.117667 0.300001
v -7.830648 -1.117667 -0.299999
v -7.847148 -1.139443 0.300001
v -7.847148 -1.139443 -0.299999
v -7.864503 -1.160316 0.300001
v -7.864503 -1.160316 -0.299999
v -7.882713 -1.180284 0.300001
v -7.882713 -1.180284 -0.299999
v -7.901778 -1.199349 0.300001
v -7.901778 -1.199349 -0.299999
v -7.921698 -1.217510 0.300001
v -7.921698 -1.217510 -0.299999
v -7.942472 -1.234768 0.300001
v -7.942472 -1.234768 -0.299999
v -7.964102 -1.251121 0.300001
v -7.964102 -1.251121 -0.299999
v -7.986587 -1.266571 0.300001
v -7.986587 -1.266571 -0.299999
v -8.009926 -1.281117 0.300001
v -8.009926 -1.281117 -0.299999
v -8.034121 -1.294759 0.300001
v -8.034121 -1.294759 -0.299999
v -8.059231 -1.307400 0.300001
v -8.059231 -1.307400 -0.299999
v -8.085319 -1.318941 0.300001
v -8.085319 -1.318941 -0.299999
v -8.112383 -1.329383 0.300001
v -8.112383 -1.329383 -0.299999
v -8.140425 -1.338727 0.300001
v -8.140425 -1.338727 -0.299999
v -8.169443 -1.346971 0.300001
v -8.169443 -1.346971 -0.299999
v -8.199438 -1.354115 0.300001
v -8.199438 -1.354115 -0.299999
v -8.230412 -1.360161 0.300001
v -8.230412 -1.360161 -0.299999
v -8.262362 -1.365107 0.300001
v -8.262362 -1.365107 -0.299999
v -8.295288 -1.368954 0.300001
v -8.295288 -1.368954 -0.299999
v -8.329192 -1.371702 0.300001
v -8.329192 -1.371702 -0.299999
v -8.364073 -1.373351 0.300001
v -8.364073 -1.373351 -0.299999
v -8.399931 -1.373901 0.300001
v -8.399931 -1.373901 -0.299999
v -8.432981 -1.373400 0.300001
v -8.432981 -1.373400 -0.299999
v -8.465297 -1.371898 0.300001
v -8.465297 -1.371898 -0.299999
v -8.496880 -1.369394 0.300001
v -8.496880 -1.369394 -0.299999
v -8.527731 -1.365889 0.300001
v -8.527731 -1.365889 -0.299999
v -8.557848 -1.361382 0.300001
v -8.557848 -1.361382 -0.299999
v -8.587234 -1.355874 0.300001
v -8.587234 -1.355874 -0.299999
v -8.615886 -1.349364 0.300001
v -8.615886 -1.349364 -0.299999
v -8.643805 -1.341853 0.300001
v -8.643805 -1.341853 -0.299999
v -8.670992 -1.333341 0.300001
v -8.670992 -1.333341 -0.299999
v -8.697445 -1.323827 0.300001
v -8.697445 -1.323827 -0.299999
v -8.723166 -1.313311 0.300001
v -8.723166 -1.313311 -0.299999
v -8.748155 -1.301794 0.300001
v -8.748155 -1.301794 -0.299999
v -8.772410 -1.289324 0.300001
v -8.772410 -1.289324 -0.299999
v -8.795933 -1.275951 0.300001
v -8.795933 -1.275951 -0.299999
v -8.818723 -1.261673 0.300001
v -8.818723 -1.261673 -0.299999
v -8.840780 -1.246492 0.300001
v -8.840780 -1.246492 -0.299999
v -8.862104 -1.230407 0.300001
v -8.862104 -1.230407 -0.299999
v -8.882696 -1.213419 0.300001
v -8.882696 -1.213419 -0.299999
v -8.902555 -1.195526 0.300001
v -8.902555 -1.195526 -0.299999
v -8.921680 -1.176730 0.300001
v -8.921680 -1.176730 -0.299999
v -8.940074 -1.157030 0.300001
v -8.940074 -1.157030 -0.299999
v -8.957734 -1.136426 0.300001
v -8.957734 -1.136426 -0.299999
v -8.974662 -1.114919 0.300001
v -8.974662 -1.114919 -0.299999
v -8.990856 -1.092508 0.300001
v -8.990856 -1.092508 -0.299999
v -9.006343 -1.069242 0.300001
v -9.006343 -1.069242 -0.299999
v -9.021145 -1.045169 0.300001
v -9.021145 -1.045169 -0.299999
v -9.035264 -1.020291 0.300001
v -9.035264 -1.020291 -0.299999
v -9.048698 -0.994606 0.300001
v -9.048698 -0.994606 -0.299999
v -9.061449 -0.968116 0.300001
v -9.061449 -0.968116 -0.299999
v -9.073515 -0.940819 0.300001
v -9.073515 -0.940819 -0.299999
v -9.084898 -0.912717 0.300001
v -9.084898 -0.912717 -0.299999
v -9.095596 -0.883808 0.300001
v -9.095596 -0.883808 -0.299999
v -9.105612 -0.854093 0.300001
v -9.105612 -0.854093 -0.299999
v -9.114943 -0.823572 0.300001
v -9.114943 -0.823572 -0.299999
v -9.123590 -0.792245 0.300001
v -9.123590 -0.792245 -0.299999
vn -0.0000 -0.0000 -1.0000
vn -0.0000 -0.0000 1.0000
vn -1.0000 0.0050 -0.0000
vn -0.9999 -0.0152 -0.0000
vn -0.9981 -0.0622 -0.0000
vn -0.9918 -0.1277 -0.0000
vn -0.9805 -0.1966 -0.0000
vn -0.9634 -0.2680 -0.0000
vn -0.9401 -0.3409 -0.0000
vn -0.9103 -0.4139 -0.0000
vn -0.8741 -0.4857 -0.0000
vn -0.8321 -0.5547 -0.0000
vn -0.7850 -0.6195 -0.0000
vn -0.7340 -0.6792 -0.0000
vn -0.6802 -0.7330 -0.0000
vn -0.6254 -0.7803 -0.0000
vn -0.5717 -0.8205 -0.0000
vn -0.5203 -0.8540 -0.0000
vn -0.4716 -0.8818 -0.0000
vn -0.4258 -0.9048 -0.0000
vn -0.3830 -0.9237 -0.0000
vn -0.3434 -0.9392 -0.0000
vn -0.3066 -0.9518 -0.0000
vn -0.2727 -0.9621 -0.0000
vn -0.2413 -0.9704 -0.0000
vn -0.2124 -0.9772 -0.0000
vn -0.1856 -0.9826 -0.0000
vn -0.1606 -0.9870 -0.0000
vn -0.1373 -0.9905 -0.0000
vn -0.1166 -0.9932 -0.0000
vn -0.0984 -0.9951 -0.0000
vn -0.0823 -0.9966 -0.0000
vn -0.0680 -0.9977 -0.0000
vn -0.0552 -0.9985 -0.0000
vn -0.0437 -0.9990 -0.0000
vn -0.0333 -0.9994 -0.0000
vn -0.0238 -0.9997 -0.0000
vn -0.0152 -0.9999 -0.0000
vn -0.0073 -1.0000 -0.0000
vn -0.0001 -1.0000 -0.0000
vn 0.0069 -1.0000 -0.0000
vn 0.0144 -0.9999 -0.0000
vn 0.0226 -0.9997 -0.0000
vn 0.0318 -0.9995 -0.0000
vn 0.0420 -0.9991 -0.0000
vn 0.0535 -0.9986 -0.0000
vn 0.0666 -0.9978 -0.0000
vn 0.0814 -0.9967 -0.0000
vn 0.0985 -0.9951 -0.0000
vn 0.1182 -0.9930 -0.0000
vn 0.1415 -0.9899 -0.0000
vn 0.1677 -0.9858 -0.0000
vn 0.1952 -0.9808 -0.0000
vn 0.2242 -0.9745 -0.0000
vn 0.2559 -0.9667 -0.0000
vn 0.2905 -0.9569 -0.0000
vn 0.3281 -0.9446 -0.0000
vn 0.3692 -0.9294 -0.0000
vn 0.4137 -0.9104 -0.0000
vn 0.4620 -0.8869 -0.0000
vn 0.5138 -0.8579 -0.0000
vn 0.5689 -0.8224 -0.0000
vn 0.6266 -0.7793 -0.0000
vn 0.6841 -0.7294 -0.0000
vn 0.7373 -0.6756 -0.0000
vn 0.7859 -0.6184 -0.0000
vn 0.8303 -0.5573 -0.0000
vn 0.8700 -0.4931 -0.0000
vn 0.9042 -0.4272 -0.0000
vn 0.9327 -0.3607 -0.0000
vn 0.9556 -0.2947 -0.0000
vn 0.9731 -0.2302 -0.0000
vn 0.9858 -0.1681 -0.0000
vn 0.9941 -0.1088 -0.0000
vn 0.9986 -0.0529 -0.0000
vn 0.9999 -0.0129 -0.0000
vn 0.3734 -0.9277 -0.0000
vn -0.7104 -0.7038 -0.0000
vn -0.6885 -0.7253 -0.0000
vn -0.6655 -0.7464 -0.0000
vn -0.6416 -0.7670 -0.0000
vn -0.6168 -0.7871 -0.0000
vn -0.5912 -0.8065 -0.0000
vn -0.5648 -0.8252 -0.0000
vn -0.5377 -0.8431 -0.0000
vn -0.5100 -0.8602 -0.0000
vn -0.4817 -0.8763 -0.0000
vn -0.4530 -0.8915 -0.0000
vn -0.4224 -0.9064 -0.0000
vn -0.3883 -0.9215 -0.0000
vn -0.3522 -0.9359 -0.0000
vn -0.3158 -0.9488 -0.0000
vn -0.2792 -0.9602 -0.0000
vn -0.2427 -0.9701 -0.0000
vn -0.2064 -0.9785 -0.0000
vn -0.1704 -0.9854 -0.0000
vn -0.1349 -0.9909 -0.0000
vn -0.1001 -0.9950 -0.0000
vn -0.0659 -0.9978 -0.0000
vn -0.0326 -0.9995 -0.0000
vn -0.0026 -1.0000 -0.0000
vn 0.0221 -0.9998 -0.0000
vn 0.0447 -0.9990 -0.0000
vn 0.0678 -0.9977 -0.0000
vn 0.0915 -0.9958 -0.0000
vn 0.1157 -0.9933 -0.0000
vn 0.1404 -0.9901 -0.0000
vn 0.1656 -0.9862 -0.0000
vn 0.1912 -0.9815 -0.0000
vn 0.2172 -0.9761 -0.0000
vn 0.2435 -0.9699 -0.0000
vn 0.2701 -0.9628 -0.0000
vn 0.2972 -0.9548 -0.0000
vn 0.3252 -0.9456 -0.0000
vn 0.3539 -0.9353 -0.0000
vn 0.3829 -0.9238 -0.0000
vn 0.4122 -0.9111 -0.0000
vn 0.4416 -0.8972 -0.0000
vn 0.4711 -0.8821 -0.0000
vn 0.5005 -0.8657 -0.0000
vn 0.5298 -0.8481 -0.0000
vn 0.5588 -0.8293 -0.0000
vn 0.5873 -0.8093 -0.0000
vn 0.6154 -0.7882 -0.0000
vn 0.6433 -0.7656 -0.0000
vn 0.6716 -0.7409 -0.0000
vn 0.6997 -0.7144 -0.0000
vn 0.7268 -0.6868 -0.0000
vn 0.7529 -0.6581 -0.0000
vn 0.7779 -0.6284 -0.0000
vn 0.8016 -0.5979 -0.0000
vn 0.8239 -0.5667 -0.0000
vn 0.8448 -0.5350 -0.0000
vn 0.8643 -0.5030 -0.0000
vn 0.8823 -0.4707 -0.0000
vn 0.8988 -0.4384 -0.0000
vn 0.9144 -0.4048 -0.0000
vn 0.9296 -0.3686 -0.0000
vn 0.9436 -0.3312 -0.0000
vn 0.9557 -0.2942 -0.0000
vn 0.9662 -0.2578 -0.0000
vn 0.9750 -0.2221 -0.0000
vn 0.9823 -0.1873 -0.0000
vn 0.9882 -0.1534 -0.0000
vn 0.9927 -0.1205 -0.0000
vn 0.9961 -0.0887 -0.0000
vn 0.9983 -0.0580 -0.0000
vn 0.9996 -0.0285 -0.0000
vn 1.0000 0.0012 -0.0000
vn 0.9994 0.0335 -0.0000
vn 0.9977 0.0682 -0.0000
vn 0.9946 0.1042 -0.0000
vn 0.9899 0.1416 -0.0000
vn 0.9836 0.1802 -0.0000
vn 0.9756 0.2198 -0.0000
vn 0.9655 0.2603 -0.0000
vn 0.9535 0.3015 -0.0000
vn 0.9393 0.3432 -0.0000
vn 0.9229 0.3852 -0.0000
vn 0.9042 0.4271 -0.0000
vn 0.8835 0.4684 -0.0000
vn 0.8609 0.5088 -0.0000
vn 0.8364 0.5482 -0.0000
vn 0.8101 0.5863 -0.0000
vn 0.7821 0.6231 -0.0000
vn 0.7528 0.6583 -0.0000
vn 0.7222 0.6917 -0.0000
vn 0.6907 0.7232 -0.0000
vn 0.6584 0.7526 -0.0000
vn 0.6257 0.7801 -0.0000
vn 0.5927 0.8054 -0.0000
vn 0.5598 0.8286 -0.0000
vn 0.5272 0.8498 -0.0000
vn 0.4952 0.8688 -0.0000
vn 0.4640 0.8858 -0.0000
vn 0.4334 0.9012 -0.0000
vn 0.4035 0.9150 -0.0000
vn 0.3744 0.9273 -0.0000
vn 0.3461 0.9382 -0.0000
vn 0.3188 0.9478 -0.0000
vn 0.2924 0.9563 -0.0000
vn 0.2670 0.9637 -0.0000
vn 0.2424 0.9702 -0.0000
vn 0.2189 0.9758 -0.0000
vn 0.1966 0.9805 -0.0000
vn 0.1759 0.9844 -0.0000
vn 0.1563 0.9877 -0.0000
vn 0.1376 0.9905 -0.0000
vn 0.1196 0.9928 -0.0000
vn 0.1024 0.9947 -0.0000
vn 0.0859 0.9963 -0.0000
vn 0.0701 0.9975 -0.0000
vn 0.0549 0.9985 -0.0000
vn 0.0403 0.9992 -0.0000
vn 0.0263 0.9997 -0.0000
vn 0.0129 0.9999 -0.0000
vn 0.0032 1.0000 -0.0000
vn 0.7071 0.7071 -0.0000
vn 1.0000 -0.0043 -0.0000
vn 0.9999 -0.0173 -0.0000
vn 0.9994 -0.0353 -0.0000
vn 0.9985 -0.0540 -0.0000
vn 0.9973 -0.0735 -0.0000
vn 0.9956 -0.0938 -0.0000
vn 0.9934 -0.1150 -0.0000
vn 0.9906 -0.1370 -0.0000
vn 0.9871 -0.1600 -0.0000
vn 0.9830 -0.1838 -0.0000
vn 0.9780 -0.2085 -0.0000
vn 0.9722 -0.2341 -0.0000
vn 0.9650 -0.2622 -0.0000
vn 0.9558 -0.2941 -0.0000
vn 0.9446 -0.3283 -0.0000
vn 0.9317 -0.3632 -0.0000
vn 0.9171 -0.3987 -0.0000
vn 0.9006 -0.4345 -0.0000
vn 0.8620 -0.5069 -0.0000
vn 0.8398 -0.5429 -0.0000
vn 0.8157 -0.5784 -0.0000
vn 0.7898 -0.6134 -0.0000
vn 0.7621 -0.6475 -0.0000
vn 0.7319 -0.6814 -0.0000
vn 0.6984 -0.7157 -0.0000
vn 0.6626 -0.7489 -0.0000
vn 0.6258 -0.7800 -0.0000
vn 0.5883 -0.8087 -0.0000
vn 0.5503 -0.8350 -0.0000
vn 0.5122 -0.8589 -0.0000
vn 0.4743 -0.8804 -0.0000
vn 0.4367 -0.8996 -0.0000
vn 0.3998 -0.9166 -0.0000
vn 0.3636 -0.9315 -0.0000
vn 0.3284 -0.9445 -0.0000
vn 0.2944 -0.9557 -0.0000
vn 0.2620 -0.9651 -0.0000
vn 0.2313 -0.9729 -0.0000
vn 0.2021 -0.9794 -0.0000
vn 0.1745 -0.9847 -0.0000
vn 0.1483 -0.9889 -0.0000
vn 0.1235 -0.9924 -0.0000
vn 0.1000 -0.9950 -0.0000
vn 0.0777 -0.9970 -0.0000
vn 0.0567 -0.9984 -0.0000
vn 0.0368 -0.9993 -0.0000
vn 0.0180 -0.9998 -0.0000
vn -0.0003 -1.0000 -0.0000
vn -0.0189 -0.9998 -0.0000
vn -0.0385 -0.9993 -0.0000
vn -0.0587 -0.9983 -0.0000
vn -0.0796 -0.9968 -0.0000
vn -0.1012 -0.9949 -0.0000
vn -0.1236 -0.9923 -0.0000
vn -0.1466 -0.9892 -0.0000
vn -0.1949 -0.9808 -0.0000
vn -0.2200 -0.9755 -0.0000
vn -0.2458 -0.9693 -0.0000
vn -0.2679 -0.9635 -0.0000
vn -0.2817 -0.9595 -0.0000
vn -0.2915 -0.9566 -0.0000
vn -0.3017 -0.9534 -0.0000
vn -0.3121 -0.9500 -0.0000
vn -0.3229 -0.9464 -0.0000
vn -0.3340 -0.9426 -0.0000
vn -0.3455 -0.9384 -0.0000
vn -0.3573 -0.9340 -0.0000
vn -0.3695 -0.9292 -0.0000
vn -0.3821 -0.9241 -0.0000
vn -0.3950 -0.9187 -0.0000
vn -0.4061 -0.9138 -0.0000
vn -0.4128 -0.9108 -0.0000
vn -0.4175 -0.9087 -0.0000
vn -0.4275 -0.9040 -0.0000
vn -0.4330 -0.9014 -0.0000
vn -0.4387 -0.8986 -0.0000
vn -0.4448 -0.8956 -0.0000
vn -0.4513 -0.8924 -0.0000
vn -0.4581 -0.8889 -0.0000
vn -0.4654 -0.8851 -0.0000
vn -0.4731 -0.8810 -0.0000
vn -0.4742 -0.8804 -0.0000
vn -0.4607 -0.8876 -0.0000
vn -0.4382 -0.8989 -0.0000
vn -0.4131 -0.9107 -0.0000
vn -0.3852 -0.9228 -0.0000
vn -0.3541 -0.9352 -0.0000
vn -0.3192 -0.9477 -0.0000
vn -0.2800 -0.9600 -0.0000
vn -0.2360 -0.9718 -0.0000
vn -0.1864 -0.9825 -0.0000
vn -0.1308 -0.9914 -0.0000
vn -0.0685 -0.9977 -0.0000
vn -0.0044 -1.0000 -0.0000
vn 0.0542 -0.9985 -0.0000
vn 0.1098 -0.9940 -0.0000
vn 0.1665 -0.9860 -0.0000
vn 0.2238 -0.9746 -0.0000
vn 0.2811 -0.9597 -0.0000
vn 0.3379 -0.9412 -0.0000
vn 0.3934 -0.9194 -0.0000
vn 0.4471 -0.8945 -0.0000
vn 0.4986 -0.8668 -0.0000
vn 0.5473 -0.8369 -0.0000
vn 0.5930 -0.8052 -0.0000
vn 0.6349 -0.7726 -0.0000
vn 0.6726 -0.7400 -0.0000
vn 0.7070 -0.7072 -0.0000
vn 0.7388 -0.6739 -0.0000
vn 0.7681 -0.6404 -0.0000
vn 0.7948 -0.6068 -0.0000
vn 0.8191 -0.5736 -0.0000
vn 0.8411 -0.5410 -0.0000
vn 0.8608 -0.5089 -0.0000
vn 0.8785 -0.4777 -0.0000
vn 0.8943 -0.4474 -0.0000
vn 0.9084 -0.4181 -0.0000
vn 0.9206 -0.3904 -0.0000
vn 0.9310 -0.3651 -0.0000
vn 0.9399 -0.3414 -0.0000
vn 0.9478 -0.3188 -0.0000
vn 0.9548 -0.2972 -0.0000
vn 0.9610 -0.2766 -0.0000
vn 0.9664 -0.2569 -0.0000
vn 0.9713 -0.2381 -0.0000
vn 0.9755 -0.2201 -0.0000
vn 0.9792 -0.2030 -0.0000
vn 0.9824 -0.1866 -0.0000
vn 0.9853 -0.1710 -0.0000
vn 0.9878 -0.1558 -0.0000
vn 0.9900 -0.1409 -0.0000
vn 0.9920 -0.1262 -0.0000
vn 0.9937 -0.1119 -0.0000
vn 0.9952 -0.0979 -0.0000
vn 0.9964 -0.0844 -0.0000
vn 0.9975 -0.0713 -0.0000
vn 0.9983 -0.0586 -0.0000
vn 0.9989 -0.0462 -0.0000
vn 0.9994 -0.0341 -0.0000
vn 0.9997 -0.0224 -0.0000
vn 0.9999 -0.0110 -0.0000
vn 1.0000 0.0007 -0.0000
vn 0.9999 0.0141 -0.0000
vn 0.9996 0.0291 -0.0000
vn 0.9990 0.0451 -0.0000
vn 0.9980 0.0626 -0.0000
vn 0.9967 0.0814 -0.0000
vn 0.9948 0.1017 -0.0000
vn 0.9923 0.1239 -0.0000
vn 0.9890 0.1479 -0.0000
vn 0.9847 0.1741 -0.0000
vn 0.9792 0.2027 -0.0000
vn 0.9723 0.2339 -0.0000
vn 0.9631 0.2693 -0.0000
vn 0.9511 0.3089 -0.0000
vn 0.9369 0.3496 -0.0000
vn 0.9209 0.3898 -0.0000
vn 0.9032 0.4292 -0.0000
vn 0.8840 0.4675 -0.0000
vn 0.8633 0.5046 -0.0000
vn 0.8415 0.5403 -0.0000
vn 0.8185 0.5746 -0.0000
vn 0.7946 0.6071 -0.0000
vn 0.7701 0.6380 -0.0000
vn 0.7449 0.6671 -0.0000
vn 0.7168 0.6973 -0.0000
vn 0.6841 0.7294 -0.0000
vn 0.6513 0.7588 -0.0000
vn 0.6214 0.7835 -0.0000
vn 0.5942 0.8043 -0.0000
vn 0.5695 0.8220 -0.0000
vn 0.5471 0.8371 -0.0000
vn 0.5266 0.8501 -0.0000
vn 0.5079 0.8614 -0.0000
vn 0.4908 0.8713 -0.0000
vn 0.4751 0.8799 -0.0000
vn 0.4607 0.8876 -0.0000
vn 0.4469 0.8946 -0.0000
vn 0.4330 0.9014 -0.0000
vn 0.4193 0.9079 -0.0000
vn 0.4059 0.9139 -0.0000
vn 0.3930 0.9195 -0.0000
vn 0.3806 0.9248 -0.0000
vn 0.3685 0.9296 -0.0000
vn 0.3569 0.9342 -0.0000
vn 0.3456 0.9384 -0.0000
vn 0.3347 0.9423 -0.0000
vn 0.3241 0.9460 -0.0000
vn 0.3139 0.9494 -0.0000
vn 0.3034 0.9529 -0.0000
vn 0.2916 0.9565 -0.0000
vn 0.2793 0.9602 -0.0000
vn 0.2673 0.9636 -0.0000
vn 0.2555 0.9668 -0.0000
vn 0.2439 0.9698 -0.0000
vn 0.2325 0.9726 -0.0000
vn 0.2213 0.9752 -0.0000
vn 0.2104 0.9776 -0.0000
vn 0.1997 0.9799 -0.0000
vn 0.1892 0.9819 -0.0000
vn 0.1788 0.9839 -0.0000
vn 0.1676 0.9859 -0.0000
vn 0.1542 0.9880 -0.0000
vn 0.1398 0.9902 -0.0000
vn 0.1254 0.9921 -0.0000
vn 0.1111 0.9938 -0.0000
vn 0.0969 0.9953 -0.0000
vn 0.0827 0.9966 -0.0000
vn 0.0686 0.9976 -0.0000
vn 0.0547 0.9985 -0.0000
vn 0.0408 0.9992 -0.0000
vn 0.0271 0.9996 -0.0000
vn 0.0135 0.9999 -0.0000
vn -0.0008 1.0000 -0.0000
vn -0.0168 0.9999 -0.0000
vn -0.0343 0.9994 -0.0000
vn -0.0527 0.9986 -0.0000
vn -0.0720 0.9974 -0.0000
vn -0.0923 0.9957 -0.0000
vn -0.1136 0.9935 -0.0000
vn -0.1360 0.9907 -0.0000
vn -0.1595 0.9872 -0.0000
vn -0.1842 0.9829 -0.0000
vn -0.2101 0.9777 -0.0000
vn -0.2372 0.9715 -0.0000
vn -0.2656 0.9641 -0.0000
vn -0.2953 0.9554 -0.0000
vn -0.3261 0.9453 -0.0000
vn -0.3579 0.9338 -0.0000
vn -0.3904 0.9206 -0.0000
vn -0.4236 0.9058 -0.0000
vn -0.4575 0.8892 -0.0000
vn -0.4918 0.8707 -0.0000
vn -0.5263 0.8503 -0.0000
vn -0.5609 0.8279 -0.0000
vn -0.5954 0.8034 -0.0000
vn -0.6295 0.7770 -0.0000
vn -0.6633 0.7483 -0.0000
vn -0.6969 0.7171 -0.0000
vn -0.7296 0.6839 -0.0000
vn -0.7606 0.6492 -0.0000
vn -0.7899 0.6133 -0.0000
vn -0.8172 0.5763 -0.0000
vn -0.8425 0.5387 -0.0000
vn -0.8657 0.5006 -0.0000
vn -0.8867 0.4623 -0.0000
vn -0.9056 0.4241 -0.0000
vn -0.9224 0.3862 -0.0000
vn -0.9372 0.3489 -0.0000
vn -0.9497 0.3132 -0.0000
vn -0.9599 0.2804 -0.0000
vn -0.9683 0.2496 -0.0000
vn -0.9755 0.2199 -0.0000
vn -0.9815 0.1913 -0.0000
vn -0.9865 0.1637 -0.0000
vn -0.9905 0.1372 -0.0000
vn -0.9937 0.1118 -0.0000
vn -0.9962 0.0874 -0.0000
vn -0.9979 0.0641 -0.0000
vn -0.9991 0.0418 -0.0000
vn -0.9998 0.0205 -0.0000
vn 0.9335 0.3586 -0.0000
vn 0.7071 -0.7071 -0.0000
vn -0.0031 -1.0000 -0.0000
vn -0.0127 -0.9999 -0.0000
vn -0.0259 -0.9997 -0.0000
vn -0.0399 -0.9992 -0.0000
vn -0.0546 -0.9985 -0.0000
vn -0.0700 -0.9975 -0.0000
vn -0.0863 -0.9963 -0.0000
vn -0.1035 -0.9946 -0.0000
vn -0.1217 -0.9926 -0.0000
vn -0.1408 -0.9900 -0.0000
vn -0.1611 -0.9869 -0.0000
vn -0.1824 -0.9832 -0.0000
vn -0.2048 -0.9788 -0.0000
vn -0.2280 -0.9737 -0.0000
vn -0.2521 -0.9677 -0.0000
vn -0.2773 -0.9608 -0.0000
vn -0.3037 -0.9528 -0.0000
vn -0.3313 -0.9435 -0.0000
vn -0.3601 -0.9329 -0.0000
vn -0.3900 -0.9208 -0.0000
vn -0.4210 -0.9070 -0.0000
vn -0.4532 -0.8914 -0.0000
vn -0.4863 -0.8738 -0.0000
vn -0.5202 -0.8540 -0.0000
vn -0.5538 -0.8327 -0.0000
vn -0.5856 -0.8106 -0.0000
vn -0.6167 -0.7872 -0.0000
vn -0.6479 -0.7617 -0.0000
vn -0.6791 -0.7341 -0.0000
vn -0.7100 -0.7042 -0.0000
vn -0.7404 -0.6722 -0.0000
vn -0.7701 -0.6380 -0.0000
vn -0.7987 -0.6018 -0.0000
vn -0.8260 -0.5637 -0.0000
vn -0.8518 -0.5239 -0.0000
vn -0.8758 -0.4826 -0.0000
vn -0.8973 -0.4414 -0.0000
vn -0.9158 -0.4017 -0.0000
vn -0.9318 -0.3629 -0.0000
vn -0.9460 -0.3241 -0.0000
vn -0.9584 -0.2853 -0.0000
vn -0.9690 -0.2470 -0.0000
vn -0.9779 -0.2091 -0.0000
vn -0.9851 -0.1719 -0.0000
vn -0.9908 -0.1355 -0.0000
vn -0.9950 -0.1000 -0.0000
vn -0.9978 -0.0656 -0.0000
vn -0.9995 -0.0323 -0.0000
vn -1.0000 0.0055 -0.0000
vn -0.9985 0.0552 -0.0000
vn -0.9935 0.1135 -0.0000
vn -0.9845 0.1752 -0.0000
vn -0.9708 0.2398 -0.0000
vn -0.9519 0.3065 -0.0000
vn -0.9273 0.3744 -0.0000
vn -0.8968 0.4424 -0.0000
vn -0.8606 0.5093 -0.0000
vn -0.8190 0.5738 -0.0000
vn -0.7727 0.6348 -0.0000
vn -0.7226 0.6913 -0.0000
vn -0.6695 0.7428 -0.0000
vn -0.6132 0.7899 -0.0000
vn -0.5540 0.8325 -0.0000
vn -0.4930 0.8700 -0.0000
vn -0.4313 0.9022 -0.0000
vn -0.3697 0.9291 -0.0000
vn -0.3094 0.9509 -0.0000
vn -0.2509 0.9680 -0.0000
vn -0.1948 0.9808 -0.0000
vn -0.1415 0.9899 -0.0000
vn -0.0913 0.9958 -0.0000
vn -0.0443 0.9990 -0.0000
vn -0.0001 1.0000 -0.0000
vn 0.0431 0.9991 -0.0000
vn 0.0870 0.9962 -0.0000
vn 0.1316 0.9913 -0.0000
vn 0.1766 0.9843 -0.0000
vn 0.2218 0.9751 -0.0000
vn 0.2669 0.9637 -0.0000
vn 0.3115 0.9502 -0.0000
vn 0.3554 0.9347 -0.0000
vn 0.3983 0.9172 -0.0000
vn 0.4400 0.8980 -0.0000
vn 0.4801 0.8772 -0.0000
vn 0.5162 0.8564 -0.0000
vn 0.5459 0.8379 -0.0000
vn 0.5714 0.8207 -0.0000
vn 0.5952 0.8036 -0.0000
vn 0.6174 0.7866 -0.0000
vn 0.6382 0.7699 -0.0000
vn 0.6575 0.7535 -0.0000
vn 0.6755 0.7373 -0.0000
vn 0.6923 0.7216 -0.0000
vn 0.7080 0.7062 -0.0000
vn 0.7226 0.6913 -0.0000
vn 0.7362 0.6768 -0.0000
vn -0.9999 0.0126 -0.0000
vn -0.9999 -0.0126 -0.0000
vn -0.9987 -0.0512 -0.0000
vn -0.9946 -0.1040 -0.0000
vn -0.9874 -0.1582 -0.0000
vn -0.9770 -0.2133 -0.0000
vn -0.9632 -0.2689 -0.0000
vn -0.9459 -0.3244 -0.0000
vn -0.9253 -0.3792 -0.0000
vn -0.9015 -0.4327 -0.0000
vn -0.8748 -0.4844 -0.0000
vn -0.8456 -0.5339 -0.0000
vn -0.8141 -0.5807 -0.0000
vn -0.7784 -0.6277 -0.0000
vn -0.7363 -0.6767 -0.0000
vn -0.6911 -0.7228 -0.0000
vn -0.6464 -0.7630 -0.0000
vn -0.6028 -0.7979 -0.0000
vn -0.5609 -0.8279 -0.0000
vn -0.5210 -0.8536 -0.0000
vn -0.4832 -0.8755 -0.0000
vn -0.4476 -0.8943 -0.0000
vn -0.4141 -0.9102 -0.0000
vn -0.3828 -0.9238 -0.0000
vn -0.3536 -0.9354 -0.0000
vn -0.3259 -0.9454 -0.0000
vn -0.2993 -0.9542 -0.0000
vn -0.2743 -0.9616 -0.0000
vn -0.2512 -0.9679 -0.0000
vn -0.2298 -0.9732 -0.0000
vn -0.2099 -0.9777 -0.0000
vn -0.1914 -0.9815 -0.0000
vn -0.1742 -0.9847 -0.0000
vn -0.1581 -0.9874 -0.0000
vn -0.1431 -0.9897 -0.0000
vn -0.1291 -0.9916 -0.0000
vn -0.1160 -0.9932 -0.0000
vn -0.1034 -0.9946 -0.0000
vn -0.0911 -0.9958 -0.0000
vn -0.0795 -0.9968 -0.0000
vn -0.0687 -0.9976 -0.0000
vn -0.0588 -0.9983 -0.0000
vn -0.0496 -0.9988 -0.0000
vn -0.0410 -0.9992 -0.0000
vn -0.0330 -0.9995 -0.0000
vn -0.0256 -0.9997 -0.0000
vn -0.0186 -0.9998 -0.0000
vn -0.0120 -0.9999 -0.0000
vn -0.0058 -1.0000 -0.0000
vn -0.0000 -1.0000 -0.0000
vn 0.0058 -1.0000 -0.0000
vn 0.0120 -0.9999 -0.0000
vn 0.0186 -0.9998 -0.0000
vn 0.0256 -0.9997 -0.0000
vn 0.0330 -0.9995 -0.0000
vn 0.0410 -0.9992 -0.0000
vn 0.0496 -0.9988 -0.0000
vn 0.0588 -0.9983 -0.0000
vn 0.0687 -0.9976 -0.0000
vn 0.0795 -0.9968 -0.0000
vn 0.0911 -0.9958 -0.0000
vn 0.1034 -0.9946 -0.0000
vn 0.1160 -0.9932 -0.0000
vn 0.1291 -0.9916 -0.0000
vn 0.1431 -0.9897 -0.0000
vn 0.1581 -0.9874 -0.0000
vn 0.1742 -0.9847 -0.0000
vn 0.1914 -0.9815 -0.0000
vn 0.2099 -0.9777 -0.0000
vn 0.2298 -0.9732 -0.0000
vn 0.2512 -0.9679 -0.0000
vn 0.2743 -0.9616 -0.0000
vn 0.2993 -0.9542 -0.0000
vn 0.3258 -0.9454 -0.0000
vn 0.3536 -0.9354 -0.0000
vn 0.3828 -0.9238 -0.0000
vn 0.4141 -0.9102 -0.0000
vn 0.4476 -0.8942 -0.0000
vn 0.4832 -0.8755 -0.0000
vn 0.5210 -0.8536 -0.0000
vn 0.5610 -0.8278 -0.0000
vn 0.6028 -0.7979 -0.0000
vn 0.6463 -0.7630 -0.0000
vn 0.6911 -0.7228 -0.0000
vn 0.7363 -0.6767 -0.0000
vn 0.7784 -0.6277 -0.0000
vn 0.8141 -0.5807 -0.0000
vn 0.8456 -0.5339 -0.0000
vn 0.8748 -0.4844 -0.0000
vn 0.9015 -0.4327 -0.0000
vn 0.9253 -0.3791 -0.0000
vn 0.9459 -0.3244 -0.0000
vn 0.9632 -0.2689 -0.0000
vn 0.9770 -0.2133 -0.0000
vn 0.9874 -0.1581 -0.0000
vn 0.9946 -0.1040 -0.0000
vn 0.9987 -0.0513 -0.0000
vn 0.9999 -0.0126 -0.0000
vn 0.9999 0.0126 -0.0000
vn 0.9987 0.0513 -0.0000
vn 0.9946 0.1040 -0.0000
vn 0.9874 0.1581 -0.0000
vn 0.9770 0.2133 -0.0000
vn 0.9632 0.2689 -0.0000
vn 0.9459 0.3244 -0.0000
vn 0.9253 0.3791 -0.0000
vn 0.9015 0.4327 -0.0000
vn 0.8748 0.4844 -0.0000
vn 0.8456 0.5339 -0.0000
vn 0.8141 0.5807 -0.0000
vn 0.7789 0.6272 -0.0000
vn 0.7382 0.6746 -0.0000
vn 0.6953 0.7187 -0.0000
vn 0.6531 0.7573 -0.0000
vn 0.6123 0.7906 -0.0000
vn 0.5732 0.8194 -0.0000
vn 0.5359 0.8443 -0.0000
vn 0.5007 0.8656 -0.0000
vn 0.4677 0.8839 -0.0000
vn 0.4366 0.8997 -0.0000
vn 0.4075 0.9132 -0.0000
vn 0.3803 0.9249 -0.0000
vn 0.3539 0.9353 -0.0000
vn 0.3273 0.9449 -0.0000
vn 0.3016 0.9534 -0.0000
vn 0.2778 0.9606 -0.0000
vn 0.2556 0.9668 -0.0000
vn 0.2350 0.9720 -0.0000
vn 0.2158 0.9764 -0.0000
vn 0.1978 0.9802 -0.0000
vn 0.1811 0.9835 -0.0000
vn 0.1654 0.9862 -0.0000
vn 0.1508 0.9886 -0.0000
vn 0.1370 0.9906 -0.0000
vn 0.1234 0.9924 -0.0000
vn 0.1091 0.9940 -0.0000
vn 0.0952 0.9955 -0.0000
vn 0.0824 0.9966 -0.0000
vn 0.0705 0.9975 -0.0000
vn 0.0595 0.9982 -0.0000
vn 0.0492 0.9988 -0.0000
vn 0.0396 0.9992 -0.0000
vn 0.0307 0.9995 -0.0000
vn 0.0223 0.9998 -0.0000
vn 0.0144 0.9999 -0.0000
vn 0.0070 1.0000 -0.0000
vn -0.0000 1.0000 -0.0000
vn -0.0070 1.0000 -0.0000
vn -0.0144 0.9999 -0.0000
vn -0.0223 0.9998 -0.0000
vn -0.0307 0.9995 -0.0000
vn -0.0396 0.9992 -0.0000
vn -0.0492 0.9988 -0.0000
vn -0.0595 0.9982 -0.0000
vn -0.0705 0.9975 -0.0000
vn -0.0824 0.9966 -0.0000
vn -0.0952 0.9955 -0.0000
vn -0.1091 0.9940 -0.0000
vn -0.1234 0.9924 -0.0000
vn -0.1370 0.9906 -0.0000
vn -0.1508 0.9886 -0.0000
vn -0.1654 0.9862 -0.0000
vn -0.1811 0.9835 -0.0000
vn -0.1978 0.9802 -0.0000
vn -0.2158 0.9764 -0.0000
vn -0.2350 0.9720 -0.0000
vn -0.2556 0.9668 -0.0000
vn -0.2778 0.9606 -0.0000
vn -0.3016 0.9534 -0.0000
vn -0.3273 0.9449 -0.0000
vn -0.3539 0.9353 -0.0000
vn -0.3803 0.9249 -0.0000
vn -0.4075 0.9132 -0.0000
vn -0.4366 0.8997 -0.0000
vn -0.4676 0.8839 -0.0000
vn -0.5007 0.8656 -0.0000
vn -0.5359 0.8443 -0.0000
vn -0.5731 0.8195 -0.0000
vn -0.6123 0.7906 -0.0000
vn -0.6531 0.7573 -0.0000
vn -0.6953 0.7187 -0.0000
vn -0.7382 0.6746 -0.0000
vn -0.7789 0.6272 -0.0000
vn -0.8141 0.5807 -0.0000
vn -0.8456 0.5339 -0.0000
vn -0.8748 0.4844 -0.0000
vn -0.9015 0.4327 -0.0000
vn -0.9253 0.3792 -0.0000
vn -0.9459 0.3244 -0.0000
vn -0.9632 0.2689 -0.0000
vn -0.9770 0.2133 -0.0000
vn -0.9874 0.1582 -0.0000
vn -0.9946 0.1040 -0.0000
vn -0.9987 0.0512 -0.0000
vn -0.6872 0.7265 -0.0000
vn -0.7600 0.6499 -0.0000
vn -0.8202 0.5720 -0.0000
vn -0.8691 0.4946 -0.0000
vn -0.9076 0.4199 -0.0000
vn -0.9369 0.3495 -0.0000
vn -0.9587 0.2843 -0.0000
vn -0.9745 0.2245 -0.0000
vn -0.9854 0.1701 -0.0000
vn -0.9927 0.1210 -0.0000
vn -0.9971 0.0766 -0.0000
vn -0.9993 0.0366 -0.0000
vn -1.0000 0.0001 -0.0000
vn -0.9993 -0.0363 -0.0000
vn -0.9971 -0.0761 -0.0000
vn -0.9927 -0.1204 -0.0000
vn -0.9855 -0.1695 -0.0000
vn -0.9746 -0.2240 -0.0000
vn -0.9588 -0.2840 -0.0000
vn -0.9368 -0.3497 -0.0000
vn -0.9071 -0.4208 -0.0000
vn -0.8681 -0.4964 -0.0000
vn -0.8182 -0.5750 -0.0000
vn -0.7565 -0.6540 -0.0000
vn -0.6827 -0.7307 -0.0000
vn -0.6013 -0.7990 -0.0000
vn -0.5198 -0.8543 -0.0000
vn -0.4422 -0.8969 -0.0000
vn -0.3702 -0.9289 -0.0000
vn -0.3046 -0.9525 -0.0000
vn -0.2454 -0.9694 -0.0000
vn -0.1923 -0.9813 -0.0000
vn -0.1449 -0.9894 -0.0000
vn -0.1025 -0.9947 -0.0000
vn -0.0647 -0.9979 -0.0000
vn -0.0308 -0.9995 -0.0000
vn 0.0295 -0.9996 -0.0000
vn 0.0620 -0.9981 -0.0000
vn 0.1397 -0.9902 -0.0000
vn 0.1861 -0.9825 -0.0000
vn 0.2385 -0.9712 -0.0000
vn 0.2975 -0.9547 -0.0000
vn 0.4370 -0.8995 -0.0000
vn 0.5171 -0.8559 -0.0000
vn 0.6023 -0.7983 -0.0000
vn 0.6866 -0.7270 -0.0000
vn 0.7608 -0.6490 -0.0000
vn 0.8216 -0.5701 -0.0000
vn 0.8706 -0.4919 -0.0000
vn 0.9090 -0.4168 -0.0000
vn 0.9381 -0.3463 -0.0000
vn 0.9596 -0.2812 -0.0000
vn 0.9751 -0.2218 -0.0000
vn 0.9858 -0.1679 -0.0000
vn 0.9929 -0.1192 -0.0000
vn 0.9972 -0.0754 -0.0000
vn 0.9994 -0.0360 -0.0000
vn 1.0000 -0.0001 -0.0000
vn 0.9994 0.0357 -0.0000
vn 0.9972 0.0748 -0.0000
vn 0.9930 0.1182 -0.0000
vn 0.9861 0.1664 -0.0000
vn 0.9604 0.2786 -0.0000
vn 0.9393 0.3430 -0.0000
vn 0.9109 0.4127 -0.0000
vn 0.8734 0.4870 -0.0000
vn 0.8255 0.5644 -0.0000
vn 0.7661 0.6428 -0.0000
vn 0.6938 0.7201 -0.0000
vn 0.6119 0.7909 -0.0000
vn 0.5287 0.8488 -0.0000
vn 0.4494 0.8933 -0.0000
vn 0.3758 0.9267 -0.0000
vn 0.3087 0.9511 -0.0000
vn 0.2484 0.9687 -0.0000
vn 0.1944 0.9809 -0.0000
vn 0.1463 0.9892 -0.0000
vn 0.1034 0.9946 -0.0000
vn 0.0651 0.9979 -0.0000
vn 0.0310 0.9995 -0.0000
vn 0.0002 1.0000 -0.0000
vn -0.0303 0.9995 -0.0000
vn -0.0637 0.9980 -0.0000
vn -0.1011 0.9949 -0.0000
vn -0.1432 0.9897 -0.0000
vn -0.1904 0.9817 -0.0000
vn -0.2434 0.9699 -0.0000
vn -0.3029 0.9530 -0.0000
vn -0.3692 0.9294 -0.0000
vn -0.4422 0.8969 -0.0000
vn -0.5213 0.8534 -0.0000
vn -0.6047 0.7964 -0.0000
vn -0.9999 -0.0105 -0.0000
vn -0.9991 -0.0427 -0.0000
vn -0.9962 -0.0868 -0.0000
vn -0.9912 -0.1323 -0.0000
vn -0.9838 -0.1790 -0.0000
vn -0.9740 -0.2267 -0.0000
vn -0.9615 -0.2748 -0.0000
vn -0.9463 -0.3232 -0.0000
vn -0.9285 -0.3714 -0.0000
vn -0.9080 -0.4191 -0.0000
vn -0.8849 -0.4657 -0.0000
vn -0.8596 -0.5110 -0.0000
vn -0.8295 -0.5585 -0.0000
vn -0.7920 -0.6105 -0.0000
vn -0.7501 -0.6613 -0.0000
vn -0.7074 -0.7068 -0.0000
vn -0.6647 -0.7471 -0.0000
vn -0.6226 -0.7825 -0.0000
vn -0.5816 -0.8135 -0.0000
vn -0.5421 -0.8403 -0.0000
vn -0.5042 -0.8636 -0.0000
vn -0.4682 -0.8836 -0.0000
vn -0.4341 -0.9009 -0.0000
vn -0.4020 -0.9157 -0.0000
vn -0.3714 -0.9285 -0.0000
vn -0.3423 -0.9396 -0.0000
vn -0.3148 -0.9492 -0.0000
vn -0.2891 -0.9573 -0.0000
vn -0.2651 -0.9642 -0.0000
vn -0.2218 -0.9751 -0.0000
vn -0.2022 -0.9793 -0.0000
vn -0.1839 -0.9829 -0.0000
vn -0.1667 -0.9860 -0.0000
vn -0.1506 -0.9886 -0.0000
vn -0.1354 -0.9908 -0.0000
vn -0.1209 -0.9927 -0.0000
vn -0.1067 -0.9943 -0.0000
vn -0.0933 -0.9956 -0.0000
vn -0.0809 -0.9967 -0.0000
vn -0.0694 -0.9976 -0.0000
vn -0.0586 -0.9983 -0.0000
vn -0.0486 -0.9988 -0.0000
vn -0.0392 -0.9992 -0.0000
vn -0.0304 -0.9995 -0.0000
vn -0.0221 -0.9998 -0.0000
vn -0.0143 -0.9999 -0.0000
vn -0.0070 -1.0000 -0.0000
vn 0.0066 -1.0000 -0.0000
vn 0.0135 -0.9999 -0.0000
vn 0.0210 -0.9998 -0.0000
vn 0.0290 -0.9996 -0.0000
vn 0.0375 -0.9993 -0.0000
vn 0.0468 -0.9989 -0.0000
vn 0.0675 -0.9977 -0.0000
vn 0.0792 -0.9969 -0.0000
vn 0.0920 -0.9958 -0.0000
vn 0.1060 -0.9944 -0.0000
vn 0.1207 -0.9927 -0.0000
vn 0.1357 -0.9907 -0.0000
vn 0.1512 -0.9885 -0.0000
vn 0.1678 -0.9858 -0.0000
vn 0.1856 -0.9826 -0.0000
vn 0.2046 -0.9788 -0.0000
vn 0.2251 -0.9743 -0.0000
vn 0.2470 -0.9690 -0.0000
vn 0.2707 -0.9627 -0.0000
vn 0.2961 -0.9551 -0.0000
vn 0.3236 -0.9462 -0.0000
vn 0.3531 -0.9356 -0.0000
vn 0.3841 -0.9233 -0.0000
vn 0.4153 -0.9097 -0.0000
vn 0.4475 -0.8943 -0.0000
vn 0.4814 -0.8765 -0.0000
vn 0.5170 -0.8560 -0.0000
vn 0.5541 -0.8324 -0.0000
vn 0.5927 -0.8054 -0.0000
vn 0.6324 -0.7746 -0.0000
vn 0.6730 -0.7397 -0.0000
vn 0.7138 -0.7003 -0.0000
vn 0.7545 -0.6563 -0.0000
vn 0.7942 -0.6077 -0.0000
vn 0.8300 -0.5577 -0.0000
vn 0.8596 -0.5110 -0.0000
vn 0.8849 -0.4657 -0.0000
vn 0.9080 -0.4191 -0.0000
vn 0.9285 -0.3714 -0.0000
vn 0.9463 -0.3232 -0.0000
vn 0.9615 -0.2748 -0.0000
vn 0.9740 -0.2267 -0.0000
vn 0.9838 -0.1791 -0.0000
vn 0.9912 -0.1323 -0.0000
vn 0.9962 -0.0868 -0.0000
vn 0.9991 -0.0427 -0.0000
vn 0.9999 -0.0105 -0.0000
vn 0.3698 -0.9291 -0.0000
vn -0.7184 -0.6956 -0.0000
vn -0.7018 -0.7124 -0.0000
vn -0.6840 -0.7294 -0.0000
vn -0.6651 -0.7468 -0.0000
vn -0.6449 -0.7643 -0.0000
vn -0.6233 -0.7820 -0.0000
vn -0.6004 -0.7997 -0.0000
vn -0.5760 -0.8175 -0.0000
vn -0.5501 -0.8351 -0.0000
vn -0.5227 -0.8525 -0.0000
vn -0.4938 -0.8696 -0.0000
vn -0.4629 -0.8864 -0.0000
vn -0.4300 -0.9028 -0.0000
vn -0.3954 -0.9185 -0.0000
vn -0.3594 -0.9332 -0.0000
vn -0.3222 -0.9467 -0.0000
vn -0.2839 -0.9589 -0.0000
vn -0.2446 -0.9696 -0.0000
vn -0.2046 -0.9788 -0.0000
vn -0.1641 -0.9865 -0.0000
vn -0.1231 -0.9924 -0.0000
vn -0.0820 -0.9966 -0.0000
vn -0.0409 -0.9992 -0.0000
vn -0.0033 -1.0000 -0.0000
vn 0.0281 -0.9996 -0.0000
vn 0.0575 -0.9983 -0.0000
vn 0.0885 -0.9961 -0.0000
vn 0.1210 -0.9926 -0.0000
vn 0.1551 -0.9879 -0.0000
vn 0.1908 -0.9816 -0.0000
vn 0.2281 -0.9736 -0.0000
vn 0.2667 -0.9638 -0.0000
vn 0.3067 -0.9518 -0.0000
vn 0.3479 -0.9375 -0.0000
vn 0.3900 -0.9208 -0.0000
vn 0.4303 -0.9027 -0.0000
vn 0.4658 -0.8849 -0.0000
vn 0.4989 -0.8667 -0.0000
vn 0.5321 -0.8467 -0.0000
vn 0.5652 -0.8249 -0.0000
vn 0.5980 -0.8015 -0.0000
vn 0.6304 -0.7763 -0.0000
vn 0.6620 -0.7495 -0.0000
vn 0.6928 -0.7212 -0.0000
vn 0.7225 -0.6914 -0.0000
vn 0.7510 -0.6603 -0.0000
vn 0.7781 -0.6282 -0.0000
vn 0.8027 -0.5963 -0.0000
vn 0.8242 -0.5662 -0.0000
vn 0.8437 -0.5368 -0.0000
vn 0.8791 -0.4766 -0.0000
vn 0.8950 -0.4460 -0.0000
vn 0.9097 -0.4153 -0.0000
vn 0.9231 -0.3845 -0.0000
vn 0.9353 -0.3539 -0.0000
vn 0.9462 -0.3235 -0.0000
vn 0.9560 -0.2933 -0.0000
vn 0.9646 -0.2636 -0.0000
vn 0.9721 -0.2347 -0.0000
vn 0.9782 -0.2078 -0.0000
vn 0.9832 -0.1827 -0.0000
vn 0.9873 -0.1591 -0.0000
vn 0.9932 -0.1161 -0.0000
vn 0.9953 -0.0965 -0.0000
vn 0.9970 -0.0780 -0.0000
vn 0.9982 -0.0606 -0.0000
vn 0.9990 -0.0441 -0.0000
vn 0.9996 -0.0286 -0.0000
vn 0.9999 -0.0140 -0.0000
vn 1.0000 -0.0034 -0.0000
vn 0.9999 0.0116 -0.0000
vn 0.9989 0.0470 -0.0000
vn 0.9954 0.0954 -0.0000
vn 0.9894 0.1453 -0.0000
vn 0.9805 0.1963 -0.0000
vn 0.9688 0.2480 -0.0000
vn 0.9540 0.2999 -0.0000
vn 0.9361 0.3517 -0.0000
vn 0.9153 0.4027 -0.0000
vn 0.8917 0.4527 -0.0000
vn 0.8655 0.5010 -0.0000
vn 0.8370 0.5473 -0.0000
vn 0.8029 0.5962 -0.0000
vn 0.7597 0.6503 -0.0000
vn 0.7117 0.7025 -0.0000
vn 0.6641 0.7477 -0.0000
vn 0.6176 0.7865 -0.0000
vn 0.5729 0.8196 -0.0000
vn 0.5305 0.8477 -0.0000
vn 0.4904 0.8715 -0.0000
vn 0.4528 0.8916 -0.0000
vn 0.4177 0.9086 -0.0000
vn 0.3850 0.9229 -0.0000
vn 0.3546 0.9350 -0.0000
vn 0.3259 0.9454 -0.0000
vn 0.2986 0.9544 -0.0000
vn 0.2730 0.9620 -0.0000
vn 0.2495 0.9684 -0.0000
vn 0.2277 0.9737 -0.0000
vn 0.2076 0.9782 -0.0000
vn 0.1890 0.9820 -0.0000
vn 0.1717 0.9851 -0.0000
vn 0.1557 0.9878 -0.0000
vn 0.1408 0.9900 -0.0000
vn 0.1268 0.9919 -0.0000
vn 0.1138 0.9935 -0.0000
vn 0.1015 0.9948 -0.0000
vn 0.0898 0.9960 -0.0000
vn 0.0787 0.9969 -0.0000
vn 0.0684 0.9977 -0.0000
vn 0.0588 0.9983 -0.0000
vn 0.0498 0.9988 -0.0000
vn 0.0413 0.9991 -0.0000
vn 0.0334 0.9994 -0.0000
vn 0.0260 0.9997 -0.0000
vn 0.0189 0.9998 -0.0000
vn 0.0123 0.9999 -0.0000
vn 0.0060 1.0000 -0.0000
vn -0.0058 1.0000 -0.0000
vn -0.0120 0.9999 -0.0000
vn -0.0186 0.9998 -0.0000
vn -0.0256 0.9997 -0.0000
vn -0.0330 0.9995 -0.0000
vn -0.0410 0.9992 -0.0000
vn -0.0496 0.9988 -0.0000
vn -0.0588 0.9983 -0.0000
vn -0.0687 0.9976 -0.0000
vn -0.0795 0.9968 -0.0000
vn -0.0911 0.9958 -0.0000
vn -0.1034 0.9946 -0.0000
vn -0.1160 0.9932 -0.0000
vn -0.1291 0.9916 -0.0000
vn -0.1431 0.9897 -0.0000
vn -0.1581 0.9874 -0.0000
vn -0.1742 0.9847 -0.0000
vn -0.1914 0.9815 -0.0000
vn -0.2099 0.9777 -0.0000
vn -0.2298 0.9732 -0.0000
vn -0.2512 0.9679 -0.0000
vn -0.2743 0.9616 -0.0000
vn -0.2993 0.9542 -0.0000
vn -0.3259 0.9454 -0.0000
vn -0.3536 0.9354 -0.0000
vn -0.3828 0.9238 -0.0000
vn -0.4141 0.9102 -0.0000
vn -0.4476 0.8942 -0.0000
vn -0.4832 0.8755 -0.0000
vn -0.5210 0.8536 -0.0000
vn -0.6028 0.7979 -0.0000
vn -0.6464 0.7630 -0.0000
vn -0.6911 0.7228 -0.0000
vn -0.7363 0.6767 -0.0000
vn -0.7784 0.6277 -0.0000
vn -1.0000 0.0027 -0.0000
vn -0.9999 0.0113 -0.0000
vn -0.9997 0.0234 -0.0000
vn -0.9987 0.0510 -0.0000
vn -0.9978 0.0667 -0.0000
vn -0.9965 0.0840 -0.0000
vn -0.9947 0.1032 -0.0000
vn -0.9922 0.1243 -0.0000
vn -0.9890 0.1479 -0.0000
vn -0.9847 0.1742 -0.0000
vn -0.9790 0.2037 -0.0000
vn -0.9722 0.2341 -0.0000
vn -0.9651 0.2617 -0.0000
vn -0.9577 0.2877 -0.0000
vn -0.9493 0.3143 -0.0000
vn -0.9399 0.3415 -0.0000
vn -0.9293 0.3692 -0.0000
vn -0.9176 0.3975 -0.0000
vn -0.9046 0.4262 -0.0000
vn -0.8904 0.4552 -0.0000
vn -0.8748 0.4845 -0.0000
vn -0.8579 0.5138 -0.0000
vn -0.8396 0.5432 -0.0000
vn -0.8194 0.5732 -0.0000
vn -0.7968 0.6042 -0.0000
vn -0.7720 0.6356 -0.0000
vn -0.7456 0.6664 -0.0000
vn -0.7176 0.6964 -0.0000
vn -0.6882 0.7255 -0.0000
vn -0.6574 0.7536 -0.0000
vn -0.6254 0.7803 -0.0000
vn -0.5923 0.8057 -0.0000
vn -0.5584 0.8296 -0.0000
vn -0.5239 0.8518 -0.0000
vn -0.4888 0.8724 -0.0000
vn -0.4524 0.8918 -0.0000
vn -0.4133 0.9106 -0.0000
vn -0.3728 0.9279 -0.0000
vn -0.3323 0.9432 -0.0000
vn -0.2921 0.9564 -0.0000
vn -0.2523 0.9676 -0.0000
vn -0.2132 0.9770 -0.0000
vn -0.1749 0.9846 -0.0000
vn -0.1376 0.9905 -0.0000
vn -0.1014 0.9948 -0.0000
vn -0.0664 0.9978 -0.0000
vn -0.0326 0.9995 -0.0000
vn 0.0071 1.0000 -0.0000
vn 0.0605 0.9982 -0.0000
vn 0.1203 0.9927 -0.0000
vn 0.1787 0.9839 -0.0000
vn 0.2352 0.9719 -0.0000
vn 0.2893 0.9572 -0.0000
vn 0.3407 0.9402 -0.0000
vn 0.3891 0.9212 -0.0000
vn 0.4345 0.9007 -0.0000
vn 0.4767 0.8791 -0.0000
vn 0.5158 0.8567 -0.0000
vn 0.5518 0.8340 -0.0000
vn 0.5833 0.8123 -0.0000
vn 0.6089 0.7932 -0.0000
vn 0.6309 0.7759 -0.0000
vn 0.6509 0.7591 -0.0000
vn 0.6694 0.7429 -0.0000
vn 0.6863 0.7273 -0.0000
vn 0.7018 0.7124 -0.0000
vn 0.7161 0.6980 -0.0000
vn 0.7293 0.6842 -0.0000
vn 0.7415 0.6710 -0.0000
vn 0.7632 0.6462 -0.0000
vn 0.9403 0.3405 -0.0000
vn 0.9153 0.4028 -0.0000
vn 0.3545 0.9350 -0.0000
vn 0.3261 0.9453 -0.0000
vn 0.2993 0.9542 -0.0000
vn 0.2743 0.9616 -0.0000
vn 0.2512 0.9679 -0.0000
vn 0.2298 0.9732 -0.0000
vn 0.2099 0.9777 -0.0000
vn 0.1914 0.9815 -0.0000
vn 0.1742 0.9847 -0.0000
vn 0.1581 0.9874 -0.0000
vn 0.1431 0.9897 -0.0000
vn 0.1291 0.9916 -0.0000
vn 0.1160 0.9932 -0.0000
vn 0.0911 0.9958 -0.0000
vn 0.0795 0.9968 -0.0000
vn 0.0687 0.9976 -0.0000
vn 0.0496 0.9988 -0.0000
vn 0.0410 0.9992 -0.0000
vn 0.0330 0.9995 -0.0000
vn 0.0256 0.9997 -0.0000
vn 0.0186 0.9998 -0.0000
vn 0.0120 0.9999 -0.0000
vn 0.0058 1.0000 -0.0000
vn -0.1035 0.9946 -0.0000
vn -0.1162 0.9932 -0.0000
vn -0.1296 0.9916 -0.0000
vn -0.1440 0.9896 -0.0000
vn -0.1594 0.9872 -0.0000
vn -0.1760 0.9844 -0.0000
vn -0.1938 0.9810 -0.0000
vn -0.2131 0.9770 -0.0000
vn -0.2340 0.9722 -0.0000
vn -0.2566 0.9665 -0.0000
vn -0.2811 0.9597 -0.0000
vn -0.3077 0.9515 -0.0000
vn -0.3358 0.9419 -0.0000
vn -0.3641 0.9314 -0.0000
vn -0.3935 0.9193 -0.0000
vn -0.4248 0.9053 -0.0000
vn -0.4580 0.8890 -0.0000
vn -0.4932 0.8699 -0.0000
vn -0.5304 0.8478 -0.0000
vn -0.5694 0.8221 -0.0000
vn -0.6101 0.7923 -0.0000
vn -0.6521 0.7581 -0.0000
vn -0.6951 0.7189 -0.0000
vn -0.7383 0.6744 -0.0000
vn -0.7790 0.6271 -0.0000
vn -1.0000 0.0053 -0.0000
vn -1.0000 -0.0095 -0.0000
vn -0.9992 -0.0392 -0.0000
vn -0.9967 -0.0816 -0.0000
vn -0.9918 -0.1276 -0.0000
vn -0.9841 -0.1776 -0.0000
vn -0.9728 -0.2314 -0.0000
vn -0.9573 -0.2892 -0.0000
vn -0.9365 -0.3506 -0.0000
vn -0.9098 -0.4151 -0.0000
vn -0.8763 -0.4818 -0.0000
vn -0.8355 -0.5495 -0.0000
vn -0.7871 -0.6168 -0.0000
vn -0.7338 -0.6794 -0.0000
vn -0.6219 -0.7831 -0.0000
vn -0.5606 -0.8281 -0.0000
vn -0.4963 -0.8682 -0.0000
vn -0.3631 -0.9317 -0.0000
vn -0.2967 -0.9550 -0.0000
vn -0.2318 -0.9728 -0.0000
vn -0.1692 -0.9856 -0.0000
vn -0.1095 -0.9940 -0.0000
vn -0.0532 -0.9986 -0.0000
vn -0.0130 -0.9999 -0.0000
vn -0.7106 -0.7036 -0.0000
vn -0.9998 0.0201 -0.0000
vn -0.9992 0.0408 -0.0000
vn -0.9981 0.0620 -0.0000
vn -0.9965 0.0839 -0.0000
vn -0.9943 0.1064 -0.0000
vn -0.9916 0.1294 -0.0000
vn -0.9882 0.1530 -0.0000
vn -0.9842 0.1772 -0.0000
vn -0.9794 0.2019 -0.0000
vn -0.9739 0.2271 -0.0000
vn -0.9675 0.2528 -0.0000
vn -0.9599 0.2803 -0.0000
vn -0.9504 0.3111 -0.0000
vn -0.9390 0.3438 -0.0000
vn -0.9262 0.3771 -0.0000
vn -0.9118 0.4106 -0.0000
vn -0.8958 0.4444 -0.0000
vn -0.8783 0.4781 -0.0000
vn -0.8591 0.5118 -0.0000
vn -0.8383 0.5452 -0.0000
vn -0.8160 0.5780 -0.0000
vn -0.7922 0.6103 -0.0000
vn -0.7670 0.6417 -0.0000
vn -0.7399 0.6727 -0.0000
vn -0.7104 0.7038 -0.0000
vn -0.6792 0.7340 -0.0000
vn -0.6469 0.7626 -0.0000
vn -0.6137 0.7895 -0.0000
vn -0.5800 0.8146 -0.0000
vn -0.5459 0.8379 -0.0000
vn -0.5115 0.8593 -0.0000
vn -0.4772 0.8788 -0.0000
vn -0.4431 0.8965 -0.0000
vn -0.4093 0.9124 -0.0000
vn -0.3761 0.9266 -0.0000
vn -0.3428 0.9394 -0.0000
vn -0.3087 0.9512 -0.0000
vn -0.2749 0.9615 -0.0000
vn -0.2422 0.9702 -0.0000
vn -0.2105 0.9776 -0.0000
vn -0.1801 0.9836 -0.0000
vn -0.1509 0.9886 -0.0000
vn -0.1229 0.9924 -0.0000
vn -0.0960 0.9954 -0.0000
vn -0.0704 0.9975 -0.0000
vn -0.0459 0.9989 -0.0000
vn -0.0225 0.9997 -0.0000
vn -0.0025 1.0000 -0.0000
vn 0.0251 0.9997 -0.0000
vn 0.0383 0.9993 -0.0000
vn 0.0522 0.9986 -0.0000
vn 0.0666 0.9978 -0.0000
vn 0.0817 0.9967 -0.0000
vn 0.0974 0.9952 -0.0000
vn 0.1309 0.9914 -0.0000
vn 0.1487 0.9889 -0.0000
vn 0.1674 0.9859 -0.0000
vn 0.1836 0.9830 -0.0000
vn 0.1941 0.9810 -0.0000
vn 0.2017 0.9794 -0.0000
vn 0.2098 0.9778 -0.0000
vn 0.2181 0.9759 -0.0000
vn 0.2268 0.9739 -0.0000
vn 0.2360 0.9718 -0.0000
vn 0.2455 0.9694 -0.0000
vn 0.2660 0.9640 -0.0000
vn 0.2770 0.9609 -0.0000
vn 0.2885 0.9575 -0.0000
vn 0.2984 0.9544 -0.0000
vn 0.3045 0.9525 -0.0000
vn 0.3086 0.9512 -0.0000
vn 0.3131 0.9497 -0.0000
vn 0.3177 0.9482 -0.0000
vn 0.3227 0.9465 -0.0000
vn 0.3280 0.9447 -0.0000
vn 0.3336 0.9427 -0.0000
vn 0.3396 0.9406 -0.0000
vn 0.3460 0.9382 -0.0000
vn 0.3528 0.9357 -0.0000
vn 0.3602 0.9329 -0.0000
vn 0.3618 0.9323 -0.0000
vn 0.3506 0.9365 -0.0000
vn 0.3317 0.9434 -0.0000
vn 0.3111 0.9504 -0.0000
vn 0.2637 0.9646 -0.0000
vn 0.2363 0.9717 -0.0000
vn 0.2062 0.9785 -0.0000
vn 0.1728 0.9849 -0.0000
vn 0.1359 0.9907 -0.0000
vn 0.0950 0.9955 -0.0000
vn 0.0047 1.0000 -0.0000
vn -0.0335 0.9994 -0.0000
vn -0.1057 0.9944 -0.0000
vn -0.1446 0.9895 -0.0000
vn -0.1852 0.9827 -0.0000
vn -0.2275 0.9738 -0.0000
vn -0.2713 0.9625 -0.0000
vn -0.3164 0.9486 -0.0000
vn -0.3627 0.9319 -0.0000
vn -0.4096 0.9123 -0.0000
vn -0.4568 0.8896 -0.0000
vn -0.5070 0.8619 -0.0000
vn -0.5612 0.8276 -0.0000
vn -0.6145 0.7890 -0.0000
vn -0.6630 0.7486 -0.0000
vn -0.7068 0.7074 -0.0000
vn -0.7460 0.6660 -0.0000
vn -0.7806 0.6250 -0.0000
vn -0.8111 0.5849 -0.0000
vn -0.8378 0.5460 -0.0000
vn -0.8610 0.5086 -0.0000
vn -0.8812 0.4728 -0.0000
vn -0.8987 0.4387 -0.0000
vn -0.9147 0.4040 -0.0000
vn -0.9302 0.3670 -0.0000
vn -0.9438 0.3304 -0.0000
vn -0.9549 0.2968 -0.0000
vn -0.9640 0.2658 -0.0000
vn -0.9714 0.2373 -0.0000
vn -0.9775 0.2111 -0.0000
vn -0.9824 0.1869 -0.0000
vn -0.9864 0.1646 -0.0000
vn -0.9896 0.1439 -0.0000
vn -0.9922 0.1249 -0.0000
vn -0.9942 0.1072 -0.0000
vn -0.9958 0.0918 -0.0000
vn -0.9968 0.0798 -0.0000
vn -0.9976 0.0697 -0.0000
vn -0.9982 0.0604 -0.0000
vn -0.9987 0.0517 -0.0000
vn -0.9990 0.0437 -0.0000
vn -0.9993 0.0362 -0.0000
vn -0.9996 0.0292 -0.0000
vn -0.9997 0.0226 -0.0000
vn -0.9999 0.0164 -0.0000
vn -0.9999 0.0106 -0.0000
vn -1.0000 0.0052 -0.0000
vn -1.0000 0.0003 -0.0000
vn -1.0000 -0.0039 -0.0000
vn -1.0000 -0.0080 -0.0000
vn -0.9999 -0.0123 -0.0000
vn -0.9999 -0.0169 -0.0000
vn -0.9998 -0.0216 -0.0000
vn -0.9996 -0.0267 -0.0000
vn -0.9995 -0.0321 -0.0000
vn -0.9993 -0.0378 -0.0000
vn -0.9990 -0.0438 -0.0000
vn -0.9987 -0.0503 -0.0000
vn -0.9984 -0.0570 -0.0000
vn -0.9979 -0.0642 -0.0000
vn -0.9974 -0.0714 -0.0000
vn -0.9969 -0.0789 -0.0000
vn -0.9962 -0.0867 -0.0000
vn -0.9955 -0.0948 -0.0000
vn -0.9946 -0.1034 -0.0000
vn -0.9936 -0.1125 -0.0000
vn -0.9925 -0.1221 -0.0000
vn -0.9912 -0.1322 -0.0000
vn -0.9897 -0.1429 -0.0000
vn -0.9880 -0.1542 -0.0000
vn -0.9861 -0.1664 -0.0000
vn -0.9836 -0.1806 -0.0000
vn -0.9801 -0.1984 -0.0000
vn -0.9758 -0.2187 -0.0000
vn -0.9708 -0.2399 -0.0000
vn -0.9651 -0.2619 -0.0000
vn -0.9586 -0.2848 -0.0000
vn -0.9512 -0.3087 -0.0000
vn -0.9428 -0.3335 -0.0000
vn -0.9333 -0.3592 -0.0000
vn -0.9226 -0.3858 -0.0000
vn -0.9106 -0.4133 -0.0000
vn -0.8973 -0.4415 -0.0000
vn -0.8835 -0.4684 -0.0000
vn -0.8710 -0.4914 -0.0000
vn -0.8592 -0.5116 -0.0000
vn -0.8472 -0.5313 -0.0000
vn -0.8350 -0.5503 -0.0000
vn -0.8226 -0.5687 -0.0000
vn -0.8100 -0.5865 -0.0000
vn -0.7973 -0.6036 -0.0000
vn -0.7844 -0.6202 -0.0000
vn -0.7716 -0.6361 -0.0000
vn -0.7587 -0.6515 -0.0000
vn -0.7457 -0.6662 -0.0000
vn -0.7179 -0.6961 -0.0000
vn -0.6653 -0.7465 -0.0000
vn -0.6089 -0.7932 -0.0000
vn -0.5638 -0.8259 -0.0000
vn -0.5273 -0.8497 -0.0000
vn -0.4973 -0.8676 -0.0000
vn -0.4724 -0.8814 -0.0000
vn -0.4514 -0.8923 -0.0000
vn -0.4335 -0.9011 -0.0000
vn -0.4181 -0.9084 -0.0000
vn -0.4047 -0.9145 -0.0000
vn -0.3929 -0.9196 -0.0000
vn -0.3809 -0.9246 -0.0000
vn -0.3669 -0.9303 -0.0000
vn -0.3523 -0.9359 -0.0000
vn -0.3387 -0.9409 -0.0000
vn -0.3260 -0.9454 -0.0000
vn -0.3140 -0.9494 -0.0000
vn -0.3028 -0.9531 -0.0000
vn -0.2922 -0.9564 -0.0000
vn -0.2822 -0.9593 -0.0000
vn -0.2729 -0.9621 -0.0000
vn -0.2640 -0.9645 -0.0000
vn -0.2556 -0.9668 -0.0000
vn -0.2469 -0.9690 -0.0000
vn -0.2372 -0.9715 -0.0000
vn -0.2272 -0.9739 -0.0000
vn -0.2175 -0.9761 -0.0000
vn -0.2082 -0.9781 -0.0000
vn -0.1993 -0.9799 -0.0000
vn -0.1907 -0.9817 -0.0000
vn -0.1743 -0.9847 -0.0000
vn -0.1666 -0.9860 -0.0000
vn -0.1592 -0.9873 -0.0000
vn -0.1520 -0.9884 -0.0000
vn -0.1434 -0.9897 -0.0000
vn -0.1317 -0.9913 -0.0000
vn -0.1186 -0.9929 -0.0000
vn -0.1057 -0.9944 -0.0000
vn -0.0930 -0.9957 -0.0000
vn -0.0806 -0.9967 -0.0000
vn -0.0684 -0.9977 -0.0000
vn -0.0565 -0.9984 -0.0000
vn -0.0447 -0.9990 -0.0000
vn -0.0332 -0.9994 -0.0000
vn -0.0219 -0.9998 -0.0000
vn -0.0109 -0.9999 -0.0000
vn 0.0026 -1.0000 -0.0000
vn 0.0216 -0.9998 -0.0000
vn 0.0439 -0.9990 -0.0000
vn 0.0672 -0.9977 -0.0000
vn 0.0913 -0.9958 -0.0000
vn 0.1165 -0.9932 -0.0000
vn 0.1425 -0.9898 -0.0000
vn 0.1696 -0.9855 -0.0000
vn 0.1975 -0.9803 -0.0000
vn 0.2264 -0.9740 -0.0000
vn 0.2561 -0.9667 -0.0000
vn 0.2866 -0.9580 -0.0000
vn 0.3181 -0.9480 -0.0000
vn 0.3507 -0.9365 -0.0000
vn 0.3840 -0.9233 -0.0000
vn 0.4178 -0.9086 -0.0000
vn 0.4518 -0.8921 -0.0000
vn 0.4859 -0.8740 -0.0000
vn 0.5200 -0.8542 -0.0000
vn 0.5539 -0.8326 -0.0000
vn 0.5873 -0.8094 -0.0000
vn 0.6201 -0.7845 -0.0000
vn 0.6521 -0.7581 -0.0000
vn 0.6831 -0.7303 -0.0000
vn 0.7132 -0.7010 -0.0000
vn 0.7424 -0.6700 -0.0000
vn 0.7702 -0.6377 -0.0000
vn 0.7965 -0.6047 -0.0000
vn 0.8210 -0.5710 -0.0000
vn 0.8437 -0.5369 -0.0000
vn 0.8645 -0.5026 -0.0000
vn 0.8836 -0.4683 -0.0000
vn 0.9008 -0.4342 -0.0000
vn 0.9163 -0.4004 -0.0000
vn 0.9302 -0.3671 -0.0000
vn 0.9424 -0.3344 -0.0000
vn 0.9531 -0.3027 -0.0000
vn 0.9623 -0.2721 -0.0000
vn 0.9701 -0.2427 -0.0000
vn 0.9768 -0.2141 -0.0000
vn 0.9825 -0.1865 -0.0000
vn 0.9871 -0.1599 -0.0000
vn 0.9909 -0.1342 -0.0000
vn 0.9940 -0.1095 -0.0000
vn 0.9963 -0.0858 -0.0000
vn 0.9980 -0.0630 -0.0000
vn 0.9992 -0.0412 -0.0000
vn 0.9998 -0.0202 -0.0000
vn 1.0000 0.0005 -0.0000
vn 0.9998 0.0222 -0.0000
vn 0.9990 0.0449 -0.0000
vn 0.9977 0.0684 -0.0000
vn 0.9957 0.0926 -0.0000
vn 0.9931 0.1176 -0.0000
vn 0.9897 0.1431 -0.0000
vn 0.9856 0.1694 -0.0000
vn 0.9806 0.1962 -0.0000
vn 0.9747 0.2236 -0.0000
vn 0.9678 0.2516 -0.0000
vn 0.9600 0.2800 -0.0000
vn 0.9512 0.3086 -0.0000
vn 0.9414 0.3372 -0.0000
vn 0.9305 0.3662 -0.0000
vn 0.9184 0.3956 -0.0000
vn 0.9050 0.4254 -0.0000
vn 0.8903 0.4555 -0.0000
vn 0.8741 0.4857 -0.0000
vn 0.8566 0.5160 -0.0000
vn 0.8376 0.5463 -0.0000
vn 0.8172 0.5763 -0.0000
vn 0.7955 0.6060 -0.0000
vn 0.7724 0.6351 -0.0000
vn 0.7480 0.6637 -0.0000
vn 0.7225 0.6914 -0.0000
vn 0.6956 0.7184 -0.0000
vn 0.6676 0.7445 -0.0000
vn 0.6385 0.7696 -0.0000
vn 0.6084 0.7936 -0.0000
vn 0.5775 0.8164 -0.0000
vn 0.5137 0.8580 -0.0000
vn 0.4812 0.8766 -0.0000
vn 0.4484 0.8938 -0.0000
vn 0.4155 0.9096 -0.0000
vn 0.3824 0.9240 -0.0000
vn 0.3486 0.9373 -0.0000
vn 0.3144 0.9493 -0.0000
vn 0.2804 0.9599 -0.0000
vn 0.2468 0.9691 -0.0000
vn 0.2135 0.9769 -0.0000
vn 0.1808 0.9835 -0.0000
vn 0.1173 0.9931 -0.0000
vn 0.0867 0.9962 -0.0000
vn 0.0570 0.9984 -0.0000
vn 0.0281 0.9996 -0.0000
vn 0.0007 1.0000 -0.0000
vn -0.0253 0.9997 -0.0000
vn -0.0517 0.9987 -0.0000
vn -0.0793 0.9968 -0.0000
vn -0.1083 0.9941 -0.0000
vn -0.1385 0.9904 -0.0000
vn -0.1700 0.9854 -0.0000
vn -0.2028 0.9792 -0.0000
vn -0.2368 0.9716 -0.0000
vn -0.2720 0.9623 -0.0000
vn -0.3083 0.9513 -0.0000
vn -0.3455 0.9384 -0.0000
vn -0.3816 0.9243 -0.0000
vn -0.4146 0.9100 -0.0000
vn -0.4461 0.8950 -0.0000
vn -0.4780 0.8784 -0.0000
vn -0.5101 0.8601 -0.0000
vn -0.5422 0.8403 -0.0000
vn -0.5742 0.8187 -0.0000
vn -0.6059 0.7956 -0.0000
vn -0.6371 0.7708 -0.0000
vn -0.6677 0.7445 -0.0000
vn -0.6974 0.7167 -0.0000
vn -0.7262 0.6875 -0.0000
vn -0.7531 0.6579 -0.0000
vn -0.7776 0.6287 -0.0000
vn -0.8004 0.5995 -0.0000
vn -0.8220 0.5695 -0.0000
vn -0.8424 0.5388 -0.0000
vn -0.8615 0.5077 -0.0000
vn -0.8793 0.4762 -0.0000
vn -0.8958 0.4445 -0.0000
vn -0.9108 0.4128 -0.0000
vn -0.9245 0.3811 -0.0000
vn -0.9480 0.3183 -0.0000
vn -0.9574 0.2886 -0.0000
vn -0.9652 0.2616 -0.0000
vn -0.9717 0.2361 -0.0000
vn -0.9775 0.2108 -0.0000
vn -0.9826 0.1857 -0.0000
vn -0.9869 0.1610 -0.0000
vn -0.9906 0.1367 -0.0000
vn -0.9936 0.1128 -0.0000
vn -0.9960 0.0893 -0.0000
vn -0.9978 0.0662 -0.0000
vn -0.9998 0.0216 -0.0000
vn -0.7253 0.6885 -0.0000
vn 0.7038 0.7104 -0.0000
vn 0.9999 -0.0106 -0.0000
vn 0.9986 -0.0520 -0.0000
vn 0.9953 -0.0964 -0.0000
vn 0.9896 -0.1439 -0.0000
vn 0.9809 -0.1944 -0.0000
vn 0.9688 -0.2478 -0.0000
vn 0.9528 -0.3037 -0.0000
vn 0.9322 -0.3618 -0.0000
vn 0.9068 -0.4215 -0.0000
vn 0.8762 -0.4819 -0.0000
vn 0.8403 -0.5421 -0.0000
vn 0.7974 -0.6034 -0.0000
vn 0.7450 -0.6670 -0.0000
vn 0.6840 -0.7295 -0.0000
vn 0.6170 -0.7869 -0.0000
vn 0.5455 -0.8381 -0.0000
vn 0.4712 -0.8820 -0.0000
vn 0.3959 -0.9183 -0.0000
vn 0.3215 -0.9469 -0.0000
vn 0.2494 -0.9684 -0.0000
vn 0.1807 -0.9835 -0.0000
vn 0.1161 -0.9932 -0.0000
vn 0.0560 -0.9984 -0.0000
vn 0.0057 -1.0000 -0.0000
vn -0.0321 -0.9995 -0.0000
vn -0.0654 -0.9979 -0.0000
vn -0.1000 -0.9950 -0.0000
vn -0.1358 -0.9907 -0.0000
vn -0.1728 -0.9850 -0.0000
vn -0.2109 -0.9775 -0.0000
vn -0.2499 -0.9683 -0.0000
vn -0.2897 -0.9571 -0.0000
vn -0.3301 -0.9440 -0.0000
vn -0.3708 -0.9287 -0.0000
vn -0.4116 -0.9114 -0.0000
vn -0.4499 -0.8931 -0.0000
vn -0.4833 -0.8755 -0.0000
vn -0.5142 -0.8576 -0.0000
vn -0.5450 -0.8384 -0.0000
vn -0.5755 -0.8178 -0.0000
vn -0.6056 -0.7958 -0.0000
vn -0.6350 -0.7725 -0.0000
vn -0.6638 -0.7479 -0.0000
vn -0.6916 -0.7223 -0.0000
vn -0.7185 -0.6955 -0.0000
vn -0.7443 -0.6679 -0.0000
vn -0.7688 -0.6395 -0.0000
vn -0.7916 -0.6111 -0.0000
vn -0.8120 -0.5837 -0.0000
vn -0.8307 -0.5567 -0.0000
vn -0.8483 -0.5295 -0.0000
vn -0.8648 -0.5021 -0.0000
vn -0.8802 -0.4747 -0.0000
vn -0.8944 -0.4473 -0.0000
vn -0.9075 -0.4200 -0.0000
vn -0.9195 -0.3930 -0.0000
vn -0.9305 -0.3663 -0.0000
vn -0.9405 -0.3399 -0.0000
vn -0.9494 -0.3140 -0.0000
vn -0.9572 -0.2894 -0.0000
vn -0.9637 -0.2670 -0.0000
vn -0.9693 -0.2457 -0.0000
vn -0.9745 -0.2245 -0.0000
vn -0.9791 -0.2034 -0.0000
vn -0.9832 -0.1825 -0.0000
vn -0.9868 -0.1617 -0.0000
vn -0.9900 -0.1412 -0.0000
vn -0.9927 -0.1209 -0.0000
vn -0.9949 -0.1009 -0.0000
vn -0.9967 -0.0811 -0.0000
vn -0.9981 -0.0617 -0.0000
vn -0.9565 0.2917 -0.0000
vn -0.9648 0.2629 -0.0000
vn -0.9720 0.2351 -0.0000
vn -0.9781 0.2081 -0.0000
vn -0.9833 0.1818 -0.0000
vn -0.9877 0.1564 -0.0000
vn -0.9913 0.1317 -0.0000
vn -0.9942 0.1077 -0.0000
vn -0.9964 0.0846 -0.0000
vn -0.9981 0.0623 -0.0000
vn -1.0000 -0.0005 -0.0000
vn -0.9998 -0.0223 -0.0000
vn -0.9990 -0.0452 -0.0000
vn -0.9976 -0.0687 -0.0000
vn -0.9957 -0.0928 -0.0000
vn -0.9931 -0.1176 -0.0000
vn -0.9897 -0.1428 -0.0000
vn -0.9857 -0.1686 -0.0000
vn -0.9808 -0.1949 -0.0000
vn -0.9751 -0.2217 -0.0000
vn -0.9685 -0.2488 -0.0000
vn -0.9611 -0.2763 -0.0000
vn -0.9525 -0.3047 -0.0000
vn -0.9424 -0.3345 -0.0000
vn -0.9309 -0.3652 -0.0000
vn -0.9182 -0.3962 -0.0000
vn -0.9041 -0.4274 -0.0000
vn -0.8886 -0.4586 -0.0000
vn -0.8718 -0.4898 -0.0000
vn -0.8537 -0.5208 -0.0000
vn -0.8343 -0.5514 -0.0000
vn -0.8135 -0.5815 -0.0000
vn -0.7916 -0.6110 -0.0000
vn -0.7685 -0.6398 -0.0000
vn -0.7439 -0.6683 -0.0000
vn -0.7171 -0.6970 -0.0000
vn -0.6886 -0.7251 -0.0000
vn -0.6591 -0.7521 -0.0000
vn -0.6287 -0.7776 -0.0000
vn -0.5976 -0.8018 -0.0000
vn -0.5659 -0.8245 -0.0000
vn -0.5338 -0.8456 -0.0000
vn -0.5015 -0.8651 -0.0000
vn -0.4692 -0.8831 -0.0000
vn -0.4369 -0.8995 -0.0000
vn -0.4049 -0.9144 -0.0000
vn -0.3722 -0.9282 -0.0000
vn -0.3377 -0.9413 -0.0000
vn -0.3026 -0.9531 -0.0000
vn -0.2682 -0.9634 -0.0000
vn -0.2345 -0.9721 -0.0000
vn -0.2016 -0.9795 -0.0000
vn -0.1697 -0.9855 -0.0000
vn -0.1388 -0.9903 -0.0000
vn -0.1090 -0.9940 -0.0000
vn -0.0801 -0.9968 -0.0000
vn -0.0524 -0.9986 -0.0000
vn -0.0257 -0.9997 -0.0000
vn -0.0005 -1.0000 -0.0000
vn 0.0237 -0.9997 -0.0000
vn 0.0484 -0.9988 -0.0000
vn 0.0741 -0.9973 -0.0000
vn 0.1009 -0.9949 -0.0000
vn 0.1287 -0.9917 -0.0000
vn 0.1576 -0.9875 -0.0000
vn 0.1875 -0.9823 -0.0000
vn 0.2185 -0.9758 -0.0000
vn 0.2504 -0.9681 -0.0000
vn 0.2832 -0.9590 -0.0000
vn 0.3169 -0.9485 -0.0000
vn 0.3506 -0.9365 -0.0000
vn 0.3836 -0.9235 -0.0000
vn 0.4164 -0.9092 -0.0000
vn 0.4495 -0.8933 -0.0000
vn 0.4829 -0.8757 -0.0000
vn 0.5162 -0.8564 -0.0000
vn 0.5495 -0.8355 -0.0000
vn 0.5824 -0.8129 -0.0000
vn 0.6148 -0.7887 -0.0000
vn 0.6465 -0.7629 -0.0000
vn 0.6773 -0.7357 -0.0000
vn 0.7356 -0.6774 -0.0000
vn 0.7625 -0.6470 -0.0000
vn 0.7880 -0.6157 -0.0000
vn 0.8119 -0.5837 -0.0000
vn 0.8344 -0.5512 -0.0000
vn 0.8552 -0.5183 -0.0000
vn 0.8744 -0.4852 -0.0000
vn 0.8919 -0.4521 -0.0000
vn 0.9079 -0.4192 -0.0000
vn 0.9223 -0.3865 -0.0000
vn 0.9352 -0.3542 -0.0000
vn 0.9466 -0.3224 -0.0000
vn 0.9565 -0.2919 -0.0000
vn 0.9648 -0.2631 -0.0000
vn 0.9719 -0.2355 -0.0000
vn 0.9780 -0.2086 -0.0000
vn 0.9832 -0.1824 -0.0000
vn 0.9876 -0.1570 -0.0000
vn 0.9941 -0.1083 -0.0000
vn 0.9964 -0.0852 -0.0000
vn 0.9980 -0.0628 -0.0000
vn 0.9992 -0.0411 -0.0000
vn 1.0000 0.0006 -0.0000
vn 0.9997 0.0227 -0.0000
vn 0.9989 0.0459 -0.0000
vn 0.9976 0.0698 -0.0000
vn 0.9956 0.0942 -0.0000
vn 0.9929 0.1193 -0.0000
vn 0.9895 0.1448 -0.0000
vn 0.9853 0.1709 -0.0000
vn 0.9803 0.1974 -0.0000
vn 0.9745 0.2244 -0.0000
vn 0.9678 0.2517 -0.0000
vn 0.9602 0.2793 -0.0000
vn 0.9515 0.3077 -0.0000
vn 0.9414 0.3373 -0.0000
vn 0.9299 0.3678 -0.0000
vn 0.9171 0.3986 -0.0000
vn 0.9030 0.4296 -0.0000
vn 0.8875 0.4607 -0.0000
vn 0.8707 0.4919 -0.0000
vn 0.8524 0.5228 -0.0000
vn 0.8329 0.5535 -0.0000
vn 0.8120 0.5837 -0.0000
vn 0.7898 0.6134 -0.0000
vn 0.7664 0.6424 -0.0000
vn 0.7416 0.6709 -0.0000
vn 0.7149 0.6993 -0.0000
vn 0.6867 0.7270 -0.0000
vn 0.6274 0.7787 -0.0000
vn 0.5966 0.8025 -0.0000
vn 0.5653 0.8249 -0.0000
vn 0.5336 0.8457 -0.0000
vn 0.5017 0.8650 -0.0000
vn 0.4698 0.8828 -0.0000
vn 0.4379 0.8990 -0.0000
vn 0.4063 0.9137 -0.0000
vn 0.3737 0.9275 -0.0000
vn 0.3391 0.9407 -0.0000
vn 0.3038 0.9527 -0.0000
vn 0.2691 0.9631 -0.0000
vn 0.2022 0.9793 -0.0000
vn 0.1701 0.9854 -0.0000
vn 0.1391 0.9903 -0.0000
vn 0.0802 0.9968 -0.0000
vn 0.0524 0.9986 -0.0000
vn 0.0257 0.9997 -0.0000
vn 0.0006 1.0000 -0.0000
vn -0.0232 0.9997 -0.0000
vn -0.0473 0.9989 -0.0000
vn -0.0725 0.9974 -0.0000
vn -0.0987 0.9951 -0.0000
vn -0.1261 0.9920 -0.0000
vn -0.1545 0.9880 -0.0000
vn -0.1841 0.9829 -0.0000
vn -0.2146 0.9767 -0.0000
vn -0.2463 0.9692 -0.0000
vn -0.2788 0.9603 -0.0000
vn -0.3123 0.9500 -0.0000
vn -0.3461 0.9382 -0.0000
vn -0.3795 0.9252 -0.0000
vn -0.4130 0.9108 -0.0000
vn -0.4468 0.8947 -0.0000
vn -0.4808 0.8768 -0.0000
vn -0.5149 0.8573 -0.0000
vn -0.5488 0.8360 -0.0000
vn -0.5824 0.8129 -0.0000
vn -0.6155 0.7882 -0.0000
vn -0.6478 0.7618 -0.0000
vn -0.6792 0.7339 -0.0000
vn -0.7095 0.7047 -0.0000
vn -0.7383 0.6745 -0.0000
vn -0.7652 0.6438 -0.0000
vn -0.7903 0.6127 -0.0000
vn -0.8140 0.5809 -0.0000
vn -0.8361 0.5486 -0.0000
vn -0.8567 0.5159 -0.0000
vn -0.8756 0.4831 -0.0000
vn -0.8929 0.4503 -0.0000
vn -0.9086 0.4176 -0.0000
vn -0.9228 0.3853 -0.0000
vn -0.9355 0.3534 -0.0000
vn -0.9467 0.3220 -0.0000
vn 0.9735 0.2286 -0.0000
vn 0.9787 0.2055 -0.0000
vn 0.9830 0.1835 -0.0000
vn 0.9868 0.1621 -0.0000
vn 0.9899 0.1415 -0.0000
vn 0.9926 0.1216 -0.0000
vn 0.9948 0.1023 -0.0000
vn 0.9965 0.0837 -0.0000
vn 0.9978 0.0658 -0.0000
vn 0.9988 0.0484 -0.0000
vn 0.9995 0.0317 -0.0000
vn 0.9999 0.0156 -0.0000
vn 0.9999 -0.0135 -0.0000
vn 0.9996 -0.0273 -0.0000
vn 0.9991 -0.0414 -0.0000
vn 0.9984 -0.0560 -0.0000
vn 0.9975 -0.0709 -0.0000
vn 0.9963 -0.0861 -0.0000
vn 0.9948 -0.1018 -0.0000
vn 0.9930 -0.1179 -0.0000
vn 0.9909 -0.1343 -0.0000
vn 0.9885 -0.1511 -0.0000
vn 0.9857 -0.1684 -0.0000
vn 0.9822 -0.1877 -0.0000
vn 0.9775 -0.2109 -0.0000
vn 0.9716 -0.2365 -0.0000
vn 0.9648 -0.2628 -0.0000
vn 0.9571 -0.2898 -0.0000
vn 0.9483 -0.3173 -0.0000
vn 0.9385 -0.3454 -0.0000
vn 0.9275 -0.3739 -0.0000
vn 0.9153 -0.4028 -0.0000
vn 0.9018 -0.4321 -0.0000
vn 0.8871 -0.4615 -0.0000
vn 0.8711 -0.4911 -0.0000
vn 0.8530 -0.5220 -0.0000
vn 0.8316 -0.5554 -0.0000
vn 0.8075 -0.5898 -0.0000
vn 0.7816 -0.6238 -0.0000
vn 0.7539 -0.6570 -0.0000
vn 0.7244 -0.6893 -0.0000
vn 0.6934 -0.7205 -0.0000
vn 0.6610 -0.7504 -0.0000
vn 0.6274 -0.7787 -0.0000
vn 0.5572 -0.8304 -0.0000
vn 0.5212 -0.8534 -0.0000
vn 0.4823 -0.8760 -0.0000
vn 0.4380 -0.8990 -0.0000
vn 0.3915 -0.9202 -0.0000
vn 0.3456 -0.9384 -0.0000
vn 0.3008 -0.9537 -0.0000
vn 0.2572 -0.9664 -0.0000
vn 0.2152 -0.9766 -0.0000
vn 0.1749 -0.9846 -0.0000
vn 0.1363 -0.9907 -0.0000
vn 0.0995 -0.9950 -0.0000
vn 0.0646 -0.9979 -0.0000
vn 0.0315 -0.9995 -0.0000
vn -0.0313 -0.9995 -0.0000
vn -0.0637 -0.9980 -0.0000
vn -0.0973 -0.9953 -0.0000
vn -0.1321 -0.9912 -0.0000
vn -0.1680 -0.9858 -0.0000
vn -0.2049 -0.9788 -0.0000
vn -0.2812 -0.9597 -0.0000
vn -0.3202 -0.9473 -0.0000
vn -0.3597 -0.9331 -0.0000
vn -0.3992 -0.9168 -0.0000
vn -0.4383 -0.8988 -0.0000
vn -0.4765 -0.8792 -0.0000
vn -0.5140 -0.8578 -0.0000
vn -0.5510 -0.8345 -0.0000
vn -0.5871 -0.8095 -0.0000
vn -0.6222 -0.7828 -0.0000
vn -0.6562 -0.7546 -0.0000
vn -0.6887 -0.7251 -0.0000
vn -0.7196 -0.6944 -0.0000
vn -0.7488 -0.6628 -0.0000
vn -0.7763 -0.6304 -0.0000
vn -0.8018 -0.5975 -0.0000
vn -0.8248 -0.5654 -0.0000
vn -0.8446 -0.5353 -0.0000
vn -0.8624 -0.5063 -0.0000
vn -0.8787 -0.4773 -0.0000
vn -0.8937 -0.4486 -0.0000
vn -0.9074 -0.4202 -0.0000
vn -0.9198 -0.3923 -0.0000
vn -0.9311 -0.3648 -0.0000
vn -0.9412 -0.3378 -0.0000
vn -0.9503 -0.3115 -0.0000
vn -0.9583 -0.2858 -0.0000
vn -0.9654 -0.2608 -0.0000
vn -0.9716 -0.2365 -0.0000
vn -0.9771 -0.2130 -0.0000
vn -0.9817 -0.1903 -0.0000
vn -0.9858 -0.1682 -0.0000
vn -0.9892 -0.1468 -0.0000
vn -0.9920 -0.1262 -0.0000
vn -0.9943 -0.1062 -0.0000
vn -0.9962 -0.0869 -0.0000
vn -0.9977 -0.0683 -0.0000
vn -0.9995 -0.0329 -0.0000
vn -0.9999 -0.0162 -0.0000
vn -0.9999 0.0141 -0.0000
vn -0.9996 0.0286 -0.0000
vn -0.9991 0.0434 -0.0000
vn -0.9983 0.0586 -0.0000
vn -0.9972 0.0742 -0.0000
vn -0.9959 0.0902 -0.0000
vn -0.9943 0.1066 -0.0000
vn -0.9924 0.1234 -0.0000
vn -0.9901 0.1406 -0.0000
vn -0.9844 0.1761 -0.0000
vn -0.9807 0.1957 -0.0000
vn -0.9759 0.2181 -0.0000
vn -0.9702 0.2423 -0.0000
vn -0.9637 0.2671 -0.0000
vn -0.9562 0.2926 -0.0000
vn -0.9478 0.3187 -0.0000
vn -0.9385 0.3454 -0.0000
vn -0.9280 0.3725 -0.0000
vn -0.9165 0.4000 -0.0000
vn -0.9038 0.4280 -0.0000
vn -0.8899 0.4562 -0.0000
vn -0.8571 0.5151 -0.0000
vn -0.8354 0.5497 -0.0000
vn -0.8103 0.5860 -0.0000
vn -0.7832 0.6218 -0.0000
vn -0.7541 0.6568 -0.0000
vn -0.7232 0.6906 -0.0000
vn -0.6906 0.7232 -0.0000
vn -0.6565 0.7543 -0.0000
vn -0.6212 0.7836 -0.0000
vn -0.5849 0.8111 -0.0000
vn -0.5478 0.8366 -0.0000
vn -0.5102 0.8601 -0.0000
vn -0.4705 0.8824 -0.0000
vn -0.4272 0.9041 -0.0000
vn -0.3824 0.9240 -0.0000
vn -0.3381 0.9411 -0.0000
vn -0.2948 0.9556 -0.0000
vn -0.2526 0.9676 -0.0000
vn -0.2117 0.9773 -0.0000
vn -0.1723 0.9850 -0.0000
vn -0.1345 0.9909 -0.0000
vn -0.0984 0.9951 -0.0000
vn -0.0640 0.9979 -0.0000
vn -0.0313 0.9995 -0.0000
vn 0.0308 0.9995 -0.0000
vn 0.0627 0.9980 -0.0000
vn 0.0960 0.9954 -0.0000
vn 0.1305 0.9915 -0.0000
vn 0.1661 0.9861 -0.0000
vn 0.2029 0.9792 -0.0000
vn 0.2407 0.9706 -0.0000
vn 0.2794 0.9602 -0.0000
vn 0.3187 0.9479 -0.0000
vn 0.3585 0.9335 -0.0000
vn 0.3986 0.9171 -0.0000
vn 0.4380 0.8990 -0.0000
vn 0.4758 0.8795 -0.0000
vn 0.5127 0.8586 -0.0000
vn 0.5491 0.8358 -0.0000
vn 0.5847 0.8112 -0.0000
vn 0.6194 0.7850 -0.0000
vn 0.6530 0.7573 -0.0000
vn 0.6853 0.7282 -0.0000
vn 0.7453 0.6668 -0.0000
vn 0.7727 0.6348 -0.0000
vn 0.7983 0.6022 -0.0000
vn 0.8216 0.5700 -0.0000
vn 0.8423 0.5390 -0.0000
vn 0.8780 0.4786 -0.0000
vn 0.8937 0.4487 -0.0000
vn 0.9080 0.4191 -0.0000
vn 0.9209 0.3899 -0.0000
vn 0.9324 0.3613 -0.0000
vn 0.9428 0.3333 -0.0000
vn 0.9521 0.3059 -0.0000
vn 0.9674 0.2533 -0.0000
vt 0.404700 0.000000
vt 0.409922 0.000000
vt 0.407311 0.000000
vt 0.412533 0.000000
vt 0.402089 0.000000
vt 0.415144 0.000000
vt 0.399478 0.000000
vt 0.417755 0.000000
vt 0.396867 0.000000
vt 0.420366 0.000000
vt 0.394256 0.000000
vt 0.422976 0.000000
vt 0.391645 0.000000
vt 0.425587 0.000000
vt 0.389034 0.000000
vt 0.428198 0.000000
vt 0.386423 0.000000
vt 0.430809 0.000000
vt 0.383812 0.000000
vt 0.433420 0.000000
vt 0.381201 0.000000
vt 0.436031 0.000000
vt 0.378590 0.000000
vt 0.438642 0.000000
vt 0.375979 0.000000
vt 0.441253 0.000000
vt 0.373368 0.000000
vt 0.443864 0.000000
vt 0.370757 0.000000
vt 0.446475 0.000000
vt 0.368146 0.000000
vt 0.449086 0.000000
vt 0.365535 0.000000
vt 0.451697 0.000000
vt 0.454308 0.000000
vt 0.362924 0.000000
vt 0.456919 0.000000
vt 0.360313 0.000000
vt 0.459530 0.000000
vt 0.357702 0.000000
vt 0.462141 0.000000
vt 0.355091 0.000000
vt 0.464752 0.000000
vt 0.352480 0.000000
vt 0.467363 0.000000
vt 0.349869 0.000000
vt 0.469974 0.000000
vt 0.347258 0.000000
vt 0.472585 0.000000
vt 0.344648 0.000000
vt 0.475196 0.000000
vt 0.342037 0.000000
vt 0.477807 0.000000
vt 0.339426 0.000000
vt 0.480418 0.000000
vt 0.336815 0.000000
vt 0.483029 0.000000
vt 0.334204 0.000000
vt 0.485640 0.000000
vt 0.331593 0.000000
vt 0.657963 0.000000
vt 0.655352 0.000000
vt 0.488251 0.000000
vt 0.660574 0.000000
vt 0.663185 0.000000
vt 0.652741 0.000000
vt 0.665796 0.000000
vt 0.650131 0.000000
vt 0.668407 0.000000
vt 0.647520 0.000000
vt 0.671018 0.000000
vt 0.644909 0.000000
vt 0.328982 0.000000
vt 0.673629 0.000000
vt 0.642298 0.000000
vt 0.676240 0.000000
vt 0.639687 0.000000
vt 0.678851 0.000000
vt 0.637076 0.000000
vt 0.681462 0.000000
vt 0.634465 0.000000
vt 0.684073 0.000000
vt 0.490862 0.000000
vt 0.631854 0.000000
vt 0.686684 0.000000
vt 0.629243 0.000000
vt 0.326371 0.000000
vt 0.689295 0.000000
vt 0.626632 0.000000
vt 0.691906 0.000000
vt 0.624021 0.000000
vt 0.694517 0.000000
vt 0.493473 0.000000
vt 0.621410 0.000000
vt 0.697128 0.000000
vt 0.323760 0.000000
vt 0.618799 0.000000
vt 0.699739 0.000000
vt 0.616188 0.000000
vt 0.702350 0.000000
vt 0.496084 0.000000
vt 0.613577 0.000000
vt 0.704961 0.000000
vt 0.321149 0.000000
vt 0.610966 0.000000
vt 0.707572 0.000000
vt 0.608355 0.000000
vt 0.710183 0.000000
vt 0.498695 0.000000
vt 0.605744 0.000000
vt 0.712794 0.000000
vt 0.318538 0.000000
vt 0.603133 0.000000
vt 0.715405 0.000000
vt 0.600522 0.000000
vt 0.718016 0.000000
vt 0.000000 0.000000
vt 0.315927 0.000000
vt 0.597911 0.000000
vt 0.720627 0.000000
vt 0.595300 0.000000
vt 0.723238 0.000000
vt 0.002611 0.000000
vt 0.592689 0.000000
vt 0.725849 0.000000
vt 0.313316 0.000000
vt 0.590078 0.000000
vt 0.728460 0.000000
vt 0.005222 0.000000
vt 0.587467 0.000000
vt 0.731071 0.000000
vt 0.310705 0.000000
vt 0.584856 0.000000
vt 0.733681 0.000000
vt 0.007833 0.000000
vt 0.582245 0.000000
vt 0.736292 0.000000
vt 0.308094 0.000000
vt 0.579634 0.000000
vt 0.738903 0.000000
vt 0.577024 0.000000
vt 0.010444 0.000000
vt 0.741514 0.000000
vt 0.305483 0.000000
vt 0.574413 0.000000
vt 0.744125 0.000000
vt 0.571802 0.000000
vt 0.013055 0.000000
vt 0.746736 0.000000
vt 0.302872 0.000000
vt 0.569191 0.000000
vt 0.749347 0.000000
vt 0.015666 0.000000
vt 0.566580 0.000000
vt 0.751958 0.000000
vt 0.300261 0.000000
vt 0.563969 0.000000
vt 0.754569 0.000000
vt 0.018277 0.000000
vt 0.561358 0.000000
vt 0.757180 0.000000
vt 0.297650 0.000000
vt 0.558747 0.000000
vt 0.759791 0.000000
vt 0.020888 0.000000
vt 0.556136 0.000000
vt 0.295039 0.000000
vt 0.762402 0.000000
vt 0.553525 0.000000
vt 0.765013 0.000000
vt 0.023499 0.000000
vt 0.292428 0.000000
vt 0.550914 0.000000
vt 0.767624 0.000000
vt 0.548303 0.000000
vt 0.770235 0.000000
vt 0.026110 0.000000
vt 0.289817 0.000000
vt 0.545692 0.000000
vt 0.772846 0.000000
vt 0.543081 0.000000
vt 0.028721 0.000000
vt 0.775457 0.000000
vt 0.287206 0.000000
vt 0.540470 0.000000
vt 0.778068 0.000000
vt 0.537859 0.000000
vt 0.031332 0.000000
vt 0.284595 0.000000
vt 0.780679 0.000000
vt 0.535248 0.000000
vt 0.783290 0.000000
vt 0.532637 0.000000
vt 0.281984 0.000000
vt 0.033943 0.000000
vt 0.785901 0.000000
vt 0.530026 0.000000
vt 0.788512 0.000000
vt 0.279373 0.000000
vt 0.036554 0.000000
vt 0.527415 0.000000
vt 0.791123 0.000000
vt 0.524804 0.000000
vt 0.039164 0.000000
vt 0.276762 0.000000
vt 0.793734 0.000000
vt 0.522193 0.000000
vt 0.796345 0.000000
vt 0.519582 0.000000
vt 0.041775 0.000000
vt 0.274151 0.000000
vt 0.798956 0.000000
vt 0.516971 0.000000
vt 0.801567 0.000000
vt 0.044386 0.000000
vt 0.271540 0.000000
vt 0.514360 0.000000
vt 0.804178 0.000000
vt 0.511749 0.000000
vt 0.806789 0.000000
vt 0.046997 0.000000
vt 0.268930 0.000000
vt 0.509138 0.000000
vt 0.809399 0.000000
vt 0.506527 0.000000
vt 0.049608 0.000000
vt 0.812010 0.000000
vt 0.266319 0.000000
vt 0.503916 0.000000
vt 0.814621 0.000000
vt 0.052219 0.000000
vt 0.501305 0.000000
vt 0.817232 0.000000
vt 0.263708 0.000000
vt 1.000000 0.000000
vt 0.819843 0.000000
vt 0.054830 0.000000
vt 0.997389 0.000000
vt 0.822454 0.000000
vt 0.261097 0.000000
vt 0.994778 0.000000
vt 0.825065 0.000000
vt 0.057441 0.000000
vt 0.992167 0.000000
vt 0.258486 0.000000
vt 0.827676 0.000000
vt 0.989556 0.000000
vt 0.830287 0.000000
vt 0.060052 0.000000
vt 0.986945 0.000000
vt 0.255875 0.000000
vt 0.832898 0.000000
vt 0.984334 0.000000
vt 0.835509 0.000000
vt 0.062663 0.000000
vt 0.981723 0.000000
vt 0.838120 0.000000
vt 0.253264 0.000000
vt 0.979112 0.000000
vt 0.840731 0.000000
vt 0.065274 0.000000
vt 0.976501 0.000000
vt 0.843342 0.000000
vt 0.250653 0.000000
vt 0.973890 0.000000
vt 0.845953 0.000000
vt 0.067885 0.000000
vt 0.971279 0.000000
vt 0.848564 0.000000
vt 0.248042 0.000000
vt 0.968668 0.000000
vt 0.851175 0.000000
vt 0.966057 0.000000
vt 0.853786 0.000000
vt 0.070496 0.000000
vt 0.245431 0.000000
vt 0.963446 0.000000
vt 0.856397 0.000000
vt 0.960836 0.000000
vt 0.859008 0.000000
vt 0.073107 0.000000
vt 0.958225 0.000000
vt 0.861619 0.000000
vt 0.242820 0.000000
vt 0.955614 0.000000
vt 0.864230 0.000000
vt 0.953003 0.000000
vt 0.866841 0.000000
vt 0.075718 0.000000
vt 0.950392 0.000000
vt 0.869452 0.000000
vt 0.240209 0.000000
vt 0.947781 0.000000
vt 0.872063 0.000000
vt 0.945170 0.000000
vt 0.874674 0.000000
vt 0.078329 0.000000
vt 0.942559 0.000000
vt 0.877285 0.000000
vt 0.237598 0.000000
vt 0.939948 0.000000
vt 0.879896 0.000000
vt 0.937337 0.000000
vt 0.882507 0.000000
vt 0.934726 0.000000
vt 0.885117 0.000000
vt 0.080940 0.000000
vt 0.932115 0.000000
vt 0.887728 0.000000
vt 0.929504 0.000000
vt 0.234987 0.000000
vt 0.890339 0.000000
vt 0.926893 0.000000
vt 0.892950 0.000000
vt 0.924282 0.000000
vt 0.895561 0.000000
vt 0.921671 0.000000
vt 0.898172 0.000000
vt 0.919060 0.000000
vt 0.900783 0.000000
vt 0.916449 0.000000
vt 0.083551 0.000000
vt 0.903394 0.000000
vt 0.913838 0.000000
vt 0.906005 0.000000
vt 0.911227 0.000000
vt 0.908616 0.000000
vt 0.232376 0.000000
vt 0.086162 0.000000
vt 0.229765 0.000000
vt 0.088773 0.000000
vt 0.227154 0.000000
vt 0.091384 0.000000
vt 0.224543 0.000000
vt 0.093995 0.000000
vt 0.221932 0.000000
vt 0.096606 0.000000
vt 0.219321 0.000000
vt 0.099217 0.000000
vt 0.216710 0.000000
vt 0.101828 0.000000
vt 0.214099 0.000000
vt 0.104439 0.000000
vt 0.211488 0.000000
vt 0.107050 0.000000
vt 0.208877 0.000000
vt 0.109661 0.000000
vt 0.206266 0.000000
vt 0.112272 0.000000
vt 0.203655 0.000000
vt 0.201044 0.000000
vt 0.114883 0.000000
vt 0.198433 0.000000
vt 0.117493 0.000000
vt 0.195822 0.000000
vt 0.120104 0.000000
vt 0.193211 0.000000
vt 0.122715 0.000000
vt 0.190601 0.000000
vt 0.125326 0.000000
vt 0.187990 0.000000
vt 0.127937 0.000000
vt 0.185379 0.000000
vt 0.130548 0.000000
vt 0.182768 0.000000
vt 0.133159 0.000000
vt 0.180157 0.000000
vt 0.135770 0.000000
vt 0.177546 0.000000
vt 0.138381 0.000000
vt 0.174935 0.000000
vt 0.140992 0.000000
vt 0.172324 0.000000
vt 0.143603 0.000000
vt 0.169713 0.000000
vt 0.146214 0.000000
vt 0.167102 0.000000
vt 0.148825 0.000000
vt 0.164491 0.000000
vt 0.151436 0.000000
vt 0.161880 0.000000
vt 0.154047 0.000000
vt 0.159269 0.000000
vt 0.156658 0.000000
vt 0.748963 0.000000
vt 0.753112 0.000000
vt 0.751037 0.000000
vt 0.755187 0.000000
vt 0.746888 0.000000
vt 0.757261 0.000000
vt 0.744813 0.000000
vt 0.759336 0.000000
vt 0.742739 0.000000
vt 0.761411 0.000000
vt 0.740664 0.000000
vt 0.763485 0.000000
vt 0.738589 0.000000
vt 0.765560 0.000000
vt 0.736515 0.000000
vt 0.767635 0.000000
vt 0.734440 0.000000
vt 0.769710 0.000000
vt 0.732365 0.000000
vt 0.771784 0.000000
vt 0.730290 0.000000
vt 0.773859 0.000000
vt 0.728216 0.000000
vt 0.775934 0.000000
vt 0.726141 0.000000
vt 0.778008 0.000000
vt 0.724066 0.000000
vt 0.780083 0.000000
vt 0.721992 0.000000
vt 0.782158 0.000000
vt 0.719917 0.000000
vt 0.784232 0.000000
vt 0.717842 0.000000
vt 0.786307 0.000000
vt 0.715768 0.000000
vt 0.788382 0.000000
vt 0.713693 0.000000
vt 0.790456 0.000000
vt 0.711618 0.000000
vt 0.792531 0.000000
vt 0.709544 0.000000
vt 0.794606 0.000000
vt 0.707469 0.000000
vt 0.796681 0.000000
vt 0.705394 0.000000
vt 0.798755 0.000000
vt 0.800830 0.000000
vt 0.703319 0.000000
vt 0.802905 0.000000
vt 0.701245 0.000000
vt 0.804979 0.000000
vt 0.699170 0.000000
vt 0.807054 0.000000
vt 0.697095 0.000000
vt 0.809129 0.000000
vt 0.695021 0.000000
vt 0.811203 0.000000
vt 0.692946 0.000000
vt 0.904564 0.000000
vt 0.902490 0.000000
vt 0.900415 0.000000
vt 0.813278 0.000000
vt 0.906639 0.000000
vt 0.898340 0.000000
vt 0.908714 0.000000
vt 0.910788 0.000000
vt 0.896266 0.000000
vt 0.912863 0.000000
vt 0.914938 0.000000
vt 0.894191 0.000000
vt 0.917012 0.000000
vt 0.690871 0.000000
vt 0.919087 0.000000
vt 0.892116 0.000000
vt 0.921162 0.000000
vt 0.923236 0.000000
vt 0.815353 0.000000
vt 0.890041 0.000000
vt 0.925311 0.000000
vt 0.927386 0.000000
vt 0.887967 0.000000
vt 0.929461 0.000000
vt 0.688797 0.000000
vt 0.885892 0.000000
vt 0.931535 0.000000
vt 0.817427 0.000000
vt 0.933610 0.000000
vt 0.883817 0.000000
vt 0.935685 0.000000
vt 0.937759 0.000000
vt 0.686722 0.000000
vt 0.881743 0.000000
vt 0.819502 0.000000
vt 0.939834 0.000000
vt 0.941909 0.000000
vt 0.879668 0.000000
vt 0.943983 0.000000
vt 0.684647 0.000000
vt 0.821577 0.000000
vt 0.946058 0.000000
vt 0.877593 0.000000
vt 0.948133 0.000000
vt 0.950207 0.000000
vt 0.823651 0.000000
vt 0.682573 0.000000
vt 0.875519 0.000000
vt 0.952282 0.000000
vt 0.954357 0.000000
vt 0.873444 0.000000
vt 0.956432 0.000000
vt 0.825726 0.000000
vt 0.680498 0.000000
vt 0.958506 0.000000
vt 0.871369 0.000000
vt 0.960581 0.000000
vt 0.827801 0.000000
vt 0.962656 0.000000
vt 0.678423 0.000000
vt 0.869295 0.000000
vt 0.964730 0.000000
vt 0.829876 0.000000
vt 0.966805 0.000000
vt 0.676349 0.000000
vt 0.968880 0.000000
vt 0.867220 0.000000
vt 0.970954 0.000000
vt 0.831950 0.000000
vt 0.973029 0.000000
vt 0.865145 0.000000
vt 0.674274 0.000000
vt 0.975104 0.000000
vt 0.834025 0.000000
vt 0.977178 0.000000
vt 0.863071 0.000000
vt 0.672199 0.000000
vt 0.979253 0.000000
vt 0.836100 0.000000
vt 0.981328 0.000000
vt 0.860996 0.000000
vt 0.983402 0.000000
vt 0.670124 0.000000
vt 0.838174 0.000000
vt 0.985477 0.000000
vt 0.858921 0.000000
vt 0.987552 0.000000
vt 0.840249 0.000000
vt 0.668050 0.000000
vt 0.989627 0.000000
vt 0.856846 0.000000
vt 0.991701 0.000000
vt 0.842324 0.000000
vt 0.665975 0.000000
vt 0.993776 0.000000
vt 0.854772 0.000000
vt 0.995851 0.000000
vt 0.844398 0.000000
vt 0.997925 0.000000
vt 0.663900 0.000000
vt 0.852697 0.000000
vt 0.846473 0.000000
vt 0.850622 0.000000
vt 0.661826 0.000000
vt 0.848548 0.000000
vt 0.659751 0.000000
vt 0.657676 0.000000
vt 0.002075 0.000000
vt 0.655602 0.000000
vt 0.653527 0.000000
vt 0.004149 0.000000
vt 0.006224 0.000000
vt 0.008299 0.000000
vt 0.651452 0.000000
vt 0.010373 0.000000
vt 0.012448 0.000000
vt 0.014523 0.000000
vt 0.649378 0.000000
vt 0.016598 0.000000
vt 0.018672 0.000000
vt 0.020747 0.000000
vt 0.022822 0.000000
vt 0.647303 0.000000
vt 0.024896 0.000000
vt 0.026971 0.000000
vt 0.029046 0.000000
vt 0.031120 0.000000
vt 0.033195 0.000000
vt 0.645228 0.000000
vt 0.053942 0.000000
vt 0.035270 0.000000
vt 0.037344 0.000000
vt 0.039419 0.000000
vt 0.041494 0.000000
vt 0.043568 0.000000
vt 0.045643 0.000000
vt 0.047718 0.000000
vt 0.049793 0.000000
vt 0.051867 0.000000
vt 0.056017 0.000000
vt 0.643154 0.000000
vt 0.058091 0.000000
vt 0.060166 0.000000
vt 0.641079 0.000000
vt 0.062241 0.000000
vt 0.064315 0.000000
vt 0.639004 0.000000
vt 0.066390 0.000000
vt 0.068465 0.000000
vt 0.070539 0.000000
vt 0.636929 0.000000
vt 0.072614 0.000000
vt 0.074689 0.000000
vt 0.634855 0.000000
vt 0.076763 0.000000
vt 0.078838 0.000000
vt 0.632780 0.000000
vt 0.080913 0.000000
vt 0.082988 0.000000
vt 0.630705 0.000000
vt 0.085062 0.000000
vt 0.087137 0.000000
vt 0.628631 0.000000
vt 0.089212 0.000000
vt 0.091286 0.000000
vt 0.093361 0.000000
vt 0.626556 0.000000
vt 0.095436 0.000000
vt 0.097510 0.000000
vt 0.624481 0.000000
vt 0.099585 0.000000
vt 0.101660 0.000000
vt 0.103734 0.000000
vt 0.622407 0.000000
vt 0.105809 0.000000
vt 0.107884 0.000000
vt 0.251037 0.000000
vt 0.255187 0.000000
vt 0.253112 0.000000
vt 0.257261 0.000000
vt 0.248963 0.000000
vt 0.259336 0.000000
vt 0.261411 0.000000
vt 0.246888 0.000000
vt 0.263485 0.000000
vt 0.244813 0.000000
vt 0.265560 0.000000
vt 0.267635 0.000000
vt 0.242739 0.000000
vt 0.269710 0.000000
vt 0.271784 0.000000
vt 0.240664 0.000000
vt 0.273859 0.000000
vt 0.238589 0.000000
vt 0.275934 0.000000
vt 0.278008 0.000000
vt 0.236515 0.000000
vt 0.280083 0.000000
vt 0.282158 0.000000
vt 0.234440 0.000000
vt 0.284232 0.000000
vt 0.109959 0.000000
vt 0.232365 0.000000
vt 0.286307 0.000000
vt 0.620332 0.000000
vt 0.288382 0.000000
vt 0.230290 0.000000
vt 0.290456 0.000000
vt 0.228216 0.000000
vt 0.292531 0.000000
vt 0.294606 0.000000
vt 0.226141 0.000000
vt 0.112033 0.000000
vt 0.296681 0.000000
vt 0.224066 0.000000
vt 0.298755 0.000000
vt 0.221992 0.000000
vt 0.300830 0.000000
vt 0.219917 0.000000
vt 0.114108 0.000000
vt 0.302905 0.000000
vt 0.304979 0.000000
vt 0.217842 0.000000
vt 0.307054 0.000000
vt 0.215768 0.000000
vt 0.116183 0.000000
vt 0.309129 0.000000
vt 0.213693 0.000000
vt 0.618257 0.000000
vt 0.311203 0.000000
vt 0.211618 0.000000
vt 0.313278 0.000000
vt 0.209544 0.000000
vt 0.118257 0.000000
vt 0.315353 0.000000
vt 0.207469 0.000000
vt 0.205394 0.000000
vt 0.317427 0.000000
vt 0.120332 0.000000
vt 0.203320 0.000000
vt 0.319502 0.000000
vt 0.201245 0.000000
vt 0.122407 0.000000
vt 0.321577 0.000000
vt 0.199170 0.000000
vt 0.323651 0.000000
vt 0.197095 0.000000
vt 0.616183 0.000000
vt 0.124481 0.000000
vt 0.195021 0.000000
vt 0.325726 0.000000
vt 0.126556 0.000000
vt 0.192946 0.000000
vt 0.327801 0.000000
vt 0.190871 0.000000
vt 0.128631 0.000000
vt 0.188797 0.000000
vt 0.329876 0.000000
vt 0.186722 0.000000
vt 0.130705 0.000000
vt 0.331950 0.000000
vt 0.184647 0.000000
vt 0.182573 0.000000
vt 0.132780 0.000000
vt 0.334025 0.000000
vt 0.614108 0.000000
vt 0.180498 0.000000
vt 0.134855 0.000000
vt 0.178423 0.000000
vt 0.336100 0.000000
vt 0.136929 0.000000
vt 0.176349 0.000000
vt 0.174274 0.000000
vt 0.139004 0.000000
vt 0.338174 0.000000
vt 0.172199 0.000000
vt 0.141079 0.000000
vt 0.170124 0.000000
vt 0.340249 0.000000
vt 0.143154 0.000000
vt 0.168050 0.000000
vt 0.165975 0.000000
vt 0.145228 0.000000
vt 0.163900 0.000000
vt 0.147303 0.000000
vt 0.161826 0.000000
vt 0.149378 0.000000
vt 0.159751 0.000000
vt 0.342324 0.000000
vt 0.157676 0.000000
vt 0.151452 0.000000
vt 0.155602 0.000000
vt 0.153527 0.000000
vt 0.612033 0.000000
vt 0.344398 0.000000
vt 0.346473 0.000000
vt 0.348548 0.000000
vt 0.609959 0.000000
vt 0.350622 0.000000
vt 0.352697 0.000000
vt 0.354772 0.000000
vt 0.607884 0.000000
vt 0.356846 0.000000
vt 0.358921 0.000000
vt 0.360996 0.000000
vt 0.363071 0.000000
vt 0.605809 0.000000
vt 0.365145 0.000000
vt 0.367220 0.000000
vt 0.369295 0.000000
vt 0.603734 0.000000
vt 0.371369 0.000000
vt 0.373444 0.000000
vt 0.375519 0.000000
vt 0.377593 0.000000
vt 0.601660 0.000000
vt 0.379668 0.000000
vt 0.381743 0.000000
vt 0.383817 0.000000
vt 0.385892 0.000000
vt 0.599585 0.000000
vt 0.387967 0.000000
vt 0.390042 0.000000
vt 0.392116 0.000000
vt 0.394191 0.000000
vt 0.396266 0.000000
vt 0.597510 0.000000
vt 0.398340 0.000000
vt 0.400415 0.000000
vt 0.402490 0.000000
vt 0.404564 0.000000
vt 0.406639 0.000000
vt 0.595436 0.000000
vt 0.408714 0.000000
vt 0.410788 0.000000
vt 0.412863 0.000000
vt 0.414938 0.000000
vt 0.417012 0.000000
vt 0.593361 0.000000
vt 0.419087 0.000000
vt 0.421162 0.000000
vt 0.423237 0.000000
vt 0.425311 0.000000
vt 0.427386 0.000000
vt 0.429461 0.000000
vt 0.431535 0.000000
vt 0.591286 0.000000
vt 0.433610 0.000000
vt 0.435685 0.000000
vt 0.437759 0.000000
vt 0.439834 0.000000
vt 0.441909 0.000000
vt 0.443983 0.000000
vt 0.446058 0.000000
vt 0.589212 0.000000
vt 0.448133 0.000000
vt 0.450207 0.000000
vt 0.452282 0.000000
vt 0.454357 0.000000
vt 0.456432 0.000000
vt 0.458506 0.000000
vt 0.587137 0.000000
vt 0.460581 0.000000
vt 0.462656 0.000000
vt 0.464730 0.000000
vt 0.466805 0.000000
vt 0.468880 0.000000
vt 0.585062 0.000000
vt 0.470954 0.000000
vt 0.473029 0.000000
vt 0.475104 0.000000
vt 0.477178 0.000000
vt 0.582988 0.000000
vt 0.479253 0.000000
vt 0.481328 0.000000
vt 0.483402 0.000000
vt 0.580913 0.000000
vt 0.485477 0.000000
vt 0.487552 0.000000
vt 0.489627 0.000000
vt 0.578838 0.000000
vt 0.491701 0.000000
vt 0.493776 0.000000
vt 0.495851 0.000000
vt 0.576764 0.000000
vt 0.497925 0.000000
vt 0.500000 0.000000
vt 0.502075 0.000000
vt 0.574689 0.000000
vt 0.504149 0.000000
vt 0.506224 0.000000
vt 0.572614 0.000000
vt 0.508299 0.000000
vt 0.510373 0.000000
vt 0.512448 0.000000
vt 0.570539 0.000000
vt 0.514523 0.000000
vt 0.516598 0.000000
vt 0.568465 0.000000
vt 0.518672 0.000000
vt 0.520747 0.000000
vt 0.566390 0.000000
vt 0.522822 0.000000
vt 0.524896 0.000000
vt 0.564315 0.000000
vt 0.526971 0.000000
vt 0.529046 0.000000
vt 0.562241 0.000000
vt 0.531120 0.000000
vt 0.533195 0.000000
vt 0.560166 0.000000
vt 0.535270 0.000000
vt 0.537344 0.000000
vt 0.558091 0.000000
vt 0.539419 0.000000
vt 0.541494 0.000000
vt 0.556017 0.000000
vt 0.543568 0.000000
vt 0.545643 0.000000
vt 0.553942 0.000000
vt 0.547718 0.000000
vt 0.549793 0.000000
vt 0.551867 0.000000
vt 0.504587 0.000000
vt 0.502294 0.000000
vt 0.889908 0.000000
vt 0.894495 0.000000
vt 0.892202 0.000000
vt 0.497706 0.000000
vt 0.506881 0.000000
vt 0.887615 0.000000
vt 0.896789 0.000000
vt 0.495413 0.000000
vt 0.509174 0.000000
vt 0.885321 0.000000
vt 0.899083 0.000000
vt 0.493119 0.000000
vt 0.511468 0.000000
vt 0.883027 0.000000
vt 0.901376 0.000000
vt 0.490826 0.000000
vt 0.513761 0.000000
vt 0.880734 0.000000
vt 0.903670 0.000000
vt 0.488532 0.000000
vt 0.516055 0.000000
vt 0.878440 0.000000
vt 0.905963 0.000000
vt 0.486239 0.000000
vt 0.518349 0.000000
vt 0.876147 0.000000
vt 0.908257 0.000000
vt 0.483945 0.000000
vt 0.520642 0.000000
vt 0.873853 0.000000
vt 0.910550 0.000000
vt 0.481651 0.000000
vt 0.522936 0.000000
vt 0.871560 0.000000
vt 0.912844 0.000000
vt 0.479358 0.000000
vt 0.525229 0.000000
vt 0.869266 0.000000
vt 0.915138 0.000000
vt 0.477064 0.000000
vt 0.527523 0.000000
vt 0.866973 0.000000
vt 0.917431 0.000000
vt 0.474771 0.000000
vt 0.529817 0.000000
vt 0.864679 0.000000
vt 0.919725 0.000000
vt 0.472477 0.000000
vt 0.532110 0.000000
vt 0.862385 0.000000
vt 0.922018 0.000000
vt 0.534404 0.000000
vt 0.924312 0.000000
vt 0.470183 0.000000
vt 0.860092 0.000000
vt 0.536697 0.000000
vt 0.926606 0.000000
vt 0.467890 0.000000
vt 0.857798 0.000000
vt 0.538991 0.000000
vt 0.928899 0.000000
vt 0.465596 0.000000
vt 0.855505 0.000000
vt 0.541284 0.000000
vt 0.931193 0.000000
vt 0.463303 0.000000
vt 0.853211 0.000000
vt 0.543578 0.000000
vt 0.933486 0.000000
vt 0.461009 0.000000
vt 0.850917 0.000000
vt 0.545872 0.000000
vt 0.935780 0.000000
vt 0.458716 0.000000
vt 0.848624 0.000000
vt 0.548165 0.000000
vt 0.938073 0.000000
vt 0.456422 0.000000
vt 0.846330 0.000000
vt 0.550459 0.000000
vt 0.940367 0.000000
vt 0.454128 0.000000
vt 0.844037 0.000000
vt 0.552752 0.000000
vt 0.942661 0.000000
vt 0.451835 0.000000
vt 0.841743 0.000000
vt 0.555046 0.000000
vt 0.944954 0.000000
vt 0.449541 0.000000
vt 0.839450 0.000000
vt 0.557339 0.000000
vt 0.947248 0.000000
vt 0.447248 0.000000
vt 0.837156 0.000000
vt 0.444954 0.000000
vt 0.559633 0.000000
vt 0.834862 0.000000
vt 0.949541 0.000000
vt 0.561927 0.000000
vt 0.951835 0.000000
vt 0.442661 0.000000
vt 0.832569 0.000000
vt 0.564220 0.000000
vt 0.954128 0.000000
vt 0.440367 0.000000
vt 0.830275 0.000000
vt 0.566514 0.000000
vt 0.956422 0.000000
vt 0.438073 0.000000
vt 0.827982 0.000000
vt 0.568807 0.000000
vt 0.958716 0.000000
vt 0.435780 0.000000
vt 0.825688 0.000000
vt 0.571101 0.000000
vt 0.961009 0.000000
vt 0.433486 0.000000
vt 0.823394 0.000000
vt 0.573394 0.000000
vt 0.963303 0.000000
vt 0.431193 0.000000
vt 0.821101 0.000000
vt 0.575688 0.000000
vt 0.965596 0.000000
vt 0.428899 0.000000
vt 0.818807 0.000000
vt 0.577982 0.000000
vt 0.967890 0.000000
vt 0.426605 0.000000
vt 0.816514 0.000000
vt 0.580275 0.000000
vt 0.970183 0.000000
vt 0.424312 0.000000
vt 0.814220 0.000000
vt 0.582569 0.000000
vt 0.972477 0.000000
vt 0.422018 0.000000
vt 0.811927 0.000000
vt 0.584862 0.000000
vt 0.974771 0.000000
vt 0.419725 0.000000
vt 0.809633 0.000000
vt 0.417431 0.000000
vt 0.587156 0.000000
vt 0.807339 0.000000
vt 0.977064 0.000000
vt 0.415138 0.000000
vt 0.589450 0.000000
vt 0.805046 0.000000
vt 0.979358 0.000000
vt 0.412844 0.000000
vt 0.591743 0.000000
vt 0.802752 0.000000
vt 0.981651 0.000000
vt 0.410550 0.000000
vt 0.594037 0.000000
vt 0.800459 0.000000
vt 0.983945 0.000000
vt 0.408257 0.000000
vt 0.596330 0.000000
vt 0.798165 0.000000
vt 0.986239 0.000000
vt 0.405963 0.000000
vt 0.598624 0.000000
vt 0.795872 0.000000
vt 0.988532 0.000000
vt 0.403670 0.000000
vt 0.600917 0.000000
vt 0.793578 0.000000
vt 0.990826 0.000000
vt 0.401376 0.000000
vt 0.603211 0.000000
vt 0.791284 0.000000
vt 0.993119 0.000000
vt 0.399083 0.000000
vt 0.605505 0.000000
vt 0.788991 0.000000
vt 0.995413 0.000000
vt 0.396789 0.000000
vt 0.607798 0.000000
vt 0.786697 0.000000
vt 0.997706 0.000000
vt 0.394495 0.000000
vt 0.610092 0.000000
vt 0.784404 0.000000
vt 0.392202 0.000000
vt 0.612385 0.000000
vt 0.782110 0.000000
vt 0.389908 0.000000
vt 0.614679 0.000000
vt 0.779817 0.000000
vt 0.002294 0.000000
vt 0.616973 0.000000
vt 0.619266 0.000000
vt 0.621560 0.000000
vt 0.623853 0.000000
vt 0.387615 0.000000
vt 0.626147 0.000000
vt 0.628440 0.000000
vt 0.385321 0.000000
vt 0.630734 0.000000
vt 0.633027 0.000000
vt 0.383028 0.000000
vt 0.635321 0.000000
vt 0.637615 0.000000
vt 0.777523 0.000000
vt 0.380734 0.000000
vt 0.639908 0.000000
vt 0.775229 0.000000
vt 0.642202 0.000000
vt 0.378440 0.000000
vt 0.644495 0.000000
vt 0.772936 0.000000
vt 0.646789 0.000000
vt 0.649083 0.000000
vt 0.770642 0.000000
vt 0.376147 0.000000
vt 0.651376 0.000000
vt 0.768349 0.000000
vt 0.653670 0.000000
vt 0.373853 0.000000
vt 0.655963 0.000000
vt 0.766055 0.000000
vt 0.658257 0.000000
vt 0.660550 0.000000
vt 0.763761 0.000000
vt 0.371560 0.000000
vt 0.662844 0.000000
vt 0.761468 0.000000
vt 0.665138 0.000000
vt 0.667431 0.000000
vt 0.369266 0.000000
vt 0.759174 0.000000
vt 0.669725 0.000000
vt 0.672018 0.000000
vt 0.756881 0.000000
vt 0.674312 0.000000
vt 0.366972 0.000000
vt 0.754587 0.000000
vt 0.676606 0.000000
vt 0.678899 0.000000
vt 0.752294 0.000000
vt 0.681193 0.000000
vt 0.364679 0.000000
vt 0.683486 0.000000
vt 0.750000 0.000000
vt 0.685780 0.000000
vt 0.747706 0.000000
vt 0.688073 0.000000
vt 0.690367 0.000000
vt 0.362385 0.000000
vt 0.745413 0.000000
vt 0.692661 0.000000
vt 0.743119 0.000000
vt 0.224771 0.000000
vt 0.694954 0.000000
vt 0.697248 0.000000
vt 0.740826 0.000000
vt 0.699541 0.000000
vt 0.360092 0.000000
vt 0.701835 0.000000
vt 0.738532 0.000000
vt 0.704128 0.000000
vt 0.736239 0.000000
vt 0.706422 0.000000
vt 0.708716 0.000000
vt 0.733945 0.000000
vt 0.711009 0.000000
vt 0.731651 0.000000
vt 0.713303 0.000000
vt 0.715596 0.000000
vt 0.357798 0.000000
vt 0.729358 0.000000
vt 0.717890 0.000000
vt 0.727064 0.000000
vt 0.720183 0.000000
vt 0.722477 0.000000
vt 0.724771 0.000000
vt 0.355505 0.000000
vt 0.353211 0.000000
vt 0.350917 0.000000
vt 0.348624 0.000000
vt 0.346330 0.000000
vt 0.227064 0.000000
vt 0.222477 0.000000
vt 0.344037 0.000000
vt 0.341743 0.000000
vt 0.229358 0.000000
vt 0.339450 0.000000
vt 0.231651 0.000000
vt 0.337156 0.000000
vt 0.233945 0.000000
vt 0.334862 0.000000
vt 0.332569 0.000000
vt 0.236239 0.000000
vt 0.330275 0.000000
vt 0.238532 0.000000
vt 0.327982 0.000000
vt 0.240826 0.000000
vt 0.325688 0.000000
vt 0.243119 0.000000
vt 0.323395 0.000000
vt 0.321101 0.000000
vt 0.245413 0.000000
vt 0.318807 0.000000
vt 0.247706 0.000000
vt 0.316514 0.000000
vt 0.220183 0.000000
vt 0.004587 0.000000
vt 0.217890 0.000000
vt 0.006881 0.000000
vt 0.250000 0.000000
vt 0.215596 0.000000
vt 0.009174 0.000000
vt 0.314220 0.000000
vt 0.213303 0.000000
vt 0.011468 0.000000
vt 0.211009 0.000000
vt 0.013761 0.000000
vt 0.208716 0.000000
vt 0.016055 0.000000
vt 0.206422 0.000000
vt 0.018349 0.000000
vt 0.252294 0.000000
vt 0.311927 0.000000
vt 0.204128 0.000000
vt 0.020642 0.000000
vt 0.201835 0.000000
vt 0.022936 0.000000
vt 0.199541 0.000000
vt 0.025229 0.000000
vt 0.197248 0.000000
vt 0.027523 0.000000
vt 0.194954 0.000000
vt 0.029817 0.000000
vt 0.309633 0.000000
vt 0.254587 0.000000
vt 0.192661 0.000000
vt 0.032110 0.000000
vt 0.190367 0.000000
vt 0.034404 0.000000
vt 0.188073 0.000000
vt 0.036697 0.000000
vt 0.185780 0.000000
vt 0.038991 0.000000
vt 0.307339 0.000000
vt 0.183486 0.000000
vt 0.041284 0.000000
vt 0.181193 0.000000
vt 0.043578 0.000000
vt 0.256881 0.000000
vt 0.178899 0.000000
vt 0.045872 0.000000
vt 0.176606 0.000000
vt 0.048165 0.000000
vt 0.174312 0.000000
vt 0.050459 0.000000
vt 0.305046 0.000000
vt 0.172018 0.000000
vt 0.052752 0.000000
vt 0.169725 0.000000
vt 0.055046 0.000000
vt 0.167431 0.000000
vt 0.057339 0.000000
vt 0.259174 0.000000
vt 0.165138 0.000000
vt 0.059633 0.000000
vt 0.162844 0.000000
vt 0.061927 0.000000
vt 0.160550 0.000000
vt 0.064220 0.000000
vt 0.302752 0.000000
vt 0.158257 0.000000
vt 0.066514 0.000000
vt 0.155963 0.000000
vt 0.068807 0.000000
vt 0.153670 0.000000
vt 0.071101 0.000000
vt 0.151376 0.000000
vt 0.073394 0.000000
vt 0.261468 0.000000
vt 0.149083 0.000000
vt 0.075688 0.000000
vt 0.146789 0.000000
vt 0.077982 0.000000
vt 0.144495 0.000000
vt 0.080275 0.000000
vt 0.300459 0.000000
vt 0.142202 0.000000
vt 0.082569 0.000000
vt 0.139908 0.000000
vt 0.084862 0.000000
vt 0.137615 0.000000
vt 0.087156 0.000000
vt 0.135321 0.000000
vt 0.089450 0.000000
vt 0.133028 0.000000
vt 0.091743 0.000000
vt 0.130734 0.000000
vt 0.094037 0.000000
vt 0.128440 0.000000
vt 0.096330 0.000000
vt 0.126147 0.000000
vt 0.098624 0.000000
vt 0.263761 0.000000
vt 0.123853 0.000000
vt 0.100917 0.000000
vt 0.121560 0.000000
vt 0.103211 0.000000
vt 0.119266 0.000000
vt 0.105505 0.000000
vt 0.116972 0.000000
vt 0.107798 0.000000
vt 0.114679 0.000000
vt 0.110092 0.000000
vt 0.112385 0.000000
vt 0.298165 0.000000
vt 0.266055 0.000000
vt 0.295872 0.000000
vt 0.293578 0.000000
vt 0.268349 0.000000
vt 0.291284 0.000000
vt 0.270642 0.000000
vt 0.288991 0.000000
vt 0.272936 0.000000
vt 0.286697 0.000000
vt 0.275229 0.000000
vt 0.284404 0.000000
vt 0.277523 0.000000
vt 0.282110 0.000000
vt 0.279817 0.000000
vt 0.833910 0.000000
vt 0.840830 0.000000
vt 0.837370 0.000000
vt 0.830450 0.000000
vt 0.844291 0.000000
vt 0.826990 0.000000
vt 0.847751 0.000000
vt 0.823529 0.000000
vt 0.851211 0.000000
vt 0.820069 0.000000
vt 0.854671 0.000000
vt 0.816609 0.000000
vt 0.858131 0.000000
vt 0.813149 0.000000
vt 0.861592 0.000000
vt 0.809689 0.000000
vt 0.865052 0.000000
vt 0.806228 0.000000
vt 0.868512 0.000000
vt 0.802768 0.000000
vt 0.871972 0.000000
vt 0.799308 0.000000
vt 0.875433 0.000000
vt 0.795848 0.000000
vt 0.878893 0.000000
vt 0.792388 0.000000
vt 0.882353 0.000000
vt 0.788927 0.000000
vt 0.885813 0.000000
vt 0.785467 0.000000
vt 0.889273 0.000000
vt 0.782007 0.000000
vt 0.892734 0.000000
vt 0.778547 0.000000
vt 0.896194 0.000000
vt 0.775087 0.000000
vt 0.899654 0.000000
vt 0.771626 0.000000
vt 0.903114 0.000000
vt 0.768166 0.000000
vt 0.906574 0.000000
vt 0.764706 0.000000
vt 0.910035 0.000000
vt 0.761246 0.000000
vt 0.913495 0.000000
vt 0.757785 0.000000
vt 0.916955 0.000000
vt 0.754325 0.000000
vt 0.920415 0.000000
vt 0.750865 0.000000
vt 0.923875 0.000000
vt 0.747405 0.000000
vt 0.927336 0.000000
vt 0.743945 0.000000
vt 0.930796 0.000000
vt 0.740484 0.000000
vt 0.934256 0.000000
vt 0.737024 0.000000
vt 0.937716 0.000000
vt 0.733564 0.000000
vt 0.941176 0.000000
vt 0.730104 0.000000
vt 0.944637 0.000000
vt 0.726644 0.000000
vt 0.948097 0.000000
vt 0.951557 0.000000
vt 0.723183 0.000000
vt 0.955017 0.000000
vt 0.719723 0.000000
vt 0.958477 0.000000
vt 0.716263 0.000000
vt 0.961938 0.000000
vt 0.712803 0.000000
vt 0.709343 0.000000
vt 0.965398 0.000000
vt 0.705882 0.000000
vt 0.968858 0.000000
vt 0.702422 0.000000
vt 0.972318 0.000000
vt 0.698962 0.000000
vt 0.975779 0.000000
vt 0.695502 0.000000
vt 0.979239 0.000000
vt 0.692042 0.000000
vt 0.982699 0.000000
vt 0.688581 0.000000
vt 0.986159 0.000000
vt 0.685121 0.000000
vt 0.989619 0.000000
vt 0.681661 0.000000
vt 0.993080 0.000000
vt 0.678201 0.000000
vt 0.996540 0.000000
vt 0.674740 0.000000
vt 0.671280 0.000000
vt 0.332180 0.000000
vt 0.667820 0.000000
vt 0.335640 0.000000
vt 0.664360 0.000000
vt 0.339100 0.000000
vt 0.660900 0.000000
vt 0.342561 0.000000
vt 0.657439 0.000000
vt 0.346021 0.000000
vt 0.653979 0.000000
vt 0.349481 0.000000
vt 0.650519 0.000000
vt 0.352941 0.000000
vt 0.647059 0.000000
vt 0.356401 0.000000
vt 0.643599 0.000000
vt 0.359862 0.000000
vt 0.640138 0.000000
vt 0.363322 0.000000
vt 0.636678 0.000000
vt 0.366782 0.000000
vt 0.633218 0.000000
vt 0.370242 0.000000
vt 0.629758 0.000000
vt 0.373702 0.000000
vt 0.626298 0.000000
vt 0.377163 0.000000
vt 0.622837 0.000000
vt 0.380623 0.000000
vt 0.619377 0.000000
vt 0.384083 0.000000
vt 0.615917 0.000000
vt 0.387543 0.000000
vt 0.612457 0.000000
vt 0.391003 0.000000
vt 0.608997 0.000000
vt 0.394464 0.000000
vt 0.605536 0.000000
vt 0.397924 0.000000
vt 0.602076 0.000000
vt 0.401384 0.000000
vt 0.598616 0.000000
vt 0.404844 0.000000
vt 0.595156 0.000000
vt 0.408305 0.000000
vt 0.591695 0.000000
vt 0.411765 0.000000
vt 0.588235 0.000000
vt 0.415225 0.000000
vt 0.584775 0.000000
vt 0.418685 0.000000
vt 0.581315 0.000000
vt 0.422145 0.000000
vt 0.577855 0.000000
vt 0.425606 0.000000
vt 0.574394 0.000000
vt 0.429066 0.000000
vt 0.570934 0.000000
vt 0.432526 0.000000
vt 0.567474 0.000000
vt 0.435986 0.000000
vt 0.564014 0.000000
vt 0.439446 0.000000
vt 0.560554 0.000000
vt 0.442907 0.000000
vt 0.557093 0.000000
vt 0.446367 0.000000
vt 0.553633 0.000000
vt 0.449827 0.000000
vt 0.550173 0.000000
vt 0.453287 0.000000
vt 0.546713 0.000000
vt 0.456747 0.000000
vt 0.543253 0.000000
vt 0.460208 0.000000
vt 0.539792 0.000000
vt 0.463668 0.000000
vt 0.536332 0.000000
vt 0.467128 0.000000
vt 0.532872 0.000000
vt 0.470588 0.000000
vt 0.529412 0.000000
vt 0.474048 0.000000
vt 0.525952 0.000000
vt 0.477509 0.000000
vt 0.522491 0.000000
vt 0.480969 0.000000
vt 0.519031 0.000000
vt 0.484429 0.000000
vt 0.515571 0.000000
vt 0.487889 0.000000
vt 0.512111 0.000000
vt 0.491349 0.000000
vt 0.508651 0.000000
vt 0.494810 0.000000
vt 0.505190 0.000000
vt 0.498270 0.000000
vt 0.501730 0.000000
vt 0.287197 0.000000
vt 0.294118 0.000000
vt 0.290657 0.000000
vt 0.297578 0.000000
vt 0.283737 0.000000
vt 0.301038 0.000000
vt 0.280277 0.000000
vt 0.304498 0.000000
vt 0.276817 0.000000
vt 0.307958 0.000000
vt 0.273356 0.000000
vt 0.311419 0.000000
vt 0.269896 0.000000
vt 0.314879 0.000000
vt 0.266436 0.000000
vt 0.318339 0.000000
vt 0.262976 0.000000
vt 0.321799 0.000000
vt 0.259516 0.000000
vt 0.325260 0.000000
vt 0.256055 0.000000
vt 0.328720 0.000000
vt 0.252595 0.000000
vt 0.249135 0.000000
vt 0.003460 0.000000
vt 0.245675 0.000000
vt 0.006920 0.000000
vt 0.242215 0.000000
vt 0.010381 0.000000
vt 0.238754 0.000000
vt 0.013841 0.000000
vt 0.235294 0.000000
vt 0.017301 0.000000
vt 0.231834 0.000000
vt 0.020761 0.000000
vt 0.228374 0.000000
vt 0.024221 0.000000
vt 0.224913 0.000000
vt 0.027682 0.000000
vt 0.221453 0.000000
vt 0.031142 0.000000
vt 0.217993 0.000000
vt 0.034602 0.000000
vt 0.214533 0.000000
vt 0.038062 0.000000
vt 0.211073 0.000000
vt 0.041522 0.000000
vt 0.207612 0.000000
vt 0.044983 0.000000
vt 0.204152 0.000000
vt 0.048443 0.000000
vt 0.200692 0.000000
vt 0.051903 0.000000
vt 0.197232 0.000000
vt 0.055363 0.000000
vt 0.193772 0.000000
vt 0.058824 0.000000
vt 0.190311 0.000000
vt 0.062284 0.000000
vt 0.186851 0.000000
vt 0.065744 0.000000
vt 0.183391 0.000000
vt 0.069204 0.000000
vt 0.179931 0.000000
vt 0.072664 0.000000
vt 0.176471 0.000000
vt 0.076125 0.000000
vt 0.173010 0.000000
vt 0.079585 0.000000
vt 0.169550 0.000000
vt 0.083045 0.000000
vt 0.166090 0.000000
vt 0.086505 0.000000
vt 0.162630 0.000000
vt 0.089965 0.000000
vt 0.159170 0.000000
vt 0.093426 0.000000
vt 0.155709 0.000000
vt 0.096886 0.000000
vt 0.152249 0.000000
vt 0.100346 0.000000
vt 0.148789 0.000000
vt 0.103806 0.000000
vt 0.145329 0.000000
vt 0.107266 0.000000
vt 0.141869 0.000000
vt 0.110727 0.000000
vt 0.138408 0.000000
vt 0.114187 0.000000
vt 0.134948 0.000000
vt 0.117647 0.000000
vt 0.131488 0.000000
vt 0.121107 0.000000
vt 0.128028 0.000000
vt 0.124567 0.000000
vt 0.737881 0.000000
vt 0.741472 0.000000
vt 0.739677 0.000000
vt 0.736086 0.000000
vt 0.743267 0.000000
vt 0.734291 0.000000
vt 0.745063 0.000000
vt 0.732495 0.000000
vt 0.730700 0.000000
vt 0.746858 0.000000
vt 0.728905 0.000000
vt 0.748653 0.000000
vt 0.727109 0.000000
vt 0.725314 0.000000
vt 0.750449 0.000000
vt 0.723519 0.000000
vt 0.752244 0.000000
vt 0.721723 0.000000
vt 0.719928 0.000000
vt 0.754040 0.000000
vt 0.718133 0.000000
vt 0.755835 0.000000
vt 0.716338 0.000000
vt 0.714542 0.000000
vt 0.757630 0.000000
vt 0.712747 0.000000
vt 0.759426 0.000000
vt 0.710952 0.000000
vt 0.709156 0.000000
vt 0.761221 0.000000
vt 0.707361 0.000000
vt 0.705566 0.000000
vt 0.763016 0.000000
vt 0.703770 0.000000
vt 0.764812 0.000000
vt 0.701975 0.000000
vt 0.700180 0.000000
vt 0.766607 0.000000
vt 0.698384 0.000000
vt 0.696589 0.000000
vt 0.768402 0.000000
vt 0.694794 0.000000
vt 0.692998 0.000000
vt 0.770198 0.000000
vt 0.691203 0.000000
vt 0.771993 0.000000
vt 0.689408 0.000000
vt 0.687612 0.000000
vt 0.773788 0.000000
vt 0.685817 0.000000
vt 0.684022 0.000000
vt 0.775584 0.000000
vt 0.682226 0.000000
vt 0.680431 0.000000
vt 0.777379 0.000000
vt 0.678636 0.000000
vt 0.676840 0.000000
vt 0.675045 0.000000
vt 0.779174 0.000000
vt 0.673250 0.000000
vt 0.671454 0.000000
vt 0.780970 0.000000
vt 0.669659 0.000000
vt 0.667864 0.000000
vt 0.782765 0.000000
vt 0.666068 0.000000
vt 0.664273 0.000000
vt 0.662478 0.000000
vt 0.784560 0.000000
vt 0.660682 0.000000
vt 0.658887 0.000000
vt 0.786355 0.000000
vt 0.657092 0.000000
vt 0.655296 0.000000
vt 0.653501 0.000000
vt 0.788151 0.000000
vt 0.651706 0.000000
vt 0.649910 0.000000
vt 0.648115 0.000000
vt 0.646320 0.000000
vt 0.789946 0.000000
vt 0.644524 0.000000
vt 0.642729 0.000000
vt 0.640934 0.000000
vt 0.791741 0.000000
vt 0.639138 0.000000
vt 0.637343 0.000000
vt 0.635548 0.000000
vt 0.793537 0.000000
vt 0.633752 0.000000
vt 0.631957 0.000000
vt 0.630162 0.000000
vt 0.795332 0.000000
vt 0.628366 0.000000
vt 0.626571 0.000000
vt 0.624776 0.000000
vt 0.797127 0.000000
vt 0.622980 0.000000
vt 0.621185 0.000000
vt 0.798923 0.000000
vt 0.619390 0.000000
vt 0.617594 0.000000
vt 0.615799 0.000000
vt 0.800718 0.000000
vt 0.614004 0.000000
vt 0.612208 0.000000
vt 0.802513 0.000000
vt 0.610413 0.000000
vt 0.608618 0.000000
vt 0.804309 0.000000
vt 0.606822 0.000000
vt 0.605027 0.000000
vt 0.438061 0.000000
vt 0.439856 0.000000
vt 0.436266 0.000000
vt 0.434470 0.000000
vt 0.441652 0.000000
vt 0.603232 0.000000
vt 0.432675 0.000000
vt 0.443447 0.000000
vt 0.430880 0.000000
vt 0.445242 0.000000
vt 0.429084 0.000000
vt 0.447038 0.000000
vt 0.427289 0.000000
vt 0.806104 0.000000
vt 0.448833 0.000000
vt 0.425494 0.000000
vt 0.423698 0.000000
vt 0.450628 0.000000
vt 0.601436 0.000000
vt 0.421903 0.000000
vt 0.452424 0.000000
vt 0.420108 0.000000
vt 0.454219 0.000000
vt 0.418312 0.000000
vt 0.599641 0.000000
vt 0.456014 0.000000
vt 0.416517 0.000000
vt 0.457810 0.000000
vt 0.414722 0.000000
vt 0.597846 0.000000
vt 0.412926 0.000000
vt 0.459605 0.000000
vt 0.807899 0.000000
vt 0.411131 0.000000
vt 0.461400 0.000000
vt 0.596050 0.000000
vt 0.409336 0.000000
vt 0.463196 0.000000
vt 0.407540 0.000000
vt 0.594255 0.000000
vt 0.464991 0.000000
vt 0.405745 0.000000
vt 0.466786 0.000000
vt 0.592460 0.000000
vt 0.403950 0.000000
vt 0.468582 0.000000
vt 0.590664 0.000000
vt 0.809695 0.000000
vt 0.402154 0.000000
vt 0.470377 0.000000
vt 0.588869 0.000000
vt 0.400359 0.000000
vt 0.472172 0.000000
vt 0.587074 0.000000
vt 0.398564 0.000000
vt 0.473968 0.000000
vt 0.475763 0.000000
vt 0.585278 0.000000
vt 0.396768 0.000000
vt 0.477558 0.000000
vt 0.811490 0.000000
vt 0.583483 0.000000
vt 0.394973 0.000000
vt 0.479354 0.000000
vt 0.581688 0.000000
vt 0.393178 0.000000
vt 0.481149 0.000000
vt 0.579892 0.000000
vt 0.391382 0.000000
vt 0.482944 0.000000
vt 0.578097 0.000000
vt 0.484740 0.000000
vt 0.389587 0.000000
vt 0.576302 0.000000
vt 0.813285 0.000000
vt 0.486535 0.000000
vt 0.574506 0.000000
vt 0.387792 0.000000
vt 0.488330 0.000000
vt 0.572711 0.000000
vt 0.490126 0.000000
vt 0.570916 0.000000
vt 0.385996 0.000000
vt 0.569120 0.000000
vt 0.491921 0.000000
vt 0.384201 0.000000
vt 0.567325 0.000000
vt 0.493716 0.000000
vt 0.815081 0.000000
vt 0.565530 0.000000
vt 0.495512 0.000000
vt 0.382406 0.000000
vt 0.563734 0.000000
vt 0.497307 0.000000
vt 0.561939 0.000000
vt 0.499102 0.000000
vt 0.380610 0.000000
vt 0.560144 0.000000
vt 0.558348 0.000000
vt 0.500898 0.000000
vt 0.556553 0.000000
vt 0.502693 0.000000
vt 0.378815 0.000000
vt 0.554758 0.000000
vt 0.816876 0.000000
vt 0.504488 0.000000
vt 0.552962 0.000000
vt 0.551167 0.000000
vt 0.506284 0.000000
vt 0.377020 0.000000
vt 0.549372 0.000000
vt 0.508079 0.000000
vt 0.547576 0.000000
vt 0.545781 0.000000
vt 0.509874 0.000000
vt 0.543986 0.000000
vt 0.375224 0.000000
vt 0.511670 0.000000
vt 0.542190 0.000000
vt 0.540395 0.000000
vt 0.513465 0.000000
vt 0.538600 0.000000
vt 0.515260 0.000000
vt 0.536804 0.000000
vt 0.517056 0.000000
vt 0.535009 0.000000
vt 0.533214 0.000000
vt 0.373429 0.000000
vt 0.518851 0.000000
vt 0.818671 0.000000
vt 0.531418 0.000000
vt 0.520646 0.000000
vt 0.529623 0.000000
vt 0.527828 0.000000
vt 0.522442 0.000000
vt 0.526032 0.000000
vt 0.524237 0.000000
vt 0.371634 0.000000
vt 0.369838 0.000000
vt 0.820467 0.000000
vt 0.368043 0.000000
vt 0.366248 0.000000
vt 0.364452 0.000000
vt 0.822262 0.000000
vt 0.362657 0.000000
vt 0.360862 0.000000
vt 0.824057 0.000000
vt 0.359066 0.000000
vt 0.357271 0.000000
vt 0.355476 0.000000
vt 0.353680 0.000000
vt 0.351885 0.000000
vt 0.001795 0.000000
vt 0.350090 0.000000
vt 0.346499 0.000000
vt 0.348294 0.000000
vt 0.827648 0.000000
vt 0.344704 0.000000
vt 0.342908 0.000000
vt 0.341113 0.000000
vt 0.339318 0.000000
vt 0.337522 0.000000
vt 0.335727 0.000000
vt 0.333932 0.000000
vt 0.332136 0.000000
vt 0.330341 0.000000
vt 0.328546 0.000000
vt 0.326750 0.000000
vt 0.324955 0.000000
vt 0.323160 0.000000
vt 0.321364 0.000000
vt 0.319569 0.000000
vt 0.317774 0.000000
vt 0.315978 0.000000
vt 0.314183 0.000000
vt 0.312388 0.000000
vt 0.310592 0.000000
vt 0.308797 0.000000
vt 0.307002 0.000000
vt 0.305206 0.000000
vt 0.303411 0.000000
vt 0.301616 0.000000
vt 0.299820 0.000000
vt 0.298025 0.000000
vt 0.296230 0.000000
vt 0.294434 0.000000
vt 0.292639 0.000000
vt 0.290844 0.000000
vt 0.289048 0.000000
vt 0.287253 0.000000
vt 0.285458 0.000000
vt 0.829443 0.000000
vt 0.831239 0.000000
vt 0.825853 0.000000
vt 0.833034 0.000000
vt 0.834829 0.000000
vt 0.836625 0.000000
vt 0.838420 0.000000
vt 0.283662 0.000000
vt 0.840215 0.000000
vt 0.842011 0.000000
vt 0.843806 0.000000
vt 0.845601 0.000000
vt 0.847397 0.000000
vt 0.849192 0.000000
vt 0.850987 0.000000
vt 0.852783 0.000000
vt 0.281867 0.000000
vt 0.854578 0.000000
vt 0.856373 0.000000
vt 0.858169 0.000000
vt 0.859964 0.000000
vt 0.861759 0.000000
vt 0.280072 0.000000
vt 0.863555 0.000000
vt 0.865350 0.000000
vt 0.867145 0.000000
vt 0.868941 0.000000
vt 0.278276 0.000000
vt 0.870736 0.000000
vt 0.872531 0.000000
vt 0.874327 0.000000
vt 0.876122 0.000000
vt 0.276481 0.000000
vt 0.877917 0.000000
vt 0.879713 0.000000
vt 0.881508 0.000000
vt 0.274686 0.000000
vt 0.883303 0.000000
vt 0.885099 0.000000
vt 0.886894 0.000000
vt 0.272890 0.000000
vt 0.888689 0.000000
vt 0.890485 0.000000
vt 0.892280 0.000000
vt 0.271095 0.000000
vt 0.894075 0.000000
vt 0.895871 0.000000
vt 0.897666 0.000000
vt 0.269300 0.000000
vt 0.899461 0.000000
vt 0.901257 0.000000
vt 0.267504 0.000000
vt 0.903052 0.000000
vt 0.904847 0.000000
vt 0.906643 0.000000
vt 0.265709 0.000000
vt 0.908438 0.000000
vt 0.910233 0.000000
vt 0.263914 0.000000
vt 0.912029 0.000000
vt 0.913824 0.000000
vt 0.915619 0.000000
vt 0.262118 0.000000
vt 0.917415 0.000000
vt 0.260323 0.000000
vt 0.919210 0.000000
vt 0.921005 0.000000
vt 0.258528 0.000000
vt 0.998205 0.000000
vt 0.922801 0.000000
vt 0.996409 0.000000
vt 0.256732 0.000000
vt 0.924596 0.000000
vt 0.994614 0.000000
vt 0.926391 0.000000
vt 0.254937 0.000000
vt 0.992819 0.000000
vt 0.928187 0.000000
vt 0.991023 0.000000
vt 0.253142 0.000000
vt 0.929982 0.000000
vt 0.989228 0.000000
vt 0.931777 0.000000
vt 0.251346 0.000000
vt 0.987433 0.000000
vt 0.933573 0.000000
vt 0.985637 0.000000
vt 0.249551 0.000000
vt 0.935368 0.000000
vt 0.983842 0.000000
vt 0.937163 0.000000
vt 0.982047 0.000000
vt 0.247756 0.000000
vt 0.938959 0.000000
vt 0.980251 0.000000
vt 0.978456 0.000000
vt 0.940754 0.000000
vt 0.245961 0.000000
vt 0.976661 0.000000
vt 0.942549 0.000000
vt 0.974865 0.000000
vt 0.944345 0.000000
vt 0.973070 0.000000
vt 0.946140 0.000000
vt 0.244165 0.000000
vt 0.971275 0.000000
vt 0.947935 0.000000
vt 0.969479 0.000000
vt 0.132855 0.000000
vt 0.949731 0.000000
vt 0.967684 0.000000
vt 0.951526 0.000000
vt 0.965889 0.000000
vt 0.242370 0.000000
vt 0.953321 0.000000
vt 0.964093 0.000000
vt 0.955117 0.000000
vt 0.962298 0.000000
vt 0.956912 0.000000
vt 0.960503 0.000000
vt 0.958707 0.000000
vt 0.240575 0.000000
vt 0.238779 0.000000
vt 0.236984 0.000000
vt 0.235189 0.000000
vt 0.233393 0.000000
vt 0.231598 0.000000
vt 0.134650 0.000000
vt 0.131059 0.000000
vt 0.229803 0.000000
vt 0.136445 0.000000
vt 0.228007 0.000000
vt 0.226212 0.000000
vt 0.138241 0.000000
vt 0.224417 0.000000
vt 0.140036 0.000000
vt 0.222621 0.000000
vt 0.141831 0.000000
vt 0.220826 0.000000
vt 0.143627 0.000000
vt 0.219031 0.000000
vt 0.217235 0.000000
vt 0.145422 0.000000
vt 0.215440 0.000000
vt 0.147217 0.000000
vt 0.213645 0.000000
vt 0.149013 0.000000
vt 0.211849 0.000000
vt 0.129264 0.000000
vt 0.003591 0.000000
vt 0.005386 0.000000
vt 0.127469 0.000000
vt 0.210054 0.000000
vt 0.150808 0.000000
vt 0.007181 0.000000
vt 0.125673 0.000000
vt 0.008977 0.000000
vt 0.123878 0.000000
vt 0.208259 0.000000
vt 0.010772 0.000000
vt 0.122083 0.000000
vt 0.152603 0.000000
vt 0.012567 0.000000
vt 0.120287 0.000000
vt 0.014363 0.000000
vt 0.118492 0.000000
vt 0.206463 0.000000
vt 0.016158 0.000000
vt 0.116697 0.000000
vt 0.154399 0.000000
vt 0.017953 0.000000
vt 0.114901 0.000000
vt 0.204668 0.000000
vt 0.019749 0.000000
vt 0.113106 0.000000
vt 0.021544 0.000000
vt 0.111311 0.000000
vt 0.023339 0.000000
vt 0.109515 0.000000
vt 0.156194 0.000000
vt 0.202873 0.000000
vt 0.107720 0.000000
vt 0.025135 0.000000
vt 0.026930 0.000000
vt 0.105925 0.000000
vt 0.028725 0.000000
vt 0.104129 0.000000
vt 0.201077 0.000000
vt 0.030521 0.000000
vt 0.102334 0.000000
vt 0.157989 0.000000
vt 0.032316 0.000000
vt 0.100539 0.000000
vt 0.034111 0.000000
vt 0.098743 0.000000
vt 0.199282 0.000000
vt 0.035907 0.000000
vt 0.096948 0.000000
vt 0.037702 0.000000
vt 0.095153 0.000000
vt 0.039497 0.000000
vt 0.093357 0.000000
vt 0.159785 0.000000
vt 0.041293 0.000000
vt 0.091562 0.000000
vt 0.043088 0.000000
vt 0.089767 0.000000
vt 0.197487 0.000000
vt 0.044883 0.000000
vt 0.087971 0.000000
vt 0.086176 0.000000
vt 0.046679 0.000000
vt 0.084381 0.000000
vt 0.048474 0.000000
vt 0.082585 0.000000
vt 0.050269 0.000000
vt 0.080790 0.000000
vt 0.052065 0.000000
vt 0.161580 0.000000
vt 0.078995 0.000000
vt 0.053860 0.000000
vt 0.195691 0.000000
vt 0.077199 0.000000
vt 0.055655 0.000000
vt 0.075404 0.000000
vt 0.057451 0.000000
vt 0.073609 0.000000
vt 0.059246 0.000000
vt 0.071813 0.000000
vt 0.061041 0.000000
vt 0.070018 0.000000
vt 0.062837 0.000000
vt 0.068223 0.000000
vt 0.064632 0.000000
vt 0.066427 0.000000
vt 0.193896 0.000000
vt 0.163375 0.000000
vt 0.192101 0.000000
vt 0.165171 0.000000
vt 0.190305 0.000000
vt 0.166966 0.000000
vt 0.188510 0.000000
vt 0.186715 0.000000
vt 0.168761 0.000000
vt 0.184919 0.000000
vt 0.170557 0.000000
vt 0.183124 0.000000
vt 0.172352 0.000000
vt 0.181329 0.000000
vt 0.179533 0.000000
vt 0.174147 0.000000
vt 0.177738 0.000000
vt 0.175943 0.000000
vt 0.000000 1.000000
vt 0.002174 1.000000
vt 0.002174 0.000000
vt 0.004348 1.000000
vt 0.004348 0.000000
vt 0.006522 1.000000
vt 0.006522 0.000000
vt 0.008696 1.000000
vt 0.008696 0.000000
vt 0.010870 1.000000
vt 0.010870 0.000000
vt 0.013043 1.000000
vt 0.013043 0.000000
vt 0.015217 1.000000
vt 0.015217 0.000000
vt 0.017391 1.000000
vt 0.017391 0.000000
vt 0.019565 1.000000
vt 0.019565 0.000000
vt 0.021739 1.000000
vt 0.021739 0.000000
vt 0.023913 1.000000
vt 0.023913 0.000000
vt 0.026087 1.000000
vt 0.026087 0.000000
vt 0.028261 1.000000
vt 0.028261 0.000000
vt 0.030435 1.000000
vt 0.030435 0.000000
vt 0.032609 1.000000
vt 0.032609 0.000000
vt 0.034783 1.000000
vt 0.034783 0.000000
vt 0.036957 1.000000
vt 0.036957 0.000000
vt 0.039130 1.000000
vt 0.039130 0.000000
vt 0.041304 1.000000
vt 0.041304 0.000000
vt 0.043478 1.000000
vt 0.043478 0.000000
vt 0.045652 1.000000
vt 0.045652 0.000000
vt 0.047826 1.000000
vt 0.047826 0.000000
vt 0.050000 1.000000
vt 0.050000 0.000000
vt 0.052174 1.000000
vt 0.052174 0.000000
vt 0.054348 1.000000
vt 0.054348 0.000000
vt 0.056522 1.000000
vt 0.056522 0.000000
vt 0.058696 1.000000
vt 0.058696 0.000000
vt 0.060870 1.000000
vt 0.060870 0.000000
vt 0.063043 1.000000
vt 0.063043 0.000000
vt 0.065217 1.000000
vt 0.065217 0.000000
vt 0.067391 1.000000
vt 0.067391 0.000000
vt 0.069565 1.000000
vt 0.069565 0.000000
vt 0.071739 1.000000
vt 0.071739 0.000000
vt 0.073913 1.000000
vt 0.073913 0.000000
vt 0.076087 1.000000
vt 0.076087 0.000000
vt 0.078261 1.000000
vt 0.078261 0.000000
vt 0.080435 1.000000
vt 0.080435 0.000000
vt 0.082609 1.000000
vt 0.082609 0.000000
vt 0.084783 1.000000
vt 0.084783 0.000000
vt 0.086957 1.000000
vt 0.086957 0.000000
vt 0.089130 1.000000
vt 0.089130 0.000000
vt 0.091304 1.000000
vt 0.091304 0.000000
vt 0.093478 1.000000
vt 0.093478 0.000000
vt 0.095652 1.000000
vt 0.095652 0.000000
vt 0.097826 1.000000
vt 0.097826 0.000000
vt 0.100000 1.000000
vt 0.100000 0.000000
vt 0.102174 1.000000
vt 0.102174 0.000000
vt 0.104348 1.000000
vt 0.104348 0.000000
vt 0.106522 1.000000
vt 0.106522 0.000000
vt 0.108696 1.000000
vt 0.108696 0.000000
vt 0.110870 1.000000
vt 0.110870 0.000000
vt 0.113043 1.000000
vt 0.113043 0.000000
vt 0.115217 1.000000
vt 0.115217 0.000000
vt 0.117391 1.000000
vt 0.117391 0.000000
vt 0.119565 1.000000
vt 0.119565 0.000000
vt 0.121739 1.000000
vt 0.121739 0.000000
vt 0.123913 1.000000
vt 0.123913 0.000000
vt 0.126087 1.000000
vt 0.126087 0.000000
vt 0.128261 1.000000
vt 0.128261 0.000000
vt 0.130435 1.000000
vt 0.130435 0.000000
vt 0.132609 1.000000
vt 0.132609 0.000000
vt 0.134783 1.000000
vt 0.134783 0.000000
vt 0.136957 1.000000
vt 0.136957 0.000000
vt 0.139130 1.000000
vt 0.139130 0.000000
vt 0.141304 1.000000
vt 0.141304 0.000000
vt 0.143478 1.000000
vt 0.143478 0.000000
vt 0.145652 1.000000
vt 0.145652 0.000000
vt 0.147826 1.000000
vt 0.147826 0.000000
vt 0.150000 1.000000
vt 0.150000 0.000000
vt 0.152174 1.000000
vt 0.152174 0.000000
vt 0.154348 1.000000
vt 0.154348 0.000000
vt 0.156522 1.000000
vt 0.156522 0.000000
vt 0.158696 1.000000
vt 0.158696 0.000000
vt 0.160870 1.000000
vt 0.160870 0.000000
vt 0.163043 1.000000
vt 0.163043 0.000000
vt 0.165217 1.000000
vt 0.165217 0.000000
vt 0.167391 1.000000
vt 0.167391 0.000000
vt 0.169565 1.000000
vt 0.169565 0.000000
vt 0.171739 1.000000
vt 0.171739 0.000000
vt 0.173913 1.000000
vt 0.173913 0.000000
vt 0.176087 1.000000
vt 0.176087 0.000000
vt 0.178261 1.000000
vt 0.178261 0.000000
vt 0.180435 1.000000
vt 0.180435 0.000000
vt 0.182609 1.000000
vt 0.182609 0.000000
vt 0.184783 1.000000
vt 0.184783 0.000000
vt 0.186957 1.000000
vt 0.186957 0.000000
vt 0.189130 1.000000
vt 0.189130 0.000000
vt 0.191304 1.000000
vt 0.191304 0.000000
vt 0.193478 1.000000
vt 0.193478 0.000000
vt 0.195652 1.000000
vt 0.195652 0.000000
vt 0.197826 1.000000
vt 0.197826 0.000000
vt 0.200000 1.000000
vt 0.200000 0.000000
vt 0.202174 1.000000
vt 0.202174 0.000000
vt 0.204348 1.000000
vt 0.204348 0.000000
vt 0.206522 1.000000
vt 0.206522 0.000000
vt 0.208696 1.000000
vt 0.208696 0.000000
vt 0.210870 1.000000
vt 0.210870 0.000000
vt 0.213043 1.000000
vt 0.213043 0.000000
vt 0.215217 1.000000
vt 0.215217 0.000000
vt 0.217391 1.000000
vt 0.217391 0.000000
vt 0.219565 1.000000
vt 0.219565 0.000000
vt 0.221739 1.000000
vt 0.221739 0.000000
vt 0.223913 1.000000
vt 0.223913 0.000000
vt 0.226087 1.000000
vt 0.226087 0.000000
vt 0.228261 1.000000
vt 0.228261 0.000000
vt 0.230435 1.000000
vt 0.230435 0.000000
vt 0.232609 1.000000
vt 0.232609 0.000000
vt 0.234783 1.000000
vt 0.234783 0.000000
vt 0.236957 1.000000
vt 0.236957 0.000000
vt 0.239130 1.000000
vt 0.239130 0.000000
vt 0.241304 1.000000
vt 0.241304 0.000000
vt 0.243478 1.000000
vt 0.243478 0.000000
vt 0.245652 1.000000
vt 0.245652 0.000000
vt 0.247826 1.000000
vt 0.247826 0.000000
vt 0.250000 1.000000
vt 0.252174 1.000000
vt 0.252174 0.000000
vt 0.254348 1.000000
vt 0.254348 0.000000
vt 0.256522 1.000000
vt 0.256522 0.000000
vt 0.258696 1.000000
vt 0.258696 0.000000
vt 0.260870 1.000000
vt 0.260870 0.000000
vt 0.263043 1.000000
vt 0.263043 0.000000
vt 0.265217 1.000000
vt 0.265217 0.000000
vt 0.267391 1.000000
vt 0.267391 0.000000
vt 0.269565 1.000000
vt 0.269565 0.000000
vt 0.271739 1.000000
vt 0.271739 0.000000
vt 0.273913 1.000000
vt 0.273913 0.000000
vt 0.276087 1.000000
vt 0.276087 0.000000
vt 0.278261 1.000000
vt 0.278261 0.000000
vt 0.280435 1.000000
vt 0.280435 0.000000
vt 0.282609 1.000000
vt 0.282609 0.000000
vt 0.284783 1.000000
vt 0.284783 0.000000
vt 0.286957 1.000000
vt 0.286957 0.000000
vt 0.289130 1.000000
vt 0.289130 0.000000
vt 0.291304 1.000000
vt 0.291304 0.000000
vt 0.293478 1.000000
vt 0.293478 0.000000
vt 0.295652 1.000000
vt 0.295652 0.000000
vt 0.297826 1.000000
vt 0.297826 0.000000
vt 0.300000 1.000000
vt 0.300000 0.000000
vt 0.302174 1.000000
vt 0.302174 0.000000
vt 0.304348 1.000000
vt 0.304348 0.000000
vt 0.306522 1.000000
vt 0.306522 0.000000
vt 0.308696 1.000000
vt 0.308696 0.000000
vt 0.310870 1.000000
vt 0.310870 0.000000
vt 0.313043 1.000000
vt 0.313043 0.000000
vt 0.315217 1.000000
vt 0.315217 0.000000
vt 0.317391 1.000000
vt 0.317391 0.000000
vt 0.319565 1.000000
vt 0.319565 0.000000
vt 0.321739 1.000000
vt 0.321739 0.000000
vt 0.323913 1.000000
vt 0.323913 0.000000
vt 0.326087 1.000000
vt 0.326087 0.000000
vt 0.328261 1.000000
vt 0.328261 0.000000
vt 0.330435 1.000000
vt 0.330435 0.000000
vt 0.332609 1.000000
vt 0.332609 0.000000
vt 0.334783 1.000000
vt 0.334783 0.000000
vt 0.336957 1.000000
vt 0.336957 0.000000
vt 0.339130 1.000000
vt 0.339130 0.000000
vt 0.341304 1.000000
vt 0.341304 0.000000
vt 0.343478 1.000000
vt 0.343478 0.000000
vt 0.345652 1.000000
vt 0.345652 0.000000
vt 0.347826 1.000000
vt 0.347826 0.000000
vt 0.350000 1.000000
vt 0.350000 0.000000
vt 0.352174 1.000000
vt 0.352174 0.000000
vt 0.354348 1.000000
vt 0.354348 0.000000
vt 0.356522 1.000000
vt 0.356522 0.000000
vt 0.358696 1.000000
vt 0.358696 0.000000
vt 0.360870 1.000000
vt 0.360870 0.000000
vt 0.363043 1.000000
vt 0.363043 0.000000
vt 0.365217 1.000000
vt 0.365217 0.000000
vt 0.367391 1.000000
vt 0.367391 0.000000
vt 0.369565 1.000000
vt 0.369565 0.000000
vt 0.371739 1.000000
vt 0.371739 0.000000
vt 0.373913 1.000000
vt 0.373913 0.000000
vt 0.376087 1.000000
vt 0.376087 0.000000
vt 0.378261 1.000000
vt 0.378261 0.000000
vt 0.380435 1.000000
vt 0.380435 0.000000
vt 0.382609 1.000000
vt 0.382609 0.000000
vt 0.384783 1.000000
vt 0.384783 0.000000
vt 0.386957 1.000000
vt 0.386957 0.000000
vt 0.389130 1.000000
vt 0.389130 0.000000
vt 0.391304 1.000000
vt 0.391304 0.000000
vt 0.393478 1.000000
vt 0.393478 0.000000
vt 0.395652 1.000000
vt 0.395652 0.000000
vt 0.397826 1.000000
vt 0.397826 0.000000
vt 0.400000 1.000000
vt 0.400000 0.000000
vt 0.402174 1.000000
vt 0.402174 0.000000
vt 0.404348 1.000000
vt 0.404348 0.000000
vt 0.406522 1.000000
vt 0.406522 0.000000
vt 0.408696 1.000000
vt 0.408696 0.000000
vt 0.410870 1.000000
vt 0.410870 0.000000
vt 0.413043 1.000000
vt 0.413043 0.000000
vt 0.415217 1.000000
vt 0.415217 0.000000
vt 0.417391 1.000000
vt 0.417391 0.000000
vt 0.419565 1.000000
vt 0.419565 0.000000
vt 0.421739 1.000000
vt 0.421739 0.000000
vt 0.423913 1.000000
vt 0.423913 0.000000
vt 0.426087 1.000000
vt 0.426087 0.000000
vt 0.428261 1.000000
vt 0.428261 0.000000
vt 0.430435 1.000000
vt 0.430435 0.000000
vt 0.432609 1.000000
vt 0.432609 0.000000
vt 0.434783 1.000000
vt 0.434783 0.000000
vt 0.436957 1.000000
vt 0.436957 0.000000
vt 0.439130 1.000000
vt 0.439130 0.000000
vt 0.441304 1.000000
vt 0.441304 0.000000
vt 0.443478 1.000000
vt 0.443478 0.000000
vt 0.445652 1.000000
vt 0.445652 0.000000
vt 0.447826 1.000000
vt 0.447826 0.000000
vt 0.450000 1.000000
vt 0.450000 0.000000
vt 0.452174 1.000000
vt 0.452174 0.000000
vt 0.454348 1.000000
vt 0.454348 0.000000
vt 0.456522 1.000000
vt 0.456522 0.000000
vt 0.458696 1.000000
vt 0.458696 0.000000
vt 0.460870 1.000000
vt 0.460870 0.000000
vt 0.463043 1.000000
vt 0.463043 0.000000
vt 0.465217 1.000000
vt 0.465217 0.000000
vt 0.467391 1.000000
vt 0.467391 0.000000
vt 0.469565 1.000000
vt 0.469565 0.000000
vt 0.471739 1.000000
vt 0.471739 0.000000
vt 0.473913 1.000000
vt 0.473913 0.000000
vt 0.476087 1.000000
vt 0.476087 0.000000
vt 0.478261 1.000000
vt 0.478261 0.000000
vt 0.480435 1.000000
vt 0.480435 0.000000
vt 0.482609 1.000000
vt 0.482609 0.000000
vt 0.484783 1.000000
vt 0.484783 0.000000
vt 0.486957 1.000000
vt 0.486957 0.000000
vt 0.489130 1.000000
vt 0.489130 0.000000
vt 0.491304 1.000000
vt 0.491304 0.000000
vt 0.493478 1.000000
vt 0.493478 0.000000
vt 0.495652 1.000000
vt 0.495652 0.000000
vt 0.497826 1.000000
vt 0.497826 0.000000
vt 0.500000 1.000000
vt 0.502174 1.000000
vt 0.502174 0.000000
vt 0.504348 1.000000
vt 0.504348 0.000000
vt 0.506522 1.000000
vt 0.506522 0.000000
vt 0.508696 1.000000
vt 0.508696 0.000000
vt 0.510870 1.000000
vt 0.510870 0.000000
vt 0.513043 1.000000
vt 0.513043 0.000000
vt 0.515217 1.000000
vt 0.515217 0.000000
vt 0.517391 1.000000
vt 0.517391 0.000000
vt 0.519565 1.000000
vt 0.519565 0.000000
vt 0.521739 1.000000
vt 0.521739 0.000000
vt 0.523913 1.000000
vt 0.523913 0.000000
vt 0.526087 1.000000
vt 0.526087 0.000000
vt 0.528261 1.000000
vt 0.528261 0.000000
vt 0.530435 1.000000
vt 0.530435 0.000000
vt 0.532609 1.000000
vt 0.532609 0.000000
vt 0.534783 1.000000
vt 0.534783 0.000000
vt 0.536957 1.000000
vt 0.536957 0.000000
vt 0.539130 1.000000
vt 0.539130 0.000000
vt 0.541304 1.000000
vt 0.541304 0.000000
vt 0.543478 1.000000
vt 0.543478 0.000000
vt 0.545652 1.000000
vt 0.545652 0.000000
vt 0.547826 1.000000
vt 0.547826 0.000000
vt 0.550000 1.000000
vt 0.550000 0.000000
vt 0.552174 1.000000
vt 0.552174 0.000000
vt 0.554348 1.000000
vt 0.554348 0.000000
vt 0.556522 1.000000
vt 0.556522 0.000000
vt 0.558696 1.000000
vt 0.558696 0.000000
vt 0.560870 1.000000
vt 0.560870 0.000000
vt 0.563043 1.000000
vt 0.563043 0.000000
vt 0.565217 1.000000
vt 0.565217 0.000000
vt 0.567391 1.000000
vt 0.567391 0.000000
vt 0.569565 1.000000
vt 0.569565 0.000000
vt 0.571739 1.000000
vt 0.571739 0.000000
vt 0.573913 1.000000
vt 0.573913 0.000000
vt 0.576087 1.000000
vt 0.576087 0.000000
vt 0.578261 1.000000
vt 0.578261 0.000000
vt 0.580435 1.000000
vt 0.580435 0.000000
vt 0.582609 1.000000
vt 0.582609 0.000000
vt 0.584783 1.000000
vt 0.584783 0.000000
vt 0.586957 1.000000
vt 0.586957 0.000000
vt 0.589130 1.000000
vt 0.589130 0.000000
vt 0.591304 1.000000
vt 0.591304 0.000000
vt 0.593478 1.000000
vt 0.593478 0.000000
vt 0.595652 1.000000
vt 0.595652 0.000000
vt 0.597826 1.000000
vt 0.597826 0.000000
vt 0.600000 1.000000
vt 0.600000 0.000000
vt 0.602174 1.000000
vt 0.602174 0.000000
vt 0.604348 1.000000
vt 0.604348 0.000000
vt 0.606522 1.000000
vt 0.606522 0.000000
vt 0.608696 1.000000
vt 0.608696 0.000000
vt 0.610870 1.000000
vt 0.610870 0.000000
vt 0.613043 1.000000
vt 0.613043 0.000000
vt 0.615217 1.000000
vt 0.615217 0.000000
vt 0.617391 1.000000
vt 0.617391 0.000000
vt 0.619565 1.000000
vt 0.619565 0.000000
vt 0.621739 1.000000
vt 0.621739 0.000000
vt 0.623913 1.000000
vt 0.623913 0.000000
vt 0.626087 1.000000
vt 0.626087 0.000000
vt 0.628261 1.000000
vt 0.628261 0.000000
vt 0.630435 1.000000
vt 0.630435 0.000000
vt 0.632609 1.000000
vt 0.632609 0.000000
vt 0.634783 1.000000
vt 0.634783 0.000000
vt 0.636957 1.000000
vt 0.636957 0.000000
vt 0.639130 1.000000
vt 0.639130 0.000000
vt 0.641304 1.000000
vt 0.641304 0.000000
vt 0.643478 1.000000
vt 0.643478 0.000000
vt 0.645652 1.000000
vt 0.645652 0.000000
vt 0.647826 1.000000
vt 0.647826 0.000000
vt 0.650000 1.000000
vt 0.650000 0.000000
vt 0.652174 1.000000
vt 0.652174 0.000000
vt 0.654348 1.000000
vt 0.654348 0.000000
vt 0.656522 1.000000
vt 0.656522 0.000000
vt 0.658696 1.000000
vt 0.658696 0.000000
vt 0.660870 1.000000
vt 0.660870 0.000000
vt 0.663043 1.000000
vt 0.663043 0.000000
vt 0.665217 1.000000
vt 0.665217 0.000000
vt 0.667391 1.000000
vt 0.667391 0.000000
vt 0.669565 1.000000
vt 0.669565 0.000000
vt 0.671739 1.000000
vt 0.671739 0.000000
vt 0.673913 1.000000
vt 0.673913 0.000000
vt 0.676087 1.000000
vt 0.676087 0.000000
vt 0.678261 1.000000
vt 0.678261 0.000000
vt 0.680435 1.000000
vt 0.680435 0.000000
vt 0.682609 1.000000
vt 0.682609 0.000000
vt 0.684783 1.000000
vt 0.684783 0.000000
vt 0.686957 1.000000
vt 0.686957 0.000000
vt 0.689130 1.000000
vt 0.689130 0.000000
vt 0.691304 1.000000
vt 0.691304 0.000000
vt 0.693478 1.000000
vt 0.693478 0.000000
vt 0.695652 1.000000
vt 0.695652 0.000000
vt 0.697826 1.000000
vt 0.697826 0.000000
vt 0.700000 1.000000
vt 0.700000 0.000000
vt 0.702174 1.000000
vt 0.702174 0.000000
vt 0.704348 1.000000
vt 0.704348 0.000000
vt 0.706522 1.000000
vt 0.706522 0.000000
vt 0.708696 1.000000
vt 0.708696 0.000000
vt 0.710870 1.000000
vt 0.710870 0.000000
vt 0.713043 1.000000
vt 0.713043 0.000000
vt 0.715217 1.000000
vt 0.715217 0.000000
vt 0.717391 1.000000
vt 0.717391 0.000000
vt 0.719565 1.000000
vt 0.719565 0.000000
vt 0.721739 1.000000
vt 0.721739 0.000000
vt 0.723913 1.000000
vt 0.723913 0.000000
vt 0.726087 1.000000
vt 0.726087 0.000000
vt 0.728261 1.000000
vt 0.728261 0.000000
vt 0.730435 1.000000
vt 0.730435 0.000000
vt 0.732609 1.000000
vt 0.732609 0.000000
vt 0.734783 1.000000
vt 0.734783 0.000000
vt 0.736957 1.000000
vt 0.736957 0.000000
vt 0.739130 1.000000
vt 0.739130 0.000000
vt 0.741304 1.000000
vt 0.741304 0.000000
vt 0.743478 1.000000
vt 0.743478 0.000000
vt 0.745652 1.000000
vt 0.745652 0.000000
vt 0.747826 1.000000
vt 0.747826 0.000000
vt 0.750000 1.000000
vt 0.752174 1.000000
vt 0.752174 0.000000
vt 0.754348 1.000000
vt 0.754348 0.000000
vt 0.756522 1.000000
vt 0.756522 0.000000
vt 0.758696 1.000000
vt 0.758696 0.000000
vt 0.760870 1.000000
vt 0.760870 0.000000
vt 0.763043 1.000000
vt 0.763043 0.000000
vt 0.765217 1.000000
vt 0.765217 0.000000
vt 0.767391 1.000000
vt 0.767391 0.000000
vt 0.769565 1.000000
vt 0.769565 0.000000
vt 0.771739 1.000000
vt 0.771739 0.000000
vt 0.773913 1.000000
vt 0.773913 0.000000
vt 0.776087 1.000000
vt 0.776087 0.000000
vt 0.778261 1.000000
vt 0.778261 0.000000
vt 0.780435 1.000000
vt 0.780435 0.000000
vt 0.782609 1.000000
vt 0.782609 0.000000
vt 0.784783 1.000000
vt 0.784783 0.000000
vt 0.786957 1.000000
vt 0.786957 0.000000
vt 0.789130 1.000000
vt 0.789130 0.000000
vt 0.791304 1.000000
vt 0.791304 0.000000
vt 0.793478 1.000000
vt 0.793478 0.000000
vt 0.795652 1.000000
vt 0.795652 0.000000
vt 0.797826 1.000000
vt 0.797826 0.000000
vt 0.800000 1.000000
vt 0.800000 0.000000
vt 0.802174 1.000000
vt 0.802174 0.000000
vt 0.804348 1.000000
vt 0.804348 0.000000
vt 0.806522 1.000000
vt 0.806522 0.000000
vt 0.808696 1.000000
vt 0.808696 0.000000
vt 0.810870 1.000000
vt 0.810870 0.000000
vt 0.813043 1.000000
vt 0.813043 0.000000
vt 0.815217 1.000000
vt 0.815217 0.000000
vt 0.817391 1.000000
vt 0.817391 0.000000
vt 0.819565 1.000000
vt 0.819565 0.000000
vt 0.821739 1.000000
vt 0.821739 0.000000
vt 0.823913 1.000000
vt 0.823913 0.000000
vt 0.826087 1.000000
vt 0.826087 0.000000
vt 0.828261 1.000000
vt 0.828261 0.000000
vt 0.830435 1.000000
vt 0.830435 0.000000
vt 0.832609 1.000000
vt 0.832609 0.000000
vt 0.834783 1.000000
vt 0.834783 0.000000
vt 0.836957 1.000000
vt 0.836957 0.000000
vt 0.839130 1.000000
vt 0.839130 0.000000
vt 0.841304 1.000000
vt 0.841304 0.000000
vt 0.843478 1.000000
vt 0.843478 0.000000
vt 0.845652 1.000000
vt 0.845652 0.000000
vt 0.847826 1.000000
vt 0.847826 0.000000
vt 0.850000 1.000000
vt 0.850000 0.000000
vt 0.852174 1.000000
vt 0.852174 0.000000
vt 0.854348 1.000000
vt 0.854348 0.000000
vt 0.856522 1.000000
vt 0.856522 0.000000
vt 0.858696 1.000000
vt 0.858696 0.000000
vt 0.860870 1.000000
vt 0.860870 0.000000
vt 0.863043 1.000000
vt 0.863043 0.000000
vt 0.865217 1.000000
vt 0.865217 0.000000
vt 0.867391 1.000000
vt 0.867391 0.000000
vt 0.869565 1.000000
vt 0.869565 0.000000
vt 0.871739 1.000000
vt 0.871739 0.000000
vt 0.873913 1.000000
vt 0.873913 0.000000
vt 0.876087 1.000000
vt 0.876087 0.000000
vt 0.878261 1.000000
vt 0.878261 0.000000
vt 0.880435 1.000000
vt 0.880435 0.000000
vt 0.882609 1.000000
vt 0.882609 0.000000
vt 0.884783 1.000000
vt 0.884783 0.000000
vt 0.886957 1.000000
vt 0.886957 0.000000
vt 0.889130 1.000000
vt 0.889130 0.000000
vt 0.891304 1.000000
vt 0.891304 0.000000
vt 0.893478 1.000000
vt 0.893478 0.000000
vt 0.895652 1.000000
vt 0.895652 0.000000
vt 0.897826 1.000000
vt 0.897826 0.000000
vt 0.900000 1.000000
vt 0.900000 0.000000
vt 0.902174 1.000000
vt 0.902174 0.000000
vt 0.904348 1.000000
vt 0.904348 0.000000
vt 0.906522 1.000000
vt 0.906522 0.000000
vt 0.908696 1.000000
vt 0.908696 0.000000
vt 0.910870 1.000000
vt 0.910870 0.000000
vt 0.913043 1.000000
vt 0.913043 0.000000
vt 0.915217 1.000000
vt 0.915217 0.000000
vt 0.917391 1.000000
vt 0.917391 0.000000
vt 0.919565 1.000000
vt 0.919565 0.000000
vt 0.921739 1.000000
vt 0.921739 0.000000
vt 0.923913 1.000000
vt 0.923913 0.000000
vt 0.926087 1.000000
vt 0.926087 0.000000
vt 0.928261 1.000000
vt 0.928261 0.000000
vt 0.930435 1.000000
vt 0.930435 0.000000
vt 0.932609 1.000000
vt 0.932609 0.000000
vt 0.934783 1.000000
vt 0.934783 0.000000
vt 0.936957 1.000000
vt 0.936957 0.000000
vt 0.939130 1.000000
vt 0.939130 0.000000
vt 0.941304 1.000000
vt 0.941304 0.000000
vt 0.943478 1.000000
vt 0.943478 0.000000
vt 0.945652 1.000000
vt 0.945652 0.000000
vt 0.947826 1.000000
vt 0.947826 0.000000
vt 0.950000 1.000000
vt 0.950000 0.000000
vt 0.952174 1.000000
vt 0.952174 0.000000
vt 0.954348 1.000000
vt 0.954348 0.000000
vt 0.956522 1.000000
vt 0.956522 0.000000
vt 0.958696 1.000000
vt 0.958696 0.000000
vt 0.960870 1.000000
vt 0.960870 0.000000
vt 0.963043 1.000000
vt 0.963043 0.000000
vt 0.965217 1.000000
vt 0.965217 0.000000
vt 0.967391 1.000000
vt 0.967391 0.000000
vt 0.969565 1.000000
vt 0.969565 0.000000
vt 0.971739 1.000000
vt 0.971739 0.000000
vt 0.973913 1.000000
vt 0.973913 0.000000
vt 0.976087 1.000000
vt 0.976087 0.000000
vt 0.978261 1.000000
vt 0.978261 0.000000
vt 0.980435 1.000000
vt 0.980435 0.000000
vt 0.982609 1.000000
vt 0.982609 0.000000
vt 0.984783 1.000000
vt 0.984783 0.000000
vt 0.986957 1.000000
vt 0.986957 0.000000
vt 0.989130 1.000000
vt 0.989130 0.000000
vt 0.991304 1.000000
vt 0.991304 0.000000
vt 0.993478 1.000000
vt 0.993478 0.000000
vt 0.995652 1.000000
vt 0.995652 0.000000
vt 0.997826 1.000000
vt 0.997826 0.000000
vt 1.000000 1.000000
vt 0.010204 1.000000
vt 0.010204 0.000000
vt 0.020408 1.000000
vt 0.020408 0.000000
vt 0.030612 1.000000
vt 0.030612 0.000000
vt 0.040816 1.000000
vt 0.040816 0.000000
vt 0.051020 1.000000
vt 0.051020 0.000000
vt 0.061224 1.000000
vt 0.061224 0.000000
vt 0.071429 1.000000
vt 0.071429 0.000000
vt 0.081633 1.000000
vt 0.081633 0.000000
vt 0.091837 1.000000
vt 0.091837 0.000000
vt 0.102041 1.000000
vt 0.102041 0.000000
vt 0.112245 1.000000
vt 0.112245 0.000000
vt 0.122449 1.000000
vt 0.122449 0.000000
vt 0.132653 1.000000
vt 0.132653 0.000000
vt 0.142857 1.000000
vt 0.142857 0.000000
vt 0.153061 1.000000
vt 0.153061 0.000000
vt 0.163265 1.000000
vt 0.163265 0.000000
vt 0.173469 1.000000
vt 0.173469 0.000000
vt 0.183673 1.000000
vt 0.183673 0.000000
vt 0.193878 1.000000
vt 0.193878 0.000000
vt 0.204082 1.000000
vt 0.204082 0.000000
vt 0.214286 1.000000
vt 0.214286 0.000000
vt 0.224490 1.000000
vt 0.224490 0.000000
vt 0.234694 1.000000
vt 0.234694 0.000000
vt 0.244898 1.000000
vt 0.244898 0.000000
vt 0.255102 1.000000
vt 0.255102 0.000000
vt 0.265306 1.000000
vt 0.265306 0.000000
vt 0.275510 1.000000
vt 0.275510 0.000000
vt 0.285714 1.000000
vt 0.285714 0.000000
vt 0.295918 1.000000
vt 0.295918 0.000000
vt 0.306122 1.000000
vt 0.306122 0.000000
vt 0.316327 1.000000
vt 0.316327 0.000000
vt 0.326531 1.000000
vt 0.326531 0.000000
vt 0.336735 1.000000
vt 0.336735 0.000000
vt 0.346939 1.000000
vt 0.346939 0.000000
vt 0.357143 1.000000
vt 0.357143 0.000000
vt 0.367347 1.000000
vt 0.367347 0.000000
vt 0.377551 1.000000
vt 0.377551 0.000000
vt 0.387755 1.000000
vt 0.387755 0.000000
vt 0.397959 1.000000
vt 0.397959 0.000000
vt 0.408163 1.000000
vt 0.408163 0.000000
vt 0.418367 1.000000
vt 0.418367 0.000000
vt 0.428571 1.000000
vt 0.428571 0.000000
vt 0.438776 1.000000
vt 0.438776 0.000000
vt 0.448980 1.000000
vt 0.448980 0.000000
vt 0.459184 1.000000
vt 0.459184 0.000000
vt 0.469388 1.000000
vt 0.469388 0.000000
vt 0.479592 1.000000
vt 0.479592 0.000000
vt 0.489796 1.000000
vt 0.489796 0.000000
vt 0.510204 1.000000
vt 0.510204 0.000000
vt 0.520408 1.000000
vt 0.520408 0.000000
vt 0.530612 1.000000
vt 0.530612 0.000000
vt 0.540816 1.000000
vt 0.540816 0.000000
vt 0.551020 1.000000
vt 0.551020 0.000000
vt 0.561224 1.000000
vt 0.561224 0.000000
vt 0.571429 1.000000
vt 0.571429 0.000000
vt 0.581633 1.000000
vt 0.581633 0.000000
vt 0.591837 1.000000
vt 0.591837 0.000000
vt 0.602041 1.000000
vt 0.602041 0.000000
vt 0.612245 1.000000
vt 0.612245 0.000000
vt 0.622449 1.000000
vt 0.622449 0.000000
vt 0.632653 1.000000
vt 0.632653 0.000000
vt 0.642857 1.000000
vt 0.642857 0.000000
vt 0.653061 1.000000
vt 0.653061 0.000000
vt 0.663265 1.000000
vt 0.663265 0.000000
vt 0.673469 1.000000
vt 0.673469 0.000000
vt 0.683673 1.000000
vt 0.683673 0.000000
vt 0.693878 1.000000
vt 0.693878 0.000000
vt 0.704082 1.000000
vt 0.704082 0.000000
vt 0.714286 1.000000
vt 0.714286 0.000000
vt 0.724490 1.000000
vt 0.724490 0.000000
vt 0.734694 1.000000
vt 0.734694 0.000000
vt 0.744898 1.000000
vt 0.744898 0.000000
vt 0.755102 1.000000
vt 0.755102 0.000000
vt 0.765306 1.000000
vt 0.765306 0.000000
vt 0.775510 1.000000
vt 0.775510 0.000000
vt 0.785714 1.000000
vt 0.785714 0.000000
vt 0.795918 1.000000
vt 0.795918 0.000000
vt 0.806122 1.000000
vt 0.806122 0.000000
vt 0.816327 1.000000
vt 0.816327 0.000000
vt 0.826531 1.000000
vt 0.826531 0.000000
vt 0.836735 1.000000
vt 0.836735 0.000000
vt 0.846939 1.000000
vt 0.846939 0.000000
vt 0.857143 1.000000
vt 0.857143 0.000000
vt 0.867347 1.000000
vt 0.867347 0.000000
vt 0.877551 1.000000
vt 0.877551 0.000000
vt 0.887755 1.000000
vt 0.887755 0.000000
vt 0.897959 1.000000
vt 0.897959 0.000000
vt 0.908163 1.000000
vt 0.908163 0.000000
vt 0.918367 1.000000
vt 0.918367 0.000000
vt 0.928571 1.000000
vt 0.928571 0.000000
vt 0.938776 1.000000
vt 0.938776 0.000000
vt 0.948980 1.000000
vt 0.948980 0.000000
vt 0.959184 1.000000
vt 0.959184 0.000000
vt 0.969388 1.000000
vt 0.969388 0.000000
vt 0.979592 1.000000
vt 0.979592 0.000000
vt 0.989796 1.000000
vt 0.989796 0.000000
vt 0.005155 1.000000
vt 0.005155 0.000000
vt 0.010309 1.000000
vt 0.010309 0.000000
vt 0.015464 1.000000
vt 0.015464 0.000000
vt 0.020619 1.000000
vt 0.020619 0.000000
vt 0.025773 1.000000
vt 0.025773 0.000000
vt 0.030928 1.000000
vt 0.030928 0.000000
vt 0.036082 1.000000
vt 0.036082 0.000000
vt 0.041237 1.000000
vt 0.041237 0.000000
vt 0.046392 1.000000
vt 0.046392 0.000000
vt 0.051546 1.000000
vt 0.051546 0.000000
vt 0.056701 1.000000
vt 0.056701 0.000000
vt 0.061856 1.000000
vt 0.061856 0.000000
vt 0.067010 1.000000
vt 0.067010 0.000000
vt 0.072165 1.000000
vt 0.072165 0.000000
vt 0.077320 1.000000
vt 0.077320 0.000000
vt 0.082474 1.000000
vt 0.082474 0.000000
vt 0.087629 1.000000
vt 0.087629 0.000000
vt 0.092784 1.000000
vt 0.092784 0.000000
vt 0.097938 1.000000
vt 0.097938 0.000000
vt 0.103093 1.000000
vt 0.103093 0.000000
vt 0.108247 1.000000
vt 0.108247 0.000000
vt 0.113402 1.000000
vt 0.113402 0.000000
vt 0.118557 1.000000
vt 0.118557 0.000000
vt 0.123711 1.000000
vt 0.123711 0.000000
vt 0.128866 1.000000
vt 0.128866 0.000000
vt 0.134021 1.000000
vt 0.134021 0.000000
vt 0.139175 1.000000
vt 0.139175 0.000000
vt 0.144330 1.000000
vt 0.144330 0.000000
vt 0.149485 1.000000
vt 0.149485 0.000000
vt 0.154639 1.000000
vt 0.154639 0.000000
vt 0.159794 1.000000
vt 0.159794 0.000000
vt 0.164948 1.000000
vt 0.164948 0.000000
vt 0.170103 1.000000
vt 0.170103 0.000000
vt 0.175258 1.000000
vt 0.175258 0.000000
vt 0.180412 1.000000
vt 0.180412 0.000000
vt 0.185567 1.000000
vt 0.185567 0.000000
vt 0.190722 1.000000
vt 0.190722 0.000000
vt 0.195876 1.000000
vt 0.195876 0.000000
vt 0.201031 1.000000
vt 0.201031 0.000000
vt 0.206186 1.000000
vt 0.206186 0.000000
vt 0.211340 1.000000
vt 0.211340 0.000000
vt 0.216495 1.000000
vt 0.216495 0.000000
vt 0.221649 1.000000
vt 0.221649 0.000000
vt 0.226804 1.000000
vt 0.226804 0.000000
vt 0.231959 1.000000
vt 0.231959 0.000000
vt 0.237113 1.000000
vt 0.237113 0.000000
vt 0.242268 1.000000
vt 0.242268 0.000000
vt 0.247423 1.000000
vt 0.247423 0.000000
vt 0.252577 1.000000
vt 0.252577 0.000000
vt 0.257732 1.000000
vt 0.257732 0.000000
vt 0.262887 1.000000
vt 0.262887 0.000000
vt 0.268041 1.000000
vt 0.268041 0.000000
vt 0.273196 1.000000
vt 0.273196 0.000000
vt 0.278351 1.000000
vt 0.278351 0.000000
vt 0.283505 1.000000
vt 0.283505 0.000000
vt 0.288660 1.000000
vt 0.288660 0.000000
vt 0.293814 1.000000
vt 0.293814 0.000000
vt 0.298969 1.000000
vt 0.298969 0.000000
vt 0.304124 1.000000
vt 0.304124 0.000000
vt 0.309278 1.000000
vt 0.309278 0.000000
vt 0.314433 1.000000
vt 0.314433 0.000000
vt 0.319588 1.000000
vt 0.319588 0.000000
vt 0.324742 1.000000
vt 0.324742 0.000000
vt 0.329897 1.000000
vt 0.329897 0.000000
vt 0.335052 1.000000
vt 0.335052 0.000000
vt 0.340206 1.000000
vt 0.340206 0.000000
vt 0.345361 1.000000
vt 0.345361 0.000000
vt 0.350515 1.000000
vt 0.350515 0.000000
vt 0.355670 1.000000
vt 0.355670 0.000000
vt 0.360825 1.000000
vt 0.360825 0.000000
vt 0.365979 1.000000
vt 0.365979 0.000000
vt 0.371134 1.000000
vt 0.371134 0.000000
vt 0.376289 1.000000
vt 0.376289 0.000000
vt 0.381443 1.000000
vt 0.381443 0.000000
vt 0.386598 1.000000
vt 0.386598 0.000000
vt 0.391753 1.000000
vt 0.391753 0.000000
vt 0.396907 1.000000
vt 0.396907 0.000000
vt 0.402062 1.000000
vt 0.402062 0.000000
vt 0.407216 1.000000
vt 0.407216 0.000000
vt 0.412371 1.000000
vt 0.412371 0.000000
vt 0.417526 1.000000
vt 0.417526 0.000000
vt 0.422680 1.000000
vt 0.422680 0.000000
vt 0.427835 1.000000
vt 0.427835 0.000000
vt 0.432990 1.000000
vt 0.432990 0.000000
vt 0.438144 1.000000
vt 0.438144 0.000000
vt 0.443299 1.000000
vt 0.443299 0.000000
vt 0.448454 1.000000
vt 0.448454 0.000000
vt 0.453608 1.000000
vt 0.453608 0.000000
vt 0.458763 1.000000
vt 0.458763 0.000000
vt 0.463918 1.000000
vt 0.463918 0.000000
vt 0.469072 1.000000
vt 0.469072 0.000000
vt 0.474227 1.000000
vt 0.474227 0.000000
vt 0.479381 1.000000
vt 0.479381 0.000000
vt 0.484536 1.000000
vt 0.484536 0.000000
vt 0.489691 1.000000
vt 0.489691 0.000000
vt 0.494845 1.000000
vt 0.494845 0.000000
vt 0.505155 1.000000
vt 0.505155 0.000000
vt 0.510309 1.000000
vt 0.510309 0.000000
vt 0.515464 1.000000
vt 0.515464 0.000000
vt 0.520619 1.000000
vt 0.520619 0.000000
vt 0.525773 1.000000
vt 0.525773 0.000000
vt 0.530928 1.000000
vt 0.530928 0.000000
vt 0.536082 1.000000
vt 0.536082 0.000000
vt 0.541237 1.000000
vt 0.541237 0.000000
vt 0.546392 1.000000
vt 0.546392 0.000000
vt 0.551546 1.000000
vt 0.551546 0.000000
vt 0.556701 1.000000
vt 0.556701 0.000000
vt 0.561856 1.000000
vt 0.561856 0.000000
vt 0.567010 1.000000
vt 0.567010 0.000000
vt 0.572165 1.000000
vt 0.572165 0.000000
vt 0.577320 1.000000
vt 0.577320 0.000000
vt 0.582474 1.000000
vt 0.582474 0.000000
vt 0.587629 1.000000
vt 0.587629 0.000000
vt 0.592784 1.000000
vt 0.592784 0.000000
vt 0.597938 1.000000
vt 0.597938 0.000000
vt 0.603093 1.000000
vt 0.603093 0.000000
vt 0.608247 1.000000
vt 0.608247 0.000000
vt 0.613402 1.000000
vt 0.613402 0.000000
vt 0.618557 1.000000
vt 0.618557 0.000000
vt 0.623711 1.000000
vt 0.623711 0.000000
vt 0.628866 1.000000
vt 0.628866 0.000000
vt 0.634021 1.000000
vt 0.634021 0.000000
vt 0.639175 1.000000
vt 0.639175 0.000000
vt 0.644330 1.000000
vt 0.644330 0.000000
vt 0.649485 1.000000
vt 0.649485 0.000000
vt 0.654639 1.000000
vt 0.654639 0.000000
vt 0.659794 1.000000
vt 0.659794 0.000000
vt 0.664948 1.000000
vt 0.664948 0.000000
vt 0.670103 1.000000
vt 0.670103 0.000000
vt 0.675258 1.000000
vt 0.675258 0.000000
vt 0.680412 1.000000
vt 0.680412 0.000000
vt 0.685567 1.000000
vt 0.685567 0.000000
vt 0.690722 1.000000
vt 0.690722 0.000000
vt 0.695876 1.000000
vt 0.695876 0.000000
vt 0.701031 1.000000
vt 0.701031 0.000000
vt 0.706186 1.000000
vt 0.706186 0.000000
vt 0.711340 1.000000
vt 0.711340 0.000000
vt 0.716495 1.000000
vt 0.716495 0.000000
vt 0.721649 1.000000
vt 0.721649 0.000000
vt 0.726804 1.000000
vt 0.726804 0.000000
vt 0.731959 1.000000
vt 0.731959 0.000000
vt 0.737113 1.000000
vt 0.737113 0.000000
vt 0.742268 1.000000
vt 0.742268 0.000000
vt 0.747423 1.000000
vt 0.747423 0.000000
vt 0.752577 1.000000
vt 0.752577 0.000000
vt 0.757732 1.000000
vt 0.757732 0.000000
vt 0.762887 1.000000
vt 0.762887 0.000000
vt 0.768041 1.000000
vt 0.768041 0.000000
vt 0.773196 1.000000
vt 0.773196 0.000000
vt 0.778351 1.000000
vt 0.778351 0.000000
vt 0.783505 1.000000
vt 0.783505 0.000000
vt 0.788660 1.000000
vt 0.788660 0.000000
vt 0.793814 1.000000
vt 0.793814 0.000000
vt 0.798969 1.000000
vt 0.798969 0.000000
vt 0.804124 1.000000
vt 0.804124 0.000000
vt 0.809278 1.000000
vt 0.809278 0.000000
vt 0.814433 1.000000
vt 0.814433 0.000000
vt 0.819588 1.000000
vt 0.819588 0.000000
vt 0.824742 1.000000
vt 0.824742 0.000000
vt 0.829897 1.000000
vt 0.829897 0.000000
vt 0.835052 1.000000
vt 0.835052 0.000000
vt 0.840206 1.000000
vt 0.840206 0.000000
vt 0.845361 1.000000
vt 0.845361 0.000000
vt 0.850515 1.000000
vt 0.850515 0.000000
vt 0.855670 1.000000
vt 0.855670 0.000000
vt 0.860825 1.000000
vt 0.860825 0.000000
vt 0.865979 1.000000
vt 0.865979 0.000000
vt 0.871134 1.000000
vt 0.871134 0.000000
vt 0.876289 1.000000
vt 0.876289 0.000000
vt 0.881443 1.000000
vt 0.881443 0.000000
vt 0.886598 1.000000
vt 0.886598 0.000000
vt 0.891753 1.000000
vt 0.891753 0.000000
vt 0.896907 1.000000
vt 0.896907 0.000000
vt 0.902062 1.000000
vt 0.902062 0.000000
vt 0.907216 1.000000
vt 0.907216 0.000000
vt 0.912371 1.000000
vt 0.912371 0.000000
vt 0.917526 1.000000
vt 0.917526 0.000000
vt 0.922680 1.000000
vt 0.922680 0.000000
vt 0.927835 1.000000
vt 0.927835 0.000000
vt 0.932990 1.000000
vt 0.932990 0.000000
vt 0.938144 1.000000
vt 0.938144 0.000000
vt 0.943299 1.000000
vt 0.943299 0.000000
vt 0.948454 1.000000
vt 0.948454 0.000000
vt 0.953608 1.000000
vt 0.953608 0.000000
vt 0.958763 1.000000
vt 0.958763 0.000000
vt 0.963918 1.000000
vt 0.963918 0.000000
vt 0.969072 1.000000
vt 0.969072 0.000000
vt 0.974227 1.000000
vt 0.974227 0.000000
vt 0.979381 1.000000
vt 0.979381 0.000000
vt 0.984536 1.000000
vt 0.984536 0.000000
vt 0.989691 1.000000
vt 0.989691 0.000000
vt 0.994845 1.000000
vt 0.994845 0.000000
vt 0.010417 1.000000
vt 0.010417 0.000000
vt 0.020833 1.000000
vt 0.020833 0.000000
vt 0.031250 1.000000
vt 0.031250 0.000000
vt 0.041667 1.000000
vt 0.041667 0.000000
vt 0.052083 1.000000
vt 0.052083 0.000000
vt 0.062500 1.000000
vt 0.062500 0.000000
vt 0.072917 1.000000
vt 0.072917 0.000000
vt 0.083333 1.000000
vt 0.083333 0.000000
vt 0.093750 1.000000
vt 0.093750 0.000000
vt 0.104167 1.000000
vt 0.104167 0.000000
vt 0.114583 1.000000
vt 0.114583 0.000000
vt 0.125000 1.000000
vt 0.125000 0.000000
vt 0.135417 1.000000
vt 0.135417 0.000000
vt 0.145833 1.000000
vt 0.145833 0.000000
vt 0.156250 1.000000
vt 0.156250 0.000000
vt 0.166667 1.000000
vt 0.166667 0.000000
vt 0.177083 1.000000
vt 0.177083 0.000000
vt 0.187500 1.000000
vt 0.187500 0.000000
vt 0.197917 1.000000
vt 0.197917 0.000000
vt 0.208333 1.000000
vt 0.208333 0.000000
vt 0.218750 1.000000
vt 0.218750 0.000000
vt 0.229167 1.000000
vt 0.229167 0.000000
vt 0.239583 1.000000
vt 0.239583 0.000000
vt 0.260417 1.000000
vt 0.260417 0.000000
vt 0.270833 1.000000
vt 0.270833 0.000000
vt 0.281250 1.000000
vt 0.281250 0.000000
vt 0.291667 1.000000
vt 0.291667 0.000000
vt 0.302083 1.000000
vt 0.302083 0.000000
vt 0.312500 1.000000
vt 0.312500 0.000000
vt 0.322917 1.000000
vt 0.322917 0.000000
vt 0.333333 1.000000
vt 0.333333 0.000000
vt 0.343750 1.000000
vt 0.343750 0.000000
vt 0.354167 1.000000
vt 0.354167 0.000000
vt 0.364583 1.000000
vt 0.364583 0.000000
vt 0.375000 1.000000
vt 0.375000 0.000000
vt 0.385417 1.000000
vt 0.385417 0.000000
vt 0.395833 1.000000
vt 0.395833 0.000000
vt 0.406250 1.000000
vt 0.406250 0.000000
vt 0.416667 1.000000
vt 0.416667 0.000000
vt 0.427083 1.000000
vt 0.427083 0.000000
vt 0.437500 1.000000
vt 0.437500 0.000000
vt 0.447917 1.000000
vt 0.447917 0.000000
vt 0.458333 1.000000
vt 0.458333 0.000000
vt 0.468750 1.000000
vt 0.468750 0.000000
vt 0.479167 1.000000
vt 0.479167 0.000000
vt 0.489583 1.000000
vt 0.489583 0.000000
vt 0.510417 1.000000
vt 0.510417 0.000000
vt 0.520833 1.000000
vt 0.520833 0.000000
vt 0.531250 1.000000
vt 0.531250 0.000000
vt 0.541667 1.000000
vt 0.541667 0.000000
vt 0.552083 1.000000
vt 0.552083 0.000000
vt 0.562500 1.000000
vt 0.562500 0.000000
vt 0.572917 1.000000
vt 0.572917 0.000000
vt 0.583333 1.000000
vt 0.583333 0.000000
vt 0.593750 1.000000
vt 0.593750 0.000000
vt 0.604167 1.000000
vt 0.604167 0.000000
vt 0.614583 1.000000
vt 0.614583 0.000000
vt 0.625000 1.000000
vt 0.625000 0.000000
vt 0.635417 1.000000
vt 0.635417 0.000000
vt 0.645833 1.000000
vt 0.645833 0.000000
vt 0.656250 1.000000
vt 0.656250 0.000000
vt 0.666667 1.000000
vt 0.666667 0.000000
vt 0.677083 1.000000
vt 0.677083 0.000000
vt 0.687500 1.000000
vt 0.687500 0.000000
vt 0.697917 1.000000
vt 0.697917 0.000000
vt 0.708333 1.000000
vt 0.708333 0.000000
vt 0.718750 1.000000
vt 0.718750 0.000000
vt 0.729167 1.000000
vt 0.729167 0.000000
vt 0.739583 1.000000
vt 0.739583 0.000000
vt 0.760417 1.000000
vt 0.760417 0.000000
vt 0.770833 1.000000
vt 0.770833 0.000000
vt 0.781250 1.000000
vt 0.781250 0.000000
vt 0.791667 1.000000
vt 0.791667 0.000000
vt 0.802083 1.000000
vt 0.802083 0.000000
vt 0.812500 1.000000
vt 0.812500 0.000000
vt 0.822917 1.000000
vt 0.822917 0.000000
vt 0.833333 1.000000
vt 0.833333 0.000000
vt 0.843750 1.000000
vt 0.843750 0.000000
vt 0.854167 1.000000
vt 0.854167 0.000000
vt 0.864583 1.000000
vt 0.864583 0.000000
vt 0.875000 1.000000
vt 0.875000 0.000000
vt 0.885417 1.000000
vt 0.885417 0.000000
vt 0.895833 1.000000
vt 0.895833 0.000000
vt 0.906250 1.000000
vt 0.906250 0.000000
vt 0.916667 1.000000
vt 0.916667 0.000000
vt 0.927083 1.000000
vt 0.927083 0.000000
vt 0.937500 1.000000
vt 0.937500 0.000000
vt 0.947917 1.000000
vt 0.947917 0.000000
vt 0.958333 1.000000
vt 0.958333 0.000000
vt 0.968750 1.000000
vt 0.968750 0.000000
vt 0.979167 1.000000
vt 0.979167 0.000000
vt 0.989583 1.000000
vt 0.989583 0.000000
vt 0.002288 1.000000
vt 0.002288 0.000000
vt 0.004577 1.000000
vt 0.004577 0.000000
vt 0.006865 1.000000
vt 0.006865 0.000000
vt 0.009153 1.000000
vt 0.009153 0.000000
vt 0.011442 1.000000
vt 0.011442 0.000000
vt 0.013730 1.000000
vt 0.013730 0.000000
vt 0.016018 1.000000
vt 0.016018 0.000000
vt 0.018307 1.000000
vt 0.018307 0.000000
vt 0.020595 1.000000
vt 0.020595 0.000000
vt 0.022883 1.000000
vt 0.022883 0.000000
vt 0.025172 1.000000
vt 0.025172 0.000000
vt 0.027460 1.000000
vt 0.027460 0.000000
vt 0.029748 1.000000
vt 0.029748 0.000000
vt 0.032037 1.000000
vt 0.032037 0.000000
vt 0.034325 1.000000
vt 0.034325 0.000000
vt 0.036613 1.000000
vt 0.036613 0.000000
vt 0.038902 1.000000
vt 0.038902 0.000000
vt 0.041190 1.000000
vt 0.041190 0.000000
vt 0.045767 1.000000
vt 0.045767 0.000000
vt 0.048055 1.000000
vt 0.048055 0.000000
vt 0.050343 1.000000
vt 0.050343 0.000000
vt 0.052632 1.000000
vt 0.052632 0.000000
vt 0.054920 1.000000
vt 0.054920 0.000000
vt 0.057208 1.000000
vt 0.057208 0.000000
vt 0.059497 1.000000
vt 0.059497 0.000000
vt 0.061785 1.000000
vt 0.061785 0.000000
vt 0.064073 1.000000
vt 0.064073 0.000000
vt 0.066362 1.000000
vt 0.066362 0.000000
vt 0.068650 1.000000
vt 0.068650 0.000000
vt 0.070938 1.000000
vt 0.070938 0.000000
vt 0.073227 1.000000
vt 0.073227 0.000000
vt 0.075515 1.000000
vt 0.075515 0.000000
vt 0.077803 1.000000
vt 0.077803 0.000000
vt 0.080092 1.000000
vt 0.080092 0.000000
vt 0.082380 1.000000
vt 0.082380 0.000000
vt 0.084668 1.000000
vt 0.084668 0.000000
vt 0.089245 1.000000
vt 0.089245 0.000000
vt 0.091533 1.000000
vt 0.091533 0.000000
vt 0.093822 1.000000
vt 0.093822 0.000000
vt 0.096110 1.000000
vt 0.096110 0.000000
vt 0.098398 1.000000
vt 0.098398 0.000000
vt 0.100686 1.000000
vt 0.100686 0.000000
vt 0.102975 1.000000
vt 0.102975 0.000000
vt 0.105263 1.000000
vt 0.105263 0.000000
vt 0.107551 1.000000
vt 0.107551 0.000000
vt 0.109840 1.000000
vt 0.109840 0.000000
vt 0.112128 1.000000
vt 0.112128 0.000000
vt 0.114416 1.000000
vt 0.114416 0.000000
vt 0.116705 1.000000
vt 0.116705 0.000000
vt 0.118993 1.000000
vt 0.118993 0.000000
vt 0.121281 1.000000
vt 0.121281 0.000000
vt 0.123570 1.000000
vt 0.123570 0.000000
vt 0.125858 1.000000
vt 0.125858 0.000000
vt 0.128146 1.000000
vt 0.128146 0.000000
vt 0.132723 1.000000
vt 0.132723 0.000000
vt 0.135011 1.000000
vt 0.135011 0.000000
vt 0.137300 1.000000
vt 0.137300 0.000000
vt 0.139588 1.000000
vt 0.139588 0.000000
vt 0.141876 1.000000
vt 0.141876 0.000000
vt 0.144165 1.000000
vt 0.144165 0.000000
vt 0.146453 1.000000
vt 0.146453 0.000000
vt 0.148741 1.000000
vt 0.148741 0.000000
vt 0.151030 1.000000
vt 0.151030 0.000000
vt 0.153318 1.000000
vt 0.153318 0.000000
vt 0.155606 1.000000
vt 0.155606 0.000000
vt 0.157895 1.000000
vt 0.157895 0.000000
vt 0.160183 1.000000
vt 0.160183 0.000000
vt 0.162471 1.000000
vt 0.162471 0.000000
vt 0.164760 1.000000
vt 0.164760 0.000000
vt 0.167048 1.000000
vt 0.167048 0.000000
vt 0.169336 1.000000
vt 0.169336 0.000000
vt 0.171625 1.000000
vt 0.171625 0.000000
vt 0.176201 1.000000
vt 0.176201 0.000000
vt 0.178490 1.000000
vt 0.178490 0.000000
vt 0.180778 1.000000
vt 0.180778 0.000000
vt 0.183066 1.000000
vt 0.183066 0.000000
vt 0.185355 1.000000
vt 0.185355 0.000000
vt 0.187643 1.000000
vt 0.187643 0.000000
vt 0.189931 1.000000
vt 0.189931 0.000000
vt 0.192220 1.000000
vt 0.192220 0.000000
vt 0.194508 1.000000
vt 0.194508 0.000000
vt 0.196796 1.000000
vt 0.196796 0.000000
vt 0.199085 1.000000
vt 0.199085 0.000000
vt 0.201373 1.000000
vt 0.201373 0.000000
vt 0.203661 1.000000
vt 0.203661 0.000000
vt 0.205950 1.000000
vt 0.205950 0.000000
vt 0.208238 1.000000
vt 0.208238 0.000000
vt 0.210526 1.000000
vt 0.210526 0.000000
vt 0.212815 1.000000
vt 0.212815 0.000000
vt 0.215103 1.000000
vt 0.215103 0.000000
vt 0.219680 1.000000
vt 0.219680 0.000000
vt 0.221968 1.000000
vt 0.221968 0.000000
vt 0.224256 1.000000
vt 0.224256 0.000000
vt 0.226545 1.000000
vt 0.226545 0.000000
vt 0.228833 1.000000
vt 0.228833 0.000000
vt 0.231121 1.000000
vt 0.231121 0.000000
vt 0.233410 1.000000
vt 0.233410 0.000000
vt 0.235698 1.000000
vt 0.235698 0.000000
vt 0.237986 1.000000
vt 0.237986 0.000000
vt 0.240275 1.000000
vt 0.240275 0.000000
vt 0.242563 1.000000
vt 0.242563 0.000000
vt 0.244851 1.000000
vt 0.244851 0.000000
vt 0.247140 1.000000
vt 0.247140 0.000000
vt 0.249428 1.000000
vt 0.249428 0.000000
vt 0.251716 1.000000
vt 0.251716 0.000000
vt 0.254005 1.000000
vt 0.254005 0.000000
vt 0.256293 1.000000
vt 0.256293 0.000000
vt 0.258581 1.000000
vt 0.258581 0.000000
vt 0.263158 1.000000
vt 0.263158 0.000000
vt 0.265446 1.000000
vt 0.265446 0.000000
vt 0.267735 1.000000
vt 0.267735 0.000000
vt 0.270023 1.000000
vt 0.270023 0.000000
vt 0.272311 1.000000
vt 0.272311 0.000000
vt 0.274600 1.000000
vt 0.274600 0.000000
vt 0.276888 1.000000
vt 0.276888 0.000000
vt 0.279176 1.000000
vt 0.279176 0.000000
vt 0.281465 1.000000
vt 0.281465 0.000000
vt 0.283753 1.000000
vt 0.283753 0.000000
vt 0.286041 1.000000
vt 0.286041 0.000000
vt 0.288330 1.000000
vt 0.288330 0.000000
vt 0.290618 1.000000
vt 0.290618 0.000000
vt 0.292906 1.000000
vt 0.292906 0.000000
vt 0.295195 1.000000
vt 0.295195 0.000000
vt 0.297483 1.000000
vt 0.297483 0.000000
vt 0.299771 1.000000
vt 0.299771 0.000000
vt 0.302060 1.000000
vt 0.302060 0.000000
vt 0.306636 1.000000
vt 0.306636 0.000000
vt 0.308924 1.000000
vt 0.308924 0.000000
vt 0.311213 1.000000
vt 0.311213 0.000000
vt 0.313501 1.000000
vt 0.313501 0.000000
vt 0.315789 1.000000
vt 0.315789 0.000000
vt 0.318078 1.000000
vt 0.318078 0.000000
vt 0.320366 1.000000
vt 0.320366 0.000000
vt 0.322654 1.000000
vt 0.322654 0.000000
vt 0.324943 1.000000
vt 0.324943 0.000000
vt 0.327231 1.000000
vt 0.327231 0.000000
vt 0.329519 1.000000
vt 0.329519 0.000000
vt 0.331808 1.000000
vt 0.331808 0.000000
vt 0.334096 1.000000
vt 0.334096 0.000000
vt 0.336384 1.000000
vt 0.336384 0.000000
vt 0.338673 1.000000
vt 0.338673 0.000000
vt 0.340961 1.000000
vt 0.340961 0.000000
vt 0.343249 1.000000
vt 0.343249 0.000000
vt 0.345538 1.000000
vt 0.345538 0.000000
vt 0.350114 1.000000
vt 0.350114 0.000000
vt 0.352403 1.000000
vt 0.352403 0.000000
vt 0.354691 1.000000
vt 0.354691 0.000000
vt 0.356979 1.000000
vt 0.356979 0.000000
vt 0.359268 1.000000
vt 0.359268 0.000000
vt 0.361556 1.000000
vt 0.361556 0.000000
vt 0.363844 1.000000
vt 0.363844 0.000000
vt 0.366133 1.000000
vt 0.366133 0.000000
vt 0.368421 1.000000
vt 0.368421 0.000000
vt 0.370709 1.000000
vt 0.370709 0.000000
vt 0.372998 1.000000
vt 0.372998 0.000000
vt 0.375286 1.000000
vt 0.375286 0.000000
vt 0.377574 1.000000
vt 0.377574 0.000000
vt 0.379863 1.000000
vt 0.379863 0.000000
vt 0.382151 1.000000
vt 0.382151 0.000000
vt 0.384439 1.000000
vt 0.384439 0.000000
vt 0.386728 1.000000
vt 0.386728 0.000000
vt 0.389016 1.000000
vt 0.389016 0.000000
vt 0.393593 1.000000
vt 0.393593 0.000000
vt 0.395881 1.000000
vt 0.395881 0.000000
vt 0.398169 1.000000
vt 0.398169 0.000000
vt 0.400458 1.000000
vt 0.400458 0.000000
vt 0.402746 1.000000
vt 0.402746 0.000000
vt 0.405034 1.000000
vt 0.405034 0.000000
vt 0.407323 1.000000
vt 0.407323 0.000000
vt 0.409611 1.000000
vt 0.409611 0.000000
vt 0.411899 1.000000
vt 0.411899 0.000000
vt 0.414188 1.000000
vt 0.414188 0.000000
vt 0.416476 1.000000
vt 0.416476 0.000000
vt 0.418764 1.000000
vt 0.418764 0.000000
vt 0.421053 1.000000
vt 0.421053 0.000000
vt 0.423341 1.000000
vt 0.423341 0.000000
vt 0.425629 1.000000
vt 0.425629 0.000000
vt 0.427918 1.000000
vt 0.427918 0.000000
vt 0.430206 1.000000
vt 0.430206 0.000000
vt 0.432494 1.000000
vt 0.432494 0.000000
vt 0.437071 1.000000
vt 0.437071 0.000000
vt 0.439359 1.000000
vt 0.439359 0.000000
vt 0.441648 1.000000
vt 0.441648 0.000000
vt 0.443936 1.000000
vt 0.443936 0.000000
vt 0.446224 1.000000
vt 0.446224 0.000000
vt 0.448513 1.000000
vt 0.448513 0.000000
vt 0.450801 1.000000
vt 0.450801 0.000000
vt 0.453089 1.000000
vt 0.453089 0.000000
vt 0.455378 1.000000
vt 0.455378 0.000000
vt 0.457666 1.000000
vt 0.457666 0.000000
vt 0.459954 1.000000
vt 0.459954 0.000000
vt 0.462243 1.000000
vt 0.462243 0.000000
vt 0.464531 1.000000
vt 0.464531 0.000000
vt 0.466819 1.000000
vt 0.466819 0.000000
vt 0.469108 1.000000
vt 0.469108 0.000000
vt 0.471396 1.000000
vt 0.471396 0.000000
vt 0.473684 1.000000
vt 0.473684 0.000000
vt 0.475973 1.000000
vt 0.475973 0.000000
vt 0.480549 1.000000
vt 0.480549 0.000000
vt 0.482838 1.000000
vt 0.482838 0.000000
vt 0.485126 1.000000
vt 0.485126 0.000000
vt 0.487414 1.000000
vt 0.487414 0.000000
vt 0.489703 1.000000
vt 0.489703 0.000000
vt 0.491991 1.000000
vt 0.491991 0.000000
vt 0.494279 1.000000
vt 0.494279 0.000000
vt 0.496568 1.000000
vt 0.496568 0.000000
vt 0.498856 1.000000
vt 0.498856 0.000000
vt 0.501144 1.000000
vt 0.501144 0.000000
vt 0.503433 1.000000
vt 0.503433 0.000000
vt 0.505721 1.000000
vt 0.505721 0.000000
vt 0.508009 1.000000
vt 0.508009 0.000000
vt 0.510297 1.000000
vt 0.510297 0.000000
vt 0.512586 1.000000
vt 0.512586 0.000000
vt 0.514874 1.000000
vt 0.514874 0.000000
vt 0.517162 1.000000
vt 0.517162 0.000000
vt 0.519451 1.000000
vt 0.519451 0.000000
vt 0.524027 1.000000
vt 0.524027 0.000000
vt 0.526316 1.000000
vt 0.526316 0.000000
vt 0.528604 1.000000
vt 0.528604 0.000000
vt 0.530892 1.000000
vt 0.530892 0.000000
vt 0.533181 1.000000
vt 0.533181 0.000000
vt 0.535469 1.000000
vt 0.535469 0.000000
vt 0.537757 1.000000
vt 0.537757 0.000000
vt 0.540046 1.000000
vt 0.540046 0.000000
vt 0.542334 1.000000
vt 0.542334 0.000000
vt 0.544622 1.000000
vt 0.544622 0.000000
vt 0.546911 1.000000
vt 0.546911 0.000000
vt 0.549199 1.000000
vt 0.549199 0.000000
vt 0.551487 1.000000
vt 0.551487 0.000000
vt 0.553776 1.000000
vt 0.553776 0.000000
vt 0.556064 1.000000
vt 0.556064 0.000000
vt 0.558352 1.000000
vt 0.558352 0.000000
vt 0.560641 1.000000
vt 0.560641 0.000000
vt 0.562929 1.000000
vt 0.562929 0.000000
vt 0.567506 1.000000
vt 0.567506 0.000000
vt 0.569794 1.000000
vt 0.569794 0.000000
vt 0.572082 1.000000
vt 0.572082 0.000000
vt 0.574371 1.000000
vt 0.574371 0.000000
vt 0.576659 1.000000
vt 0.576659 0.000000
vt 0.578947 1.000000
vt 0.578947 0.000000
vt 0.581236 1.000000
vt 0.581236 0.000000
vt 0.583524 1.000000
vt 0.583524 0.000000
vt 0.585812 1.000000
vt 0.585812 0.000000
vt 0.588101 1.000000
vt 0.588101 0.000000
vt 0.590389 1.000000
vt 0.590389 0.000000
vt 0.592677 1.000000
vt 0.592677 0.000000
vt 0.594966 1.000000
vt 0.594966 0.000000
vt 0.597254 1.000000
vt 0.597254 0.000000
vt 0.599542 1.000000
vt 0.599542 0.000000
vt 0.601831 1.000000
vt 0.601831 0.000000
vt 0.604119 1.000000
vt 0.604119 0.000000
vt 0.606407 1.000000
vt 0.606407 0.000000
vt 0.610984 1.000000
vt 0.610984 0.000000
vt 0.613272 1.000000
vt 0.613272 0.000000
vt 0.615561 1.000000
vt 0.615561 0.000000
vt 0.617849 1.000000
vt 0.617849 0.000000
vt 0.620137 1.000000
vt 0.620137 0.000000
vt 0.622426 1.000000
vt 0.622426 0.000000
vt 0.624714 1.000000
vt 0.624714 0.000000
vt 0.627002 1.000000
vt 0.627002 0.000000
vt 0.629291 1.000000
vt 0.629291 0.000000
vt 0.631579 1.000000
vt 0.631579 0.000000
vt 0.633867 1.000000
vt 0.633867 0.000000
vt 0.636156 1.000000
vt 0.636156 0.000000
vt 0.638444 1.000000
vt 0.638444 0.000000
vt 0.640732 1.000000
vt 0.640732 0.000000
vt 0.643021 1.000000
vt 0.643021 0.000000
vt 0.645309 1.000000
vt 0.645309 0.000000
vt 0.647597 1.000000
vt 0.647597 0.000000
vt 0.649886 1.000000
vt 0.649886 0.000000
vt 0.654462 1.000000
vt 0.654462 0.000000
vt 0.656751 1.000000
vt 0.656751 0.000000
vt 0.659039 1.000000
vt 0.659039 0.000000
vt 0.661327 1.000000
vt 0.661327 0.000000
vt 0.663616 1.000000
vt 0.663616 0.000000
vt 0.665904 1.000000
vt 0.665904 0.000000
vt 0.668192 1.000000
vt 0.668192 0.000000
vt 0.670481 1.000000
vt 0.670481 0.000000
vt 0.672769 1.000000
vt 0.672769 0.000000
vt 0.675057 1.000000
vt 0.675057 0.000000
vt 0.677346 1.000000
vt 0.677346 0.000000
vt 0.679634 1.000000
vt 0.679634 0.000000
vt 0.681922 1.000000
vt 0.681922 0.000000
vt 0.684211 1.000000
vt 0.684211 0.000000
vt 0.686499 1.000000
vt 0.686499 0.000000
vt 0.688787 1.000000
vt 0.688787 0.000000
vt 0.691076 1.000000
vt 0.691076 0.000000
vt 0.693364 1.000000
vt 0.693364 0.000000
vt 0.697941 1.000000
vt 0.697941 0.000000
vt 0.700229 1.000000
vt 0.700229 0.000000
vt 0.702517 1.000000
vt 0.702517 0.000000
vt 0.704805 1.000000
vt 0.704805 0.000000
vt 0.707094 1.000000
vt 0.707094 0.000000
vt 0.709382 1.000000
vt 0.709382 0.000000
vt 0.711670 1.000000
vt 0.711670 0.000000
vt 0.713959 1.000000
vt 0.713959 0.000000
vt 0.716247 1.000000
vt 0.716247 0.000000
vt 0.718535 1.000000
vt 0.718535 0.000000
vt 0.720824 1.000000
vt 0.720824 0.000000
vt 0.723112 1.000000
vt 0.723112 0.000000
vt 0.725400 1.000000
vt 0.725400 0.000000
vt 0.727689 1.000000
vt 0.727689 0.000000
vt 0.729977 1.000000
vt 0.729977 0.000000
vt 0.732265 1.000000
vt 0.732265 0.000000
vt 0.734554 1.000000
vt 0.734554 0.000000
vt 0.736842 1.000000
vt 0.736842 0.000000
vt 0.741419 1.000000
vt 0.741419 0.000000
vt 0.743707 1.000000
vt 0.743707 0.000000
vt 0.745995 1.000000
vt 0.745995 0.000000
vt 0.748284 1.000000
vt 0.748284 0.000000
vt 0.750572 1.000000
vt 0.750572 0.000000
vt 0.752860 1.000000
vt 0.752860 0.000000
vt 0.755149 1.000000
vt 0.755149 0.000000
vt 0.757437 1.000000
vt 0.757437 0.000000
vt 0.759725 1.000000
vt 0.759725 0.000000
vt 0.762014 1.000000
vt 0.762014 0.000000
vt 0.764302 1.000000
vt 0.764302 0.000000
vt 0.766590 1.000000
vt 0.766590 0.000000
vt 0.768879 1.000000
vt 0.768879 0.000000
vt 0.771167 1.000000
vt 0.771167 0.000000
vt 0.773455 1.000000
vt 0.773455 0.000000
vt 0.775744 1.000000
vt 0.775744 0.000000
vt 0.778032 1.000000
vt 0.778032 0.000000
vt 0.780320 1.000000
vt 0.780320 0.000000
vt 0.784897 1.000000
vt 0.784897 0.000000
vt 0.787185 1.000000
vt 0.787185 0.000000
vt 0.789474 1.000000
vt 0.789474 0.000000
vt 0.791762 1.000000
vt 0.791762 0.000000
vt 0.794050 1.000000
vt 0.794050 0.000000
vt 0.796339 1.000000
vt 0.796339 0.000000
vt 0.798627 1.000000
vt 0.798627 0.000000
vt 0.800915 1.000000
vt 0.800915 0.000000
vt 0.803204 1.000000
vt 0.803204 0.000000
vt 0.805492 1.000000
vt 0.805492 0.000000
vt 0.807780 1.000000
vt 0.807780 0.000000
vt 0.810069 1.000000
vt 0.810069 0.000000
vt 0.812357 1.000000
vt 0.812357 0.000000
vt 0.814645 1.000000
vt 0.814645 0.000000
vt 0.816934 1.000000
vt 0.816934 0.000000
vt 0.819222 1.000000
vt 0.819222 0.000000
vt 0.821510 1.000000
vt 0.821510 0.000000
vt 0.823799 1.000000
vt 0.823799 0.000000
vt 0.828375 1.000000
vt 0.828375 0.000000
vt 0.830664 1.000000
vt 0.830664 0.000000
vt 0.832952 1.000000
vt 0.832952 0.000000
vt 0.835240 1.000000
vt 0.835240 0.000000
vt 0.837529 1.000000
vt 0.837529 0.000000
vt 0.839817 1.000000
vt 0.839817 0.000000
vt 0.842105 1.000000
vt 0.842105 0.000000
vt 0.844394 1.000000
vt 0.844394 0.000000
vt 0.846682 1.000000
vt 0.846682 0.000000
vt 0.848970 1.000000
vt 0.848970 0.000000
vt 0.851259 1.000000
vt 0.851259 0.000000
vt 0.853547 1.000000
vt 0.853547 0.000000
vt 0.855835 1.000000
vt 0.855835 0.000000
vt 0.858124 1.000000
vt 0.858124 0.000000
vt 0.860412 1.000000
vt 0.860412 0.000000
vt 0.862700 1.000000
vt 0.862700 0.000000
vt 0.864989 1.000000
vt 0.864989 0.000000
vt 0.867277 1.000000
vt 0.867277 0.000000
vt 0.871854 1.000000
vt 0.871854 0.000000
vt 0.874142 1.000000
vt 0.874142 0.000000
vt 0.876430 1.000000
vt 0.876430 0.000000
vt 0.878719 1.000000
vt 0.878719 0.000000
vt 0.881007 1.000000
vt 0.881007 0.000000
vt 0.883295 1.000000
vt 0.883295 0.000000
vt 0.885584 1.000000
vt 0.885584 0.000000
vt 0.887872 1.000000
vt 0.887872 0.000000
vt 0.890160 1.000000
vt 0.890160 0.000000
vt 0.892448 1.000000
vt 0.892448 0.000000
vt 0.894737 1.000000
vt 0.894737 0.000000
vt 0.897025 1.000000
vt 0.897025 0.000000
vt 0.899314 1.000000
vt 0.899314 0.000000
vt 0.901602 1.000000
vt 0.901602 0.000000
vt 0.903890 1.000000
vt 0.903890 0.000000
vt 0.906178 1.000000
vt 0.906178 0.000000
vt 0.908467 1.000000
vt 0.908467 0.000000
vt 0.910755 1.000000
vt 0.910755 0.000000
vt 0.915332 1.000000
vt 0.915332 0.000000
vt 0.917620 1.000000
vt 0.917620 0.000000
vt 0.919908 1.000000
vt 0.919908 0.000000
vt 0.922197 1.000000
vt 0.922197 0.000000
vt 0.924485 1.000000
vt 0.924485 0.000000
vt 0.926773 1.000000
vt 0.926773 0.000000
vt 0.929062 1.000000
vt 0.929062 0.000000
vt 0.931350 1.000000
vt 0.931350 0.000000
vt 0.933638 1.000000
vt 0.933638 0.000000
vt 0.935927 1.000000
vt 0.935927 0.000000
vt 0.938215 1.000000
vt 0.938215 0.000000
vt 0.940503 1.000000
vt 0.940503 0.000000
vt 0.942792 1.000000
vt 0.942792 0.000000
vt 0.945080 1.000000
vt 0.945080 0.000000
vt 0.947368 1.000000
vt 0.947368 0.000000
vt 0.949657 1.000000
vt 0.949657 0.000000
vt 0.951945 1.000000
vt 0.951945 0.000000
vt 0.954233 1.000000
vt 0.954233 0.000000
vt 0.958810 1.000000
vt 0.958810 0.000000
vt 0.961098 1.000000
vt 0.961098 0.000000
vt 0.963387 1.000000
vt 0.963387 0.000000
vt 0.965675 1.000000
vt 0.965675 0.000000
vt 0.967963 1.000000
vt 0.967963 0.000000
vt 0.970252 1.000000
vt 0.970252 0.000000
vt 0.972540 1.000000
vt 0.972540 0.000000
vt 0.974828 1.000000
vt 0.974828 0.000000
vt 0.977117 1.000000
vt 0.977117 0.000000
vt 0.979405 1.000000
vt 0.979405 0.000000
vt 0.981693 1.000000
vt 0.981693 0.000000
vt 0.983982 1.000000
vt 0.983982 0.000000
vt 0.986270 1.000000
vt 0.986270 0.000000
vt 0.988558 1.000000
vt 0.988558 0.000000
vt 0.990847 1.000000
vt 0.990847 0.000000
vt 0.993135 1.000000
vt 0.993135 0.000000
vt 0.995423 1.000000
vt 0.995423 0.000000
vt 0.997712 1.000000
vt 0.997712 0.000000
vt 0.002439 1.000000
vt 0.002439 0.000000
vt 0.004878 1.000000
vt 0.004878 0.000000
vt 0.007317 1.000000
vt 0.007317 0.000000
vt 0.009756 1.000000
vt 0.009756 0.000000
vt 0.012195 1.000000
vt 0.012195 0.000000
vt 0.014634 1.000000
vt 0.014634 0.000000
vt 0.017073 1.000000
vt 0.017073 0.000000
vt 0.019512 1.000000
vt 0.019512 0.000000
vt 0.021951 1.000000
vt 0.021951 0.000000
vt 0.024390 1.000000
vt 0.024390 0.000000
vt 0.026829 1.000000
vt 0.026829 0.000000
vt 0.029268 1.000000
vt 0.029268 0.000000
vt 0.031707 1.000000
vt 0.031707 0.000000
vt 0.034146 1.000000
vt 0.034146 0.000000
vt 0.036585 1.000000
vt 0.036585 0.000000
vt 0.039024 1.000000
vt 0.039024 0.000000
vt 0.041463 1.000000
vt 0.041463 0.000000
vt 0.043902 1.000000
vt 0.043902 0.000000
vt 0.046341 1.000000
vt 0.046341 0.000000
vt 0.048780 1.000000
vt 0.048780 0.000000
vt 0.051220 1.000000
vt 0.051220 0.000000
vt 0.053659 1.000000
vt 0.053659 0.000000
vt 0.056098 1.000000
vt 0.056098 0.000000
vt 0.058537 1.000000
vt 0.058537 0.000000
vt 0.060976 1.000000
vt 0.060976 0.000000
vt 0.063415 1.000000
vt 0.063415 0.000000
vt 0.065854 1.000000
vt 0.065854 0.000000
vt 0.068293 1.000000
vt 0.068293 0.000000
vt 0.070732 1.000000
vt 0.070732 0.000000
vt 0.073171 1.000000
vt 0.073171 0.000000
vt 0.075610 1.000000
vt 0.075610 0.000000
vt 0.078049 1.000000
vt 0.078049 0.000000
vt 0.080488 1.000000
vt 0.080488 0.000000
vt 0.082927 1.000000
vt 0.082927 0.000000
vt 0.085366 1.000000
vt 0.085366 0.000000
vt 0.087805 1.000000
vt 0.087805 0.000000
vt 0.090244 1.000000
vt 0.090244 0.000000
vt 0.092683 1.000000
vt 0.092683 0.000000
vt 0.095122 1.000000
vt 0.095122 0.000000
vt 0.097561 1.000000
vt 0.097561 0.000000
vt 0.102439 1.000000
vt 0.102439 0.000000
vt 0.104878 1.000000
vt 0.104878 0.000000
vt 0.107317 1.000000
vt 0.107317 0.000000
vt 0.109756 1.000000
vt 0.109756 0.000000
vt 0.112195 1.000000
vt 0.112195 0.000000
vt 0.114634 1.000000
vt 0.114634 0.000000
vt 0.117073 1.000000
vt 0.117073 0.000000
vt 0.119512 1.000000
vt 0.119512 0.000000
vt 0.121951 1.000000
vt 0.121951 0.000000
vt 0.124390 1.000000
vt 0.124390 0.000000
vt 0.126829 1.000000
vt 0.126829 0.000000
vt 0.129268 1.000000
vt 0.129268 0.000000
vt 0.131707 1.000000
vt 0.131707 0.000000
vt 0.134146 1.000000
vt 0.134146 0.000000
vt 0.136585 1.000000
vt 0.136585 0.000000
vt 0.139024 1.000000
vt 0.139024 0.000000
vt 0.141463 1.000000
vt 0.141463 0.000000
vt 0.143902 1.000000
vt 0.143902 0.000000
vt 0.146341 1.000000
vt 0.146341 0.000000
vt 0.148780 1.000000
vt 0.148780 0.000000
vt 0.151220 1.000000
vt 0.151220 0.000000
vt 0.153659 1.000000
vt 0.153659 0.000000
vt 0.156098 1.000000
vt 0.156098 0.000000
vt 0.158537 1.000000
vt 0.158537 0.000000
vt 0.160976 1.000000
vt 0.160976 0.000000
vt 0.163415 1.000000
vt 0.163415 0.000000
vt 0.165854 1.000000
vt 0.165854 0.000000
vt 0.168293 1.000000
vt 0.168293 0.000000
vt 0.170732 1.000000
vt 0.170732 0.000000
vt 0.173171 1.000000
vt 0.173171 0.000000
vt 0.175610 1.000000
vt 0.175610 0.000000
vt 0.178049 1.000000
vt 0.178049 0.000000
vt 0.180488 1.000000
vt 0.180488 0.000000
vt 0.182927 1.000000
vt 0.182927 0.000000
vt 0.185366 1.000000
vt 0.185366 0.000000
vt 0.187805 1.000000
vt 0.187805 0.000000
vt 0.190244 1.000000
vt 0.190244 0.000000
vt 0.192683 1.000000
vt 0.192683 0.000000
vt 0.195122 1.000000
vt 0.195122 0.000000
vt 0.197561 1.000000
vt 0.197561 0.000000
vt 0.202439 1.000000
vt 0.202439 0.000000
vt 0.204878 1.000000
vt 0.204878 0.000000
vt 0.207317 1.000000
vt 0.207317 0.000000
vt 0.209756 1.000000
vt 0.209756 0.000000
vt 0.212195 1.000000
vt 0.212195 0.000000
vt 0.214634 1.000000
vt 0.214634 0.000000
vt 0.217073 1.000000
vt 0.217073 0.000000
vt 0.219512 1.000000
vt 0.219512 0.000000
vt 0.221951 1.000000
vt 0.221951 0.000000
vt 0.224390 1.000000
vt 0.224390 0.000000
vt 0.226829 1.000000
vt 0.226829 0.000000
vt 0.229268 1.000000
vt 0.229268 0.000000
vt 0.231707 1.000000
vt 0.231707 0.000000
vt 0.234146 1.000000
vt 0.234146 0.000000
vt 0.236585 1.000000
vt 0.236585 0.000000
vt 0.239024 1.000000
vt 0.239024 0.000000
vt 0.241463 1.000000
vt 0.241463 0.000000
vt 0.243902 1.000000
vt 0.243902 0.000000
vt 0.246341 1.000000
vt 0.246341 0.000000
vt 0.248780 1.000000
vt 0.248780 0.000000
vt 0.251220 1.000000
vt 0.251220 0.000000
vt 0.253659 1.000000
vt 0.253659 0.000000
vt 0.256098 1.000000
vt 0.256098 0.000000
vt 0.258537 1.000000
vt 0.258537 0.000000
vt 0.260976 1.000000
vt 0.260976 0.000000
vt 0.263415 1.000000
vt 0.263415 0.000000
vt 0.265854 1.000000
vt 0.265854 0.000000
vt 0.268293 1.000000
vt 0.268293 0.000000
vt 0.270732 1.000000
vt 0.270732 0.000000
vt 0.273171 1.000000
vt 0.273171 0.000000
vt 0.275610 1.000000
vt 0.275610 0.000000
vt 0.278049 1.000000
vt 0.278049 0.000000
vt 0.280488 1.000000
vt 0.280488 0.000000
vt 0.282927 1.000000
vt 0.282927 0.000000
vt 0.285366 1.000000
vt 0.285366 0.000000
vt 0.287805 1.000000
vt 0.287805 0.000000
vt 0.290244 1.000000
vt 0.290244 0.000000
vt 0.292683 1.000000
vt 0.292683 0.000000
vt 0.295122 1.000000
vt 0.295122 0.000000
vt 0.297561 1.000000
vt 0.297561 0.000000
vt 0.302439 1.000000
vt 0.302439 0.000000
vt 0.304878 1.000000
vt 0.304878 0.000000
vt 0.307317 1.000000
vt 0.307317 0.000000
vt 0.309756 1.000000
vt 0.309756 0.000000
vt 0.312195 1.000000
vt 0.312195 0.000000
vt 0.314634 1.000000
vt 0.314634 0.000000
vt 0.317073 1.000000
vt 0.317073 0.000000
vt 0.319512 1.000000
vt 0.319512 0.000000
vt 0.321951 1.000000
vt 0.321951 0.000000
vt 0.324390 1.000000
vt 0.324390 0.000000
vt 0.326829 1.000000
vt 0.326829 0.000000
vt 0.329268 1.000000
vt 0.329268 0.000000
vt 0.331707 1.000000
vt 0.331707 0.000000
vt 0.334146 1.000000
vt 0.334146 0.000000
vt 0.336585 1.000000
vt 0.336585 0.000000
vt 0.339024 1.000000
vt 0.339024 0.000000
vt 0.341463 1.000000
vt 0.341463 0.000000
vt 0.343902 1.000000
vt 0.343902 0.000000
vt 0.346341 1.000000
vt 0.346341 0.000000
vt 0.348780 1.000000
vt 0.348780 0.000000
vt 0.351220 1.000000
vt 0.351220 0.000000
vt 0.353659 1.000000
vt 0.353659 0.000000
vt 0.356098 1.000000
vt 0.356098 0.000000
vt 0.358537 1.000000
vt 0.358537 0.000000
vt 0.360976 1.000000
vt 0.360976 0.000000
vt 0.363415 1.000000
vt 0.363415 0.000000
vt 0.365854 1.000000
vt 0.365854 0.000000
vt 0.368293 1.000000
vt 0.368293 0.000000
vt 0.370732 1.000000
vt 0.370732 0.000000
vt 0.373171 1.000000
vt 0.373171 0.000000
vt 0.375610 1.000000
vt 0.375610 0.000000
vt 0.378049 1.000000
vt 0.378049 0.000000
vt 0.380488 1.000000
vt 0.380488 0.000000
vt 0.382927 1.000000
vt 0.382927 0.000000
vt 0.385366 1.000000
vt 0.385366 0.000000
vt 0.387805 1.000000
vt 0.387805 0.000000
vt 0.390244 1.000000
vt 0.390244 0.000000
vt 0.392683 1.000000
vt 0.392683 0.000000
vt 0.395122 1.000000
vt 0.395122 0.000000
vt 0.397561 1.000000
vt 0.397561 0.000000
vt 0.402439 1.000000
vt 0.402439 0.000000
vt 0.404878 1.000000
vt 0.404878 0.000000
vt 0.407317 1.000000
vt 0.407317 0.000000
vt 0.409756 1.000000
vt 0.409756 0.000000
vt 0.412195 1.000000
vt 0.412195 0.000000
vt 0.414634 1.000000
vt 0.414634 0.000000
vt 0.417073 1.000000
vt 0.417073 0.000000
vt 0.419512 1.000000
vt 0.419512 0.000000
vt 0.421951 1.000000
vt 0.421951 0.000000
vt 0.424390 1.000000
vt 0.424390 0.000000
vt 0.426829 1.000000
vt 0.426829 0.000000
vt 0.429268 1.000000
vt 0.429268 0.000000
vt 0.431707 1.000000
vt 0.431707 0.000000
vt 0.434146 1.000000
vt 0.434146 0.000000
vt 0.436585 1.000000
vt 0.436585 0.000000
vt 0.439024 1.000000
vt 0.439024 0.000000
vt 0.441463 1.000000
vt 0.441463 0.000000
vt 0.443902 1.000000
vt 0.443902 0.000000
vt 0.446341 1.000000
vt 0.446341 0.000000
vt 0.448780 1.000000
vt 0.448780 0.000000
vt 0.451219 1.000000
vt 0.451219 0.000000
vt 0.453659 1.000000
vt 0.453659 0.000000
vt 0.456098 1.000000
vt 0.456098 0.000000
vt 0.458537 1.000000
vt 0.458537 0.000000
vt 0.460976 1.000000
vt 0.460976 0.000000
vt 0.463415 1.000000
vt 0.463415 0.000000
vt 0.465854 1.000000
vt 0.465854 0.000000
vt 0.468293 1.000000
vt 0.468293 0.000000
vt 0.470732 1.000000
vt 0.470732 0.000000
vt 0.473171 1.000000
vt 0.473171 0.000000
vt 0.475610 1.000000
vt 0.475610 0.000000
vt 0.478049 1.000000
vt 0.478049 0.000000
vt 0.480488 1.000000
vt 0.480488 0.000000
vt 0.482927 1.000000
vt 0.482927 0.000000
vt 0.485366 1.000000
vt 0.485366 0.000000
vt 0.487805 1.000000
vt 0.487805 0.000000
vt 0.490244 1.000000
vt 0.490244 0.000000
vt 0.492683 1.000000
vt 0.492683 0.000000
vt 0.495122 1.000000
vt 0.495122 0.000000
vt 0.497561 1.000000
vt 0.497561 0.000000
vt 0.502439 1.000000
vt 0.502439 0.000000
vt 0.504878 1.000000
vt 0.504878 0.000000
vt 0.507317 1.000000
vt 0.507317 0.000000
vt 0.509756 1.000000
vt 0.509756 0.000000
vt 0.512195 1.000000
vt 0.512195 0.000000
vt 0.514634 1.000000
vt 0.514634 0.000000
vt 0.517073 1.000000
vt 0.517073 0.000000
vt 0.519512 1.000000
vt 0.519512 0.000000
vt 0.521951 1.000000
vt 0.521951 0.000000
vt 0.524390 1.000000
vt 0.524390 0.000000
vt 0.526829 1.000000
vt 0.526829 0.000000
vt 0.529268 1.000000
vt 0.529268 0.000000
vt 0.531707 1.000000
vt 0.531707 0.000000
vt 0.534146 1.000000
vt 0.534146 0.000000
vt 0.536585 1.000000
vt 0.536585 0.000000
vt 0.539024 1.000000
vt 0.539024 0.000000
vt 0.541463 1.000000
vt 0.541463 0.000000
vt 0.543902 1.000000
vt 0.543902 0.000000
vt 0.546341 1.000000
vt 0.546341 0.000000
vt 0.548781 1.000000
vt 0.548781 0.000000
vt 0.551220 1.000000
vt 0.551220 0.000000
vt 0.553659 1.000000
vt 0.553659 0.000000
vt 0.556098 1.000000
vt 0.556098 0.000000
vt 0.558537 1.000000
vt 0.558537 0.000000
vt 0.560976 1.000000
vt 0.560976 0.000000
vt 0.563415 1.000000
vt 0.563415 0.000000
vt 0.565854 1.000000
vt 0.565854 0.000000
vt 0.568293 1.000000
vt 0.568293 0.000000
vt 0.570732 1.000000
vt 0.570732 0.000000
vt 0.573171 1.000000
vt 0.573171 0.000000
vt 0.575610 1.000000
vt 0.575610 0.000000
vt 0.578049 1.000000
vt 0.578049 0.000000
vt 0.580488 1.000000
vt 0.580488 0.000000
vt 0.582927 1.000000
vt 0.582927 0.000000
vt 0.585366 1.000000
vt 0.585366 0.000000
vt 0.587805 1.000000
vt 0.587805 0.000000
vt 0.590244 1.000000
vt 0.590244 0.000000
vt 0.592683 1.000000
vt 0.592683 0.000000
vt 0.595122 1.000000
vt 0.595122 0.000000
vt 0.597561 1.000000
vt 0.597561 0.000000
vt 0.602439 1.000000
vt 0.602439 0.000000
vt 0.604878 1.000000
vt 0.604878 0.000000
vt 0.607317 1.000000
vt 0.607317 0.000000
vt 0.609756 1.000000
vt 0.609756 0.000000
vt 0.612195 1.000000
vt 0.612195 0.000000
vt 0.614634 1.000000
vt 0.614634 0.000000
vt 0.617073 1.000000
vt 0.617073 0.000000
vt 0.619512 1.000000
vt 0.619512 0.000000
vt 0.621951 1.000000
vt 0.621951 0.000000
vt 0.624390 1.000000
vt 0.624390 0.000000
vt 0.626829 1.000000
vt 0.626829 0.000000
vt 0.629268 1.000000
vt 0.629268 0.000000
vt 0.631707 1.000000
vt 0.631707 0.000000
vt 0.634146 1.000000
vt 0.634146 0.000000
vt 0.636585 1.000000
vt 0.636585 0.000000
vt 0.639024 1.000000
vt 0.639024 0.000000
vt 0.641463 1.000000
vt 0.641463 0.000000
vt 0.643902 1.000000
vt 0.643902 0.000000
vt 0.646341 1.000000
vt 0.646341 0.000000
vt 0.648780 1.000000
vt 0.648780 0.000000
vt 0.651219 1.000000
vt 0.651219 0.000000
vt 0.653659 1.000000
vt 0.653659 0.000000
vt 0.656098 1.000000
vt 0.656098 0.000000
vt 0.658537 1.000000
vt 0.658537 0.000000
vt 0.660976 1.000000
vt 0.660976 0.000000
vt 0.663415 1.000000
vt 0.663415 0.000000
vt 0.665854 1.000000
vt 0.665854 0.000000
vt 0.668293 1.000000
vt 0.668293 0.000000
vt 0.670732 1.000000
vt 0.670732 0.000000
vt 0.673171 1.000000
vt 0.673171 0.000000
vt 0.675610 1.000000
vt 0.675610 0.000000
vt 0.678049 1.000000
vt 0.678049 0.000000
vt 0.680488 1.000000
vt 0.680488 0.000000
vt 0.682927 1.000000
vt 0.682927 0.000000
vt 0.685366 1.000000
vt 0.685366 0.000000
vt 0.687805 1.000000
vt 0.687805 0.000000
vt 0.690244 1.000000
vt 0.690244 0.000000
vt 0.692683 1.000000
vt 0.692683 0.000000
vt 0.695122 1.000000
vt 0.695122 0.000000
vt 0.697561 1.000000
vt 0.697561 0.000000
vt 0.702439 1.000000
vt 0.702439 0.000000
vt 0.704878 1.000000
vt 0.704878 0.000000
vt 0.707317 1.000000
vt 0.707317 0.000000
vt 0.709756 1.000000
vt 0.709756 0.000000
vt 0.712195 1.000000
vt 0.712195 0.000000
vt 0.714634 1.000000
vt 0.714634 0.000000
vt 0.717073 1.000000
vt 0.717073 0.000000
vt 0.719512 1.000000
vt 0.719512 0.000000
vt 0.721951 1.000000
vt 0.721951 0.000000
vt 0.724390 1.000000
vt 0.724390 0.000000
vt 0.726829 1.000000
vt 0.726829 0.000000
vt 0.729268 1.000000
vt 0.729268 0.000000
vt 0.731707 1.000000
vt 0.731707 0.000000
vt 0.734146 1.000000
vt 0.734146 0.000000
vt 0.736585 1.000000
vt 0.736585 0.000000
vt 0.739024 1.000000
vt 0.739024 0.000000
vt 0.741463 1.000000
vt 0.741463 0.000000
vt 0.743902 1.000000
vt 0.743902 0.000000
vt 0.746341 1.000000
vt 0.746341 0.000000
vt 0.748780 1.000000
vt 0.748780 0.000000
vt 0.751220 1.000000
vt 0.751220 0.000000
vt 0.753659 1.000000
vt 0.753659 0.000000
vt 0.756098 1.000000
vt 0.756098 0.000000
vt 0.758537 1.000000
vt 0.758537 0.000000
vt 0.760976 1.000000
vt 0.760976 0.000000
vt 0.763415 1.000000
vt 0.763415 0.000000
vt 0.765854 1.000000
vt 0.765854 0.000000
vt 0.768293 1.000000
vt 0.768293 0.000000
vt 0.770732 1.000000
vt 0.770732 0.000000
vt 0.773171 1.000000
vt 0.773171 0.000000
vt 0.775610 1.000000
vt 0.775610 0.000000
vt 0.778049 1.000000
vt 0.778049 0.000000
vt 0.780488 1.000000
vt 0.780488 0.000000
vt 0.782927 1.000000
vt 0.782927 0.000000
vt 0.785366 1.000000
vt 0.785366 0.000000
vt 0.787805 1.000000
vt 0.787805 0.000000
vt 0.790244 1.000000
vt 0.790244 0.000000
vt 0.792683 1.000000
vt 0.792683 0.000000
vt 0.795122 1.000000
vt 0.795122 0.000000
vt 0.797561 1.000000
vt 0.797561 0.000000
vt 0.802439 1.000000
vt 0.802439 0.000000
vt 0.804878 1.000000
vt 0.804878 0.000000
vt 0.807317 1.000000
vt 0.807317 0.000000
vt 0.809756 1.000000
vt 0.809756 0.000000
vt 0.812195 1.000000
vt 0.812195 0.000000
vt 0.814634 1.000000
vt 0.814634 0.000000
vt 0.817073 1.000000
vt 0.817073 0.000000
vt 0.819512 1.000000
vt 0.819512 0.000000
vt 0.821951 1.000000
vt 0.821951 0.000000
vt 0.824390 1.000000
vt 0.824390 0.000000
vt 0.826829 1.000000
vt 0.826829 0.000000
vt 0.829268 1.000000
vt 0.829268 0.000000
vt 0.831707 1.000000
vt 0.831707 0.000000
vt 0.834146 1.000000
vt 0.834146 0.000000
vt 0.836585 1.000000
vt 0.836585 0.000000
vt 0.839024 1.000000
vt 0.839024 0.000000
vt 0.841463 1.000000
vt 0.841463 0.000000
vt 0.843902 1.000000
vt 0.843902 0.000000
vt 0.846341 1.000000
vt 0.846341 0.000000
vt 0.848781 1.000000
vt 0.848781 0.000000
vt 0.851220 1.000000
vt 0.851220 0.000000
vt 0.853659 1.000000
vt 0.853659 0.000000
vt 0.856098 1.000000
vt 0.856098 0.000000
vt 0.858537 1.000000
vt 0.858537 0.000000
vt 0.860976 1.000000
vt 0.860976 0.000000
vt 0.863415 1.000000
vt 0.863415 0.000000
vt 0.865854 1.000000
vt 0.865854 0.000000
vt 0.868293 1.000000
vt 0.868293 0.000000
vt 0.870732 1.000000
vt 0.870732 0.000000
vt 0.873171 1.000000
vt 0.873171 0.000000
vt 0.875610 1.000000
vt 0.875610 0.000000
vt 0.878049 1.000000
vt 0.878049 0.000000
vt 0.880488 1.000000
vt 0.880488 0.000000
vt 0.882927 1.000000
vt 0.882927 0.000000
vt 0.885366 1.000000
vt 0.885366 0.000000
vt 0.887805 1.000000
vt 0.887805 0.000000
vt 0.890244 1.000000
vt 0.890244 0.000000
vt 0.892683 1.000000
vt 0.892683 0.000000
vt 0.895122 1.000000
vt 0.895122 0.000000
vt 0.897561 1.000000
vt 0.897561 0.000000
vt 0.902439 1.000000
vt 0.902439 0.000000
vt 0.904878 1.000000
vt 0.904878 0.000000
vt 0.907317 1.000000
vt 0.907317 0.000000
vt 0.909756 1.000000
vt 0.909756 0.000000
vt 0.912195 1.000000
vt 0.912195 0.000000
vt 0.914634 1.000000
vt 0.914634 0.000000
vt 0.917073 1.000000
vt 0.917073 0.000000
vt 0.919512 1.000000
vt 0.919512 0.000000
vt 0.921951 1.000000
vt 0.921951 0.000000
vt 0.924390 1.000000
vt 0.924390 0.000000
vt 0.926829 1.000000
vt 0.926829 0.000000
vt 0.929268 1.000000
vt 0.929268 0.000000
vt 0.931707 1.000000
vt 0.931707 0.000000
vt 0.934146 1.000000
vt 0.934146 0.000000
vt 0.936585 1.000000
vt 0.936585 0.000000
vt 0.939024 1.000000
vt 0.939024 0.000000
vt 0.941463 1.000000
vt 0.941463 0.000000
vt 0.943902 1.000000
vt 0.943902 0.000000
vt 0.946341 1.000000
vt 0.946341 0.000000
vt 0.948780 1.000000
vt 0.948780 0.000000
vt 0.951219 1.000000
vt 0.951219 0.000000
vt 0.953659 1.000000
vt 0.953659 0.000000
vt 0.956098 1.000000
vt 0.956098 0.000000
vt 0.958537 1.000000
vt 0.958537 0.000000
vt 0.960976 1.000000
vt 0.960976 0.000000
vt 0.963415 1.000000
vt 0.963415 0.000000
vt 0.965854 1.000000
vt 0.965854 0.000000
vt 0.968293 1.000000
vt 0.968293 0.000000
vt 0.970732 1.000000
vt 0.970732 0.000000
vt 0.973171 1.000000
vt 0.973171 0.000000
vt 0.975610 1.000000
vt 0.975610 0.000000
vt 0.978049 1.000000
vt 0.978049 0.000000
vt 0.980488 1.000000
vt 0.980488 0.000000
vt 0.982927 1.000000
vt 0.982927 0.000000
vt 0.985366 1.000000
vt 0.985366 0.000000
vt 0.987805 1.000000
vt 0.987805 0.000000
vt 0.990244 1.000000
vt 0.990244 0.000000
vt 0.992683 1.000000
vt 0.992683 0.000000
vt 0.995122 1.000000
vt 0.995122 0.000000
vt 0.997561 1.000000
vt 0.997561 0.000000
vt 0.013699 1.000000
vt 0.013699 0.000000
vt 0.027397 1.000000
vt 0.027397 0.000000
vt 0.041096 1.000000
vt 0.041096 0.000000
vt 0.054795 1.000000
vt 0.054795 0.000000
vt 0.068493 1.000000
vt 0.068493 0.000000
vt 0.082192 1.000000
vt 0.082192 0.000000
vt 0.095890 1.000000
vt 0.095890 0.000000
vt 0.109589 1.000000
vt 0.109589 0.000000
vt 0.123288 1.000000
vt 0.123288 0.000000
vt 0.136986 1.000000
vt 0.136986 0.000000
vt 0.150685 1.000000
vt 0.150685 0.000000
vt 0.164384 1.000000
vt 0.164384 0.000000
vt 0.178082 1.000000
vt 0.178082 0.000000
vt 0.191781 1.000000
vt 0.191781 0.000000
vt 0.205479 1.000000
vt 0.205479 0.000000
vt 0.219178 1.000000
vt 0.219178 0.000000
vt 0.232877 1.000000
vt 0.232877 0.000000
vt 0.246575 1.000000
vt 0.246575 0.000000
vt 0.260274 1.000000
vt 0.260274 0.000000
vt 0.273973 1.000000
vt 0.273973 0.000000
vt 0.287671 1.000000
vt 0.287671 0.000000
vt 0.301370 1.000000
vt 0.301370 0.000000
vt 0.315068 1.000000
vt 0.315068 0.000000
vt 0.328767 1.000000
vt 0.328767 0.000000
vt 0.342466 1.000000
vt 0.342466 0.000000
vt 0.356164 1.000000
vt 0.356164 0.000000
vt 0.369863 1.000000
vt 0.369863 0.000000
vt 0.383562 1.000000
vt 0.383562 0.000000
vt 0.397260 1.000000
vt 0.397260 0.000000
vt 0.410959 1.000000
vt 0.410959 0.000000
vt 0.424658 1.000000
vt 0.424658 0.000000
vt 0.438356 1.000000
vt 0.438356 0.000000
vt 0.452055 1.000000
vt 0.452055 0.000000
vt 0.465753 1.000000
vt 0.465753 0.000000
vt 0.479452 1.000000
vt 0.479452 0.000000
vt 0.493151 1.000000
vt 0.493151 0.000000
vt 0.506849 1.000000
vt 0.506849 0.000000
vt 0.520548 1.000000
vt 0.520548 0.000000
vt 0.534247 1.000000
vt 0.534247 0.000000
vt 0.547945 1.000000
vt 0.547945 0.000000
vt 0.561644 1.000000
vt 0.561644 0.000000
vt 0.575342 1.000000
vt 0.575342 0.000000
vt 0.589041 1.000000
vt 0.589041 0.000000
vt 0.602740 1.000000
vt 0.602740 0.000000
vt 0.616438 1.000000
vt 0.616438 0.000000
vt 0.630137 1.000000
vt 0.630137 0.000000
vt 0.643836 1.000000
vt 0.643836 0.000000
vt 0.657534 1.000000
vt 0.657534 0.000000
vt 0.671233 1.000000
vt 0.671233 0.000000
vt 0.684932 1.000000
vt 0.684932 0.000000
vt 0.698630 1.000000
vt 0.698630 0.000000
vt 0.712329 1.000000
vt 0.712329 0.000000
vt 0.726027 1.000000
vt 0.726027 0.000000
vt 0.739726 1.000000
vt 0.739726 0.000000
vt 0.753425 1.000000
vt 0.753425 0.000000
vt 0.767123 1.000000
vt 0.767123 0.000000
vt 0.780822 1.000000
vt 0.780822 0.000000
vt 0.794521 1.000000
vt 0.794521 0.000000
vt 0.808219 1.000000
vt 0.808219 0.000000
vt 0.821918 1.000000
vt 0.821918 0.000000
vt 0.835616 1.000000
vt 0.835616 0.000000
vt 0.849315 1.000000
vt 0.849315 0.000000
vt 0.863014 1.000000
vt 0.863014 0.000000
vt 0.876712 1.000000
vt 0.876712 0.000000
vt 0.890411 1.000000
vt 0.890411 0.000000
vt 0.904110 1.000000
vt 0.904110 0.000000
vt 0.917808 1.000000
vt 0.917808 0.000000
vt 0.931507 1.000000
vt 0.931507 0.000000
vt 0.945205 1.000000
vt 0.945205 0.000000
vt 0.958904 1.000000
vt 0.958904 0.000000
vt 0.972603 1.000000
vt 0.972603 0.000000
vt 0.986301 1.000000
vt 0.986301 0.000000
vt 0.005208 1.000000
vt 0.005208 0.000000
vt 0.015625 1.000000
vt 0.015625 0.000000
vt 0.026042 1.000000
vt 0.026042 0.000000
vt 0.036458 1.000000
vt 0.036458 0.000000
vt 0.046875 1.000000
vt 0.046875 0.000000
vt 0.057292 1.000000
vt 0.057292 0.000000
vt 0.067708 1.000000
vt 0.067708 0.000000
vt 0.078125 1.000000
vt 0.078125 0.000000
vt 0.088542 1.000000
vt 0.088542 0.000000
vt 0.098958 1.000000
vt 0.098958 0.000000
vt 0.109375 1.000000
vt 0.109375 0.000000
vt 0.119792 1.000000
vt 0.119792 0.000000
vt 0.130208 1.000000
vt 0.130208 0.000000
vt 0.140625 1.000000
vt 0.140625 0.000000
vt 0.151042 1.000000
vt 0.151042 0.000000
vt 0.161458 1.000000
vt 0.161458 0.000000
vt 0.171875 1.000000
vt 0.171875 0.000000
vt 0.182292 1.000000
vt 0.182292 0.000000
vt 0.192708 1.000000
vt 0.192708 0.000000
vt 0.203125 1.000000
vt 0.203125 0.000000
vt 0.213542 1.000000
vt 0.213542 0.000000
vt 0.223958 1.000000
vt 0.223958 0.000000
vt 0.234375 1.000000
vt 0.234375 0.000000
vt 0.244792 1.000000
vt 0.244792 0.000000
vt 0.255208 1.000000
vt 0.255208 0.000000
vt 0.265625 1.000000
vt 0.265625 0.000000
vt 0.276042 1.000000
vt 0.276042 0.000000
vt 0.286458 1.000000
vt 0.286458 0.000000
vt 0.296875 1.000000
vt 0.296875 0.000000
vt 0.307292 1.000000
vt 0.307292 0.000000
vt 0.317708 1.000000
vt 0.317708 0.000000
vt 0.328125 1.000000
vt 0.328125 0.000000
vt 0.338542 1.000000
vt 0.338542 0.000000
vt 0.348958 1.000000
vt 0.348958 0.000000
vt 0.359375 1.000000
vt 0.359375 0.000000
vt 0.369792 1.000000
vt 0.369792 0.000000
vt 0.380208 1.000000
vt 0.380208 0.000000
vt 0.390625 1.000000
vt 0.390625 0.000000
vt 0.401042 1.000000
vt 0.401042 0.000000
vt 0.411458 1.000000
vt 0.411458 0.000000
vt 0.421875 1.000000
vt 0.421875 0.000000
vt 0.432292 1.000000
vt 0.432292 0.000000
vt 0.442708 1.000000
vt 0.442708 0.000000
vt 0.453125 1.000000
vt 0.453125 0.000000
vt 0.463542 1.000000
vt 0.463542 0.000000
vt 0.473958 1.000000
vt 0.473958 0.000000
vt 0.484375 1.000000
vt 0.484375 0.000000
vt 0.494792 1.000000
vt 0.494792 0.000000
vt 0.505208 1.000000
vt 0.505208 0.000000
vt 0.515625 1.000000
vt 0.515625 0.000000
vt 0.526042 1.000000
vt 0.526042 0.000000
vt 0.536458 1.000000
vt 0.536458 0.000000
vt 0.546875 1.000000
vt 0.546875 0.000000
vt 0.557292 1.000000
vt 0.557292 0.000000
vt 0.567708 1.000000
vt 0.567708 0.000000
vt 0.578125 1.000000
vt 0.578125 0.000000
vt 0.588542 1.000000
vt 0.588542 0.000000
vt 0.598958 1.000000
vt 0.598958 0.000000
vt 0.609375 1.000000
vt 0.609375 0.000000
vt 0.619792 1.000000
vt 0.619792 0.000000
vt 0.630208 1.000000
vt 0.630208 0.000000
vt 0.640625 1.000000
vt 0.640625 0.000000
vt 0.651042 1.000000
vt 0.651042 0.000000
vt 0.661458 1.000000
vt 0.661458 0.000000
vt 0.671875 1.000000
vt 0.671875 0.000000
vt 0.682292 1.000000
vt 0.682292 0.000000
vt 0.692708 1.000000
vt 0.692708 0.000000
vt 0.703125 1.000000
vt 0.703125 0.000000
vt 0.713542 1.000000
vt 0.713542 0.000000
vt 0.723958 1.000000
vt 0.723958 0.000000
vt 0.734375 1.000000
vt 0.734375 0.000000
vt 0.744792 1.000000
vt 0.744792 0.000000
vt 0.755208 1.000000
vt 0.755208 0.000000
vt 0.765625 1.000000
vt 0.765625 0.000000
vt 0.776042 1.000000
vt 0.776042 0.000000
vt 0.786458 1.000000
vt 0.786458 0.000000
vt 0.796875 1.000000
vt 0.796875 0.000000
vt 0.807292 1.000000
vt 0.807292 0.000000
vt 0.817708 1.000000
vt 0.817708 0.000000
vt 0.828125 1.000000
vt 0.828125 0.000000
vt 0.838542 1.000000
vt 0.838542 0.000000
vt 0.848958 1.000000
vt 0.848958 0.000000
vt 0.859375 1.000000
vt 0.859375 0.000000
vt 0.869792 1.000000
vt 0.869792 0.000000
vt 0.880208 1.000000
vt 0.880208 0.000000
vt 0.890625 1.000000
vt 0.890625 0.000000
vt 0.901042 1.000000
vt 0.901042 0.000000
vt 0.911458 1.000000
vt 0.911458 0.000000
vt 0.921875 1.000000
vt 0.921875 0.000000
vt 0.932292 1.000000
vt 0.932292 0.000000
vt 0.942708 1.000000
vt 0.942708 0.000000
vt 0.953125 1.000000
vt 0.953125 0.000000
vt 0.963542 1.000000
vt 0.963542 0.000000
vt 0.973958 1.000000
vt 0.973958 0.000000
vt 0.984375 1.000000
vt 0.984375 0.000000
vt 0.994792 1.000000
vt 0.994792 0.000000
s 0
f 156/1/1 158/2/1 157/3/1
f 156/1/1 159/4/1 158/2/1
f 155/5/1 159/4/1 156/1/1
f 155/5/1 160/6/1 159/4/1
f 154/7/1 160/6/1 155/5/1
f 154/7/1 161/8/1 160/6/1
f 153/9/1 161/8/1 154/7/1
f 153/9/1 162/10/1 161/8/1
f 152/11/1 162/10/1 153/9/1
f 152/11/1 163/12/1 162/10/1
f 151/13/1 163/12/1 152/11/1
f 151/13/1 164/14/1 163/12/1
f 150/15/1 164/14/1 151/13/1
f 150/15/1 165/16/1 164/14/1
f 149/17/1 165/16/1 150/15/1
f 149/17/1 166/18/1 165/16/1
f 148/19/1 166/18/1 149/17/1
f 148/19/1 167/20/1 166/18/1
f 147/21/1 167/20/1 148/19/1
f 147/21/1 168/22/1 167/20/1
f 146/23/1 168/22/1 147/21/1
f 146/23/1 169/24/1 168/22/1
f 145/25/1 169/24/1 146/23/1
f 145/25/1 170/26/1 169/24/1
f 144/27/1 170/26/1 145/25/1
f 144/27/1 171/28/1 170/26/1
f 143/29/1 171/28/1 144/27/1
f 143/29/1 172/30/1 171/28/1
f 142/31/1 172/30/1 143/29/1
f 142/31/1 173/32/1 172/30/1
f 141/33/1 173/32/1 142/31/1
f 141/33/1 174/34/1 173/32/1
f 141/33/1 175/35/1 174/34/1
f 140/36/1 175/35/1 141/33/1
f 140/36/1 176/37/1 175/35/1
f 139/38/1 176/37/1 140/36/1
f 139/38/1 177/39/1 176/37/1
f 138/40/1 177/39/1 139/38/1
f 138/40/1 178/41/1 177/39/1
f 137/42/1 178/41/1 138/40/1
f 137/42/1 179/43/1 178/41/1
f 136/44/1 179/43/1 137/42/1
f 136/44/1 180/45/1 179/43/1
f 135/46/1 180/45/1 136/44/1
f 135/46/1 181/47/1 180/45/1
f 134/48/1 181/47/1 135/46/1
f 134/48/1 182/49/1 181/47/1
f 133/50/1 182/49/1 134/48/1
f 133/50/1 183/51/1 182/49/1
f 132/52/1 183/51/1 133/50/1
f 132/52/1 184/53/1 183/51/1
f 131/54/1 184/53/1 132/52/1
f 131/54/1 185/55/1 184/53/1
f 130/56/1 185/55/1 131/54/1
f 130/56/1 186/57/1 185/55/1
f 129/58/1 186/57/1 130/56/1
f 129/58/1 187/59/1 186/57/1
f 128/60/1 253/61/1 129/58/1
f 253/61/1 187/59/1 129/58/1
f 253/61/1 252/62/1 187/59/1
f 252/62/1 188/63/1 187/59/1
f 128/60/1 254/64/1 253/61/1
f 128/60/1 255/65/1 254/64/1
f 251/66/1 188/63/1 252/62/1
f 128/60/1 256/67/1 255/65/1
f 250/68/1 188/63/1 251/66/1
f 128/60/1 257/69/1 256/67/1
f 249/70/1 188/63/1 250/68/1
f 128/60/1 258/71/1 257/69/1
f 248/72/1 188/63/1 249/70/1
f 127/73/1 258/71/1 128/60/1
f 127/73/1 259/74/1 258/71/1
f 247/75/1 188/63/1 248/72/1
f 127/73/1 260/76/1 259/74/1
f 246/77/1 188/63/1 247/75/1
f 127/73/1 261/78/1 260/76/1
f 245/79/1 188/63/1 246/77/1
f 127/73/1 262/80/1 261/78/1
f 244/81/1 188/63/1 245/79/1
f 127/73/1 263/82/1 262/80/1
f 244/81/1 189/83/1 188/63/1
f 243/84/1 189/83/1 244/81/1
f 127/73/1 264/85/1 263/82/1
f 242/86/1 189/83/1 243/84/1
f 126/87/1 264/85/1 127/73/1
f 126/87/1 265/88/1 264/85/1
f 241/89/1 189/83/1 242/86/1
f 126/87/1 266/90/1 265/88/1
f 240/91/1 189/83/1 241/89/1
f 126/87/1 267/92/1 266/90/1
f 240/91/1 190/93/1 189/83/1
f 239/94/1 190/93/1 240/91/1
f 126/87/1 268/95/1 267/92/1
f 125/96/1 268/95/1 126/87/1
f 238/97/1 190/93/1 239/94/1
f 125/96/1 269/98/1 268/95/1
f 237/99/1 190/93/1 238/97/1
f 125/96/1 270/100/1 269/98/1
f 237/99/1 191/101/1 190/93/1
f 236/102/1 191/101/1 237/99/1
f 125/96/1 271/103/1 270/100/1
f 124/104/1 271/103/1 125/96/1
f 235/105/1 191/101/1 236/102/1
f 124/104/1 272/106/1 271/103/1
f 234/107/1 191/101/1 235/105/1
f 124/104/1 273/108/1 272/106/1
f 234/107/1 192/109/1 191/101/1
f 233/110/1 192/109/1 234/107/1
f 124/104/1 274/111/1 273/108/1
f 123/112/1 274/111/1 124/104/1
f 232/113/1 192/109/1 233/110/1
f 123/112/1 275/114/1 274/111/1
f 231/115/1 192/109/1 232/113/1
f 123/112/1 276/116/1 275/114/1
f 231/115/1 1/117/1 192/109/1
f 122/118/1 276/116/1 123/112/1
f 230/119/1 1/117/1 231/115/1
f 122/118/1 277/120/1 276/116/1
f 229/121/1 1/117/1 230/119/1
f 122/118/1 278/122/1 277/120/1
f 229/121/1 2/123/1 1/117/1
f 228/124/1 2/123/1 229/121/1
f 122/118/1 279/125/1 278/122/1
f 121/126/1 279/125/1 122/118/1
f 227/127/1 2/123/1 228/124/1
f 121/126/1 280/128/1 279/125/1
f 227/127/1 3/129/1 2/123/1
f 226/130/1 3/129/1 227/127/1
f 121/126/1 281/131/1 280/128/1
f 120/132/1 281/131/1 121/126/1
f 225/133/1 3/129/1 226/130/1
f 120/132/1 282/134/1 281/131/1
f 225/133/1 4/135/1 3/129/1
f 224/136/1 4/135/1 225/133/1
f 120/132/1 283/137/1 282/134/1
f 119/138/1 283/137/1 120/132/1
f 223/139/1 4/135/1 224/136/1
f 119/138/1 284/140/1 283/137/1
f 222/141/1 4/135/1 223/139/1
f 222/141/1 5/142/1 4/135/1
f 119/138/1 285/143/1 284/140/1
f 118/144/1 285/143/1 119/138/1
f 221/145/1 5/142/1 222/141/1
f 118/144/1 286/146/1 285/143/1
f 220/147/1 5/142/1 221/145/1
f 220/147/1 6/148/1 5/142/1
f 118/144/1 287/149/1 286/146/1
f 117/150/1 287/149/1 118/144/1
f 219/151/1 6/148/1 220/147/1
f 117/150/1 288/152/1 287/149/1
f 219/151/1 7/153/1 6/148/1
f 218/154/1 7/153/1 219/151/1
f 117/150/1 289/155/1 288/152/1
f 116/156/1 289/155/1 117/150/1
f 217/157/1 7/153/1 218/154/1
f 116/156/1 290/158/1 289/155/1
f 217/157/1 8/159/1 7/153/1
f 216/160/1 8/159/1 217/157/1
f 116/156/1 291/161/1 290/158/1
f 115/162/1 291/161/1 116/156/1
f 215/163/1 8/159/1 216/160/1
f 115/162/1 292/164/1 291/161/1
f 215/163/1 9/165/1 8/159/1
f 214/166/1 9/165/1 215/163/1
f 114/167/1 292/164/1 115/162/1
f 114/167/1 293/168/1 292/164/1
f 213/169/1 9/165/1 214/166/1
f 114/167/1 294/170/1 293/168/1
f 213/169/1 10/171/1 9/165/1
f 113/172/1 294/170/1 114/167/1
f 212/173/1 10/171/1 213/169/1
f 113/172/1 295/174/1 294/170/1
f 211/175/1 10/171/1 212/173/1
f 113/172/1 296/176/1 295/174/1
f 211/175/1 11/177/1 10/171/1
f 112/178/1 296/176/1 113/172/1
f 210/179/1 11/177/1 211/175/1
f 112/178/1 297/180/1 296/176/1
f 209/181/1 11/177/1 210/179/1
f 209/181/1 12/182/1 11/177/1
f 112/178/1 298/183/1 297/180/1
f 111/184/1 298/183/1 112/178/1
f 208/185/1 12/182/1 209/181/1
f 111/184/1 299/186/1 298/183/1
f 207/187/1 12/182/1 208/185/1
f 207/187/1 13/188/1 12/182/1
f 110/189/1 299/186/1 111/184/1
f 110/189/1 300/190/1 299/186/1
f 206/191/1 13/188/1 207/187/1
f 110/189/1 301/192/1 300/190/1
f 205/193/1 13/188/1 206/191/1
f 109/194/1 301/192/1 110/189/1
f 205/193/1 14/195/1 13/188/1
f 109/194/1 302/196/1 301/192/1
f 204/197/1 14/195/1 205/193/1
f 109/194/1 303/198/1 302/196/1
f 108/199/1 303/198/1 109/194/1
f 204/197/1 15/200/1 14/195/1
f 203/201/1 15/200/1 204/197/1
f 108/199/1 304/202/1 303/198/1
f 202/203/1 15/200/1 203/201/1
f 202/203/1 16/204/1 15/200/1
f 107/205/1 304/202/1 108/199/1
f 107/205/1 305/206/1 304/202/1
f 201/207/1 16/204/1 202/203/1
f 107/205/1 306/208/1 305/206/1
f 200/209/1 16/204/1 201/207/1
f 200/209/1 17/210/1 16/204/1
f 106/211/1 306/208/1 107/205/1
f 106/211/1 307/212/1 306/208/1
f 199/213/1 17/210/1 200/209/1
f 106/211/1 308/214/1 307/212/1
f 199/213/1 18/215/1 17/210/1
f 105/216/1 308/214/1 106/211/1
f 198/217/1 18/215/1 199/213/1
f 105/216/1 309/218/1 308/214/1
f 197/219/1 18/215/1 198/217/1
f 105/216/1 310/220/1 309/218/1
f 197/219/1 19/221/1 18/215/1
f 104/222/1 310/220/1 105/216/1
f 196/223/1 19/221/1 197/219/1
f 104/222/1 311/224/1 310/220/1
f 195/225/1 19/221/1 196/223/1
f 195/225/1 20/226/1 19/221/1
f 104/222/1 312/227/1 311/224/1
f 103/228/1 312/227/1 104/222/1
f 194/229/1 20/226/1 195/225/1
f 103/228/1 313/230/1 312/227/1
f 194/229/1 21/231/1 20/226/1
f 193/232/1 21/231/1 194/229/1
f 103/228/1 314/233/1 313/230/1
f 102/234/1 314/233/1 103/228/1
f 384/235/1 21/231/1 193/232/1
f 102/234/1 315/236/1 314/233/1
f 384/235/1 22/237/1 21/231/1
f 383/238/1 22/237/1 384/235/1
f 102/234/1 316/239/1 315/236/1
f 101/240/1 316/239/1 102/234/1
f 382/241/1 22/237/1 383/238/1
f 101/240/1 317/242/1 316/239/1
f 382/241/1 23/243/1 22/237/1
f 381/244/1 23/243/1 382/241/1
f 100/245/1 317/242/1 101/240/1
f 100/245/1 318/246/1 317/242/1
f 380/247/1 23/243/1 381/244/1
f 100/245/1 319/248/1 318/246/1
f 380/247/1 24/249/1 23/243/1
f 379/250/1 24/249/1 380/247/1
f 99/251/1 319/248/1 100/245/1
f 99/251/1 320/252/1 319/248/1
f 378/253/1 24/249/1 379/250/1
f 99/251/1 321/254/1 320/252/1
f 378/253/1 25/255/1 24/249/1
f 377/256/1 25/255/1 378/253/1
f 99/251/1 322/257/1 321/254/1
f 98/258/1 322/257/1 99/251/1
f 376/259/1 25/255/1 377/256/1
f 98/258/1 323/260/1 322/257/1
f 376/259/1 26/261/1 25/255/1
f 375/262/1 26/261/1 376/259/1
f 98/258/1 324/263/1 323/260/1
f 97/264/1 324/263/1 98/258/1
f 374/265/1 26/261/1 375/262/1
f 97/264/1 325/266/1 324/263/1
f 374/265/1 27/267/1 26/261/1
f 373/268/1 27/267/1 374/265/1
f 97/264/1 326/269/1 325/266/1
f 96/270/1 326/269/1 97/264/1
f 372/271/1 27/267/1 373/268/1
f 96/270/1 327/272/1 326/269/1
f 371/273/1 27/267/1 372/271/1
f 96/270/1 328/274/1 327/272/1
f 371/273/1 28/275/1 27/267/1
f 95/276/1 328/274/1 96/270/1
f 370/277/1 28/275/1 371/273/1
f 95/276/1 329/278/1 328/274/1
f 369/279/1 28/275/1 370/277/1
f 95/276/1 330/280/1 329/278/1
f 369/279/1 29/281/1 28/275/1
f 368/282/1 29/281/1 369/279/1
f 95/276/1 331/283/1 330/280/1
f 94/284/1 331/283/1 95/276/1
f 367/285/1 29/281/1 368/282/1
f 94/284/1 332/286/1 331/283/1
f 366/287/1 29/281/1 367/285/1
f 94/284/1 333/288/1 332/286/1
f 366/287/1 30/289/1 29/281/1
f 365/290/1 30/289/1 366/287/1
f 94/284/1 334/291/1 333/288/1
f 93/292/1 334/291/1 94/284/1
f 364/293/1 30/289/1 365/290/1
f 93/292/1 335/294/1 334/291/1
f 363/295/1 30/289/1 364/293/1
f 93/292/1 336/296/1 335/294/1
f 363/295/1 31/297/1 30/289/1
f 362/298/1 31/297/1 363/295/1
f 93/292/1 337/299/1 336/296/1
f 92/300/1 337/299/1 93/292/1
f 361/301/1 31/297/1 362/298/1
f 92/300/1 338/302/1 337/299/1
f 360/303/1 31/297/1 361/301/1
f 92/300/1 339/304/1 338/302/1
f 359/305/1 31/297/1 360/303/1
f 92/300/1 340/306/1 339/304/1
f 359/305/1 32/307/1 31/297/1
f 358/308/1 32/307/1 359/305/1
f 92/300/1 341/309/1 340/306/1
f 357/310/1 32/307/1 358/308/1
f 91/311/1 341/309/1 92/300/1
f 91/311/1 342/312/1 341/309/1
f 356/313/1 32/307/1 357/310/1
f 91/311/1 343/314/1 342/312/1
f 355/315/1 32/307/1 356/313/1
f 91/311/1 344/316/1 343/314/1
f 354/317/1 32/307/1 355/315/1
f 91/311/1 345/318/1 344/316/1
f 353/319/1 32/307/1 354/317/1
f 91/311/1 346/320/1 345/318/1
f 352/321/1 32/307/1 353/319/1
f 352/321/1 33/322/1 32/307/1
f 91/311/1 347/323/1 346/320/1
f 351/324/1 33/322/1 352/321/1
f 91/311/1 348/325/1 347/323/1
f 350/326/1 33/322/1 351/324/1
f 91/311/1 349/327/1 348/325/1
f 349/327/1 33/322/1 350/326/1
f 91/311/1 33/322/1 349/327/1
f 90/328/1 33/322/1 91/311/1
f 90/328/1 34/329/1 33/322/1
f 89/330/1 34/329/1 90/328/1
f 89/330/1 35/331/1 34/329/1
f 88/332/1 35/331/1 89/330/1
f 88/332/1 36/333/1 35/331/1
f 87/334/1 36/333/1 88/332/1
f 87/334/1 37/335/1 36/333/1
f 86/336/1 37/335/1 87/334/1
f 86/336/1 38/337/1 37/335/1
f 85/338/1 38/337/1 86/336/1
f 85/338/1 39/339/1 38/337/1
f 84/340/1 39/339/1 85/338/1
f 84/340/1 40/341/1 39/339/1
f 83/342/1 40/341/1 84/340/1
f 83/342/1 41/343/1 40/341/1
f 82/344/1 41/343/1 83/342/1
f 82/344/1 42/345/1 41/343/1
f 81/346/1 42/345/1 82/344/1
f 81/346/1 43/347/1 42/345/1
f 80/348/1 43/347/1 81/346/1
f 80/348/1 44/349/1 43/347/1
f 79/350/1 44/349/1 80/348/1
f 78/351/1 44/349/1 79/350/1
f 78/351/1 45/352/1 44/349/1
f 77/353/1 45/352/1 78/351/1
f 77/353/1 46/354/1 45/352/1
f 76/355/1 46/354/1 77/353/1
f 76/355/1 47/356/1 46/354/1
f 75/357/1 47/356/1 76/355/1
f 75/357/1 48/358/1 47/356/1
f 74/359/1 48/358/1 75/357/1
f 74/359/1 49/360/1 48/358/1
f 73/361/1 49/360/1 74/359/1
f 73/361/1 50/362/1 49/360/1
f 72/363/1 50/362/1 73/361/1
f 72/363/1 51/364/1 50/362/1
f 71/365/1 51/364/1 72/363/1
f 71/365/1 52/366/1 51/364/1
f 70/367/1 52/366/1 71/365/1
f 70/367/1 53/368/1 52/366/1
f 69/369/1 53/368/1 70/367/1
f 69/369/1 54/370/1 53/368/1
f 68/371/1 54/370/1 69/369/1
f 68/371/1 55/372/1 54/370/1
f 67/373/1 55/372/1 68/371/1
f 67/373/1 56/374/1 55/372/1
f 66/375/1 56/374/1 67/373/1
f 66/375/1 57/376/1 56/374/1
f 65/377/1 57/376/1 66/375/1
f 65/377/1 58/378/1 57/376/1
f 64/379/1 58/378/1 65/377/1
f 64/379/1 59/380/1 58/378/1
f 63/381/1 59/380/1 64/379/1
f 63/381/1 60/382/1 59/380/1
f 62/383/1 60/382/1 63/381/1
f 62/383/1 61/384/1 60/382/1
f 746/385/1 748/386/1 747/387/1
f 746/385/1 749/388/1 748/386/1
f 745/389/1 749/388/1 746/385/1
f 745/389/1 750/390/1 749/388/1
f 744/391/1 750/390/1 745/389/1
f 744/391/1 751/392/1 750/390/1
f 743/393/1 751/392/1 744/391/1
f 743/393/1 752/394/1 751/392/1
f 742/395/1 752/394/1 743/393/1
f 742/395/1 753/396/1 752/394/1
f 741/397/1 753/396/1 742/395/1
f 741/397/1 754/398/1 753/396/1
f 740/399/1 754/398/1 741/397/1
f 740/399/1 755/400/1 754/398/1
f 739/401/1 755/400/1 740/399/1
f 739/401/1 756/402/1 755/400/1
f 738/403/1 756/402/1 739/401/1
f 738/403/1 757/404/1 756/402/1
f 737/405/1 757/404/1 738/403/1
f 737/405/1 758/406/1 757/404/1
f 736/407/1 758/406/1 737/405/1
f 736/407/1 759/408/1 758/406/1
f 735/409/1 759/408/1 736/407/1
f 735/409/1 760/410/1 759/408/1
f 734/411/1 760/410/1 735/409/1
f 734/411/1 761/412/1 760/410/1
f 733/413/1 761/412/1 734/411/1
f 733/413/1 762/414/1 761/412/1
f 732/415/1 762/414/1 733/413/1
f 732/415/1 763/416/1 762/414/1
f 731/417/1 763/416/1 732/415/1
f 731/417/1 764/418/1 763/416/1
f 730/419/1 764/418/1 731/417/1
f 730/419/1 765/420/1 764/418/1
f 729/421/1 765/420/1 730/419/1
f 729/421/1 766/422/1 765/420/1
f 728/423/1 766/422/1 729/421/1
f 728/423/1 767/424/1 766/422/1
f 727/425/1 767/424/1 728/423/1
f 727/425/1 768/426/1 767/424/1
f 726/427/1 768/426/1 727/425/1
f 726/427/1 769/428/1 768/426/1
f 725/429/1 769/428/1 726/427/1
f 725/429/1 770/430/1 769/428/1
f 725/429/1 771/431/1 770/430/1
f 724/432/1 771/431/1 725/429/1
f 724/432/1 772/433/1 771/431/1
f 723/434/1 772/433/1 724/432/1
f 723/434/1 773/435/1 772/433/1
f 722/436/1 773/435/1 723/434/1
f 722/436/1 774/437/1 773/435/1
f 721/438/1 774/437/1 722/436/1
f 721/438/1 775/439/1 774/437/1
f 720/440/1 775/439/1 721/438/1
f 720/440/1 776/441/1 775/439/1
f 719/442/1 821/443/1 720/440/1
f 821/443/1 820/444/1 720/440/1
f 820/444/1 776/441/1 720/440/1
f 820/444/1 819/445/1 776/441/1
f 819/445/1 777/446/1 776/441/1
f 719/442/1 822/447/1 821/443/1
f 818/448/1 777/446/1 819/445/1
f 719/442/1 823/449/1 822/447/1
f 719/442/1 824/450/1 823/449/1
f 817/451/1 777/446/1 818/448/1
f 719/442/1 825/452/1 824/450/1
f 719/442/1 826/453/1 825/452/1
f 816/454/1 777/446/1 817/451/1
f 719/442/1 827/455/1 826/453/1
f 718/456/1 827/455/1 719/442/1
f 718/456/1 828/457/1 827/455/1
f 815/458/1 777/446/1 816/454/1
f 718/456/1 829/459/1 828/457/1
f 718/456/1 830/460/1 829/459/1
f 815/458/1 778/461/1 777/446/1
f 814/462/1 778/461/1 815/458/1
f 718/456/1 831/463/1 830/460/1
f 718/456/1 832/464/1 831/463/1
f 813/465/1 778/461/1 814/462/1
f 718/456/1 833/466/1 832/464/1
f 717/467/1 833/466/1 718/456/1
f 812/468/1 778/461/1 813/465/1
f 717/467/1 834/469/1 833/466/1
f 812/468/1 779/470/1 778/461/1
f 717/467/1 835/471/1 834/469/1
f 811/472/1 779/470/1 812/468/1
f 717/467/1 836/473/1 835/471/1
f 717/467/1 837/474/1 836/473/1
f 716/475/1 837/474/1 717/467/1
f 810/476/1 779/470/1 811/472/1
f 810/476/1 780/477/1 779/470/1
f 716/475/1 838/478/1 837/474/1
f 716/475/1 839/479/1 838/478/1
f 809/480/1 780/477/1 810/476/1
f 716/475/1 840/481/1 839/479/1
f 715/482/1 840/481/1 716/475/1
f 809/480/1 781/483/1 780/477/1
f 715/482/1 841/484/1 840/481/1
f 808/485/1 781/483/1 809/480/1
f 715/482/1 842/486/1 841/484/1
f 715/482/1 843/487/1 842/486/1
f 808/485/1 782/488/1 781/483/1
f 714/489/1 843/487/1 715/482/1
f 807/490/1 782/488/1 808/485/1
f 714/489/1 844/491/1 843/487/1
f 714/489/1 845/492/1 844/491/1
f 806/493/1 782/488/1 807/490/1
f 714/489/1 846/494/1 845/492/1
f 806/493/1 783/495/1 782/488/1
f 713/496/1 846/494/1 714/489/1
f 713/496/1 847/497/1 846/494/1
f 805/498/1 783/495/1 806/493/1
f 713/496/1 848/499/1 847/497/1
f 805/498/1 784/500/1 783/495/1
f 713/496/1 849/501/1 848/499/1
f 712/502/1 849/501/1 713/496/1
f 804/503/1 784/500/1 805/498/1
f 712/502/1 850/504/1 849/501/1
f 804/503/1 785/505/1 784/500/1
f 712/502/1 851/506/1 850/504/1
f 711/507/1 851/506/1 712/502/1
f 711/507/1 852/508/1 851/506/1
f 803/509/1 785/505/1 804/503/1
f 711/507/1 853/510/1 852/508/1
f 803/509/1 786/511/1 785/505/1
f 711/507/1 854/512/1 853/510/1
f 802/513/1 786/511/1 803/509/1
f 710/514/1 854/512/1 711/507/1
f 710/514/1 855/515/1 854/512/1
f 802/513/1 787/516/1 786/511/1
f 710/514/1 856/517/1 855/515/1
f 801/518/1 787/516/1 802/513/1
f 709/519/1 856/517/1 710/514/1
f 709/519/1 857/520/1 856/517/1
f 801/518/1 788/521/1 787/516/1
f 709/519/1 858/522/1 857/520/1
f 800/523/1 788/521/1 801/518/1
f 709/519/1 859/524/1 858/522/1
f 708/525/1 859/524/1 709/519/1
f 800/523/1 789/526/1 788/521/1
f 708/525/1 860/527/1 859/524/1
f 799/528/1 789/526/1 800/523/1
f 708/525/1 861/529/1 860/527/1
f 799/528/1 790/530/1 789/526/1
f 707/531/1 861/529/1 708/525/1
f 707/531/1 862/532/1 861/529/1
f 798/533/1 790/530/1 799/528/1
f 707/531/1 863/534/1 862/532/1
f 798/533/1 791/535/1 790/530/1
f 706/536/1 863/534/1 707/531/1
f 706/536/1 864/537/1 863/534/1
f 797/538/1 791/535/1 798/533/1
f 706/536/1 865/539/1 864/537/1
f 797/538/1 792/540/1 791/535/1
f 706/536/1 866/541/1 865/539/1
f 705/542/1 866/541/1 706/536/1
f 796/543/1 792/540/1 797/538/1
f 705/542/1 867/235/1 866/541/1
f 796/543/1 793/544/1 792/540/1
f 705/542/1 795/545/1 867/235/1
f 704/546/1 795/545/1 705/542/1
f 704/546/1 796/543/1 795/545/1
f 704/546/1 793/544/1 796/543/1
f 704/546/1 794/547/1 793/544/1
f 703/548/1 794/547/1 704/546/1
f 703/548/1 385/117/1 794/547/1
f 702/549/1 385/117/1 703/548/1
f 702/549/1 386/550/1 385/117/1
f 701/551/1 386/550/1 702/549/1
f 700/552/1 386/550/1 701/551/1
f 700/552/1 387/553/1 386/550/1
f 700/552/1 388/554/1 387/553/1
f 700/552/1 389/555/1 388/554/1
f 699/556/1 389/555/1 700/552/1
f 699/556/1 390/557/1 389/555/1
f 699/556/1 391/558/1 390/557/1
f 699/556/1 392/559/1 391/558/1
f 698/560/1 392/559/1 699/556/1
f 698/560/1 393/561/1 392/559/1
f 698/560/1 394/562/1 393/561/1
f 698/560/1 395/563/1 394/562/1
f 698/560/1 396/564/1 395/563/1
f 697/565/1 396/564/1 698/560/1
f 697/565/1 397/566/1 396/564/1
f 697/565/1 398/567/1 397/566/1
f 697/565/1 399/568/1 398/567/1
f 697/565/1 400/569/1 399/568/1
f 697/565/1 401/570/1 400/569/1
f 696/571/1 411/572/1 697/565/1
f 411/572/1 401/570/1 697/565/1
f 411/572/1 402/573/1 401/570/1
f 411/572/1 403/574/1 402/573/1
f 411/572/1 404/575/1 403/574/1
f 411/572/1 405/576/1 404/575/1
f 411/572/1 406/577/1 405/576/1
f 411/572/1 407/578/1 406/577/1
f 411/572/1 408/579/1 407/578/1
f 411/572/1 409/580/1 408/579/1
f 411/572/1 410/581/1 409/580/1
f 696/571/1 412/582/1 411/572/1
f 695/583/1 412/582/1 696/571/1
f 695/583/1 413/584/1 412/582/1
f 695/583/1 414/585/1 413/584/1
f 694/586/1 414/585/1 695/583/1
f 694/586/1 415/587/1 414/585/1
f 694/586/1 416/588/1 415/587/1
f 693/589/1 416/588/1 694/586/1
f 693/589/1 417/590/1 416/588/1
f 693/589/1 418/591/1 417/590/1
f 693/589/1 419/592/1 418/591/1
f 692/593/1 419/592/1 693/589/1
f 692/593/1 420/594/1 419/592/1
f 692/593/1 421/595/1 420/594/1
f 691/596/1 421/595/1 692/593/1
f 691/596/1 422/597/1 421/595/1
f 691/596/1 423/598/1 422/597/1
f 690/599/1 423/598/1 691/596/1
f 690/599/1 424/600/1 423/598/1
f 690/599/1 425/601/1 424/600/1
f 689/602/1 425/601/1 690/599/1
f 689/602/1 426/603/1 425/601/1
f 689/602/1 427/604/1 426/603/1
f 688/605/1 427/604/1 689/602/1
f 688/605/1 428/606/1 427/604/1
f 688/605/1 429/607/1 428/606/1
f 688/605/1 430/608/1 429/607/1
f 687/609/1 430/608/1 688/605/1
f 687/609/1 431/610/1 430/608/1
f 687/609/1 432/611/1 431/610/1
f 686/612/1 432/611/1 687/609/1
f 686/612/1 433/613/1 432/611/1
f 686/612/1 434/614/1 433/613/1
f 686/612/1 435/615/1 434/614/1
f 685/616/1 435/615/1 686/612/1
f 685/616/1 436/617/1 435/615/1
f 685/616/1 437/618/1 436/617/1
f 506/619/1 508/620/1 507/621/1
f 506/619/1 509/622/1 508/620/1
f 505/623/1 509/622/1 506/619/1
f 505/623/1 510/624/1 509/622/1
f 505/623/1 511/625/1 510/624/1
f 504/626/1 511/625/1 505/623/1
f 504/626/1 512/627/1 511/625/1
f 503/628/1 512/627/1 504/626/1
f 503/628/1 513/629/1 512/627/1
f 503/628/1 514/630/1 513/629/1
f 502/631/1 514/630/1 503/628/1
f 502/631/1 515/632/1 514/630/1
f 502/631/1 516/633/1 515/632/1
f 501/634/1 516/633/1 502/631/1
f 501/634/1 517/635/1 516/633/1
f 500/636/1 517/635/1 501/634/1
f 500/636/1 518/637/1 517/635/1
f 500/636/1 519/638/1 518/637/1
f 499/639/1 519/638/1 500/636/1
f 499/639/1 520/640/1 519/638/1
f 499/639/1 521/641/1 520/640/1
f 498/642/1 521/641/1 499/639/1
f 498/642/1 522/643/1 521/641/1
f 685/616/1 438/644/1 437/618/1
f 497/645/1 522/643/1 498/642/1
f 497/645/1 523/646/1 522/643/1
f 684/647/1 438/644/1 685/616/1
f 497/645/1 524/648/1 523/646/1
f 496/649/1 524/648/1 497/645/1
f 496/649/1 525/650/1 524/648/1
f 495/651/1 525/650/1 496/649/1
f 495/651/1 526/652/1 525/650/1
f 495/651/1 527/653/1 526/652/1
f 494/654/1 527/653/1 495/651/1
f 684/647/1 439/655/1 438/644/1
f 494/654/1 528/656/1 527/653/1
f 493/657/1 528/656/1 494/654/1
f 493/657/1 529/658/1 528/656/1
f 492/659/1 529/658/1 493/657/1
f 492/659/1 530/660/1 529/658/1
f 491/661/1 530/660/1 492/659/1
f 684/647/1 440/662/1 439/655/1
f 491/661/1 531/663/1 530/660/1
f 491/661/1 532/664/1 531/663/1
f 490/665/1 532/664/1 491/661/1
f 490/665/1 533/666/1 532/664/1
f 489/667/1 533/666/1 490/665/1
f 684/647/1 441/668/1 440/662/1
f 489/667/1 534/669/1 533/666/1
f 488/670/1 534/669/1 489/667/1
f 683/671/1 441/668/1 684/647/1
f 488/670/1 535/672/1 534/669/1
f 487/673/1 535/672/1 488/670/1
f 487/673/1 536/674/1 535/672/1
f 486/675/1 536/674/1 487/673/1
f 683/671/1 442/676/1 441/668/1
f 486/675/1 537/677/1 536/674/1
f 485/678/1 537/677/1 486/675/1
f 484/679/1 537/677/1 485/678/1
f 484/679/1 538/680/1 537/677/1
f 683/671/1 443/681/1 442/676/1
f 483/682/1 538/680/1 484/679/1
f 483/682/1 539/683/1 538/680/1
f 482/684/1 539/683/1 483/682/1
f 683/671/1 444/685/1 443/681/1
f 482/684/1 540/686/1 539/683/1
f 481/687/1 540/686/1 482/684/1
f 481/687/1 541/688/1 540/686/1
f 480/689/1 541/688/1 481/687/1
f 682/690/1 444/685/1 683/671/1
f 682/690/1 445/691/1 444/685/1
f 479/692/1 541/688/1 480/689/1
f 479/692/1 542/693/1 541/688/1
f 682/690/1 446/694/1 445/691/1
f 478/695/1 542/693/1 479/692/1
f 478/695/1 543/696/1 542/693/1
f 477/697/1 543/696/1 478/695/1
f 682/690/1 447/698/1 446/694/1
f 476/699/1 543/696/1 477/697/1
f 476/699/1 544/700/1 543/696/1
f 475/701/1 544/700/1 476/699/1
f 682/690/1 448/702/1 447/698/1
f 475/701/1 545/703/1 544/700/1
f 474/704/1 545/703/1 475/701/1
f 473/705/1 545/703/1 474/704/1
f 682/690/1 449/706/1 448/702/1
f 473/705/1 546/707/1 545/703/1
f 681/708/1 449/706/1 682/690/1
f 472/709/1 546/707/1 473/705/1
f 681/708/1 450/710/1 449/706/1
f 471/711/1 546/707/1 472/709/1
f 471/711/1 547/712/1 546/707/1
f 681/708/1 451/713/1 450/710/1
f 470/714/1 547/712/1 471/711/1
f 469/715/1 547/712/1 470/714/1
f 681/708/1 452/716/1 451/713/1
f 469/715/1 548/717/1 547/712/1
f 468/718/1 548/717/1 469/715/1
f 681/708/1 453/719/1 452/716/1
f 467/720/1 548/717/1 468/718/1
f 467/720/1 549/721/1 548/717/1
f 681/708/1 454/722/1 453/719/1
f 466/723/1 549/721/1 467/720/1
f 465/724/1 549/721/1 466/723/1
f 681/708/1 455/725/1 454/722/1
f 464/726/1 549/721/1 465/724/1
f 681/708/1 456/727/1 455/725/1
f 463/728/1 549/721/1 464/726/1
f 681/708/1 457/729/1 456/727/1
f 462/730/1 549/721/1 463/728/1
f 462/730/1 550/731/1 549/721/1
f 461/732/1 550/731/1 462/730/1
f 681/708/1 458/733/1 457/729/1
f 460/734/1 550/731/1 461/732/1
f 681/708/1 459/735/1 458/733/1
f 459/735/1 550/731/1 460/734/1
f 680/736/1 459/735/1 681/708/1
f 680/736/1 550/731/1 459/735/1
f 680/736/1 551/737/1 550/731/1
f 680/736/1 552/738/1 551/737/1
f 680/736/1 553/739/1 552/738/1
f 679/740/1 553/739/1 680/736/1
f 679/740/1 554/741/1 553/739/1
f 679/740/1 555/742/1 554/741/1
f 679/740/1 556/743/1 555/742/1
f 678/744/1 556/743/1 679/740/1
f 678/744/1 557/745/1 556/743/1
f 678/744/1 558/746/1 557/745/1
f 678/744/1 559/747/1 558/746/1
f 678/744/1 560/748/1 559/747/1
f 677/749/1 560/748/1 678/744/1
f 677/749/1 561/750/1 560/748/1
f 677/749/1 562/751/1 561/750/1
f 677/749/1 563/752/1 562/751/1
f 676/753/1 563/752/1 677/749/1
f 676/753/1 564/754/1 563/752/1
f 676/753/1 565/755/1 564/754/1
f 676/753/1 566/756/1 565/755/1
f 676/753/1 567/757/1 566/756/1
f 675/758/1 567/757/1 676/753/1
f 675/758/1 568/759/1 567/757/1
f 675/758/1 569/760/1 568/759/1
f 675/758/1 570/761/1 569/760/1
f 675/758/1 571/762/1 570/761/1
f 674/763/1 571/762/1 675/758/1
f 674/763/1 572/764/1 571/762/1
f 674/763/1 573/765/1 572/764/1
f 674/763/1 574/766/1 573/765/1
f 674/763/1 575/767/1 574/766/1
f 674/763/1 576/768/1 575/767/1
f 673/769/1 576/768/1 674/763/1
f 673/769/1 577/770/1 576/768/1
f 673/769/1 578/771/1 577/770/1
f 673/769/1 579/772/1 578/771/1
f 673/769/1 580/773/1 579/772/1
f 673/769/1 581/774/1 580/773/1
f 672/775/1 581/774/1 673/769/1
f 672/775/1 582/776/1 581/774/1
f 672/775/1 583/777/1 582/776/1
f 672/775/1 584/778/1 583/777/1
f 672/775/1 585/779/1 584/778/1
f 672/775/1 586/780/1 585/779/1
f 671/781/1 586/780/1 672/775/1
f 671/781/1 587/782/1 586/780/1
f 671/781/1 588/783/1 587/782/1
f 671/781/1 589/784/1 588/783/1
f 671/781/1 590/785/1 589/784/1
f 671/781/1 591/786/1 590/785/1
f 671/781/1 592/787/1 591/786/1
f 671/781/1 593/788/1 592/787/1
f 670/789/1 593/788/1 671/781/1
f 670/789/1 594/790/1 593/788/1
f 670/789/1 595/791/1 594/790/1
f 670/789/1 596/792/1 595/791/1
f 670/789/1 597/793/1 596/792/1
f 670/789/1 598/794/1 597/793/1
f 670/789/1 599/795/1 598/794/1
f 670/789/1 600/796/1 599/795/1
f 669/797/1 600/796/1 670/789/1
f 669/797/1 601/798/1 600/796/1
f 669/797/1 602/799/1 601/798/1
f 669/797/1 603/800/1 602/799/1
f 669/797/1 604/801/1 603/800/1
f 669/797/1 605/802/1 604/801/1
f 669/797/1 606/803/1 605/802/1
f 668/804/1 606/803/1 669/797/1
f 668/804/1 607/805/1 606/803/1
f 668/804/1 608/806/1 607/805/1
f 668/804/1 609/807/1 608/806/1
f 668/804/1 610/808/1 609/807/1
f 668/804/1 611/809/1 610/808/1
f 667/810/1 611/809/1 668/804/1
f 667/810/1 612/811/1 611/809/1
f 667/810/1 613/812/1 612/811/1
f 667/810/1 614/813/1 613/812/1
f 667/810/1 615/814/1 614/813/1
f 666/815/1 615/814/1 667/810/1
f 666/815/1 616/816/1 615/814/1
f 666/815/1 617/817/1 616/816/1
f 666/815/1 618/818/1 617/817/1
f 665/819/1 618/818/1 666/815/1
f 665/819/1 619/820/1 618/818/1
f 665/819/1 620/821/1 619/820/1
f 665/819/1 621/822/1 620/821/1
f 664/823/1 621/822/1 665/819/1
f 664/823/1 622/824/1 621/822/1
f 664/823/1 623/825/1 622/824/1
f 664/823/1 624/826/1 623/825/1
f 663/827/1 624/826/1 664/823/1
f 663/827/1 625/828/1 624/826/1
f 663/827/1 626/829/1 625/828/1
f 663/827/1 627/830/1 626/829/1
f 662/831/1 627/830/1 663/827/1
f 662/831/1 628/832/1 627/830/1
f 662/831/1 629/833/1 628/832/1
f 661/834/1 629/833/1 662/831/1
f 661/834/1 630/835/1 629/833/1
f 661/834/1 631/836/1 630/835/1
f 661/834/1 632/837/1 631/836/1
f 660/838/1 632/837/1 661/834/1
f 660/838/1 633/839/1 632/837/1
f 660/838/1 634/840/1 633/839/1
f 659/841/1 634/840/1 660/838/1
f 659/841/1 635/842/1 634/840/1
f 659/841/1 636/843/1 635/842/1
f 658/844/1 636/843/1 659/841/1
f 658/844/1 637/845/1 636/843/1
f 658/844/1 638/846/1 637/845/1
f 657/847/1 638/846/1 658/844/1
f 657/847/1 639/848/1 638/846/1
f 657/847/1 640/849/1 639/848/1
f 656/850/1 640/849/1 657/847/1
f 656/850/1 641/851/1 640/849/1
f 656/850/1 642/852/1 641/851/1
f 655/853/1 642/852/1 656/850/1
f 655/853/1 643/854/1 642/852/1
f 655/853/1 644/855/1 643/854/1
f 654/856/1 644/855/1 655/853/1
f 654/856/1 645/857/1 644/855/1
f 654/856/1 646/858/1 645/857/1
f 653/859/1 646/858/1 654/856/1
f 653/859/1 647/860/1 646/858/1
f 653/859/1 648/861/1 647/860/1
f 652/862/1 648/861/1 653/859/1
f 652/862/1 649/863/1 648/861/1
f 652/862/1 650/864/1 649/863/1
f 651/865/1 650/864/1 652/862/1
f 1086/829/1 1088/866/1 1087/867/1
f 1256/868/1 1258/869/1 1257/870/1
f 1085/871/1 1088/866/1 1086/829/1
f 1085/871/1 1089/872/1 1088/866/1
f 1255/873/1 1258/869/1 1256/868/1
f 1255/873/1 1259/874/1 1258/869/1
f 1084/875/1 1089/872/1 1085/871/1
f 1084/875/1 1090/876/1 1089/872/1
f 1254/877/1 1259/874/1 1255/873/1
f 1254/877/1 1260/878/1 1259/874/1
f 1083/879/1 1090/876/1 1084/875/1
f 1083/879/1 1091/880/1 1090/876/1
f 1253/881/1 1260/878/1 1254/877/1
f 1253/881/1 1261/882/1 1260/878/1
f 1082/883/1 1091/880/1 1083/879/1
f 1082/883/1 1092/884/1 1091/880/1
f 1252/885/1 1261/882/1 1253/881/1
f 1252/885/1 1262/886/1 1261/882/1
f 1081/887/1 1092/884/1 1082/883/1
f 1081/887/1 1093/888/1 1092/884/1
f 1251/889/1 1262/886/1 1252/885/1
f 1251/889/1 1263/890/1 1262/886/1
f 1080/891/1 1093/888/1 1081/887/1
f 1080/891/1 1094/892/1 1093/888/1
f 1250/893/1 1263/890/1 1251/889/1
f 1250/893/1 1264/894/1 1263/890/1
f 1079/895/1 1094/892/1 1080/891/1
f 1079/895/1 1095/896/1 1094/892/1
f 1249/897/1 1264/894/1 1250/893/1
f 1249/897/1 1265/898/1 1264/894/1
f 1078/899/1 1095/896/1 1079/895/1
f 1078/899/1 1096/900/1 1095/896/1
f 1248/901/1 1265/898/1 1249/897/1
f 1248/901/1 1266/902/1 1265/898/1
f 1077/903/1 1096/900/1 1078/899/1
f 1077/903/1 1097/904/1 1096/900/1
f 1247/905/1 1266/902/1 1248/901/1
f 1247/905/1 1267/906/1 1266/902/1
f 1076/907/1 1097/904/1 1077/903/1
f 1076/907/1 1098/908/1 1097/904/1
f 1246/909/1 1267/906/1 1247/905/1
f 1246/909/1 1268/910/1 1267/906/1
f 1075/911/1 1098/908/1 1076/907/1
f 1075/911/1 1099/912/1 1098/908/1
f 1245/913/1 1268/910/1 1246/909/1
f 1245/913/1 1269/914/1 1268/910/1
f 1074/915/1 1099/912/1 1075/911/1
f 1074/915/1 1100/916/1 1099/912/1
f 1244/917/1 1269/914/1 1245/913/1
f 1244/917/1 1270/918/1 1269/914/1
f 1074/915/1 1101/919/1 1100/916/1
f 1244/917/1 1271/920/1 1270/918/1
f 1073/921/1 1101/919/1 1074/915/1
f 1243/922/1 1271/920/1 1244/917/1
f 1073/921/1 1102/923/1 1101/919/1
f 1243/922/1 1272/924/1 1271/920/1
f 1072/925/1 1102/923/1 1073/921/1
f 1242/926/1 1272/924/1 1243/922/1
f 1072/925/1 1103/927/1 1102/923/1
f 1242/926/1 1273/928/1 1272/924/1
f 1071/929/1 1103/927/1 1072/925/1
f 1241/930/1 1273/928/1 1242/926/1
f 1071/929/1 1104/931/1 1103/927/1
f 1241/930/1 1274/932/1 1273/928/1
f 1070/933/1 1104/931/1 1071/929/1
f 1240/934/1 1274/932/1 1241/930/1
f 1070/933/1 1105/935/1 1104/931/1
f 1240/934/1 1275/936/1 1274/932/1
f 1069/937/1 1105/935/1 1070/933/1
f 1239/938/1 1275/936/1 1240/934/1
f 1069/937/1 1106/939/1 1105/935/1
f 1239/938/1 1276/940/1 1275/936/1
f 1068/941/1 1106/939/1 1069/937/1
f 1238/942/1 1276/940/1 1239/938/1
f 1068/941/1 1107/943/1 1106/939/1
f 1238/942/1 1277/944/1 1276/940/1
f 1067/945/1 1107/943/1 1068/941/1
f 1237/946/1 1277/944/1 1238/942/1
f 1067/945/1 1108/947/1 1107/943/1
f 1237/946/1 1278/948/1 1277/944/1
f 1066/949/1 1108/947/1 1067/945/1
f 1236/950/1 1278/948/1 1237/946/1
f 1066/949/1 1109/951/1 1108/947/1
f 1236/950/1 1279/952/1 1278/948/1
f 1065/953/1 1109/951/1 1066/949/1
f 1235/954/1 1279/952/1 1236/950/1
f 1065/953/1 1110/955/1 1109/951/1
f 1235/954/1 1280/956/1 1279/952/1
f 1064/957/1 1110/955/1 1065/953/1
f 1234/958/1 1280/956/1 1235/954/1
f 1064/957/1 1111/959/1 1110/955/1
f 1234/958/1 1281/960/1 1280/956/1
f 1063/961/1 1111/959/1 1064/957/1
f 1233/962/1 1281/960/1 1234/958/1
f 1062/963/1 1111/959/1 1063/961/1
f 1062/963/1 1112/964/1 1111/959/1
f 1232/965/1 1281/960/1 1233/962/1
f 1232/965/1 1282/966/1 1281/960/1
f 1062/963/1 1113/967/1 1112/964/1
f 1232/965/1 1283/968/1 1282/966/1
f 1061/969/1 1113/967/1 1062/963/1
f 1231/970/1 1283/968/1 1232/965/1
f 1061/969/1 1114/971/1 1113/967/1
f 1231/970/1 1284/972/1 1283/968/1
f 1060/973/1 1114/971/1 1061/969/1
f 1230/974/1 1284/972/1 1231/970/1
f 1060/973/1 1115/975/1 1114/971/1
f 1230/974/1 1285/976/1 1284/972/1
f 1059/977/1 1115/975/1 1060/973/1
f 1229/978/1 1285/976/1 1230/974/1
f 1059/977/1 1116/979/1 1115/975/1
f 1229/978/1 1286/980/1 1285/976/1
f 1058/981/1 1116/979/1 1059/977/1
f 1228/982/1 1286/980/1 1229/978/1
f 1058/981/1 1117/983/1 1116/979/1
f 1228/982/1 1287/984/1 1286/980/1
f 1057/985/1 1117/983/1 1058/981/1
f 1227/986/1 1287/984/1 1228/982/1
f 1057/985/1 1118/987/1 1117/983/1
f 1227/986/1 1288/988/1 1287/984/1
f 1056/989/1 1118/987/1 1057/985/1
f 1226/990/1 1288/988/1 1227/986/1
f 1056/989/1 1119/991/1 1118/987/1
f 1226/990/1 1289/992/1 1288/988/1
f 1055/993/1 1119/991/1 1056/989/1
f 1225/994/1 1289/992/1 1226/990/1
f 1055/993/1 1120/995/1 1119/991/1
f 1225/994/1 1290/996/1 1289/992/1
f 1054/997/1 1120/995/1 1055/993/1
f 1224/998/1 1290/996/1 1225/994/1
f 1054/997/1 1121/999/1 1120/995/1
f 1224/998/1 1291/1000/1 1290/996/1
f 1053/1001/1 1121/999/1 1054/997/1
f 1223/1002/1 1291/1000/1 1224/998/1
f 1053/1001/1 1122/1003/1 1121/999/1
f 1223/1002/1 1292/1004/1 1291/1000/1
f 1052/1005/1 1122/1003/1 1053/1001/1
f 1222/1006/1 1292/1004/1 1223/1002/1
f 1052/1005/1 1123/1007/1 1122/1003/1
f 1222/1006/1 1293/1008/1 1292/1004/1
f 1051/1009/1 1123/1007/1 1052/1005/1
f 1221/1010/1 1293/1008/1 1222/1006/1
f 1050/1011/1 1123/1007/1 1051/1009/1
f 1050/1011/1 1124/1012/1 1123/1007/1
f 1220/1013/1 1293/1008/1 1221/1010/1
f 1220/1013/1 1294/1014/1 1293/1008/1
f 1049/1015/1 1124/1012/1 1050/1011/1
f 1049/1015/1 1125/1016/1 1124/1012/1
f 1219/1017/1 1294/1014/1 1220/1013/1
f 1219/1017/1 1295/1018/1 1294/1014/1
f 1048/1019/1 1125/1016/1 1049/1015/1
f 1048/1019/1 1126/1020/1 1125/1016/1
f 1218/1021/1 1295/1018/1 1219/1017/1
f 1218/1021/1 1296/1022/1 1295/1018/1
f 1047/1023/1 1126/1020/1 1048/1019/1
f 1047/1023/1 1127/1024/1 1126/1020/1
f 1217/1025/1 1296/1022/1 1218/1021/1
f 1217/1025/1 1297/1026/1 1296/1022/1
f 1046/1027/1 1127/1024/1 1047/1023/1
f 1046/1027/1 1128/1028/1 1127/1024/1
f 1216/1029/1 1297/1026/1 1217/1025/1
f 1216/1029/1 1298/1030/1 1297/1026/1
f 1045/1031/1 1128/1028/1 1046/1027/1
f 1045/1031/1 1129/1032/1 1128/1028/1
f 1215/1033/1 1298/1030/1 1216/1029/1
f 1215/1033/1 1299/1034/1 1298/1030/1
f 1044/1035/1 1129/1032/1 1045/1031/1
f 1044/1035/1 1130/1036/1 1129/1032/1
f 1214/1037/1 1299/1034/1 1215/1033/1
f 1214/1037/1 1300/1038/1 1299/1034/1
f 1043/1039/1 1130/1036/1 1044/1035/1
f 1043/1039/1 1131/1040/1 1130/1036/1
f 1213/1041/1 1300/1038/1 1214/1037/1
f 1213/1041/1 1301/1042/1 1300/1038/1
f 1042/1043/1 1131/1040/1 1043/1039/1
f 1042/1043/1 1132/1044/1 1131/1040/1
f 1212/1045/1 1301/1042/1 1213/1041/1
f 1212/1045/1 1302/1046/1 1301/1042/1
f 1041/1047/1 1132/1044/1 1042/1043/1
f 1041/1047/1 1133/1048/1 1132/1044/1
f 1211/1049/1 1302/1046/1 1212/1045/1
f 1211/1049/1 1303/1050/1 1302/1046/1
f 1040/1051/1 1133/1048/1 1041/1047/1
f 1040/1051/1 1134/1052/1 1133/1048/1
f 1210/1053/1 1303/1050/1 1211/1049/1
f 1210/1053/1 1304/235/1 1303/1050/1
f 1039/1054/1 1134/1052/1 1040/1051/1
f 1039/1054/1 1135/1055/1 1134/1052/1
f 1209/1056/1 1304/235/1 1210/1053/1
f 1209/1056/1 868/117/1 1304/235/1
f 1038/1057/1 1135/1055/1 1039/1054/1
f 1038/1057/1 1136/1058/1 1135/1055/1
f 1208/1059/1 868/117/1 1209/1056/1
f 1208/1059/1 869/1060/1 868/117/1
f 1038/1057/1 1137/1061/1 1136/1058/1
f 1038/1057/1 1138/1062/1 1137/1061/1
f 1038/1057/1 1139/1063/1 1138/1062/1
f 1038/1057/1 1140/1064/1 1139/1063/1
f 1037/1065/1 1140/1064/1 1038/1057/1
f 1037/1065/1 1141/1066/1 1140/1064/1
f 1037/1065/1 1142/1067/1 1141/1066/1
f 1036/1068/1 1142/1067/1 1037/1065/1
f 1036/1068/1 1143/1069/1 1142/1067/1
f 1036/1068/1 1144/1070/1 1143/1069/1
f 1035/1071/1 1144/1070/1 1036/1068/1
f 1035/1071/1 1145/1072/1 1144/1070/1
f 1035/1071/1 1146/1073/1 1145/1072/1
f 1207/1074/1 869/1060/1 1208/1059/1
f 1034/1075/1 1146/1073/1 1035/1071/1
f 1034/1075/1 1147/1076/1 1146/1073/1
f 1206/1077/1 869/1060/1 1207/1074/1
f 1034/1075/1 1148/1078/1 1147/1076/1
f 1033/1079/1 1148/1078/1 1034/1075/1
f 1033/1079/1 1149/1080/1 1148/1078/1
f 1205/1081/1 869/1060/1 1206/1077/1
f 1033/1079/1 1150/1082/1 1149/1080/1
f 1033/1079/1 1151/1083/1 1150/1082/1
f 1204/1084/1 869/1060/1 1205/1081/1
f 1032/1085/1 1151/1083/1 1033/1079/1
f 1032/1085/1 1152/1086/1 1151/1083/1
f 1203/1087/1 869/1060/1 1204/1084/1
f 1032/1085/1 1153/1088/1 1152/1086/1
f 1031/1089/1 1153/1088/1 1032/1085/1
f 1031/1089/1 1154/1090/1 1153/1088/1
f 1202/1091/1 869/1060/1 1203/1087/1
f 1031/1089/1 1155/1092/1 1154/1090/1
f 1031/1089/1 1156/1093/1 1155/1092/1
f 1201/1094/1 869/1060/1 1202/1091/1
f 1030/1095/1 1156/1093/1 1031/1089/1
f 1030/1095/1 1157/1096/1 1156/1093/1
f 1200/1097/1 869/1060/1 1201/1094/1
f 1030/1095/1 1158/1098/1 1157/1096/1
f 1030/1095/1 1159/1099/1 1158/1098/1
f 1029/1100/1 1159/1099/1 1030/1095/1
f 1199/1101/1 869/1060/1 1200/1097/1
f 1029/1100/1 1160/1102/1 1159/1099/1
f 1029/1100/1 1161/1103/1 1160/1102/1
f 1198/1104/1 869/1060/1 1199/1101/1
f 1029/1100/1 1162/1105/1 1161/1103/1
f 1028/1106/1 1162/1105/1 1029/1100/1
f 1197/1107/1 869/1060/1 1198/1104/1
f 1028/1106/1 1163/1108/1 1162/1105/1
f 1028/1106/1 1164/1109/1 1163/1108/1
f 1196/1110/1 869/1060/1 1197/1107/1
f 1028/1106/1 1165/1111/1 1164/1109/1
f 1027/1112/1 1165/1111/1 1028/1106/1
f 1027/1112/1 1166/1113/1 1165/1111/1
f 1195/1114/1 869/1060/1 1196/1110/1
f 1027/1112/1 1167/1115/1 1166/1113/1
f 1194/1116/1 869/1060/1 1195/1114/1
f 1027/1112/1 1168/1117/1 1167/1115/1
f 1027/1112/1 1169/1118/1 1168/1117/1
f 1026/1119/1 1169/1118/1 1027/1112/1
f 1193/1120/1 869/1060/1 1194/1116/1
f 1026/1119/1 1170/1121/1 1169/1118/1
f 1192/1122/1 966/1123/1 1193/1120/1
f 966/1123/1 869/1060/1 1193/1120/1
f 1026/1119/1 1171/1124/1 1170/1121/1
f 1026/1119/1 1172/1125/1 1171/1124/1
f 1191/1126/1 966/1123/1 1192/1122/1
f 1026/1119/1 1173/1127/1 1172/1125/1
f 1025/1128/1 1173/1127/1 1026/1119/1
f 1025/1128/1 1174/1129/1 1173/1127/1
f 1190/1130/1 966/1123/1 1191/1126/1
f 1025/1128/1 1175/1131/1 1174/1129/1
f 1189/1132/1 966/1123/1 1190/1130/1
f 1025/1128/1 1176/1133/1 1175/1131/1
f 1025/1128/1 1177/1134/1 1176/1133/1
f 1188/1135/1 966/1123/1 1189/1132/1
f 1025/1128/1 1178/1136/1 1177/1134/1
f 1187/1137/1 966/1123/1 1188/1135/1
f 1025/1128/1 1179/1138/1 1178/1136/1
f 1025/1128/1 1180/1139/1 1179/1138/1
f 1024/1140/1 1180/1139/1 1025/1128/1
f 1186/1141/1 966/1123/1 1187/1137/1
f 1024/1140/1 1181/1142/1 1180/1139/1
f 1185/1143/1 966/1123/1 1186/1141/1
f 1024/1140/1 1182/1144/1 1181/1142/1
f 1024/1140/1 1183/1145/1 1182/1144/1
f 1184/1146/1 966/1123/1 1185/1143/1
f 1024/1140/1 1184/1146/1 1183/1145/1
f 1024/1140/1 966/1123/1 1184/1146/1
f 1023/1147/1 966/1123/1 1024/1140/1
f 1022/1148/1 966/1123/1 1023/1147/1
f 1021/1149/1 966/1123/1 1022/1148/1
f 1020/1150/1 966/1123/1 1021/1149/1
f 1019/1151/1 966/1123/1 1020/1150/1
f 1019/1151/1 967/1152/1 966/1123/1
f 965/1153/1 869/1060/1 966/1123/1
f 1018/1154/1 967/1152/1 1019/1151/1
f 1017/1155/1 967/1152/1 1018/1154/1
f 1017/1155/1 968/1156/1 967/1152/1
f 1016/1157/1 968/1156/1 1017/1155/1
f 1016/1157/1 969/1158/1 968/1156/1
f 1015/1159/1 969/1158/1 1016/1157/1
f 1015/1159/1 970/1160/1 969/1158/1
f 1014/1161/1 970/1160/1 1015/1159/1
f 1013/1162/1 970/1160/1 1014/1161/1
f 1013/1162/1 971/1163/1 970/1160/1
f 1012/1164/1 971/1163/1 1013/1162/1
f 1012/1164/1 972/1165/1 971/1163/1
f 1011/1166/1 972/1165/1 1012/1164/1
f 1011/1166/1 973/1167/1 972/1165/1
f 1010/1168/1 973/1167/1 1011/1166/1
f 1010/1168/1 974/1169/1 973/1167/1
f 1009/1170/1 974/1169/1 1010/1168/1
f 1008/1171/1 974/1169/1 1009/1170/1
f 1008/1171/1 975/1172/1 974/1169/1
f 1007/1173/1 975/1172/1 1008/1171/1
f 1007/1173/1 976/1174/1 975/1172/1
f 1006/1175/1 976/1174/1 1007/1173/1
f 964/1176/1 869/1060/1 965/1153/1
f 964/1176/1 870/1177/1 869/1060/1
f 963/1178/1 870/1177/1 964/1176/1
f 963/1178/1 871/1179/1 870/1177/1
f 1006/1175/1 977/1180/1 976/1174/1
f 962/1181/1 871/1179/1 963/1178/1
f 962/1181/1 872/1182/1 871/1179/1
f 1005/1183/1 977/1180/1 1006/1175/1
f 961/1184/1 872/1182/1 962/1181/1
f 961/1184/1 873/1185/1 872/1182/1
f 960/1186/1 873/1185/1 961/1184/1
f 960/1186/1 874/1187/1 873/1185/1
f 959/1188/1 874/1187/1 960/1186/1
f 959/1188/1 875/1189/1 874/1187/1
f 958/1190/1 875/1189/1 959/1188/1
f 958/1190/1 876/1191/1 875/1189/1
f 1005/1183/1 978/1192/1 977/1180/1
f 1004/1193/1 978/1192/1 1005/1183/1
f 957/1194/1 876/1191/1 958/1190/1
f 957/1194/1 877/1195/1 876/1191/1
f 956/1196/1 877/1195/1 957/1194/1
f 956/1196/1 878/1197/1 877/1195/1
f 955/1198/1 878/1197/1 956/1196/1
f 955/1198/1 879/1199/1 878/1197/1
f 954/1200/1 879/1199/1 955/1198/1
f 954/1200/1 880/1201/1 879/1199/1
f 953/1202/1 880/1201/1 954/1200/1
f 953/1202/1 881/1203/1 880/1201/1
f 1003/1204/1 978/1192/1 1004/1193/1
f 1003/1204/1 979/1205/1 978/1192/1
f 952/1206/1 881/1203/1 953/1202/1
f 952/1206/1 882/1207/1 881/1203/1
f 951/1208/1 882/1207/1 952/1206/1
f 951/1208/1 883/1209/1 882/1207/1
f 950/1210/1 883/1209/1 951/1208/1
f 950/1210/1 884/1211/1 883/1209/1
f 949/1212/1 884/1211/1 950/1210/1
f 949/1212/1 885/1213/1 884/1211/1
f 1002/1214/1 979/1205/1 1003/1204/1
f 948/1215/1 885/1213/1 949/1212/1
f 948/1215/1 886/1216/1 885/1213/1
f 947/1217/1 886/1216/1 948/1215/1
f 947/1217/1 887/1218/1 886/1216/1
f 1002/1214/1 980/1219/1 979/1205/1
f 946/1220/1 887/1218/1 947/1217/1
f 946/1220/1 888/1221/1 887/1218/1
f 945/1222/1 888/1221/1 946/1220/1
f 945/1222/1 889/1223/1 888/1221/1
f 944/1224/1 889/1223/1 945/1222/1
f 944/1224/1 890/1225/1 889/1223/1
f 1001/1226/1 980/1219/1 1002/1214/1
f 943/1227/1 890/1225/1 944/1224/1
f 943/1227/1 891/1228/1 890/1225/1
f 942/1229/1 891/1228/1 943/1227/1
f 942/1229/1 892/1230/1 891/1228/1
f 941/1231/1 892/1230/1 942/1229/1
f 941/1231/1 893/1232/1 892/1230/1
f 1001/1226/1 981/1233/1 980/1219/1
f 940/1234/1 893/1232/1 941/1231/1
f 940/1234/1 894/1235/1 893/1232/1
f 939/1236/1 894/1235/1 940/1234/1
f 939/1236/1 895/1237/1 894/1235/1
f 938/1238/1 895/1237/1 939/1236/1
f 938/1238/1 896/1239/1 895/1237/1
f 1000/1240/1 981/1233/1 1001/1226/1
f 937/1241/1 896/1239/1 938/1238/1
f 937/1241/1 897/1242/1 896/1239/1
f 936/1243/1 897/1242/1 937/1241/1
f 936/1243/1 898/1244/1 897/1242/1
f 935/1245/1 898/1244/1 936/1243/1
f 935/1245/1 899/1246/1 898/1244/1
f 934/1247/1 899/1246/1 935/1245/1
f 934/1247/1 900/1248/1 899/1246/1
f 1000/1240/1 982/1249/1 981/1233/1
f 933/1250/1 900/1248/1 934/1247/1
f 933/1250/1 901/1251/1 900/1248/1
f 932/1252/1 901/1251/1 933/1250/1
f 932/1252/1 902/1253/1 901/1251/1
f 931/1254/1 902/1253/1 932/1252/1
f 931/1254/1 903/1255/1 902/1253/1
f 999/1256/1 982/1249/1 1000/1240/1
f 930/1257/1 903/1255/1 931/1254/1
f 930/1257/1 904/1258/1 903/1255/1
f 929/1259/1 904/1258/1 930/1257/1
f 929/1259/1 905/1260/1 904/1258/1
f 928/1261/1 905/1260/1 929/1259/1
f 928/1261/1 906/1262/1 905/1260/1
f 927/1263/1 906/1262/1 928/1261/1
f 927/1263/1 907/1264/1 906/1262/1
f 926/1265/1 907/1264/1 927/1263/1
f 926/1265/1 908/1266/1 907/1264/1
f 925/1267/1 908/1266/1 926/1265/1
f 925/1267/1 909/1268/1 908/1266/1
f 924/1269/1 909/1268/1 925/1267/1
f 924/1269/1 910/1270/1 909/1268/1
f 923/1271/1 910/1270/1 924/1269/1
f 923/1271/1 911/1272/1 910/1270/1
f 999/1256/1 983/1273/1 982/1249/1
f 922/1274/1 911/1272/1 923/1271/1
f 922/1274/1 912/1275/1 911/1272/1
f 921/1276/1 912/1275/1 922/1274/1
f 921/1276/1 913/1277/1 912/1275/1
f 920/1278/1 913/1277/1 921/1276/1
f 920/1278/1 914/1279/1 913/1277/1
f 919/1280/1 914/1279/1 920/1278/1
f 919/1280/1 915/1281/1 914/1279/1
f 918/1282/1 915/1281/1 919/1280/1
f 918/1282/1 916/1283/1 915/1281/1
f 917/1284/1 916/1283/1 918/1282/1
f 998/1285/1 983/1273/1 999/1256/1
f 998/1285/1 984/1286/1 983/1273/1
f 997/1287/1 984/1286/1 998/1285/1
f 996/1288/1 984/1286/1 997/1287/1
f 996/1288/1 985/1289/1 984/1286/1
f 995/1290/1 985/1289/1 996/1288/1
f 995/1290/1 986/1291/1 985/1289/1
f 994/1292/1 986/1291/1 995/1290/1
f 994/1292/1 987/1293/1 986/1291/1
f 993/1294/1 987/1293/1 994/1292/1
f 993/1294/1 988/1295/1 987/1293/1
f 992/1296/1 988/1295/1 993/1294/1
f 992/1296/1 989/1297/1 988/1295/1
f 991/1298/1 989/1297/1 992/1296/1
f 991/1298/1 990/1299/1 989/1297/1
f 1546/1300/1 1548/1301/1 1547/1302/1
f 1545/1303/1 1548/1301/1 1546/1300/1
f 1545/1303/1 1549/1304/1 1548/1301/1
f 1544/1305/1 1549/1304/1 1545/1303/1
f 1544/1305/1 1550/1306/1 1549/1304/1
f 1543/1307/1 1550/1306/1 1544/1305/1
f 1543/1307/1 1551/1308/1 1550/1306/1
f 1542/1309/1 1551/1308/1 1543/1307/1
f 1542/1309/1 1552/1310/1 1551/1308/1
f 1541/1311/1 1552/1310/1 1542/1309/1
f 1541/1311/1 1553/1312/1 1552/1310/1
f 1540/1313/1 1553/1312/1 1541/1311/1
f 1540/1313/1 1554/1314/1 1553/1312/1
f 1539/1315/1 1554/1314/1 1540/1313/1
f 1539/1315/1 1555/1316/1 1554/1314/1
f 1538/1317/1 1555/1316/1 1539/1315/1
f 1538/1317/1 1556/1318/1 1555/1316/1
f 1537/1319/1 1556/1318/1 1538/1317/1
f 1537/1319/1 1557/1320/1 1556/1318/1
f 1536/1321/1 1557/1320/1 1537/1319/1
f 1536/1321/1 1558/1322/1 1557/1320/1
f 1535/1323/1 1558/1322/1 1536/1321/1
f 1535/1323/1 1559/1324/1 1558/1322/1
f 1534/1325/1 1559/1324/1 1535/1323/1
f 1534/1325/1 1560/1326/1 1559/1324/1
f 1533/1327/1 1560/1326/1 1534/1325/1
f 1533/1327/1 1561/1328/1 1560/1326/1
f 1532/1329/1 1561/1328/1 1533/1327/1
f 1532/1329/1 1562/1330/1 1561/1328/1
f 1531/1331/1 1562/1330/1 1532/1329/1
f 1531/1331/1 1563/1332/1 1562/1330/1
f 1530/1333/1 1563/1332/1 1531/1331/1
f 1530/1333/1 1564/1334/1 1563/1332/1
f 1529/1335/1 1564/1334/1 1530/1333/1
f 1529/1335/1 1565/1336/1 1564/1334/1
f 1528/1337/1 1565/1336/1 1529/1335/1
f 1528/1337/1 1566/1338/1 1565/1336/1
f 1527/1339/1 1566/1338/1 1528/1337/1
f 1527/1339/1 1567/1340/1 1566/1338/1
f 1526/1341/1 1567/1340/1 1527/1339/1
f 1526/1341/1 1568/1342/1 1567/1340/1
f 1525/1343/1 1568/1342/1 1526/1341/1
f 1525/1343/1 1569/1344/1 1568/1342/1
f 1524/1345/1 1569/1344/1 1525/1343/1
f 1524/1345/1 1570/1346/1 1569/1344/1
f 1523/1347/1 1570/1346/1 1524/1345/1
f 1523/1347/1 1571/1348/1 1570/1346/1
f 1522/1349/1 1571/1348/1 1523/1347/1
f 1522/1349/1 1572/1350/1 1571/1348/1
f 1521/1351/1 1572/1350/1 1522/1349/1
f 1521/1351/1 1573/1352/1 1572/1350/1
f 1520/1353/1 1573/1352/1 1521/1351/1
f 1520/1353/1 1574/1354/1 1573/1352/1
f 1519/1355/1 1574/1354/1 1520/1353/1
f 1519/1355/1 1575/1356/1 1574/1354/1
f 1518/1357/1 1575/1356/1 1519/1355/1
f 1518/1357/1 1576/1358/1 1575/1356/1
f 1517/1359/1 1576/1358/1 1518/1357/1
f 1517/1359/1 1577/1360/1 1576/1358/1
f 1516/1361/1 1577/1360/1 1517/1359/1
f 1516/1361/1 1578/1362/1 1577/1360/1
f 1515/1363/1 1578/1362/1 1516/1361/1
f 1515/1363/1 1579/1364/1 1578/1362/1
f 1515/1363/1 1580/1365/1 1579/1364/1
f 1514/1366/1 1580/1365/1 1515/1363/1
f 1514/1366/1 1581/1367/1 1580/1365/1
f 1513/1368/1 1581/1367/1 1514/1366/1
f 1513/1368/1 1582/1369/1 1581/1367/1
f 1512/1370/1 1582/1369/1 1513/1368/1
f 1512/1370/1 1583/1371/1 1582/1369/1
f 1511/1372/1 1583/1371/1 1512/1370/1
f 1510/1373/1 1583/1371/1 1511/1372/1
f 1510/1373/1 1584/1374/1 1583/1371/1
f 1509/1375/1 1584/1374/1 1510/1373/1
f 1509/1375/1 1585/1376/1 1584/1374/1
f 1508/1377/1 1585/1376/1 1509/1375/1
f 1508/1377/1 1586/1378/1 1585/1376/1
f 1507/1379/1 1586/1378/1 1508/1377/1
f 1507/1379/1 1587/1380/1 1586/1378/1
f 1506/1381/1 1587/1380/1 1507/1379/1
f 1506/1381/1 1588/1382/1 1587/1380/1
f 1505/1383/1 1588/1382/1 1506/1381/1
f 1505/1383/1 1589/1384/1 1588/1382/1
f 1504/1385/1 1589/1384/1 1505/1383/1
f 1504/1385/1 1590/1386/1 1589/1384/1
f 1503/1387/1 1590/1386/1 1504/1385/1
f 1503/1387/1 1591/1388/1 1590/1386/1
f 1502/1389/1 1591/1388/1 1503/1387/1
f 1502/1389/1 1592/1390/1 1591/1388/1
f 1501/1391/1 1592/1390/1 1502/1389/1
f 1501/1391/1 1593/1392/1 1592/1390/1
f 1500/1393/1 1593/1392/1 1501/1391/1
f 1500/1393/1 1594/235/1 1593/1392/1
f 1499/1394/1 1594/235/1 1500/1393/1
f 1499/1394/1 1401/1395/1 1594/235/1
f 1498/1396/1 1401/1395/1 1499/1394/1
f 1498/1396/1 1402/1397/1 1401/1395/1
f 1497/1398/1 1402/1397/1 1498/1396/1
f 1497/1398/1 1403/1399/1 1402/1397/1
f 1496/1400/1 1403/1399/1 1497/1398/1
f 1496/1400/1 1404/1401/1 1403/1399/1
f 1495/1402/1 1404/1401/1 1496/1400/1
f 1495/1402/1 1405/1403/1 1404/1401/1
f 1494/1404/1 1405/1403/1 1495/1402/1
f 1494/1404/1 1406/1405/1 1405/1403/1
f 1493/1406/1 1406/1405/1 1494/1404/1
f 1493/1406/1 1407/1407/1 1406/1405/1
f 1492/1408/1 1407/1407/1 1493/1406/1
f 1492/1408/1 1408/1409/1 1407/1407/1
f 1491/1410/1 1408/1409/1 1492/1408/1
f 1491/1410/1 1409/1411/1 1408/1409/1
f 1490/1412/1 1409/1411/1 1491/1410/1
f 1490/1412/1 1410/1413/1 1409/1411/1
f 1489/1414/1 1410/1413/1 1490/1412/1
f 1489/1414/1 1411/1415/1 1410/1413/1
f 1488/1416/1 1411/1415/1 1489/1414/1
f 1488/1416/1 1412/1417/1 1411/1415/1
f 1487/1418/1 1412/1417/1 1488/1416/1
f 1487/1418/1 1413/1419/1 1412/1417/1
f 1486/1420/1 1413/1419/1 1487/1418/1
f 1486/1420/1 1414/1421/1 1413/1419/1
f 1485/1422/1 1414/1421/1 1486/1420/1
f 1485/1422/1 1415/1423/1 1414/1421/1
f 1484/1424/1 1415/1423/1 1485/1422/1
f 1484/1424/1 1416/1425/1 1415/1423/1
f 1483/1426/1 1416/1425/1 1484/1424/1
f 1483/1426/1 1417/1427/1 1416/1425/1
f 1482/1428/1 1417/1427/1 1483/1426/1
f 1482/1428/1 1418/1429/1 1417/1427/1
f 1481/1430/1 1418/1429/1 1482/1428/1
f 1481/1430/1 1419/1431/1 1418/1429/1
f 1480/1432/1 1419/1431/1 1481/1430/1
f 1480/1432/1 1420/1433/1 1419/1431/1
f 1479/1434/1 1420/1433/1 1480/1432/1
f 1479/1434/1 1421/1435/1 1420/1433/1
f 1478/1436/1 1421/1435/1 1479/1434/1
f 1478/1436/1 1422/1437/1 1421/1435/1
f 1477/1438/1 1422/1437/1 1478/1436/1
f 1477/1438/1 1423/1439/1 1422/1437/1
f 1476/1440/1 1423/1439/1 1477/1438/1
f 1476/1440/1 1424/1441/1 1423/1439/1
f 1475/1442/1 1424/1441/1 1476/1440/1
f 1475/1442/1 1425/1443/1 1424/1441/1
f 1474/1444/1 1425/1443/1 1475/1442/1
f 1474/1444/1 1426/1445/1 1425/1443/1
f 1473/1446/1 1426/1445/1 1474/1444/1
f 1473/1446/1 1427/1447/1 1426/1445/1
f 1472/1448/1 1427/1447/1 1473/1446/1
f 1472/1448/1 1428/1449/1 1427/1447/1
f 1471/1450/1 1428/1449/1 1472/1448/1
f 1471/1450/1 1429/1451/1 1428/1449/1
f 1470/1452/1 1429/1451/1 1471/1450/1
f 1470/1452/1 1430/1453/1 1429/1451/1
f 1469/1454/1 1430/1453/1 1470/1452/1
f 1469/1454/1 1431/1455/1 1430/1453/1
f 1468/1456/1 1431/1455/1 1469/1454/1
f 1468/1456/1 1432/1457/1 1431/1455/1
f 1467/1458/1 1432/1457/1 1468/1456/1
f 1467/1458/1 1433/1459/1 1432/1457/1
f 1466/1460/1 1433/1459/1 1467/1458/1
f 1466/1460/1 1434/1461/1 1433/1459/1
f 1465/1462/1 1434/1461/1 1466/1460/1
f 1465/1462/1 1435/1463/1 1434/1461/1
f 1464/1464/1 1435/1463/1 1465/1462/1
f 1464/1464/1 1436/1465/1 1435/1463/1
f 1463/1466/1 1436/1465/1 1464/1464/1
f 1463/1466/1 1437/1467/1 1436/1465/1
f 1462/1468/1 1437/1467/1 1463/1466/1
f 1462/1468/1 1438/1469/1 1437/1467/1
f 1461/1470/1 1438/1469/1 1462/1468/1
f 1461/1470/1 1439/1471/1 1438/1469/1
f 1460/1472/1 1439/1471/1 1461/1470/1
f 1460/1472/1 1440/1473/1 1439/1471/1
f 1459/1474/1 1440/1473/1 1460/1472/1
f 1459/1474/1 1441/1475/1 1440/1473/1
f 1458/1476/1 1441/1475/1 1459/1474/1
f 1458/1476/1 1442/1477/1 1441/1475/1
f 1457/1478/1 1442/1477/1 1458/1476/1
f 1457/1478/1 1443/1479/1 1442/1477/1
f 1456/1480/1 1443/1479/1 1457/1478/1
f 1456/1480/1 1444/1481/1 1443/1479/1
f 1455/1482/1 1444/1481/1 1456/1480/1
f 1455/1482/1 1445/1483/1 1444/1481/1
f 1454/1484/1 1445/1483/1 1455/1482/1
f 1454/1484/1 1446/1485/1 1445/1483/1
f 1453/1486/1 1446/1485/1 1454/1484/1
f 1453/1486/1 1447/1487/1 1446/1485/1
f 1452/1488/1 1447/1487/1 1453/1486/1
f 1452/1488/1 1448/1489/1 1447/1487/1
f 1451/1490/1 1448/1489/1 1452/1488/1
f 1451/1490/1 1449/1491/1 1448/1489/1
f 1450/1492/1 1449/1491/1 1451/1490/1
f 1388/1493/1 1390/1494/1 1389/1495/1
f 1388/1493/1 1391/1496/1 1390/1494/1
f 1387/1497/1 1391/1496/1 1388/1493/1
f 1387/1497/1 1392/1498/1 1391/1496/1
f 1386/1499/1 1392/1498/1 1387/1497/1
f 1386/1499/1 1393/1500/1 1392/1498/1
f 1385/1501/1 1393/1500/1 1386/1499/1
f 1385/1501/1 1394/1502/1 1393/1500/1
f 1384/1503/1 1394/1502/1 1385/1501/1
f 1384/1503/1 1395/1504/1 1394/1502/1
f 1383/1505/1 1395/1504/1 1384/1503/1
f 1383/1505/1 1396/1506/1 1395/1504/1
f 1382/1507/1 1396/1506/1 1383/1505/1
f 1382/1507/1 1397/1508/1 1396/1506/1
f 1381/1509/1 1397/1508/1 1382/1507/1
f 1381/1509/1 1398/1510/1 1397/1508/1
f 1380/1511/1 1398/1510/1 1381/1509/1
f 1380/1511/1 1399/1512/1 1398/1510/1
f 1379/1513/1 1399/1512/1 1380/1511/1
f 1379/1513/1 1400/1514/1 1399/1512/1
f 1378/1515/1 1400/1514/1 1379/1513/1
f 1378/1515/1 1305/117/1 1400/1514/1
f 1377/1516/1 1305/117/1 1378/1515/1
f 1377/1516/1 1306/1517/1 1305/117/1
f 1376/1518/1 1306/1517/1 1377/1516/1
f 1376/1518/1 1307/1519/1 1306/1517/1
f 1375/1520/1 1307/1519/1 1376/1518/1
f 1375/1520/1 1308/1521/1 1307/1519/1
f 1374/1522/1 1308/1521/1 1375/1520/1
f 1374/1522/1 1309/1523/1 1308/1521/1
f 1373/1524/1 1309/1523/1 1374/1522/1
f 1373/1524/1 1310/1525/1 1309/1523/1
f 1372/1526/1 1310/1525/1 1373/1524/1
f 1372/1526/1 1311/1527/1 1310/1525/1
f 1371/1528/1 1311/1527/1 1372/1526/1
f 1371/1528/1 1312/1529/1 1311/1527/1
f 1370/1530/1 1312/1529/1 1371/1528/1
f 1370/1530/1 1313/1531/1 1312/1529/1
f 1369/1532/1 1313/1531/1 1370/1530/1
f 1369/1532/1 1314/1533/1 1313/1531/1
f 1368/1534/1 1314/1533/1 1369/1532/1
f 1368/1534/1 1315/1535/1 1314/1533/1
f 1367/1536/1 1315/1535/1 1368/1534/1
f 1367/1536/1 1316/1537/1 1315/1535/1
f 1366/1538/1 1316/1537/1 1367/1536/1
f 1366/1538/1 1317/1539/1 1316/1537/1
f 1365/1540/1 1317/1539/1 1366/1538/1
f 1365/1540/1 1318/1541/1 1317/1539/1
f 1364/1542/1 1318/1541/1 1365/1540/1
f 1364/1542/1 1319/1543/1 1318/1541/1
f 1363/1544/1 1319/1543/1 1364/1542/1
f 1363/1544/1 1320/1545/1 1319/1543/1
f 1362/1546/1 1320/1545/1 1363/1544/1
f 1362/1546/1 1321/1547/1 1320/1545/1
f 1361/1548/1 1321/1547/1 1362/1546/1
f 1361/1548/1 1322/1549/1 1321/1547/1
f 1360/1550/1 1322/1549/1 1361/1548/1
f 1360/1550/1 1323/1551/1 1322/1549/1
f 1359/1552/1 1323/1551/1 1360/1550/1
f 1359/1552/1 1324/1553/1 1323/1551/1
f 1358/1554/1 1324/1553/1 1359/1552/1
f 1358/1554/1 1325/1555/1 1324/1553/1
f 1357/1556/1 1325/1555/1 1358/1554/1
f 1357/1556/1 1326/1557/1 1325/1555/1
f 1356/1558/1 1326/1557/1 1357/1556/1
f 1356/1558/1 1327/1559/1 1326/1557/1
f 1355/1560/1 1327/1559/1 1356/1558/1
f 1355/1560/1 1328/1561/1 1327/1559/1
f 1354/1562/1 1328/1561/1 1355/1560/1
f 1354/1562/1 1329/1563/1 1328/1561/1
f 1353/1564/1 1329/1563/1 1354/1562/1
f 1353/1564/1 1330/1565/1 1329/1563/1
f 1352/1566/1 1330/1565/1 1353/1564/1
f 1352/1566/1 1331/1567/1 1330/1565/1
f 1351/1568/1 1331/1567/1 1352/1566/1
f 1351/1568/1 1332/1569/1 1331/1567/1
f 1350/1570/1 1332/1569/1 1351/1568/1
f 1350/1570/1 1333/1571/1 1332/1569/1
f 1349/1572/1 1333/1571/1 1350/1570/1
f 1349/1572/1 1334/1573/1 1333/1571/1
f 1348/1574/1 1334/1573/1 1349/1572/1
f 1348/1574/1 1335/1575/1 1334/1573/1
f 1347/1576/1 1335/1575/1 1348/1574/1
f 1347/1576/1 1336/1577/1 1335/1575/1
f 1346/1578/1 1336/1577/1 1347/1576/1
f 1346/1578/1 1337/1579/1 1336/1577/1
f 1345/1580/1 1337/1579/1 1346/1578/1
f 1345/1580/1 1338/1581/1 1337/1579/1
f 1344/1582/1 1338/1581/1 1345/1580/1
f 1344/1582/1 1339/1583/1 1338/1581/1
f 1343/1584/1 1339/1583/1 1344/1582/1
f 1343/1584/1 1340/1585/1 1339/1583/1
f 1342/1586/1 1340/1585/1 1343/1584/1
f 1342/1586/1 1341/1587/1 1340/1585/1
f 2006/1588/1 2008/1589/1 2007/1590/1
f 2005/1591/1 2008/1589/1 2006/1588/1
f 2005/1591/1 2009/1592/1 2008/1589/1
f 2004/1593/1 2009/1592/1 2005/1591/1
f 2004/1593/1 2010/1594/1 2009/1592/1
f 2003/1595/1 2010/1594/1 2004/1593/1
f 2002/1596/1 2010/1594/1 2003/1595/1
f 2002/1596/1 2011/1597/1 2010/1594/1
f 2001/1598/1 2011/1597/1 2002/1596/1
f 2001/1598/1 2012/1599/1 2011/1597/1
f 2000/1600/1 2012/1599/1 2001/1598/1
f 1999/1601/1 2012/1599/1 2000/1600/1
f 1999/1601/1 2013/1602/1 2012/1599/1
f 1998/1603/1 2013/1602/1 1999/1601/1
f 1998/1603/1 2014/1604/1 2013/1602/1
f 1997/1605/1 2014/1604/1 1998/1603/1
f 1996/1606/1 2014/1604/1 1997/1605/1
f 1996/1606/1 2015/1607/1 2014/1604/1
f 1995/1608/1 2015/1607/1 1996/1606/1
f 1995/1608/1 2016/1609/1 2015/1607/1
f 1994/1610/1 2016/1609/1 1995/1608/1
f 1993/1611/1 2016/1609/1 1994/1610/1
f 1993/1611/1 2017/1612/1 2016/1609/1
f 1992/1613/1 2017/1612/1 1993/1611/1
f 1992/1613/1 2018/1614/1 2017/1612/1
f 1991/1615/1 2018/1614/1 1992/1613/1
f 1990/1616/1 2018/1614/1 1991/1615/1
f 1990/1616/1 2019/1617/1 2018/1614/1
f 1989/1618/1 2019/1617/1 1990/1616/1
f 1988/1619/1 2019/1617/1 1989/1618/1
f 1988/1619/1 2020/1620/1 2019/1617/1
f 1987/1621/1 2020/1620/1 1988/1619/1
f 1987/1621/1 2021/1622/1 2020/1620/1
f 1986/1623/1 2021/1622/1 1987/1621/1
f 1985/1624/1 2021/1622/1 1986/1623/1
f 1985/1624/1 2022/1625/1 2021/1622/1
f 1984/1626/1 2022/1625/1 1985/1624/1
f 1983/1627/1 2022/1625/1 1984/1626/1
f 1983/1627/1 2023/1628/1 2022/1625/1
f 1982/1629/1 2023/1628/1 1983/1627/1
f 1981/1630/1 2023/1628/1 1982/1629/1
f 1981/1630/1 2024/1631/1 2023/1628/1
f 1980/1632/1 2024/1631/1 1981/1630/1
f 1980/1632/1 2025/1633/1 2024/1631/1
f 1979/1634/1 2025/1633/1 1980/1632/1
f 1978/1635/1 2025/1633/1 1979/1634/1
f 1978/1635/1 2026/1636/1 2025/1633/1
f 1977/1637/1 2026/1636/1 1978/1635/1
f 1976/1638/1 2026/1636/1 1977/1637/1
f 1976/1638/1 2027/1639/1 2026/1636/1
f 1975/1640/1 2027/1639/1 1976/1638/1
f 1974/1641/1 2027/1639/1 1975/1640/1
f 1974/1641/1 2028/1642/1 2027/1639/1
f 1973/1643/1 2028/1642/1 1974/1641/1
f 1972/1644/1 2028/1642/1 1973/1643/1
f 1971/1645/1 2028/1642/1 1972/1644/1
f 1971/1645/1 2029/1646/1 2028/1642/1
f 1970/1647/1 2029/1646/1 1971/1645/1
f 1969/1648/1 2029/1646/1 1970/1647/1
f 1969/1648/1 2030/1649/1 2029/1646/1
f 1968/1650/1 2030/1649/1 1969/1648/1
f 1967/1651/1 2030/1649/1 1968/1650/1
f 1967/1651/1 2031/1652/1 2030/1649/1
f 1966/1653/1 2031/1652/1 1967/1651/1
f 1965/1654/1 2031/1652/1 1966/1653/1
f 1964/1655/1 2031/1652/1 1965/1654/1
f 1964/1655/1 2032/1656/1 2031/1652/1
f 1963/1657/1 2032/1656/1 1964/1655/1
f 1962/1658/1 2032/1656/1 1963/1657/1
f 1962/1658/1 2033/1659/1 2032/1656/1
f 1961/1660/1 2033/1659/1 1962/1658/1
f 1960/1661/1 2033/1659/1 1961/1660/1
f 1959/1662/1 2033/1659/1 1960/1661/1
f 1959/1662/1 2034/1663/1 2033/1659/1
f 1958/1664/1 2034/1663/1 1959/1662/1
f 1957/1665/1 2034/1663/1 1958/1664/1
f 1956/1666/1 2034/1663/1 1957/1665/1
f 1955/1667/1 2034/1663/1 1956/1666/1
f 1955/1667/1 2035/1668/1 2034/1663/1
f 1954/1669/1 2035/1668/1 1955/1667/1
f 1953/1670/1 2035/1668/1 1954/1669/1
f 1952/1671/1 2035/1668/1 1953/1670/1
f 1952/1671/1 2036/1672/1 2035/1668/1
f 1951/1673/1 2036/1672/1 1952/1671/1
f 1950/1674/1 2036/1672/1 1951/1673/1
f 1949/1675/1 2036/1672/1 1950/1674/1
f 1949/1675/1 2037/1676/1 2036/1672/1
f 1948/1677/1 2037/1676/1 1949/1675/1
f 1947/1678/1 2037/1676/1 1948/1677/1
f 1946/1679/1 2037/1676/1 1947/1678/1
f 1946/1679/1 2038/1680/1 2037/1676/1
f 1945/1681/1 2038/1680/1 1946/1679/1
f 1944/1682/1 2038/1680/1 1945/1681/1
f 1943/1683/1 2038/1680/1 1944/1682/1
f 1943/1683/1 2039/1684/1 2038/1680/1
f 1942/1685/1 2039/1684/1 1943/1683/1
f 1941/1686/1 2039/1684/1 1942/1685/1
f 1941/1686/1 2040/1687/1 2039/1684/1
f 1940/1688/1 2040/1687/1 1941/1686/1
f 1939/1689/1 2040/1687/1 1940/1688/1
f 1938/1690/1 2040/1687/1 1939/1689/1
f 1938/1690/1 2041/1691/1 2040/1687/1
f 1937/1692/1 2041/1691/1 1938/1690/1
f 1936/1693/1 2041/1691/1 1937/1692/1
f 1936/1693/1 2042/1694/1 2041/1691/1
f 1935/1695/1 2042/1694/1 1936/1693/1
f 1934/1696/1 2042/1694/1 1935/1695/1
f 1934/1696/1 2043/1697/1 2042/1694/1
f 1933/1698/1 2043/1697/1 1934/1696/1
f 1932/1699/1 1839/1700/1 1933/1698/1
f 1839/1700/1 2043/1697/1 1933/1698/1
f 1932/1699/1 1840/1701/1 1839/1700/1
f 1838/1702/1 2043/1697/1 1839/1700/1
f 1837/1703/1 2043/1697/1 1838/1702/1
f 1932/1699/1 1841/1704/1 1840/1701/1
f 1931/1705/1 1841/1704/1 1932/1699/1
f 1836/1706/1 2043/1697/1 1837/1703/1
f 1931/1705/1 1842/1707/1 1841/1704/1
f 1835/1708/1 2043/1697/1 1836/1706/1
f 1931/1705/1 1843/1709/1 1842/1707/1
f 1834/1710/1 2043/1697/1 1835/1708/1
f 1931/1705/1 1844/1711/1 1843/1709/1
f 1833/1712/1 2043/1697/1 1834/1710/1
f 1833/1712/1 2044/1713/1 2043/1697/1
f 1931/1705/1 1845/1714/1 1844/1711/1
f 1832/1715/1 2044/1713/1 1833/1712/1
f 1831/1716/1 2044/1713/1 1832/1715/1
f 1931/1705/1 1846/1717/1 1845/1714/1
f 1930/1718/1 1846/1717/1 1931/1705/1
f 1830/1719/1 2044/1713/1 1831/1716/1
f 1930/1718/1 1847/1720/1 1846/1717/1
f 1829/1721/1 2044/1713/1 1830/1719/1
f 1930/1718/1 1848/1722/1 1847/1720/1
f 1828/1723/1 2044/1713/1 1829/1721/1
f 1929/1724/1 1848/1722/1 1930/1718/1
f 1929/1724/1 1849/1725/1 1848/1722/1
f 1827/1726/1 2044/1713/1 1828/1723/1
f 1929/1724/1 1850/1727/1 1849/1725/1
f 1826/1728/1 2044/1713/1 1827/1726/1
f 1928/1729/1 1850/1727/1 1929/1724/1
f 1825/1730/1 2044/1713/1 1826/1728/1
f 1928/1729/1 1851/1731/1 1850/1727/1
f 1825/1730/1 2045/1732/1 2044/1713/1
f 1824/1733/1 2045/1732/1 1825/1730/1
f 1928/1729/1 1852/1734/1 1851/1731/1
f 1927/1735/1 1852/1734/1 1928/1729/1
f 1823/1736/1 2045/1732/1 1824/1733/1
f 1927/1735/1 1853/1737/1 1852/1734/1
f 1822/1738/1 2045/1732/1 1823/1736/1
f 1926/1739/1 1853/1737/1 1927/1735/1
f 1926/1739/1 1854/1740/1 1853/1737/1
f 1821/1741/1 2045/1732/1 1822/1738/1
f 1926/1739/1 1855/1742/1 1854/1740/1
f 1925/1743/1 1855/1742/1 1926/1739/1
f 1820/1744/1 2045/1732/1 1821/1741/1
f 1925/1743/1 1856/1745/1 1855/1742/1
f 1924/1746/1 1856/1745/1 1925/1743/1
f 1820/1744/1 2046/1747/1 2045/1732/1
f 1819/1748/1 2046/1747/1 1820/1744/1
f 1924/1746/1 1857/1749/1 1856/1745/1
f 1923/1750/1 1857/1749/1 1924/1746/1
f 1818/1751/1 2046/1747/1 1819/1748/1
f 1923/1750/1 1858/1752/1 1857/1749/1
f 1922/1753/1 1858/1752/1 1923/1750/1
f 1817/1754/1 2046/1747/1 1818/1751/1
f 1922/1753/1 1859/1755/1 1858/1752/1
f 1922/1753/1 1860/1756/1 1859/1755/1
f 1921/1757/1 1860/1756/1 1922/1753/1
f 1816/1758/1 2046/1747/1 1817/1754/1
f 1921/1757/1 1861/1759/1 1860/1756/1
f 1816/1758/1 2047/1760/1 2046/1747/1
f 1920/1761/1 1861/1759/1 1921/1757/1
f 1815/1762/1 2047/1760/1 1816/1758/1
f 1920/1761/1 1862/1763/1 1861/1759/1
f 1919/1764/1 1862/1763/1 1920/1761/1
f 1814/1765/1 2047/1760/1 1815/1762/1
f 1919/1764/1 1863/1766/1 1862/1763/1
f 1918/1767/1 1863/1766/1 1919/1764/1
f 1813/1768/1 2047/1760/1 1814/1765/1
f 1918/1767/1 1864/1769/1 1863/1766/1
f 1917/1770/1 1864/1769/1 1918/1767/1
f 1917/1770/1 1865/1771/1 1864/1769/1
f 1812/1772/1 2047/1760/1 1813/1768/1
f 1916/1773/1 1865/1771/1 1917/1770/1
f 1812/1772/1 2048/1774/1 2047/1760/1
f 1916/1773/1 1866/1775/1 1865/1771/1
f 1915/1776/1 1866/1775/1 1916/1773/1
f 1811/1777/1 2048/1774/1 1812/1772/1
f 1915/1776/1 1867/1778/1 1866/1775/1
f 1914/1779/1 1867/1778/1 1915/1776/1
f 1914/1779/1 1868/1780/1 1867/1778/1
f 1913/1781/1 1868/1780/1 1914/1779/1
f 1810/1782/1 2048/1774/1 1811/1777/1
f 1912/1783/1 1868/1780/1 1913/1781/1
f 1912/1783/1 1869/1784/1 1868/1780/1
f 1809/1785/1 2048/1774/1 1810/1782/1
f 1911/1786/1 1869/1784/1 1912/1783/1
f 1911/1786/1 1870/1787/1 1869/1784/1
f 1809/1785/1 2049/1788/1 2048/1774/1
f 1910/1789/1 1870/1787/1 1911/1786/1
f 1910/1789/1 1871/1790/1 1870/1787/1
f 1808/1791/1 2049/1788/1 1809/1785/1
f 1909/1792/1 1871/1790/1 1910/1789/1
f 1909/1792/1 1872/1793/1 1871/1790/1
f 1908/1794/1 1872/1793/1 1909/1792/1
f 1908/1794/1 1873/1795/1 1872/1793/1
f 1807/1796/1 2049/1788/1 1808/1791/1
f 1907/1797/1 1873/1795/1 1908/1794/1
f 1906/1798/1 1873/1795/1 1907/1797/1
f 1906/1798/1 1874/1799/1 1873/1795/1
f 1905/1800/1 1874/1799/1 1906/1798/1
f 1905/1800/1 1875/1801/1 1874/1799/1
f 1806/1802/1 2049/1788/1 1807/1796/1
f 1904/1803/1 1875/1801/1 1905/1800/1
f 1806/1802/1 2050/1804/1 2049/1788/1
f 1904/1803/1 1876/1805/1 1875/1801/1
f 1903/1806/1 1876/1805/1 1904/1803/1
f 1902/1807/1 1876/1805/1 1903/1806/1
f 1902/1807/1 1877/1808/1 1876/1805/1
f 1805/1809/1 2050/1804/1 1806/1802/1
f 1901/1810/1 1877/1808/1 1902/1807/1
f 1901/1810/1 1878/1811/1 1877/1808/1
f 1900/1812/1 1878/1811/1 1901/1810/1
f 1899/1813/1 1878/1811/1 1900/1812/1
f 1899/1813/1 1879/1814/1 1878/1811/1
f 1898/1815/1 1879/1814/1 1899/1813/1
f 1804/1816/1 2050/1804/1 1805/1809/1
f 1898/1815/1 1880/1817/1 1879/1814/1
f 1897/1818/1 1880/1817/1 1898/1815/1
f 1896/1819/1 1880/1817/1 1897/1818/1
f 1896/1819/1 1881/1820/1 1880/1817/1
f 1895/1821/1 1881/1820/1 1896/1819/1
f 1895/1821/1 1882/1822/1 1881/1820/1
f 1894/1823/1 1882/1822/1 1895/1821/1
f 1894/1823/1 1883/1824/1 1882/1822/1
f 1893/1825/1 1883/1824/1 1894/1823/1
f 1892/1826/1 1883/1824/1 1893/1825/1
f 1803/1827/1 2050/1804/1 1804/1816/1
f 1892/1826/1 1884/1828/1 1883/1824/1
f 1803/1827/1 2051/1829/1 2050/1804/1
f 1891/1830/1 1884/1828/1 1892/1826/1
f 1891/1830/1 1885/1831/1 1884/1828/1
f 1890/1832/1 1885/1831/1 1891/1830/1
f 1889/1833/1 1885/1831/1 1890/1832/1
f 1889/1833/1 1886/1834/1 1885/1831/1
f 1888/1835/1 1886/1834/1 1889/1833/1
f 1888/1835/1 1887/1836/1 1886/1834/1
f 1802/1837/1 2051/1829/1 1803/1827/1
f 1801/1838/1 2051/1829/1 1802/1837/1
f 1801/1838/1 2052/1839/1 2051/1829/1
f 1800/1840/1 2052/1839/1 1801/1838/1
f 1799/1841/1 2052/1839/1 1800/1840/1
f 1798/1842/1 2052/1839/1 1799/1841/1
f 1798/1842/1 2053/1843/1 2052/1839/1
f 1797/1844/1 2053/1843/1 1798/1842/1
f 1796/1845/1 2053/1843/1 1797/1844/1
f 1796/1845/1 2054/1846/1 2053/1843/1
f 1795/1847/1 2054/1846/1 1796/1845/1
f 1794/1848/1 2054/1846/1 1795/1847/1
f 1794/1848/1 1595/117/1 2054/1846/1
f 1793/1849/1 1595/117/1 1794/1848/1
f 1792/1850/1 1595/117/1 1793/1849/1
f 1791/1851/1 1595/117/1 1792/1850/1
f 1791/1851/1 1596/1852/1 1595/117/1
f 1790/1853/1 1596/1852/1 1791/1851/1
f 1788/1854/1 1790/1853/1 1789/1855/1
f 1788/1854/1 2056/1856/1 1790/1853/1
f 2056/1856/1 1596/1852/1 1790/1853/1
f 1787/1857/1 2056/1856/1 1788/1854/1
f 1786/1858/1 2056/1856/1 1787/1857/1
f 1785/1859/1 2056/1856/1 1786/1858/1
f 1784/1860/1 2056/1856/1 1785/1859/1
f 1783/1861/1 2056/1856/1 1784/1860/1
f 1782/1862/1 2056/1856/1 1783/1861/1
f 1781/1863/1 2056/1856/1 1782/1862/1
f 1780/1864/1 2056/1856/1 1781/1863/1
f 1779/1865/1 2056/1856/1 1780/1864/1
f 1778/1866/1 2056/1856/1 1779/1865/1
f 1777/1867/1 2056/1856/1 1778/1866/1
f 1776/1868/1 2056/1856/1 1777/1867/1
f 1775/1869/1 2056/1856/1 1776/1868/1
f 1774/1870/1 2056/1856/1 1775/1869/1
f 1773/1871/1 2056/1856/1 1774/1870/1
f 1772/1872/1 2056/1856/1 1773/1871/1
f 1771/1873/1 2056/1856/1 1772/1872/1
f 1770/1874/1 2056/1856/1 1771/1873/1
f 1769/1875/1 2056/1856/1 1770/1874/1
f 1768/1876/1 2056/1856/1 1769/1875/1
f 1767/1877/1 2056/1856/1 1768/1876/1
f 1766/1878/1 2056/1856/1 1767/1877/1
f 1765/1879/1 2056/1856/1 1766/1878/1
f 1764/1880/1 2056/1856/1 1765/1879/1
f 1763/1881/1 2056/1856/1 1764/1880/1
f 1762/1882/1 2056/1856/1 1763/1881/1
f 1761/1883/1 2056/1856/1 1762/1882/1
f 1760/1884/1 2056/1856/1 1761/1883/1
f 1759/1885/1 2056/1856/1 1760/1884/1
f 1758/1886/1 2056/1856/1 1759/1885/1
f 1757/1887/1 2056/1856/1 1758/1886/1
f 1756/1888/1 2056/1856/1 1757/1887/1
f 1755/1889/1 2056/1856/1 1756/1888/1
f 1754/1890/1 2057/1891/1 1755/1889/1
f 2057/1891/1 2056/1856/1 1755/1889/1
f 1754/1890/1 2058/1892/1 2057/1891/1
f 2055/1893/1 1596/1852/1 2056/1856/1
f 1754/1890/1 2059/1894/1 2058/1892/1
f 1754/1890/1 2060/1895/1 2059/1894/1
f 1754/1890/1 2061/1896/1 2060/1895/1
f 1754/1890/1 2062/1897/1 2061/1896/1
f 1753/1898/1 2062/1897/1 1754/1890/1
f 1753/1898/1 2063/1899/1 2062/1897/1
f 1753/1898/1 2064/1900/1 2063/1899/1
f 1753/1898/1 2065/1901/1 2064/1900/1
f 1753/1898/1 2066/1902/1 2065/1901/1
f 1753/1898/1 2067/1903/1 2066/1902/1
f 1753/1898/1 2068/1904/1 2067/1903/1
f 1753/1898/1 2069/1905/1 2068/1904/1
f 1753/1898/1 2070/1906/1 2069/1905/1
f 1752/1907/1 2070/1906/1 1753/1898/1
f 1752/1907/1 2071/1908/1 2070/1906/1
f 1752/1907/1 2072/1909/1 2071/1908/1
f 1752/1907/1 2073/1910/1 2072/1909/1
f 1752/1907/1 2074/1911/1 2073/1910/1
f 1752/1907/1 2075/1912/1 2074/1911/1
f 1751/1913/1 2075/1912/1 1752/1907/1
f 1751/1913/1 2076/1914/1 2075/1912/1
f 1751/1913/1 2077/1915/1 2076/1914/1
f 1751/1913/1 2078/1916/1 2077/1915/1
f 1751/1913/1 2079/1917/1 2078/1916/1
f 1750/1918/1 2079/1917/1 1751/1913/1
f 1750/1918/1 2080/1919/1 2079/1917/1
f 1750/1918/1 2081/1920/1 2080/1919/1
f 1750/1918/1 2082/1921/1 2081/1920/1
f 1750/1918/1 2083/1922/1 2082/1921/1
f 1749/1923/1 2083/1922/1 1750/1918/1
f 1749/1923/1 2084/1924/1 2083/1922/1
f 1749/1923/1 2085/1925/1 2084/1924/1
f 1749/1923/1 2086/1926/1 2085/1925/1
f 1748/1927/1 2086/1926/1 1749/1923/1
f 1748/1927/1 2087/1928/1 2086/1926/1
f 1748/1927/1 2088/1929/1 2087/1928/1
f 1748/1927/1 2089/1930/1 2088/1929/1
f 1747/1931/1 2089/1930/1 1748/1927/1
f 1747/1931/1 2090/1932/1 2089/1930/1
f 1747/1931/1 2091/1933/1 2090/1932/1
f 1747/1931/1 2092/1934/1 2091/1933/1
f 1746/1935/1 2092/1934/1 1747/1931/1
f 1746/1935/1 2093/1936/1 2092/1934/1
f 1746/1935/1 2094/1937/1 2093/1936/1
f 1746/1935/1 2095/1938/1 2094/1937/1
f 1745/1939/1 2095/1938/1 1746/1935/1
f 1745/1939/1 2096/1940/1 2095/1938/1
f 1745/1939/1 2097/1941/1 2096/1940/1
f 1744/1942/1 2097/1941/1 1745/1939/1
f 1744/1942/1 2098/1943/1 2097/1941/1
f 1744/1942/1 2099/1944/1 2098/1943/1
f 1744/1942/1 2100/1945/1 2099/1944/1
f 1743/1946/1 2100/1945/1 1744/1942/1
f 1743/1946/1 2101/1947/1 2100/1945/1
f 1743/1946/1 2102/1948/1 2101/1947/1
f 1742/1949/1 2102/1948/1 1743/1946/1
f 1742/1949/1 2103/1950/1 2102/1948/1
f 1742/1949/1 2104/1951/1 2103/1950/1
f 1742/1949/1 2105/1952/1 2104/1951/1
f 1741/1953/1 2105/1952/1 1742/1949/1
f 1741/1953/1 2106/1954/1 2105/1952/1
f 1740/1955/1 2106/1954/1 1741/1953/1
f 1740/1955/1 2107/1956/1 2106/1954/1
f 2152/235/1 1596/1852/1 2055/1893/1
f 1740/1955/1 2108/1957/1 2107/1956/1
f 1739/1958/1 2108/1957/1 1740/1955/1
f 2151/1959/1 1596/1852/1 2152/235/1
f 1739/1958/1 2109/1960/1 2108/1957/1
f 2150/1961/1 1596/1852/1 2151/1959/1
f 1738/1962/1 2109/1960/1 1739/1958/1
f 1738/1962/1 2110/1963/1 2109/1960/1
f 2149/1964/1 1596/1852/1 2150/1961/1
f 1738/1962/1 2111/1965/1 2110/1963/1
f 1737/1966/1 2111/1965/1 1738/1962/1
f 2148/1967/1 1596/1852/1 2149/1964/1
f 1737/1966/1 2112/1968/1 2111/1965/1
f 2147/1969/1 1596/1852/1 2148/1967/1
f 1736/1970/1 2112/1968/1 1737/1966/1
f 1736/1970/1 2113/1971/1 2112/1968/1
f 2146/1972/1 1596/1852/1 2147/1969/1
f 1736/1970/1 2114/1973/1 2113/1971/1
f 1735/1974/1 2114/1973/1 1736/1970/1
f 2145/1975/1 1596/1852/1 2146/1972/1
f 1735/1974/1 2115/1976/1 2114/1973/1
f 2144/1977/1 1596/1852/1 2145/1975/1
f 1734/1978/1 2115/1976/1 1735/1974/1
f 1734/1978/1 2116/1979/1 2115/1976/1
f 2143/1980/1 1596/1852/1 2144/1977/1
f 1734/1978/1 2117/1981/1 2116/1979/1
f 2142/1982/1 1596/1852/1 2143/1980/1
f 1733/1983/1 2117/1981/1 1734/1978/1
f 1733/1983/1 2118/1984/1 2117/1981/1
f 2141/1985/1 1596/1852/1 2142/1982/1
f 2140/1986/1 1596/1852/1 2141/1985/1
f 1733/1983/1 2119/1987/1 2118/1984/1
f 1732/1988/1 2119/1987/1 1733/1983/1
f 2139/1989/1 1596/1852/1 2140/1986/1
f 1732/1988/1 2120/1990/1 2119/1987/1
f 2138/1991/1 1596/1852/1 2139/1989/1
f 1732/1988/1 2121/1992/1 2120/1990/1
f 2137/1993/1 1596/1852/1 2138/1991/1
f 1732/1988/1 2122/1994/1 2121/1992/1
f 1731/1995/1 2122/1994/1 1732/1988/1
f 2136/1996/1 1596/1852/1 2137/1993/1
f 1731/1995/1 2123/1997/1 2122/1994/1
f 2135/1998/1 1669/1999/1 2136/1996/1
f 1669/1999/1 1596/1852/1 2136/1996/1
f 1731/1995/1 2124/2000/1 2123/1997/1
f 2134/2001/1 1669/1999/1 2135/1998/1
f 1731/1995/1 2125/2002/1 2124/2000/1
f 2133/2003/1 1669/1999/1 2134/2001/1
f 1730/2004/1 2125/2002/1 1731/1995/1
f 1730/2004/1 2126/2005/1 2125/2002/1
f 2132/2006/1 1669/1999/1 2133/2003/1
f 1730/2004/1 2127/2007/1 2126/2005/1
f 2131/2008/1 1669/1999/1 2132/2006/1
f 1730/2004/1 2128/2009/1 2127/2007/1
f 2130/2010/1 1669/1999/1 2131/2008/1
f 1730/2004/1 2129/2011/1 2128/2009/1
f 2129/2011/1 1669/1999/1 2130/2010/1
f 1730/2004/1 1669/1999/1 2129/2011/1
f 1729/2012/1 1669/1999/1 1730/2004/1
f 1728/2013/1 1669/1999/1 1729/2012/1
f 1727/2014/1 1669/1999/1 1728/2013/1
f 1726/2015/1 1669/1999/1 1727/2014/1
f 1725/2016/1 1669/1999/1 1726/2015/1
f 1724/2017/1 1669/1999/1 1725/2016/1
f 1724/2017/1 1670/2018/1 1669/1999/1
f 1668/2019/1 1596/1852/1 1669/1999/1
f 1723/2020/1 1670/2018/1 1724/2017/1
f 1723/2020/1 1671/2021/1 1670/2018/1
f 1722/2022/1 1671/2021/1 1723/2020/1
f 1721/2023/1 1671/2021/1 1722/2022/1
f 1721/2023/1 1672/2024/1 1671/2021/1
f 1720/2025/1 1672/2024/1 1721/2023/1
f 1720/2025/1 1673/2026/1 1672/2024/1
f 1719/2027/1 1673/2026/1 1720/2025/1
f 1719/2027/1 1674/2028/1 1673/2026/1
f 1718/2029/1 1674/2028/1 1719/2027/1
f 1718/2029/1 1675/2030/1 1674/2028/1
f 1717/2031/1 1675/2030/1 1718/2029/1
f 1716/2032/1 1675/2030/1 1717/2031/1
f 1716/2032/1 1676/2033/1 1675/2030/1
f 1715/2034/1 1676/2033/1 1716/2032/1
f 1715/2034/1 1677/2035/1 1676/2033/1
f 1714/2036/1 1677/2035/1 1715/2034/1
f 1714/2036/1 1678/2037/1 1677/2035/1
f 1713/2038/1 1678/2037/1 1714/2036/1
f 1667/2039/1 1596/1852/1 1668/2019/1
f 1667/2039/1 1597/2040/1 1596/1852/1
f 1667/2039/1 1598/2041/1 1597/2040/1
f 1666/2042/1 1598/2041/1 1667/2039/1
f 1712/2043/1 1678/2037/1 1713/2038/1
f 1712/2043/1 1679/2044/1 1678/2037/1
f 1666/2042/1 1599/2045/1 1598/2041/1
f 1665/2046/1 1599/2045/1 1666/2042/1
f 1665/2046/1 1600/2047/1 1599/2045/1
f 1664/2048/1 1600/2047/1 1665/2046/1
f 1711/2049/1 1679/2044/1 1712/2043/1
f 1664/2048/1 1601/2050/1 1600/2047/1
f 1663/2051/1 1601/2050/1 1664/2048/1
f 1711/2049/1 1680/2052/1 1679/2044/1
f 1663/2051/1 1602/2053/1 1601/2050/1
f 1662/2054/1 1602/2053/1 1663/2051/1
f 1662/2054/1 1603/2055/1 1602/2053/1
f 1661/2056/1 1603/2055/1 1662/2054/1
f 1710/2057/1 1680/2052/1 1711/2049/1
f 1661/2056/1 1604/2058/1 1603/2055/1
f 1660/2059/1 1604/2058/1 1661/2056/1
f 1710/2057/1 1681/2060/1 1680/2052/1
f 1660/2059/1 1605/2061/1 1604/2058/1
f 1659/2062/1 1605/2061/1 1660/2059/1
f 1709/2063/1 1681/2060/1 1710/2057/1
f 1659/2062/1 1606/2064/1 1605/2061/1
f 1658/2065/1 1606/2064/1 1659/2062/1
f 1658/2065/1 1607/2066/1 1606/2064/1
f 1657/2067/1 1607/2066/1 1658/2065/1
f 1657/2067/1 1608/2068/1 1607/2066/1
f 1656/2069/1 1608/2068/1 1657/2067/1
f 1709/2063/1 1682/2070/1 1681/2060/1
f 1708/2071/1 1682/2070/1 1709/2063/1
f 1655/2072/1 1608/2068/1 1656/2069/1
f 1655/2072/1 1609/2073/1 1608/2068/1
f 1655/2072/1 1610/2074/1 1609/2073/1
f 1654/2075/1 1610/2074/1 1655/2072/1
f 1654/2075/1 1611/2076/1 1610/2074/1
f 1653/2077/1 1611/2076/1 1654/2075/1
f 1707/2078/1 1682/2070/1 1708/2071/1
f 1653/2077/1 1612/2079/1 1611/2076/1
f 1652/2080/1 1612/2079/1 1653/2077/1
f 1707/2078/1 1683/2081/1 1682/2070/1
f 1652/2080/1 1613/2082/1 1612/2079/1
f 1651/2083/1 1613/2082/1 1652/2080/1
f 1651/2083/1 1614/2084/1 1613/2082/1
f 1650/2085/1 1614/2084/1 1651/2083/1
f 1706/2086/1 1683/2081/1 1707/2078/1
f 1650/2085/1 1615/2087/1 1614/2084/1
f 1649/2088/1 1615/2087/1 1650/2085/1
f 1649/2088/1 1616/2089/1 1615/2087/1
f 1648/2090/1 1616/2089/1 1649/2088/1
f 1648/2090/1 1617/2091/1 1616/2089/1
f 1647/2092/1 1617/2091/1 1648/2090/1
f 1706/2086/1 1684/2093/1 1683/2081/1
f 1647/2092/1 1618/2094/1 1617/2091/1
f 1646/2095/1 1618/2094/1 1647/2092/1
f 1646/2095/1 1619/2096/1 1618/2094/1
f 1645/2097/1 1619/2096/1 1646/2095/1
f 1705/2098/1 1684/2093/1 1706/2086/1
f 1645/2097/1 1620/2099/1 1619/2096/1
f 1644/2100/1 1620/2099/1 1645/2097/1
f 1643/2101/1 1620/2099/1 1644/2100/1
f 1643/2101/1 1621/2102/1 1620/2099/1
f 1642/2103/1 1621/2102/1 1643/2101/1
f 1642/2103/1 1622/2104/1 1621/2102/1
f 1641/2105/1 1622/2104/1 1642/2103/1
f 1641/2105/1 1623/2106/1 1622/2104/1
f 1640/2107/1 1623/2106/1 1641/2105/1
f 1640/2107/1 1624/2108/1 1623/2106/1
f 1705/2098/1 1685/2109/1 1684/2093/1
f 1639/2110/1 1624/2108/1 1640/2107/1
f 1639/2110/1 1625/2111/1 1624/2108/1
f 1704/2112/1 1685/2109/1 1705/2098/1
f 1638/2113/1 1625/2111/1 1639/2110/1
f 1638/2113/1 1626/2114/1 1625/2111/1
f 1637/2115/1 1626/2114/1 1638/2113/1
f 1637/2115/1 1627/2116/1 1626/2114/1
f 1636/2117/1 1627/2116/1 1637/2115/1
f 1636/2117/1 1628/2118/1 1627/2116/1
f 1635/2119/1 1628/2118/1 1636/2117/1
f 1635/2119/1 1629/2120/1 1628/2118/1
f 1634/2121/1 1629/2120/1 1635/2119/1
f 1634/2121/1 1630/2122/1 1629/2120/1
f 1633/2123/1 1630/2122/1 1634/2121/1
f 1633/2123/1 1631/2124/1 1630/2122/1
f 1632/2125/1 1631/2124/1 1633/2123/1
f 1703/2126/1 1685/2109/1 1704/2112/1
f 1703/2126/1 1686/2127/1 1685/2109/1
f 1702/2128/1 1686/2127/1 1703/2126/1
f 1702/2128/1 1687/2129/1 1686/2127/1
f 1701/2130/1 1687/2129/1 1702/2128/1
f 1701/2130/1 1688/2131/1 1687/2129/1
f 1700/2132/1 1688/2131/1 1701/2130/1
f 1699/2133/1 1688/2131/1 1700/2132/1
f 1699/2133/1 1689/2134/1 1688/2131/1
f 1698/2135/1 1689/2134/1 1699/2133/1
f 1698/2135/1 1690/2136/1 1689/2134/1
f 1697/2137/1 1690/2136/1 1698/2135/1
f 1697/2137/1 1691/2138/1 1690/2136/1
f 1696/2139/1 1691/2138/1 1697/2137/1
f 1695/2140/1 1691/2138/1 1696/2139/1
f 1695/2140/1 1692/2141/1 1691/2138/1
f 1694/2142/1 1692/2141/1 1695/2140/1
f 1694/2142/1 1693/2143/1 1692/2141/1
f 2308/1/2 2309/3/2 2310/2/2
f 2308/1/2 2310/2/2 2311/4/2
f 2307/5/2 2308/1/2 2311/4/2
f 2307/5/2 2311/4/2 2312/6/2
f 2306/7/2 2307/5/2 2312/6/2
f 2306/7/2 2312/6/2 2313/8/2
f 2305/9/2 2306/7/2 2313/8/2
f 2305/9/2 2313/8/2 2314/10/2
f 2304/11/2 2305/9/2 2314/10/2
f 2304/11/2 2314/10/2 2315/12/2
f 2303/13/2 2304/11/2 2315/12/2
f 2303/13/2 2315/12/2 2316/14/2
f 2302/15/2 2303/13/2 2316/14/2
f 2302/15/2 2316/14/2 2317/16/2
f 2301/17/2 2302/15/2 2317/16/2
f 2301/17/2 2317/16/2 2318/18/2
f 2300/19/2 2301/17/2 2318/18/2
f 2300/19/2 2318/18/2 2319/20/2
f 2299/21/2 2300/19/2 2319/20/2
f 2299/21/2 2319/20/2 2320/22/2
f 2298/23/2 2299/21/2 2320/22/2
f 2298/23/2 2320/22/2 2321/24/2
f 2297/25/2 2298/23/2 2321/24/2
f 2297/25/2 2321/24/2 2322/26/2
f 2296/27/2 2297/25/2 2322/26/2
f 2296/27/2 2322/26/2 2323/28/2
f 2295/29/2 2296/27/2 2323/28/2
f 2295/29/2 2323/28/2 2324/30/2
f 2294/31/2 2295/29/2 2324/30/2
f 2294/31/2 2324/30/2 2325/32/2
f 2293/33/2 2294/31/2 2325/32/2
f 2293/33/2 2325/32/2 2326/34/2
f 2293/33/2 2326/34/2 2327/35/2
f 2292/36/2 2293/33/2 2327/35/2
f 2292/36/2 2327/35/2 2328/37/2
f 2291/38/2 2292/36/2 2328/37/2
f 2291/38/2 2328/37/2 2329/39/2
f 2290/40/2 2291/38/2 2329/39/2
f 2290/40/2 2329/39/2 2330/41/2
f 2289/42/2 2290/40/2 2330/41/2
f 2289/42/2 2330/41/2 2331/43/2
f 2288/44/2 2289/42/2 2331/43/2
f 2288/44/2 2331/43/2 2332/45/2
f 2287/46/2 2288/44/2 2332/45/2
f 2287/46/2 2332/45/2 2333/47/2
f 2286/48/2 2287/46/2 2333/47/2
f 2286/48/2 2333/47/2 2334/49/2
f 2285/50/2 2286/48/2 2334/49/2
f 2285/50/2 2334/49/2 2335/51/2
f 2284/52/2 2285/50/2 2335/51/2
f 2284/52/2 2335/51/2 2336/53/2
f 2283/54/2 2284/52/2 2336/53/2
f 2283/54/2 2336/53/2 2337/55/2
f 2282/56/2 2283/54/2 2337/55/2
f 2282/56/2 2337/55/2 2338/57/2
f 2281/58/2 2282/56/2 2338/57/2
f 2281/58/2 2338/57/2 2339/59/2
f 2280/60/2 2281/58/2 2405/61/2
f 2405/61/2 2281/58/2 2339/59/2
f 2405/61/2 2339/59/2 2404/62/2
f 2404/62/2 2339/59/2 2340/63/2
f 2280/60/2 2405/61/2 2406/64/2
f 2280/60/2 2406/64/2 2407/65/2
f 2403/66/2 2404/62/2 2340/63/2
f 2280/60/2 2407/65/2 2408/67/2
f 2402/68/2 2403/66/2 2340/63/2
f 2280/60/2 2408/67/2 2409/69/2
f 2401/70/2 2402/68/2 2340/63/2
f 2280/60/2 2409/69/2 2410/71/2
f 2400/72/2 2401/70/2 2340/63/2
f 2279/73/2 2280/60/2 2410/71/2
f 2279/73/2 2410/71/2 2411/74/2
f 2399/75/2 2400/72/2 2340/63/2
f 2279/73/2 2411/74/2 2412/76/2
f 2398/77/2 2399/75/2 2340/63/2
f 2279/73/2 2412/76/2 2413/78/2
f 2397/79/2 2398/77/2 2340/63/2
f 2279/73/2 2413/78/2 2414/80/2
f 2396/81/2 2397/79/2 2340/63/2
f 2279/73/2 2414/80/2 2415/82/2
f 2396/81/2 2340/63/2 2341/83/2
f 2395/84/2 2396/81/2 2341/83/2
f 2279/73/2 2415/82/2 2416/85/2
f 2394/86/2 2395/84/2 2341/83/2
f 2278/87/2 2279/73/2 2416/85/2
f 2278/87/2 2416/85/2 2417/88/2
f 2393/89/2 2394/86/2 2341/83/2
f 2278/87/2 2417/88/2 2418/90/2
f 2392/91/2 2393/89/2 2341/83/2
f 2278/87/2 2418/90/2 2419/92/2
f 2392/91/2 2341/83/2 2342/93/2
f 2391/94/2 2392/91/2 2342/93/2
f 2278/87/2 2419/92/2 2420/95/2
f 2277/96/2 2278/87/2 2420/95/2
f 2390/97/2 2391/94/2 2342/93/2
f 2277/96/2 2420/95/2 2421/98/2
f 2389/99/2 2390/97/2 2342/93/2
f 2277/96/2 2421/98/2 2422/100/2
f 2389/99/2 2342/93/2 2343/101/2
f 2388/102/2 2389/99/2 2343/101/2
f 2277/96/2 2422/100/2 2423/103/2
f 2276/104/2 2277/96/2 2423/103/2
f 2387/105/2 2388/102/2 2343/101/2
f 2276/104/2 2423/103/2 2424/106/2
f 2386/107/2 2387/105/2 2343/101/2
f 2276/104/2 2424/106/2 2425/108/2
f 2386/107/2 2343/101/2 2344/109/2
f 2385/110/2 2386/107/2 2344/109/2
f 2276/104/2 2425/108/2 2426/111/2
f 2275/112/2 2276/104/2 2426/111/2
f 2384/113/2 2385/110/2 2344/109/2
f 2275/112/2 2426/111/2 2427/114/2
f 2383/115/2 2384/113/2 2344/109/2
f 2275/112/2 2427/114/2 2428/116/2
f 2383/115/2 2344/109/2 2153/117/2
f 2274/118/2 2275/112/2 2428/116/2
f 2382/119/2 2383/115/2 2153/117/2
f 2274/118/2 2428/116/2 2429/120/2
f 2381/121/2 2382/119/2 2153/117/2
f 2274/118/2 2429/120/2 2430/122/2
f 2381/121/2 2153/117/2 2154/123/2
f 2380/124/2 2381/121/2 2154/123/2
f 2274/118/2 2430/122/2 2431/125/2
f 2273/126/2 2274/118/2 2431/125/2
f 2379/127/2 2380/124/2 2154/123/2
f 2273/126/2 2431/125/2 2432/128/2
f 2379/127/2 2154/123/2 2155/129/2
f 2378/130/2 2379/127/2 2155/129/2
f 2273/126/2 2432/128/2 2433/131/2
f 2272/132/2 2273/126/2 2433/131/2
f 2377/133/2 2378/130/2 2155/129/2
f 2272/132/2 2433/131/2 2434/134/2
f 2377/133/2 2155/129/2 2156/135/2
f 2376/136/2 2377/133/2 2156/135/2
f 2272/132/2 2434/134/2 2435/137/2
f 2271/138/2 2272/132/2 2435/137/2
f 2375/139/2 2376/136/2 2156/135/2
f 2271/138/2 2435/137/2 2436/140/2
f 2374/141/2 2375/139/2 2156/135/2
f 2374/141/2 2156/135/2 2157/142/2
f 2271/138/2 2436/140/2 2437/143/2
f 2270/144/2 2271/138/2 2437/143/2
f 2373/145/2 2374/141/2 2157/142/2
f 2270/144/2 2437/143/2 2438/146/2
f 2372/147/2 2373/145/2 2157/142/2
f 2372/147/2 2157/142/2 2158/148/2
f 2270/144/2 2438/146/2 2439/149/2
f 2269/150/2 2270/144/2 2439/149/2
f 2371/151/2 2372/147/2 2158/148/2
f 2269/150/2 2439/149/2 2440/152/2
f 2371/151/2 2158/148/2 2159/153/2
f 2370/154/2 2371/151/2 2159/153/2
f 2269/150/2 2440/152/2 2441/155/2
f 2268/156/2 2269/150/2 2441/155/2
f 2369/157/2 2370/154/2 2159/153/2
f 2268/156/2 2441/155/2 2442/158/2
f 2369/157/2 2159/153/2 2160/159/2
f 2368/160/2 2369/157/2 2160/159/2
f 2268/156/2 2442/158/2 2443/161/2
f 2267/162/2 2268/156/2 2443/161/2
f 2367/163/2 2368/160/2 2160/159/2
f 2267/162/2 2443/161/2 2444/164/2
f 2367/163/2 2160/159/2 2161/165/2
f 2366/166/2 2367/163/2 2161/165/2
f 2266/167/2 2267/162/2 2444/164/2
f 2266/167/2 2444/164/2 2445/168/2
f 2365/169/2 2366/166/2 2161/165/2
f 2266/167/2 2445/168/2 2446/170/2
f 2365/169/2 2161/165/2 2162/171/2
f 2265/172/2 2266/167/2 2446/170/2
f 2364/173/2 2365/169/2 2162/171/2
f 2265/172/2 2446/170/2 2447/174/2
f 2363/175/2 2364/173/2 2162/171/2
f 2265/172/2 2447/174/2 2448/176/2
f 2363/175/2 2162/171/2 2163/177/2
f 2264/178/2 2265/172/2 2448/176/2
f 2362/179/2 2363/175/2 2163/177/2
f 2264/178/2 2448/176/2 2449/180/2
f 2361/181/2 2362/179/2 2163/177/2
f 2361/181/2 2163/177/2 2164/182/2
f 2264/178/2 2449/180/2 2450/183/2
f 2263/184/2 2264/178/2 2450/183/2
f 2360/185/2 2361/181/2 2164/182/2
f 2263/184/2 2450/183/2 2451/186/2
f 2359/187/2 2360/185/2 2164/182/2
f 2359/187/2 2164/182/2 2165/188/2
f 2262/189/2 2263/184/2 2451/186/2
f 2262/189/2 2451/186/2 2452/190/2
f 2358/191/2 2359/187/2 2165/188/2
f 2262/189/2 2452/190/2 2453/192/2
f 2357/193/2 2358/191/2 2165/188/2
f 2261/194/2 2262/189/2 2453/192/2
f 2357/193/2 2165/188/2 2166/195/2
f 2261/194/2 2453/192/2 2454/196/2
f 2356/197/2 2357/193/2 2166/195/2
f 2261/194/2 2454/196/2 2455/198/2
f 2260/199/2 2261/194/2 2455/198/2
f 2356/197/2 2166/195/2 2167/200/2
f 2355/201/2 2356/197/2 2167/200/2
f 2260/199/2 2455/198/2 2456/202/2
f 2354/203/2 2355/201/2 2167/200/2
f 2354/203/2 2167/200/2 2168/204/2
f 2259/205/2 2260/199/2 2456/202/2
f 2259/205/2 2456/202/2 2457/206/2
f 2353/207/2 2354/203/2 2168/204/2
f 2259/205/2 2457/206/2 2458/208/2
f 2352/209/2 2353/207/2 2168/204/2
f 2352/209/2 2168/204/2 2169/210/2
f 2258/211/2 2259/205/2 2458/208/2
f 2258/211/2 2458/208/2 2459/212/2
f 2351/213/2 2352/209/2 2169/210/2
f 2258/211/2 2459/212/2 2460/214/2
f 2351/213/2 2169/210/2 2170/215/2
f 2257/216/2 2258/211/2 2460/214/2
f 2350/217/2 2351/213/2 2170/215/2
f 2257/216/2 2460/214/2 2461/218/2
f 2349/219/2 2350/217/2 2170/215/2
f 2257/216/2 2461/218/2 2462/220/2
f 2349/219/2 2170/215/2 2171/221/2
f 2256/222/2 2257/216/2 2462/220/2
f 2348/223/2 2349/219/2 2171/221/2
f 2256/222/2 2462/220/2 2463/224/2
f 2347/225/2 2348/223/2 2171/221/2
f 2347/225/2 2171/221/2 2172/226/2
f 2256/222/2 2463/224/2 2464/227/2
f 2255/228/2 2256/222/2 2464/227/2
f 2346/229/2 2347/225/2 2172/226/2
f 2255/228/2 2464/227/2 2465/230/2
f 2346/229/2 2172/226/2 2173/231/2
f 2345/232/2 2346/229/2 2173/231/2
f 2255/228/2 2465/230/2 2466/233/2
f 2254/234/2 2255/228/2 2466/233/2
f 2536/235/2 2345/232/2 2173/231/2
f 2254/234/2 2466/233/2 2467/236/2
f 2536/235/2 2173/231/2 2174/237/2
f 2535/238/2 2536/235/2 2174/237/2
f 2254/234/2 2467/236/2 2468/239/2
f 2253/240/2 2254/234/2 2468/239/2
f 2534/241/2 2535/238/2 2174/237/2
f 2253/240/2 2468/239/2 2469/242/2
f 2534/241/2 2174/237/2 2175/243/2
f 2533/244/2 2534/241/2 2175/243/2
f 2252/245/2 2253/240/2 2469/242/2
f 2252/245/2 2469/242/2 2470/246/2
f 2532/247/2 2533/244/2 2175/243/2
f 2252/245/2 2470/246/2 2471/248/2
f 2532/247/2 2175/243/2 2176/249/2
f 2531/250/2 2532/247/2 2176/249/2
f 2251/251/2 2252/245/2 2471/248/2
f 2251/251/2 2471/248/2 2472/252/2
f 2530/253/2 2531/250/2 2176/249/2
f 2251/251/2 2472/252/2 2473/254/2
f 2530/253/2 2176/249/2 2177/255/2
f 2529/256/2 2530/253/2 2177/255/2
f 2251/251/2 2473/254/2 2474/257/2
f 2250/258/2 2251/251/2 2474/257/2
f 2528/259/2 2529/256/2 2177/255/2
f 2250/258/2 2474/257/2 2475/260/2
f 2528/259/2 2177/255/2 2178/261/2
f 2527/262/2 2528/259/2 2178/261/2
f 2250/258/2 2475/260/2 2476/263/2
f 2249/264/2 2250/258/2 2476/263/2
f 2526/265/2 2527/262/2 2178/261/2
f 2249/264/2 2476/263/2 2477/266/2
f 2526/265/2 2178/261/2 2179/267/2
f 2525/268/2 2526/265/2 2179/267/2
f 2249/264/2 2477/266/2 2478/269/2
f 2248/270/2 2249/264/2 2478/269/2
f 2524/271/2 2525/268/2 2179/267/2
f 2248/270/2 2478/269/2 2479/272/2
f 2523/273/2 2524/271/2 2179/267/2
f 2248/270/2 2479/272/2 2480/274/2
f 2523/273/2 2179/267/2 2180/275/2
f 2247/276/2 2248/270/2 2480/274/2
f 2522/277/2 2523/273/2 2180/275/2
f 2247/276/2 2480/274/2 2481/278/2
f 2521/279/2 2522/277/2 2180/275/2
f 2247/276/2 2481/278/2 2482/280/2
f 2521/279/2 2180/275/2 2181/281/2
f 2520/282/2 2521/279/2 2181/281/2
f 2247/276/2 2482/280/2 2483/283/2
f 2246/284/2 2247/276/2 2483/283/2
f 2519/285/2 2520/282/2 2181/281/2
f 2246/284/2 2483/283/2 2484/286/2
f 2518/287/2 2519/285/2 2181/281/2
f 2246/284/2 2484/286/2 2485/288/2
f 2518/287/2 2181/281/2 2182/289/2
f 2517/290/2 2518/287/2 2182/289/2
f 2246/284/2 2485/288/2 2486/291/2
f 2245/292/2 2246/284/2 2486/291/2
f 2516/293/2 2517/290/2 2182/289/2
f 2245/292/2 2486/291/2 2487/294/2
f 2515/295/2 2516/293/2 2182/289/2
f 2245/292/2 2487/294/2 2488/296/2
f 2515/295/2 2182/289/2 2183/297/2
f 2514/298/2 2515/295/2 2183/297/2
f 2245/292/2 2488/296/2 2489/299/2
f 2244/300/2 2245/292/2 2489/299/2
f 2513/301/2 2514/298/2 2183/297/2
f 2244/300/2 2489/299/2 2490/302/2
f 2512/303/2 2513/301/2 2183/297/2
f 2244/300/2 2490/302/2 2491/304/2
f 2511/305/2 2512/303/2 2183/297/2
f 2244/300/2 2491/304/2 2492/306/2
f 2511/305/2 2183/297/2 2184/307/2
f 2510/308/2 2511/305/2 2184/307/2
f 2244/300/2 2492/306/2 2493/309/2
f 2509/310/2 2510/308/2 2184/307/2
f 2243/311/2 2244/300/2 2493/309/2
f 2243/311/2 2493/309/2 2494/312/2
f 2508/313/2 2509/310/2 2184/307/2
f 2243/311/2 2494/312/2 2495/314/2
f 2507/315/2 2508/313/2 2184/307/2
f 2243/311/2 2495/314/2 2496/316/2
f 2506/317/2 2507/315/2 2184/307/2
f 2243/311/2 2496/316/2 2497/318/2
f 2505/319/2 2506/317/2 2184/307/2
f 2243/311/2 2497/318/2 2498/320/2
f 2504/321/2 2505/319/2 2184/307/2
f 2504/321/2 2184/307/2 2185/322/2
f 2243/311/2 2498/320/2 2499/323/2
f 2503/324/2 2504/321/2 2185/322/2
f 2243/311/2 2499/323/2 2500/325/2
f 2502/326/2 2503/324/2 2185/322/2
f 2243/311/2 2500/325/2 2501/327/2
f 2501/327/2 2502/326/2 2185/322/2
f 2243/311/2 2501/327/2 2185/322/2
f 2242/328/2 2243/311/2 2185/322/2
f 2242/328/2 2185/322/2 2186/329/2
f 2241/330/2 2242/328/2 2186/329/2
f 2241/330/2 2186/329/2 2187/331/2
f 2240/332/2 2241/330/2 2187/331/2
f 2240/332/2 2187/331/2 2188/333/2
f 2239/334/2 2240/332/2 2188/333/2
f 2239/334/2 2188/333/2 2189/335/2
f 2238/336/2 2239/334/2 2189/335/2
f 2238/336/2 2189/335/2 2190/337/2
f 2237/338/2 2238/336/2 2190/337/2
f 2237/338/2 2190/337/2 2191/339/2
f 2236/340/2 2237/338/2 2191/339/2
f 2236/340/2 2191/339/2 2192/341/2
f 2235/342/2 2236/340/2 2192/341/2
f 2235/342/2 2192/341/2 2193/343/2
f 2234/344/2 2235/342/2 2193/343/2
f 2234/344/2 2193/343/2 2194/345/2
f 2233/346/2 2234/344/2 2194/345/2
f 2233/346/2 2194/345/2 2195/347/2
f 2232/348/2 2233/346/2 2195/347/2
f 2232/348/2 2195/347/2 2196/349/2
f 2231/350/2 2232/348/2 2196/349/2
f 2230/351/2 2231/350/2 2196/349/2
f 2230/351/2 2196/349/2 2197/352/2
f 2229/353/2 2230/351/2 2197/352/2
f 2229/353/2 2197/352/2 2198/354/2
f 2228/355/2 2229/353/2 2198/354/2
f 2228/355/2 2198/354/2 2199/356/2
f 2227/357/2 2228/355/2 2199/356/2
f 2227/357/2 2199/356/2 2200/358/2
f 2226/359/2 2227/357/2 2200/358/2
f 2226/359/2 2200/358/2 2201/360/2
f 2225/361/2 2226/359/2 2201/360/2
f 2225/361/2 2201/360/2 2202/362/2
f 2224/363/2 2225/361/2 2202/362/2
f 2224/363/2 2202/362/2 2203/364/2
f 2223/365/2 2224/363/2 2203/364/2
f 2223/365/2 2203/364/2 2204/366/2
f 2222/367/2 2223/365/2 2204/366/2
f 2222/367/2 2204/366/2 2205/368/2
f 2221/369/2 2222/367/2 2205/368/2
f 2221/369/2 2205/368/2 2206/370/2
f 2220/371/2 2221/369/2 2206/370/2
f 2220/371/2 2206/370/2 2207/372/2
f 2219/373/2 2220/371/2 2207/372/2
f 2219/373/2 2207/372/2 2208/374/2
f 2218/375/2 2219/373/2 2208/374/2
f 2218/375/2 2208/374/2 2209/376/2
f 2217/377/2 2218/375/2 2209/376/2
f 2217/377/2 2209/376/2 2210/378/2
f 2216/379/2 2217/377/2 2210/378/2
f 2216/379/2 2210/378/2 2211/380/2
f 2215/381/2 2216/379/2 2211/380/2
f 2215/381/2 2211/380/2 2212/382/2
f 2214/383/2 2215/381/2 2212/382/2
f 2214/383/2 2212/382/2 2213/384/2
f 2898/385/2 2899/387/2 2900/386/2
f 2898/385/2 2900/386/2 2901/388/2
f 2897/389/2 2898/385/2 2901/388/2
f 2897/389/2 2901/388/2 2902/390/2
f 2896/391/2 2897/389/2 2902/390/2
f 2896/391/2 2902/390/2 2903/392/2
f 2895/393/2 2896/391/2 2903/392/2
f 2895/393/2 2903/392/2 2904/394/2
f 2894/395/2 2895/393/2 2904/394/2
f 2894/395/2 2904/394/2 2905/396/2
f 2893/397/2 2894/395/2 2905/396/2
f 2893/397/2 2905/396/2 2906/398/2
f 2892/399/2 2893/397/2 2906/398/2
f 2892/399/2 2906/398/2 2907/400/2
f 2891/401/2 2892/399/2 2907/400/2
f 2891/401/2 2907/400/2 2908/402/2
f 2890/403/2 2891/401/2 2908/402/2
f 2890/403/2 2908/402/2 2909/404/2
f 2889/405/2 2890/403/2 2909/404/2
f 2889/405/2 2909/404/2 2910/406/2
f 2888/407/2 2889/405/2 2910/406/2
f 2888/407/2 2910/406/2 2911/408/2
f 2887/409/2 2888/407/2 2911/408/2
f 2887/409/2 2911/408/2 2912/410/2
f 2886/411/2 2887/409/2 2912/410/2
f 2886/411/2 2912/410/2 2913/412/2
f 2885/413/2 2886/411/2 2913/412/2
f 2885/413/2 2913/412/2 2914/414/2
f 2884/415/2 2885/413/2 2914/414/2
f 2884/415/2 2914/414/2 2915/416/2
f 2883/417/2 2884/415/2 2915/416/2
f 2883/417/2 2915/416/2 2916/418/2
f 2882/419/2 2883/417/2 2916/418/2
f 2882/419/2 2916/418/2 2917/420/2
f 2881/421/2 2882/419/2 2917/420/2
f 2881/421/2 2917/420/2 2918/422/2
f 2880/423/2 2881/421/2 2918/422/2
f 2880/423/2 2918/422/2 2919/424/2
f 2879/425/2 2880/423/2 2919/424/2
f 2879/425/2 2919/424/2 2920/426/2
f 2878/427/2 2879/425/2 2920/426/2
f 2878/427/2 2920/426/2 2921/428/2
f 2877/429/2 2878/427/2 2921/428/2
f 2877/429/2 2921/428/2 2922/430/2
f 2877/429/2 2922/430/2 2923/431/2
f 2876/432/2 2877/429/2 2923/431/2
f 2876/432/2 2923/431/2 2924/433/2
f 2875/434/2 2876/432/2 2924/433/2
f 2875/434/2 2924/433/2 2925/435/2
f 2874/436/2 2875/434/2 2925/435/2
f 2874/436/2 2925/435/2 2926/437/2
f 2873/438/2 2874/436/2 2926/437/2
f 2873/438/2 2926/437/2 2927/439/2
f 2872/440/2 2873/438/2 2927/439/2
f 2872/440/2 2927/439/2 2928/441/2
f 2871/442/2 2872/440/2 2973/443/2
f 2973/443/2 2872/440/2 2972/444/2
f 2972/444/2 2872/440/2 2928/441/2
f 2972/444/2 2928/441/2 2971/445/2
f 2971/445/2 2928/441/2 2929/446/2
f 2871/442/2 2973/443/2 2974/447/2
f 2970/448/2 2971/445/2 2929/446/2
f 2871/442/2 2974/447/2 2975/449/2
f 2871/442/2 2975/449/2 2976/450/2
f 2969/451/2 2970/448/2 2929/446/2
f 2871/442/2 2976/450/2 2977/452/2
f 2871/442/2 2977/452/2 2978/453/2
f 2968/454/2 2969/451/2 2929/446/2
f 2871/442/2 2978/453/2 2979/455/2
f 2870/456/2 2871/442/2 2979/455/2
f 2870/456/2 2979/455/2 2980/457/2
f 2967/458/2 2968/454/2 2929/446/2
f 2870/456/2 2980/457/2 2981/459/2
f 2870/456/2 2981/459/2 2982/460/2
f 2967/458/2 2929/446/2 2930/461/2
f 2966/462/2 2967/458/2 2930/461/2
f 2870/456/2 2982/460/2 2983/463/2
f 2870/456/2 2983/463/2 2984/464/2
f 2965/465/2 2966/462/2 2930/461/2
f 2870/456/2 2984/464/2 2985/466/2
f 2869/467/2 2870/456/2 2985/466/2
f 2964/468/2 2965/465/2 2930/461/2
f 2869/467/2 2985/466/2 2986/469/2
f 2964/468/2 2930/461/2 2931/470/2
f 2869/467/2 2986/469/2 2987/471/2
f 2963/472/2 2964/468/2 2931/470/2
f 2869/467/2 2987/471/2 2988/473/2
f 2869/467/2 2988/473/2 2989/474/2
f 2868/475/2 2869/467/2 2989/474/2
f 2962/476/2 2963/472/2 2931/470/2
f 2962/476/2 2931/470/2 2932/477/2
f 2868/475/2 2989/474/2 2990/478/2
f 2868/475/2 2990/478/2 2991/479/2
f 2961/480/2 2962/476/2 2932/477/2
f 2868/475/2 2991/479/2 2992/481/2
f 2867/482/2 2868/475/2 2992/481/2
f 2961/480/2 2932/477/2 2933/483/2
f 2867/482/2 2992/481/2 2993/484/2
f 2960/485/2 2961/480/2 2933/483/2
f 2867/482/2 2993/484/2 2994/486/2
f 2867/482/2 2994/486/2 2995/487/2
f 2960/485/2 2933/483/2 2934/488/2
f 2866/489/2 2867/482/2 2995/487/2
f 2959/490/2 2960/485/2 2934/488/2
f 2866/489/2 2995/487/2 2996/491/2
f 2866/489/2 2996/491/2 2997/492/2
f 2958/493/2 2959/490/2 2934/488/2
f 2866/489/2 2997/492/2 2998/494/2
f 2958/493/2 2934/488/2 2935/495/2
f 2865/496/2 2866/489/2 2998/494/2
f 2865/496/2 2998/494/2 2999/497/2
f 2957/498/2 2958/493/2 2935/495/2
f 2865/496/2 2999/497/2 3000/499/2
f 2957/498/2 2935/495/2 2936/500/2
f 2865/496/2 3000/499/2 3001/501/2
f 2864/502/2 2865/496/2 3001/501/2
f 2956/503/2 2957/498/2 2936/500/2
f 2864/502/2 3001/501/2 3002/504/2
f 2956/503/2 2936/500/2 2937/505/2
f 2864/502/2 3002/504/2 3003/506/2
f 2863/507/2 2864/502/2 3003/506/2
f 2863/507/2 3003/506/2 3004/508/2
f 2955/509/2 2956/503/2 2937/505/2
f 2863/507/2 3004/508/2 3005/510/2
f 2955/509/2 2937/505/2 2938/511/2
f 2863/507/2 3005/510/2 3006/512/2
f 2954/513/2 2955/509/2 2938/511/2
f 2862/514/2 2863/507/2 3006/512/2
f 2862/514/2 3006/512/2 3007/515/2
f 2954/513/2 2938/511/2 2939/516/2
f 2862/514/2 3007/515/2 3008/517/2
f 2953/518/2 2954/513/2 2939/516/2
f 2861/519/2 2862/514/2 3008/517/2
f 2861/519/2 3008/517/2 3009/520/2
f 2953/518/2 2939/516/2 2940/521/2
f 2861/519/2 3009/520/2 3010/522/2
f 2952/523/2 2953/518/2 2940/521/2
f 2861/519/2 3010/522/2 3011/524/2
f 2860/525/2 2861/519/2 3011/524/2
f 2952/523/2 2940/521/2 2941/526/2
f 2860/525/2 3011/524/2 3012/527/2
f 2951/528/2 2952/523/2 2941/526/2
f 2860/525/2 3012/527/2 3013/529/2
f 2951/528/2 2941/526/2 2942/530/2
f 2859/531/2 2860/525/2 3013/529/2
f 2859/531/2 3013/529/2 3014/532/2
f 2950/533/2 2951/528/2 2942/530/2
f 2859/531/2 3014/532/2 3015/534/2
f 2950/533/2 2942/530/2 2943/535/2
f 2858/536/2 2859/531/2 3015/534/2
f 2858/536/2 3015/534/2 3016/537/2
f 2949/538/2 2950/533/2 2943/535/2
f 2858/536/2 3016/537/2 3017/539/2
f 2949/538/2 2943/535/2 2944/540/2
f 2858/536/2 3017/539/2 3018/541/2
f 2857/542/2 2858/536/2 3018/541/2
f 2948/543/2 2949/538/2 2944/540/2
f 2857/542/2 3018/541/2 3019/235/2
f 2948/543/2 2944/540/2 2945/544/2
f 2857/542/2 3019/235/2 2947/545/2
f 2856/546/2 2857/542/2 2947/545/2
f 2856/546/2 2947/545/2 2948/543/2
f 2856/546/2 2948/543/2 2945/544/2
f 2856/546/2 2945/544/2 2946/547/2
f 2855/548/2 2856/546/2 2946/547/2
f 2855/548/2 2946/547/2 2537/117/2
f 2854/549/2 2855/548/2 2537/117/2
f 2854/549/2 2537/117/2 2538/550/2
f 2853/551/2 2854/549/2 2538/550/2
f 2852/552/2 2853/551/2 2538/550/2
f 2852/552/2 2538/550/2 2539/553/2
f 2852/552/2 2539/553/2 2540/554/2
f 2852/552/2 2540/554/2 2541/555/2
f 2851/556/2 2852/552/2 2541/555/2
f 2851/556/2 2541/555/2 2542/557/2
f 2851/556/2 2542/557/2 2543/558/2
f 2851/556/2 2543/558/2 2544/559/2
f 2850/560/2 2851/556/2 2544/559/2
f 2850/560/2 2544/559/2 2545/561/2
f 2850/560/2 2545/561/2 2546/562/2
f 2850/560/2 2546/562/2 2547/563/2
f 2850/560/2 2547/563/2 2548/564/2
f 2849/565/2 2850/560/2 2548/564/2
f 2849/565/2 2548/564/2 2549/566/2
f 2849/565/2 2549/566/2 2550/567/2
f 2849/565/2 2550/567/2 2551/568/2
f 2849/565/2 2551/568/2 2552/569/2
f 2849/565/2 2552/569/2 2553/570/2
f 2848/571/2 2849/565/2 2563/572/2
f 2563/572/2 2849/565/2 2553/570/2
f 2563/572/2 2553/570/2 2554/573/2
f 2563/572/2 2554/573/2 2555/574/2
f 2563/572/2 2555/574/2 2556/575/2
f 2563/572/2 2556/575/2 2557/576/2
f 2563/572/2 2557/576/2 2558/577/2
f 2563/572/2 2558/577/2 2559/578/2
f 2563/572/2 2559/578/2 2560/579/2
f 2563/572/2 2560/579/2 2561/580/2
f 2563/572/2 2561/580/2 2562/581/2
f 2848/571/2 2563/572/2 2564/582/2
f 2847/583/2 2848/571/2 2564/582/2
f 2847/583/2 2564/582/2 2565/584/2
f 2847/583/2 2565/584/2 2566/585/2
f 2846/586/2 2847/583/2 2566/585/2
f 2846/586/2 2566/585/2 2567/587/2
f 2846/586/2 2567/587/2 2568/588/2
f 2845/589/2 2846/586/2 2568/588/2
f 2845/589/2 2568/588/2 2569/590/2
f 2845/589/2 2569/590/2 2570/591/2
f 2845/589/2 2570/591/2 2571/592/2
f 2844/593/2 2845/589/2 2571/592/2
f 2844/593/2 2571/592/2 2572/594/2
f 2844/593/2 2572/594/2 2573/595/2
f 2843/596/2 2844/593/2 2573/595/2
f 2843/596/2 2573/595/2 2574/597/2
f 2843/596/2 2574/597/2 2575/598/2
f 2842/599/2 2843/596/2 2575/598/2
f 2842/599/2 2575/598/2 2576/600/2
f 2842/599/2 2576/600/2 2577/601/2
f 2841/602/2 2842/599/2 2577/601/2
f 2841/602/2 2577/601/2 2578/603/2
f 2841/602/2 2578/603/2 2579/604/2
f 2840/605/2 2841/602/2 2579/604/2
f 2840/605/2 2579/604/2 2580/606/2
f 2840/605/2 2580/606/2 2581/607/2
f 2840/605/2 2581/607/2 2582/608/2
f 2839/609/2 2840/605/2 2582/608/2
f 2839/609/2 2582/608/2 2583/610/2
f 2839/609/2 2583/610/2 2584/611/2
f 2838/612/2 2839/609/2 2584/611/2
f 2838/612/2 2584/611/2 2585/613/2
f 2838/612/2 2585/613/2 2586/614/2
f 2838/612/2 2586/614/2 2587/615/2
f 2837/616/2 2838/612/2 2587/615/2
f 2837/616/2 2587/615/2 2588/617/2
f 2837/616/2 2588/617/2 2589/618/2
f 2658/619/2 2659/621/2 2660/620/2
f 2658/619/2 2660/620/2 2661/622/2
f 2657/623/2 2658/619/2 2661/622/2
f 2657/623/2 2661/622/2 2662/624/2
f 2657/623/2 2662/624/2 2663/625/2
f 2656/626/2 2657/623/2 2663/625/2
f 2656/626/2 2663/625/2 2664/627/2
f 2655/628/2 2656/626/2 2664/627/2
f 2655/628/2 2664/627/2 2665/629/2
f 2655/628/2 2665/629/2 2666/630/2
f 2654/631/2 2655/628/2 2666/630/2
f 2654/631/2 2666/630/2 2667/632/2
f 2654/631/2 2667/632/2 2668/633/2
f 2653/634/2 2654/631/2 2668/633/2
f 2653/634/2 2668/633/2 2669/635/2
f 2652/636/2 2653/634/2 2669/635/2
f 2652/636/2 2669/635/2 2670/637/2
f 2652/636/2 2670/637/2 2671/638/2
f 2651/639/2 2652/636/2 2671/638/2
f 2651/639/2 2671/638/2 2672/640/2
f 2651/639/2 2672/640/2 2673/641/2
f 2650/642/2 2651/639/2 2673/641/2
f 2650/642/2 2673/641/2 2674/643/2
f 2837/616/2 2589/618/2 2590/644/2
f 2649/645/2 2650/642/2 2674/643/2
f 2649/645/2 2674/643/2 2675/646/2
f 2836/647/2 2837/616/2 2590/644/2
f 2649/645/2 2675/646/2 2676/648/2
f 2648/649/2 2649/645/2 2676/648/2
f 2648/649/2 2676/648/2 2677/650/2
f 2647/651/2 2648/649/2 2677/650/2
f 2647/651/2 2677/650/2 2678/652/2
f 2647/651/2 2678/652/2 2679/653/2
f 2646/654/2 2647/651/2 2679/653/2
f 2836/647/2 2590/644/2 2591/655/2
f 2646/654/2 2679/653/2 2680/656/2
f 2645/657/2 2646/654/2 2680/656/2
f 2645/657/2 2680/656/2 2681/658/2
f 2644/659/2 2645/657/2 2681/658/2
f 2644/659/2 2681/658/2 2682/660/2
f 2643/661/2 2644/659/2 2682/660/2
f 2836/647/2 2591/655/2 2592/662/2
f 2643/661/2 2682/660/2 2683/663/2
f 2643/661/2 2683/663/2 2684/664/2
f 2642/665/2 2643/661/2 2684/664/2
f 2642/665/2 2684/664/2 2685/666/2
f 2641/667/2 2642/665/2 2685/666/2
f 2836/647/2 2592/662/2 2593/668/2
f 2641/667/2 2685/666/2 2686/669/2
f 2640/670/2 2641/667/2 2686/669/2
f 2835/671/2 2836/647/2 2593/668/2
f 2640/670/2 2686/669/2 2687/672/2
f 2639/673/2 2640/670/2 2687/672/2
f 2639/673/2 2687/672/2 2688/674/2
f 2638/675/2 2639/673/2 2688/674/2
f 2835/671/2 2593/668/2 2594/676/2
f 2638/675/2 2688/674/2 2689/677/2
f 2637/678/2 2638/675/2 2689/677/2
f 2636/679/2 2637/678/2 2689/677/2
f 2636/679/2 2689/677/2 2690/680/2
f 2835/671/2 2594/676/2 2595/681/2
f 2635/682/2 2636/679/2 2690/680/2
f 2635/682/2 2690/680/2 2691/683/2
f 2634/684/2 2635/682/2 2691/683/2
f 2835/671/2 2595/681/2 2596/685/2
f 2634/684/2 2691/683/2 2692/686/2
f 2633/687/2 2634/684/2 2692/686/2
f 2633/687/2 2692/686/2 2693/688/2
f 2632/689/2 2633/687/2 2693/688/2
f 2834/690/2 2835/671/2 2596/685/2
f 2834/690/2 2596/685/2 2597/691/2
f 2631/692/2 2632/689/2 2693/688/2
f 2631/692/2 2693/688/2 2694/693/2
f 2834/690/2 2597/691/2 2598/694/2
f 2630/695/2 2631/692/2 2694/693/2
f 2630/695/2 2694/693/2 2695/696/2
f 2629/697/2 2630/695/2 2695/696/2
f 2834/690/2 2598/694/2 2599/698/2
f 2628/699/2 2629/697/2 2695/696/2
f 2628/699/2 2695/696/2 2696/700/2
f 2627/701/2 2628/699/2 2696/700/2
f 2834/690/2 2599/698/2 2600/702/2
f 2627/701/2 2696/700/2 2697/703/2
f 2626/704/2 2627/701/2 2697/703/2
f 2625/705/2 2626/704/2 2697/703/2
f 2834/690/2 2600/702/2 2601/706/2
f 2625/705/2 2697/703/2 2698/707/2
f 2833/708/2 2834/690/2 2601/706/2
f 2624/709/2 2625/705/2 2698/707/2
f 2833/708/2 2601/706/2 2602/710/2
f 2623/711/2 2624/709/2 2698/707/2
f 2623/711/2 2698/707/2 2699/712/2
f 2833/708/2 2602/710/2 2603/713/2
f 2622/714/2 2623/711/2 2699/712/2
f 2621/715/2 2622/714/2 2699/712/2
f 2833/708/2 2603/713/2 2604/716/2
f 2621/715/2 2699/712/2 2700/717/2
f 2620/718/2 2621/715/2 2700/717/2
f 2833/708/2 2604/716/2 2605/719/2
f 2619/720/2 2620/718/2 2700/717/2
f 2619/720/2 2700/717/2 2701/721/2
f 2833/708/2 2605/719/2 2606/722/2
f 2618/723/2 2619/720/2 2701/721/2
f 2617/724/2 2618/723/2 2701/721/2
f 2833/708/2 2606/722/2 2607/725/2
f 2616/726/2 2617/724/2 2701/721/2
f 2833/708/2 2607/725/2 2608/727/2
f 2615/728/2 2616/726/2 2701/721/2
f 2833/708/2 2608/727/2 2609/729/2
f 2614/730/2 2615/728/2 2701/721/2
f 2614/730/2 2701/721/2 2702/731/2
f 2613/732/2 2614/730/2 2702/731/2
f 2833/708/2 2609/729/2 2610/733/2
f 2612/734/2 2613/732/2 2702/731/2
f 2833/708/2 2610/733/2 2611/735/2
f 2611/735/2 2612/734/2 2702/731/2
f 2832/736/2 2833/708/2 2611/735/2
f 2832/736/2 2611/735/2 2702/731/2
f 2832/736/2 2702/731/2 2703/737/2
f 2832/736/2 2703/737/2 2704/738/2
f 2832/736/2 2704/738/2 2705/739/2
f 2831/740/2 2832/736/2 2705/739/2
f 2831/740/2 2705/739/2 2706/741/2
f 2831/740/2 2706/741/2 2707/742/2
f 2831/740/2 2707/742/2 2708/743/2
f 2830/744/2 2831/740/2 2708/743/2
f 2830/744/2 2708/743/2 2709/745/2
f 2830/744/2 2709/745/2 2710/746/2
f 2830/744/2 2710/746/2 2711/747/2
f 2830/744/2 2711/747/2 2712/748/2
f 2829/749/2 2830/744/2 2712/748/2
f 2829/749/2 2712/748/2 2713/750/2
f 2829/749/2 2713/750/2 2714/751/2
f 2829/749/2 2714/751/2 2715/752/2
f 2828/753/2 2829/749/2 2715/752/2
f 2828/753/2 2715/752/2 2716/754/2
f 2828/753/2 2716/754/2 2717/755/2
f 2828/753/2 2717/755/2 2718/756/2
f 2828/753/2 2718/756/2 2719/757/2
f 2827/758/2 2828/753/2 2719/757/2
f 2827/758/2 2719/757/2 2720/759/2
f 2827/758/2 2720/759/2 2721/760/2
f 2827/758/2 2721/760/2 2722/761/2
f 2827/758/2 2722/761/2 2723/762/2
f 2826/763/2 2827/758/2 2723/762/2
f 2826/763/2 2723/762/2 2724/764/2
f 2826/763/2 2724/764/2 2725/765/2
f 2826/763/2 2725/765/2 2726/766/2
f 2826/763/2 2726/766/2 2727/767/2
f 2826/763/2 2727/767/2 2728/768/2
f 2825/769/2 2826/763/2 2728/768/2
f 2825/769/2 2728/768/2 2729/770/2
f 2825/769/2 2729/770/2 2730/771/2
f 2825/769/2 2730/771/2 2731/772/2
f 2825/769/2 2731/772/2 2732/773/2
f 2825/769/2 2732/773/2 2733/774/2
f 2824/775/2 2825/769/2 2733/774/2
f 2824/775/2 2733/774/2 2734/776/2
f 2824/775/2 2734/776/2 2735/777/2
f 2824/775/2 2735/777/2 2736/778/2
f 2824/775/2 2736/778/2 2737/779/2
f 2824/775/2 2737/779/2 2738/780/2
f 2823/781/2 2824/775/2 2738/780/2
f 2823/781/2 2738/780/2 2739/782/2
f 2823/781/2 2739/782/2 2740/783/2
f 2823/781/2 2740/783/2 2741/784/2
f 2823/781/2 2741/784/2 2742/785/2
f 2823/781/2 2742/785/2 2743/786/2
f 2823/781/2 2743/786/2 2744/787/2
f 2823/781/2 2744/787/2 2745/788/2
f 2822/789/2 2823/781/2 2745/788/2
f 2822/789/2 2745/788/2 2746/790/2
f 2822/789/2 2746/790/2 2747/791/2
f 2822/789/2 2747/791/2 2748/792/2
f 2822/789/2 2748/792/2 2749/793/2
f 2822/789/2 2749/793/2 2750/794/2
f 2822/789/2 2750/794/2 2751/795/2
f 2822/789/2 2751/795/2 2752/796/2
f 2821/797/2 2822/789/2 2752/796/2
f 2821/797/2 2752/796/2 2753/798/2
f 2821/797/2 2753/798/2 2754/799/2
f 2821/797/2 2754/799/2 2755/800/2
f 2821/797/2 2755/800/2 2756/801/2
f 2821/797/2 2756/801/2 2757/802/2
f 2821/797/2 2757/802/2 2758/803/2
f 2820/804/2 2821/797/2 2758/803/2
f 2820/804/2 2758/803/2 2759/805/2
f 2820/804/2 2759/805/2 2760/806/2
f 2820/804/2 2760/806/2 2761/807/2
f 2820/804/2 2761/807/2 2762/808/2
f 2820/804/2 2762/808/2 2763/809/2
f 2819/810/2 2820/804/2 2763/809/2
f 2819/810/2 2763/809/2 2764/811/2
f 2819/810/2 2764/811/2 2765/812/2
f 2819/810/2 2765/812/2 2766/813/2
f 2819/810/2 2766/813/2 2767/814/2
f 2818/815/2 2819/810/2 2767/814/2
f 2818/815/2 2767/814/2 2768/816/2
f 2818/815/2 2768/816/2 2769/817/2
f 2818/815/2 2769/817/2 2770/818/2
f 2817/819/2 2818/815/2 2770/818/2
f 2817/819/2 2770/818/2 2771/820/2
f 2817/819/2 2771/820/2 2772/821/2
f 2817/819/2 2772/821/2 2773/822/2
f 2816/823/2 2817/819/2 2773/822/2
f 2816/823/2 2773/822/2 2774/824/2
f 2816/823/2 2774/824/2 2775/825/2
f 2816/823/2 2775/825/2 2776/826/2
f 2815/827/2 2816/823/2 2776/826/2
f 2815/827/2 2776/826/2 2777/828/2
f 2815/827/2 2777/828/2 2778/829/2
f 2815/827/2 2778/829/2 2779/830/2
f 2814/831/2 2815/827/2 2779/830/2
f 2814/831/2 2779/830/2 2780/832/2
f 2814/831/2 2780/832/2 2781/833/2
f 2813/834/2 2814/831/2 2781/833/2
f 2813/834/2 2781/833/2 2782/835/2
f 2813/834/2 2782/835/2 2783/836/2
f 2813/834/2 2783/836/2 2784/837/2
f 2812/838/2 2813/834/2 2784/837/2
f 2812/838/2 2784/837/2 2785/839/2
f 2812/838/2 2785/839/2 2786/840/2
f 2811/841/2 2812/838/2 2786/840/2
f 2811/841/2 2786/840/2 2787/842/2
f 2811/841/2 2787/842/2 2788/843/2
f 2810/844/2 2811/841/2 2788/843/2
f 2810/844/2 2788/843/2 2789/845/2
f 2810/844/2 2789/845/2 2790/846/2
f 2809/847/2 2810/844/2 2790/846/2
f 2809/847/2 2790/846/2 2791/848/2
f 2809/847/2 2791/848/2 2792/849/2
f 2808/850/2 2809/847/2 2792/849/2
f 2808/850/2 2792/849/2 2793/851/2
f 2808/850/2 2793/851/2 2794/852/2
f 2807/853/2 2808/850/2 2794/852/2
f 2807/853/2 2794/852/2 2795/854/2
f 2807/853/2 2795/854/2 2796/855/2
f 2806/856/2 2807/853/2 2796/855/2
f 2806/856/2 2796/855/2 2797/857/2
f 2806/856/2 2797/857/2 2798/858/2
f 2805/859/2 2806/856/2 2798/858/2
f 2805/859/2 2798/858/2 2799/860/2
f 2805/859/2 2799/860/2 2800/861/2
f 2804/862/2 2805/859/2 2800/861/2
f 2804/862/2 2800/861/2 2801/863/2
f 2804/862/2 2801/863/2 2802/864/2
f 2803/865/2 2804/862/2 2802/864/2
f 3238/829/2 3239/867/2 3240/866/2
f 3408/868/2 3409/870/2 3410/869/2
f 3237/871/2 3238/829/2 3240/866/2
f 3237/871/2 3240/866/2 3241/872/2
f 3407/873/2 3408/868/2 3410/869/2
f 3407/873/2 3410/869/2 3411/874/2
f 3236/875/2 3237/871/2 3241/872/2
f 3236/875/2 3241/872/2 3242/876/2
f 3406/877/2 3407/873/2 3411/874/2
f 3406/877/2 3411/874/2 3412/878/2
f 3235/879/2 3236/875/2 3242/876/2
f 3235/879/2 3242/876/2 3243/880/2
f 3405/881/2 3406/877/2 3412/878/2
f 3405/881/2 3412/878/2 3413/882/2
f 3234/883/2 3235/879/2 3243/880/2
f 3234/883/2 3243/880/2 3244/884/2
f 3404/885/2 3405/881/2 3413/882/2
f 3404/885/2 3413/882/2 3414/886/2
f 3233/887/2 3234/883/2 3244/884/2
f 3233/887/2 3244/884/2 3245/888/2
f 3403/889/2 3404/885/2 3414/886/2
f 3403/889/2 3414/886/2 3415/890/2
f 3232/891/2 3233/887/2 3245/888/2
f 3232/891/2 3245/888/2 3246/892/2
f 3402/893/2 3403/889/2 3415/890/2
f 3402/893/2 3415/890/2 3416/894/2
f 3231/895/2 3232/891/2 3246/892/2
f 3231/895/2 3246/892/2 3247/896/2
f 3401/897/2 3402/893/2 3416/894/2
f 3401/897/2 3416/894/2 3417/898/2
f 3230/899/2 3231/895/2 3247/896/2
f 3230/899/2 3247/896/2 3248/900/2
f 3400/901/2 3401/897/2 3417/898/2
f 3400/901/2 3417/898/2 3418/902/2
f 3229/903/2 3230/899/2 3248/900/2
f 3229/903/2 3248/900/2 3249/904/2
f 3399/905/2 3400/901/2 3418/902/2
f 3399/905/2 3418/902/2 3419/906/2
f 3228/907/2 3229/903/2 3249/904/2
f 3228/907/2 3249/904/2 3250/908/2
f 3398/909/2 3399/905/2 3419/906/2
f 3398/909/2 3419/906/2 3420/910/2
f 3227/911/2 3228/907/2 3250/908/2
f 3227/911/2 3250/908/2 3251/912/2
f 3397/913/2 3398/909/2 3420/910/2
f 3397/913/2 3420/910/2 3421/914/2
f 3226/915/2 3227/911/2 3251/912/2
f 3226/915/2 3251/912/2 3252/916/2
f 3396/917/2 3397/913/2 3421/914/2
f 3396/917/2 3421/914/2 3422/918/2
f 3226/915/2 3252/916/2 3253/919/2
f 3396/917/2 3422/918/2 3423/920/2
f 3225/921/2 3226/915/2 3253/919/2
f 3395/922/2 3396/917/2 3423/920/2
f 3225/921/2 3253/919/2 3254/923/2
f 3395/922/2 3423/920/2 3424/924/2
f 3224/925/2 3225/921/2 3254/923/2
f 3394/926/2 3395/922/2 3424/924/2
f 3224/925/2 3254/923/2 3255/927/2
f 3394/926/2 3424/924/2 3425/928/2
f 3223/929/2 3224/925/2 3255/927/2
f 3393/930/2 3394/926/2 3425/928/2
f 3223/929/2 3255/927/2 3256/931/2
f 3393/930/2 3425/928/2 3426/932/2
f 3222/933/2 3223/929/2 3256/931/2
f 3392/934/2 3393/930/2 3426/932/2
f 3222/933/2 3256/931/2 3257/935/2
f 3392/934/2 3426/932/2 3427/936/2
f 3221/937/2 3222/933/2 3257/935/2
f 3391/938/2 3392/934/2 3427/936/2
f 3221/937/2 3257/935/2 3258/939/2
f 3391/938/2 3427/936/2 3428/940/2
f 3220/941/2 3221/937/2 3258/939/2
f 3390/942/2 3391/938/2 3428/940/2
f 3220/941/2 3258/939/2 3259/943/2
f 3390/942/2 3428/940/2 3429/944/2
f 3219/945/2 3220/941/2 3259/943/2
f 3389/946/2 3390/942/2 3429/944/2
f 3219/945/2 3259/943/2 3260/947/2
f 3389/946/2 3429/944/2 3430/948/2
f 3218/949/2 3219/945/2 3260/947/2
f 3388/950/2 3389/946/2 3430/948/2
f 3218/949/2 3260/947/2 3261/951/2
f 3388/950/2 3430/948/2 3431/952/2
f 3217/953/2 3218/949/2 3261/951/2
f 3387/954/2 3388/950/2 3431/952/2
f 3217/953/2 3261/951/2 3262/955/2
f 3387/954/2 3431/952/2 3432/956/2
f 3216/957/2 3217/953/2 3262/955/2
f 3386/958/2 3387/954/2 3432/956/2
f 3216/957/2 3262/955/2 3263/959/2
f 3386/958/2 3432/956/2 3433/960/2
f 3215/961/2 3216/957/2 3263/959/2
f 3385/962/2 3386/958/2 3433/960/2
f 3214/963/2 3215/961/2 3263/959/2
f 3214/963/2 3263/959/2 3264/964/2
f 3384/965/2 3385/962/2 3433/960/2
f 3384/965/2 3433/960/2 3434/966/2
f 3214/963/2 3264/964/2 3265/967/2
f 3384/965/2 3434/966/2 3435/968/2
f 3213/969/2 3214/963/2 3265/967/2
f 3383/970/2 3384/965/2 3435/968/2
f 3213/969/2 3265/967/2 3266/971/2
f 3383/970/2 3435/968/2 3436/972/2
f 3212/973/2 3213/969/2 3266/971/2
f 3382/974/2 3383/970/2 3436/972/2
f 3212/973/2 3266/971/2 3267/975/2
f 3382/974/2 3436/972/2 3437/976/2
f 3211/977/2 3212/973/2 3267/975/2
f 3381/978/2 3382/974/2 3437/976/2
f 3211/977/2 3267/975/2 3268/979/2
f 3381/978/2 3437/976/2 3438/980/2
f 3210/981/2 3211/977/2 3268/979/2
f 3380/982/2 3381/978/2 3438/980/2
f 3210/981/2 3268/979/2 3269/983/2
f 3380/982/2 3438/980/2 3439/984/2
f 3209/985/2 3210/981/2 3269/983/2
f 3379/986/2 3380/982/2 3439/984/2
f 3209/985/2 3269/983/2 3270/987/2
f 3379/986/2 3439/984/2 3440/988/2
f 3208/989/2 3209/985/2 3270/987/2
f 3378/990/2 3379/986/2 3440/988/2
f 3208/989/2 3270/987/2 3271/991/2
f 3378/990/2 3440/988/2 3441/992/2
f 3207/993/2 3208/989/2 3271/991/2
f 3377/994/2 3378/990/2 3441/992/2
f 3207/993/2 3271/991/2 3272/995/2
f 3377/994/2 3441/992/2 3442/996/2
f 3206/997/2 3207/993/2 3272/995/2
f 3376/998/2 3377/994/2 3442/996/2
f 3206/997/2 3272/995/2 3273/999/2
f 3376/998/2 3442/996/2 3443/1000/2
f 3205/1001/2 3206/997/2 3273/999/2
f 3375/1002/2 3376/998/2 3443/1000/2
f 3205/1001/2 3273/999/2 3274/1003/2
f 3375/1002/2 3443/1000/2 3444/1004/2
f 3204/1005/2 3205/1001/2 3274/1003/2
f 3374/1006/2 3375/1002/2 3444/1004/2
f 3204/1005/2 3274/1003/2 3275/1007/2
f 3374/1006/2 3444/1004/2 3445/1008/2
f 3203/1009/2 3204/1005/2 3275/1007/2
f 3373/1010/2 3374/1006/2 3445/1008/2
f 3202/1011/2 3203/1009/2 3275/1007/2
f 3202/1011/2 3275/1007/2 3276/1012/2
f 3372/1013/2 3373/1010/2 3445/1008/2
f 3372/1013/2 3445/1008/2 3446/1014/2
f 3201/1015/2 3202/1011/2 3276/1012/2
f 3201/1015/2 3276/1012/2 3277/1016/2
f 3371/1017/2 3372/1013/2 3446/1014/2
f 3371/1017/2 3446/1014/2 3447/1018/2
f 3200/1019/2 3201/1015/2 3277/1016/2
f 3200/1019/2 3277/1016/2 3278/1020/2
f 3370/1021/2 3371/1017/2 3447/1018/2
f 3370/1021/2 3447/1018/2 3448/1022/2
f 3199/1023/2 3200/1019/2 3278/1020/2
f 3199/1023/2 3278/1020/2 3279/1024/2
f 3369/1025/2 3370/1021/2 3448/1022/2
f 3369/1025/2 3448/1022/2 3449/1026/2
f 3198/1027/2 3199/1023/2 3279/1024/2
f 3198/1027/2 3279/1024/2 3280/1028/2
f 3368/1029/2 3369/1025/2 3449/1026/2
f 3368/1029/2 3449/1026/2 3450/1030/2
f 3197/1031/2 3198/1027/2 3280/1028/2
f 3197/1031/2 3280/1028/2 3281/1032/2
f 3367/1033/2 3368/1029/2 3450/1030/2
f 3367/1033/2 3450/1030/2 3451/1034/2
f 3196/1035/2 3197/1031/2 3281/1032/2
f 3196/1035/2 3281/1032/2 3282/1036/2
f 3366/1037/2 3367/1033/2 3451/1034/2
f 3366/1037/2 3451/1034/2 3452/1038/2
f 3195/1039/2 3196/1035/2 3282/1036/2
f 3195/1039/2 3282/1036/2 3283/1040/2
f 3365/1041/2 3366/1037/2 3452/1038/2
f 3365/1041/2 3452/1038/2 3453/1042/2
f 3194/1043/2 3195/1039/2 3283/1040/2
f 3194/1043/2 3283/1040/2 3284/1044/2
f 3364/1045/2 3365/1041/2 3453/1042/2
f 3364/1045/2 3453/1042/2 3454/1046/2
f 3193/1047/2 3194/1043/2 3284/1044/2
f 3193/1047/2 3284/1044/2 3285/1048/2
f 3363/1049/2 3364/1045/2 3454/1046/2
f 3363/1049/2 3454/1046/2 3455/1050/2
f 3192/1051/2 3193/1047/2 3285/1048/2
f 3192/1051/2 3285/1048/2 3286/1052/2
f 3362/1053/2 3363/1049/2 3455/1050/2
f 3362/1053/2 3455/1050/2 3456/235/2
f 3191/1054/2 3192/1051/2 3286/1052/2
f 3191/1054/2 3286/1052/2 3287/1055/2
f 3361/1056/2 3362/1053/2 3456/235/2
f 3361/1056/2 3456/235/2 3020/117/2
f 3190/1057/2 3191/1054/2 3287/1055/2
f 3190/1057/2 3287/1055/2 3288/1058/2
f 3360/1059/2 3361/1056/2 3020/117/2
f 3360/1059/2 3020/117/2 3021/1060/2
f 3190/1057/2 3288/1058/2 3289/1061/2
f 3190/1057/2 3289/1061/2 3290/1062/2
f 3190/1057/2 3290/1062/2 3291/1063/2
f 3190/1057/2 3291/1063/2 3292/1064/2
f 3189/1065/2 3190/1057/2 3292/1064/2
f 3189/1065/2 3292/1064/2 3293/1066/2
f 3189/1065/2 3293/1066/2 3294/1067/2
f 3188/1068/2 3189/1065/2 3294/1067/2
f 3188/1068/2 3294/1067/2 3295/1069/2
f 3188/1068/2 3295/1069/2 3296/1070/2
f 3187/1071/2 3188/1068/2 3296/1070/2
f 3187/1071/2 3296/1070/2 3297/1072/2
f 3187/1071/2 3297/1072/2 3298/1073/2
f 3359/1074/2 3360/1059/2 3021/1060/2
f 3186/1075/2 3187/1071/2 3298/1073/2
f 3186/1075/2 3298/1073/2 3299/1076/2
f 3358/1077/2 3359/1074/2 3021/1060/2
f 3186/1075/2 3299/1076/2 3300/1078/2
f 3185/1079/2 3186/1075/2 3300/1078/2
f 3185/1079/2 3300/1078/2 3301/1080/2
f 3357/1081/2 3358/1077/2 3021/1060/2
f 3185/1079/2 3301/1080/2 3302/1082/2
f 3185/1079/2 3302/1082/2 3303/1083/2
f 3356/1084/2 3357/1081/2 3021/1060/2
f 3184/1085/2 3185/1079/2 3303/1083/2
f 3184/1085/2 3303/1083/2 3304/1086/2
f 3355/1087/2 3356/1084/2 3021/1060/2
f 3184/1085/2 3304/1086/2 3305/1088/2
f 3183/1089/2 3184/1085/2 3305/1088/2
f 3183/1089/2 3305/1088/2 3306/1090/2
f 3354/1091/2 3355/1087/2 3021/1060/2
f 3183/1089/2 3306/1090/2 3307/1092/2
f 3183/1089/2 3307/1092/2 3308/1093/2
f 3353/1094/2 3354/1091/2 3021/1060/2
f 3182/1095/2 3183/1089/2 3308/1093/2
f 3182/1095/2 3308/1093/2 3309/1096/2
f 3352/1097/2 3353/1094/2 3021/1060/2
f 3182/1095/2 3309/1096/2 3310/1098/2
f 3182/1095/2 3310/1098/2 3311/1099/2
f 3181/1100/2 3182/1095/2 3311/1099/2
f 3351/1101/2 3352/1097/2 3021/1060/2
f 3181/1100/2 3311/1099/2 3312/1102/2
f 3181/1100/2 3312/1102/2 3313/1103/2
f 3350/1104/2 3351/1101/2 3021/1060/2
f 3181/1100/2 3313/1103/2 3314/1105/2
f 3180/1106/2 3181/1100/2 3314/1105/2
f 3349/1107/2 3350/1104/2 3021/1060/2
f 3180/1106/2 3314/1105/2 3315/1108/2
f 3180/1106/2 3315/1108/2 3316/1109/2
f 3348/1110/2 3349/1107/2 3021/1060/2
f 3180/1106/2 3316/1109/2 3317/1111/2
f 3179/1112/2 3180/1106/2 3317/1111/2
f 3179/1112/2 3317/1111/2 3318/1113/2
f 3347/1114/2 3348/1110/2 3021/1060/2
f 3179/1112/2 3318/1113/2 3319/1115/2
f 3346/1116/2 3347/1114/2 3021/1060/2
f 3179/1112/2 3319/1115/2 3320/1117/2
f 3179/1112/2 3320/1117/2 3321/1118/2
f 3178/1119/2 3179/1112/2 3321/1118/2
f 3345/1120/2 3346/1116/2 3021/1060/2
f 3178/1119/2 3321/1118/2 3322/1121/2
f 3344/1122/2 3345/1120/2 3118/1123/2
f 3118/1123/2 3345/1120/2 3021/1060/2
f 3178/1119/2 3322/1121/2 3323/1124/2
f 3178/1119/2 3323/1124/2 3324/1125/2
f 3343/1126/2 3344/1122/2 3118/1123/2
f 3178/1119/2 3324/1125/2 3325/1127/2
f 3177/1128/2 3178/1119/2 3325/1127/2
f 3177/1128/2 3325/1127/2 3326/1129/2
f 3342/1130/2 3343/1126/2 3118/1123/2
f 3177/1128/2 3326/1129/2 3327/1131/2
f 3341/1132/2 3342/1130/2 3118/1123/2
f 3177/1128/2 3327/1131/2 3328/1133/2
f 3177/1128/2 3328/1133/2 3329/1134/2
f 3340/1135/2 3341/1132/2 3118/1123/2
f 3177/1128/2 3329/1134/2 3330/1136/2
f 3339/1137/2 3340/1135/2 3118/1123/2
f 3177/1128/2 3330/1136/2 3331/1138/2
f 3177/1128/2 3331/1138/2 3332/1139/2
f 3176/1140/2 3177/1128/2 3332/1139/2
f 3338/1141/2 3339/1137/2 3118/1123/2
f 3176/1140/2 3332/1139/2 3333/1142/2
f 3337/1143/2 3338/1141/2 3118/1123/2
f 3176/1140/2 3333/1142/2 3334/1144/2
f 3176/1140/2 3334/1144/2 3335/1145/2
f 3336/1146/2 3337/1143/2 3118/1123/2
f 3176/1140/2 3335/1145/2 3336/1146/2
f 3176/1140/2 3336/1146/2 3118/1123/2
f 3175/1147/2 3176/1140/2 3118/1123/2
f 3174/1148/2 3175/1147/2 3118/1123/2
f 3173/1149/2 3174/1148/2 3118/1123/2
f 3172/1150/2 3173/1149/2 3118/1123/2
f 3171/1151/2 3172/1150/2 3118/1123/2
f 3171/1151/2 3118/1123/2 3119/1152/2
f 3117/1153/2 3118/1123/2 3021/1060/2
f 3170/1154/2 3171/1151/2 3119/1152/2
f 3169/1155/2 3170/1154/2 3119/1152/2
f 3169/1155/2 3119/1152/2 3120/1156/2
f 3168/1157/2 3169/1155/2 3120/1156/2
f 3168/1157/2 3120/1156/2 3121/1158/2
f 3167/1159/2 3168/1157/2 3121/1158/2
f 3167/1159/2 3121/1158/2 3122/1160/2
f 3166/1161/2 3167/1159/2 3122/1160/2
f 3165/1162/2 3166/1161/2 3122/1160/2
f 3165/1162/2 3122/1160/2 3123/1163/2
f 3164/1164/2 3165/1162/2 3123/1163/2
f 3164/1164/2 3123/1163/2 3124/1165/2
f 3163/1166/2 3164/1164/2 3124/1165/2
f 3163/1166/2 3124/1165/2 3125/1167/2
f 3162/1168/2 3163/1166/2 3125/1167/2
f 3162/1168/2 3125/1167/2 3126/1169/2
f 3161/1170/2 3162/1168/2 3126/1169/2
f 3160/1171/2 3161/1170/2 3126/1169/2
f 3160/1171/2 3126/1169/2 3127/1172/2
f 3159/1173/2 3160/1171/2 3127/1172/2
f 3159/1173/2 3127/1172/2 3128/1174/2
f 3158/1175/2 3159/1173/2 3128/1174/2
f 3116/1176/2 3117/1153/2 3021/1060/2
f 3116/1176/2 3021/1060/2 3022/1177/2
f 3115/1178/2 3116/1176/2 3022/1177/2
f 3115/1178/2 3022/1177/2 3023/1179/2
f 3158/1175/2 3128/1174/2 3129/1180/2
f 3114/1181/2 3115/1178/2 3023/1179/2
f 3114/1181/2 3023/1179/2 3024/1182/2
f 3157/1183/2 3158/1175/2 3129/1180/2
f 3113/1184/2 3114/1181/2 3024/1182/2
f 3113/1184/2 3024/1182/2 3025/1185/2
f 3112/1186/2 3113/1184/2 3025/1185/2
f 3112/1186/2 3025/1185/2 3026/1187/2
f 3111/1188/2 3112/1186/2 3026/1187/2
f 3111/1188/2 3026/1187/2 3027/1189/2
f 3110/1190/2 3111/1188/2 3027/1189/2
f 3110/1190/2 3027/1189/2 3028/1191/2
f 3157/1183/2 3129/1180/2 3130/1192/2
f 3156/1193/2 3157/1183/2 3130/1192/2
f 3109/1194/2 3110/1190/2 3028/1191/2
f 3109/1194/2 3028/1191/2 3029/1195/2
f 3108/1196/2 3109/1194/2 3029/1195/2
f 3108/1196/2 3029/1195/2 3030/1197/2
f 3107/1198/2 3108/1196/2 3030/1197/2
f 3107/1198/2 3030/1197/2 3031/1199/2
f 3106/1200/2 3107/1198/2 3031/1199/2
f 3106/1200/2 3031/1199/2 3032/1201/2
f 3105/1202/2 3106/1200/2 3032/1201/2
f 3105/1202/2 3032/1201/2 3033/1203/2
f 3155/1204/2 3156/1193/2 3130/1192/2
f 3155/1204/2 3130/1192/2 3131/1205/2
f 3104/1206/2 3105/1202/2 3033/1203/2
f 3104/1206/2 3033/1203/2 3034/1207/2
f 3103/1208/2 3104/1206/2 3034/1207/2
f 3103/1208/2 3034/1207/2 3035/1209/2
f 3102/1210/2 3103/1208/2 3035/1209/2
f 3102/1210/2 3035/1209/2 3036/1211/2
f 3101/1212/2 3102/1210/2 3036/1211/2
f 3101/1212/2 3036/1211/2 3037/1213/2
f 3154/1214/2 3155/1204/2 3131/1205/2
f 3100/1215/2 3101/1212/2 3037/1213/2
f 3100/1215/2 3037/1213/2 3038/1216/2
f 3099/1217/2 3100/1215/2 3038/1216/2
f 3099/1217/2 3038/1216/2 3039/1218/2
f 3154/1214/2 3131/1205/2 3132/1219/2
f 3098/1220/2 3099/1217/2 3039/1218/2
f 3098/1220/2 3039/1218/2 3040/1221/2
f 3097/1222/2 3098/1220/2 3040/1221/2
f 3097/1222/2 3040/1221/2 3041/1223/2
f 3096/1224/2 3097/1222/2 3041/1223/2
f 3096/1224/2 3041/1223/2 3042/1225/2
f 3153/1226/2 3154/1214/2 3132/1219/2
f 3095/1227/2 3096/1224/2 3042/1225/2
f 3095/1227/2 3042/1225/2 3043/1228/2
f 3094/1229/2 3095/1227/2 3043/1228/2
f 3094/1229/2 3043/1228/2 3044/1230/2
f 3093/1231/2 3094/1229/2 3044/1230/2
f 3093/1231/2 3044/1230/2 3045/1232/2
f 3153/1226/2 3132/1219/2 3133/1233/2
f 3092/1234/2 3093/1231/2 3045/1232/2
f 3092/1234/2 3045/1232/2 3046/1235/2
f 3091/1236/2 3092/1234/2 3046/1235/2
f 3091/1236/2 3046/1235/2 3047/1237/2
f 3090/1238/2 3091/1236/2 3047/1237/2
f 3090/1238/2 3047/1237/2 3048/1239/2
f 3152/1240/2 3153/1226/2 3133/1233/2
f 3089/1241/2 3090/1238/2 3048/1239/2
f 3089/1241/2 3048/1239/2 3049/1242/2
f 3088/1243/2 3089/1241/2 3049/1242/2
f 3088/1243/2 3049/1242/2 3050/1244/2
f 3087/1245/2 3088/1243/2 3050/1244/2
f 3087/1245/2 3050/1244/2 3051/1246/2
f 3086/1247/2 3087/1245/2 3051/1246/2
f 3086/1247/2 3051/1246/2 3052/1248/2
f 3152/1240/2 3133/1233/2 3134/1249/2
f 3085/1250/2 3086/1247/2 3052/1248/2
f 3085/1250/2 3052/1248/2 3053/1251/2
f 3084/1252/2 3085/1250/2 3053/1251/2
f 3084/1252/2 3053/1251/2 3054/1253/2
f 3083/1254/2 3084/1252/2 3054/1253/2
f 3083/1254/2 3054/1253/2 3055/1255/2
f 3151/1256/2 3152/1240/2 3134/1249/2
f 3082/1257/2 3083/1254/2 3055/1255/2
f 3082/1257/2 3055/1255/2 3056/1258/2
f 3081/1259/2 3082/1257/2 3056/1258/2
f 3081/1259/2 3056/1258/2 3057/1260/2
f 3080/1261/2 3081/1259/2 3057/1260/2
f 3080/1261/2 3057/1260/2 3058/1262/2
f 3079/1263/2 3080/1261/2 3058/1262/2
f 3079/1263/2 3058/1262/2 3059/1264/2
f 3078/1265/2 3079/1263/2 3059/1264/2
f 3078/1265/2 3059/1264/2 3060/1266/2
f 3077/1267/2 3078/1265/2 3060/1266/2
f 3077/1267/2 3060/1266/2 3061/1268/2
f 3076/1269/2 3077/1267/2 3061/1268/2
f 3076/1269/2 3061/1268/2 3062/1270/2
f 3075/1271/2 3076/1269/2 3062/1270/2
f 3075/1271/2 3062/1270/2 3063/1272/2
f 3151/1256/2 3134/1249/2 3135/1273/2
f 3074/1274/2 3075/1271/2 3063/1272/2
f 3074/1274/2 3063/1272/2 3064/1275/2
f 3073/1276/2 3074/1274/2 3064/1275/2
f 3073/1276/2 3064/1275/2 3065/1277/2
f 3072/1278/2 3073/1276/2 3065/1277/2
f 3072/1278/2 3065/1277/2 3066/1279/2
f 3071/1280/2 3072/1278/2 3066/1279/2
f 3071/1280/2 3066/1279/2 3067/1281/2
f 3070/1282/2 3071/1280/2 3067/1281/2
f 3070/1282/2 3067/1281/2 3068/1283/2
f 3069/1284/2 3070/1282/2 3068/1283/2
f 3150/1285/2 3151/1256/2 3135/1273/2
f 3150/1285/2 3135/1273/2 3136/1286/2
f 3149/1287/2 3150/1285/2 3136/1286/2
f 3148/1288/2 3149/1287/2 3136/1286/2
f 3148/1288/2 3136/1286/2 3137/1289/2
f 3147/1290/2 3148/1288/2 3137/1289/2
f 3147/1290/2 3137/1289/2 3138/1291/2
f 3146/1292/2 3147/1290/2 3138/1291/2
f 3146/1292/2 3138/1291/2 3139/1293/2
f 3145/1294/2 3146/1292/2 3139/1293/2
f 3145/1294/2 3139/1293/2 3140/1295/2
f 3144/1296/2 3145/1294/2 3140/1295/2
f 3144/1296/2 3140/1295/2 3141/1297/2
f 3143/1298/2 3144/1296/2 3141/1297/2
f 3143/1298/2 3141/1297/2 3142/1299/2
f 3698/1300/2 3699/1302/2 3700/1301/2
f 3697/1303/2 3698/1300/2 3700/1301/2
f 3697/1303/2 3700/1301/2 3701/1304/2
f 3696/1305/2 3697/1303/2 3701/1304/2
f 3696/1305/2 3701/1304/2 3702/1306/2
f 3695/1307/2 3696/1305/2 3702/1306/2
f 3695/1307/2 3702/1306/2 3703/1308/2
f 3694/1309/2 3695/1307/2 3703/1308/2
f 3694/1309/2 3703/1308/2 3704/1310/2
f 3693/1311/2 3694/1309/2 3704/1310/2
f 3693/1311/2 3704/1310/2 3705/1312/2
f 3692/1313/2 3693/1311/2 3705/1312/2
f 3692/1313/2 3705/1312/2 3706/1314/2
f 3691/1315/2 3692/1313/2 3706/1314/2
f 3691/1315/2 3706/1314/2 3707/1316/2
f 3690/1317/2 3691/1315/2 3707/1316/2
f 3690/1317/2 3707/1316/2 3708/1318/2
f 3689/1319/2 3690/1317/2 3708/1318/2
f 3689/1319/2 3708/1318/2 3709/1320/2
f 3688/1321/2 3689/1319/2 3709/1320/2
f 3688/1321/2 3709/1320/2 3710/1322/2
f 3687/1323/2 3688/1321/2 3710/1322/2
f 3687/1323/2 3710/1322/2 3711/1324/2
f 3686/1325/2 3687/1323/2 3711/1324/2
f 3686/1325/2 3711/1324/2 3712/1326/2
f 3685/1327/2 3686/1325/2 3712/1326/2
f 3685/1327/2 3712/1326/2 3713/1328/2
f 3684/1329/2 3685/1327/2 3713/1328/2
f 3684/1329/2 3713/1328/2 3714/1330/2
f 3683/1331/2 3684/1329/2 3714/1330/2
f 3683/1331/2 3714/1330/2 3715/1332/2
f 3682/1333/2 3683/1331/2 3715/1332/2
f 3682/1333/2 3715/1332/2 3716/1334/2
f 3681/1335/2 3682/1333/2 3716/1334/2
f 3681/1335/2 3716/1334/2 3717/1336/2
f 3680/1337/2 3681/1335/2 3717/1336/2
f 3680/1337/2 3717/1336/2 3718/1338/2
f 3679/1339/2 3680/1337/2 3718/1338/2
f 3679/1339/2 3718/1338/2 3719/1340/2
f 3678/1341/2 3679/1339/2 3719/1340/2
f 3678/1341/2 3719/1340/2 3720/1342/2
f 3677/1343/2 3678/1341/2 3720/1342/2
f 3677/1343/2 3720/1342/2 3721/1344/2
f 3676/1345/2 3677/1343/2 3721/1344/2
f 3676/1345/2 3721/1344/2 3722/1346/2
f 3675/1347/2 3676/1345/2 3722/1346/2
f 3675/1347/2 3722/1346/2 3723/1348/2
f 3674/1349/2 3675/1347/2 3723/1348/2
f 3674/1349/2 3723/1348/2 3724/1350/2
f 3673/1351/2 3674/1349/2 3724/1350/2
f 3673/1351/2 3724/1350/2 3725/1352/2
f 3672/1353/2 3673/1351/2 3725/1352/2
f 3672/1353/2 3725/1352/2 3726/1354/2
f 3671/1355/2 3672/1353/2 3726/1354/2
f 3671/1355/2 3726/1354/2 3727/1356/2
f 3670/1357/2 3671/1355/2 3727/1356/2
f 3670/1357/2 3727/1356/2 3728/1358/2
f 3669/1359/2 3670/1357/2 3728/1358/2
f 3669/1359/2 3728/1358/2 3729/1360/2
f 3668/1361/2 3669/1359/2 3729/1360/2
f 3668/1361/2 3729/1360/2 3730/1362/2
f 3667/1363/2 3668/1361/2 3730/1362/2
f 3667/1363/2 3730/1362/2 3731/1364/2
f 3667/1363/2 3731/1364/2 3732/1365/2
f 3666/1366/2 3667/1363/2 3732/1365/2
f 3666/1366/2 3732/1365/2 3733/1367/2
f 3665/1368/2 3666/1366/2 3733/1367/2
f 3665/1368/2 3733/1367/2 3734/1369/2
f 3664/1370/2 3665/1368/2 3734/1369/2
f 3664/1370/2 3734/1369/2 3735/1371/2
f 3663/1372/2 3664/1370/2 3735/1371/2
f 3662/1373/2 3663/1372/2 3735/1371/2
f 3662/1373/2 3735/1371/2 3736/1374/2
f 3661/1375/2 3662/1373/2 3736/1374/2
f 3661/1375/2 3736/1374/2 3737/1376/2
f 3660/1377/2 3661/1375/2 3737/1376/2
f 3660/1377/2 3737/1376/2 3738/1378/2
f 3659/1379/2 3660/1377/2 3738/1378/2
f 3659/1379/2 3738/1378/2 3739/1380/2
f 3658/1381/2 3659/1379/2 3739/1380/2
f 3658/1381/2 3739/1380/2 3740/1382/2
f 3657/1383/2 3658/1381/2 3740/1382/2
f 3657/1383/2 3740/1382/2 3741/1384/2
f 3656/1385/2 3657/1383/2 3741/1384/2
f 3656/1385/2 3741/1384/2 3742/1386/2
f 3655/1387/2 3656/1385/2 3742/1386/2
f 3655/1387/2 3742/1386/2 3743/1388/2
f 3654/1389/2 3655/1387/2 3743/1388/2
f 3654/1389/2 3743/1388/2 3744/1390/2
f 3653/1391/2 3654/1389/2 3744/1390/2
f 3653/1391/2 3744/1390/2 3745/1392/2
f 3652/1393/2 3653/1391/2 3745/1392/2
f 3652/1393/2 3745/1392/2 3746/235/2
f 3651/1394/2 3652/1393/2 3746/235/2
f 3651/1394/2 3746/235/2 3553/1395/2
f 3650/1396/2 3651/1394/2 3553/1395/2
f 3650/1396/2 3553/1395/2 3554/1397/2
f 3649/1398/2 3650/1396/2 3554/1397/2
f 3649/1398/2 3554/1397/2 3555/1399/2
f 3648/1400/2 3649/1398/2 3555/1399/2
f 3648/1400/2 3555/1399/2 3556/1401/2
f 3647/1402/2 3648/1400/2 3556/1401/2
f 3647/1402/2 3556/1401/2 3557/1403/2
f 3646/1404/2 3647/1402/2 3557/1403/2
f 3646/1404/2 3557/1403/2 3558/1405/2
f 3645/1406/2 3646/1404/2 3558/1405/2
f 3645/1406/2 3558/1405/2 3559/1407/2
f 3644/1408/2 3645/1406/2 3559/1407/2
f 3644/1408/2 3559/1407/2 3560/1409/2
f 3643/1410/2 3644/1408/2 3560/1409/2
f 3643/1410/2 3560/1409/2 3561/1411/2
f 3642/1412/2 3643/1410/2 3561/1411/2
f 3642/1412/2 3561/1411/2 3562/1413/2
f 3641/1414/2 3642/1412/2 3562/1413/2
f 3641/1414/2 3562/1413/2 3563/1415/2
f 3640/1416/2 3641/1414/2 3563/1415/2
f 3640/1416/2 3563/1415/2 3564/1417/2
f 3639/1418/2 3640/1416/2 3564/1417/2
f 3639/1418/2 3564/1417/2 3565/1419/2
f 3638/1420/2 3639/1418/2 3565/1419/2
f 3638/1420/2 3565/1419/2 3566/1421/2
f 3637/1422/2 3638/1420/2 3566/1421/2
f 3637/1422/2 3566/1421/2 3567/1423/2
f 3636/1424/2 3637/1422/2 3567/1423/2
f 3636/1424/2 3567/1423/2 3568/1425/2
f 3635/1426/2 3636/1424/2 3568/1425/2
f 3635/1426/2 3568/1425/2 3569/1427/2
f 3634/1428/2 3635/1426/2 3569/1427/2
f 3634/1428/2 3569/1427/2 3570/1429/2
f 3633/1430/2 3634/1428/2 3570/1429/2
f 3633/1430/2 3570/1429/2 3571/1431/2
f 3632/1432/2 3633/1430/2 3571/1431/2
f 3632/1432/2 3571/1431/2 3572/1433/2
f 3631/1434/2 3632/1432/2 3572/1433/2
f 3631/1434/2 3572/1433/2 3573/1435/2
f 3630/1436/2 3631/1434/2 3573/1435/2
f 3630/1436/2 3573/1435/2 3574/1437/2
f 3629/1438/2 3630/1436/2 3574/1437/2
f 3629/1438/2 3574/1437/2 3575/1439/2
f 3628/1440/2 3629/1438/2 3575/1439/2
f 3628/1440/2 3575/1439/2 3576/1441/2
f 3627/1442/2 3628/1440/2 3576/1441/2
f 3627/1442/2 3576/1441/2 3577/1443/2
f 3626/1444/2 3627/1442/2 3577/1443/2
f 3626/1444/2 3577/1443/2 3578/1445/2
f 3625/1446/2 3626/1444/2 3578/1445/2
f 3625/1446/2 3578/1445/2 3579/1447/2
f 3624/1448/2 3625/1446/2 3579/1447/2
f 3624/1448/2 3579/1447/2 3580/1449/2
f 3623/1450/2 3624/1448/2 3580/1449/2
f 3623/1450/2 3580/1449/2 3581/1451/2
f 3622/1452/2 3623/1450/2 3581/1451/2
f 3622/1452/2 3581/1451/2 3582/1453/2
f 3621/1454/2 3622/1452/2 3582/1453/2
f 3621/1454/2 3582/1453/2 3583/1455/2
f 3620/1456/2 3621/1454/2 3583/1455/2
f 3620/1456/2 3583/1455/2 3584/1457/2
f 3619/1458/2 3620/1456/2 3584/1457/2
f 3619/1458/2 3584/1457/2 3585/1459/2
f 3618/1460/2 3619/1458/2 3585/1459/2
f 3618/1460/2 3585/1459/2 3586/1461/2
f 3617/1462/2 3618/1460/2 3586/1461/2
f 3617/1462/2 3586/1461/2 3587/1463/2
f 3616/1464/2 3617/1462/2 3587/1463/2
f 3616/1464/2 3587/1463/2 3588/1465/2
f 3615/1466/2 3616/1464/2 3588/1465/2
f 3615/1466/2 3588/1465/2 3589/1467/2
f 3614/1468/2 3615/1466/2 3589/1467/2
f 3614/1468/2 3589/1467/2 3590/1469/2
f 3613/1470/2 3614/1468/2 3590/1469/2
f 3613/1470/2 3590/1469/2 3591/1471/2
f 3612/1472/2 3613/1470/2 3591/1471/2
f 3612/1472/2 3591/1471/2 3592/1473/2
f 3611/1474/2 3612/1472/2 3592/1473/2
f 3611/1474/2 3592/1473/2 3593/1475/2
f 3610/1476/2 3611/1474/2 3593/1475/2
f 3610/1476/2 3593/1475/2 3594/1477/2
f 3609/1478/2 3610/1476/2 3594/1477/2
f 3609/1478/2 3594/1477/2 3595/1479/2
f 3608/1480/2 3609/1478/2 3595/1479/2
f 3608/1480/2 3595/1479/2 3596/1481/2
f 3607/1482/2 3608/1480/2 3596/1481/2
f 3607/1482/2 3596/1481/2 3597/1483/2
f 3606/1484/2 3607/1482/2 3597/1483/2
f 3606/1484/2 3597/1483/2 3598/1485/2
f 3605/1486/2 3606/1484/2 3598/1485/2
f 3605/1486/2 3598/1485/2 3599/1487/2
f 3604/1488/2 3605/1486/2 3599/1487/2
f 3604/1488/2 3599/1487/2 3600/1489/2
f 3603/1490/2 3604/1488/2 3600/1489/2
f 3603/1490/2 3600/1489/2 3601/1491/2
f 3602/1492/2 3603/1490/2 3601/1491/2
f 3540/1493/2 3541/1495/2 3542/1494/2
f 3540/1493/2 3542/1494/2 3543/1496/2
f 3539/1497/2 3540/1493/2 3543/1496/2
f 3539/1497/2 3543/1496/2 3544/1498/2
f 3538/1499/2 3539/1497/2 3544/1498/2
f 3538/1499/2 3544/1498/2 3545/1500/2
f 3537/1501/2 3538/1499/2 3545/1500/2
f 3537/1501/2 3545/1500/2 3546/1502/2
f 3536/1503/2 3537/1501/2 3546/1502/2
f 3536/1503/2 3546/1502/2 3547/1504/2
f 3535/1505/2 3536/1503/2 3547/1504/2
f 3535/1505/2 3547/1504/2 3548/1506/2
f 3534/1507/2 3535/1505/2 3548/1506/2
f 3534/1507/2 3548/1506/2 3549/1508/2
f 3533/1509/2 3534/1507/2 3549/1508/2
f 3533/1509/2 3549/1508/2 3550/1510/2
f 3532/1511/2 3533/1509/2 3550/1510/2
f 3532/1511/2 3550/1510/2 3551/1512/2
f 3531/1513/2 3532/1511/2 3551/1512/2
f 3531/1513/2 3551/1512/2 3552/1514/2
f 3530/1515/2 3531/1513/2 3552/1514/2
f 3530/1515/2 3552/1514/2 3457/117/2
f 3529/1516/2 3530/1515/2 3457/117/2
f 3529/1516/2 3457/117/2 3458/1517/2
f 3528/1518/2 3529/1516/2 3458/1517/2
f 3528/1518/2 3458/1517/2 3459/1519/2
f 3527/1520/2 3528/1518/2 3459/1519/2
f 3527/1520/2 3459/1519/2 3460/1521/2
f 3526/1522/2 3527/1520/2 3460/1521/2
f 3526/1522/2 3460/1521/2 3461/1523/2
f 3525/1524/2 3526/1522/2 3461/1523/2
f 3525/1524/2 3461/1523/2 3462/1525/2
f 3524/1526/2 3525/1524/2 3462/1525/2
f 3524/1526/2 3462/1525/2 3463/1527/2
f 3523/1528/2 3524/1526/2 3463/1527/2
f 3523/1528/2 3463/1527/2 3464/1529/2
f 3522/1530/2 3523/1528/2 3464/1529/2
f 3522/1530/2 3464/1529/2 3465/1531/2
f 3521/1532/2 3522/1530/2 3465/1531/2
f 3521/1532/2 3465/1531/2 3466/1533/2
f 3520/1534/2 3521/1532/2 3466/1533/2
f 3520/1534/2 3466/1533/2 3467/1535/2
f 3519/1536/2 3520/1534/2 3467/1535/2
f 3519/1536/2 3467/1535/2 3468/1537/2
f 3518/1538/2 3519/1536/2 3468/1537/2
f 3518/1538/2 3468/1537/2 3469/1539/2
f 3517/1540/2 3518/1538/2 3469/1539/2
f 3517/1540/2 3469/1539/2 3470/1541/2
f 3516/1542/2 3517/1540/2 3470/1541/2
f 3516/1542/2 3470/1541/2 3471/1543/2
f 3515/1544/2 3516/1542/2 3471/1543/2
f 3515/1544/2 3471/1543/2 3472/1545/2
f 3514/1546/2 3515/1544/2 3472/1545/2
f 3514/1546/2 3472/1545/2 3473/1547/2
f 3513/1548/2 3514/1546/2 3473/1547/2
f 3513/1548/2 3473/1547/2 3474/1549/2
f 3512/1550/2 3513/1548/2 3474/1549/2
f 3512/1550/2 3474/1549/2 3475/1551/2
f 3511/1552/2 3512/1550/2 3475/1551/2
f 3511/1552/2 3475/1551/2 3476/1553/2
f 3510/1554/2 3511/1552/2 3476/1553/2
f 3510/1554/2 3476/1553/2 3477/1555/2
f 3509/1556/2 3510/1554/2 3477/1555/2
f 3509/1556/2 3477/1555/2 3478/1557/2
f 3508/1558/2 3509/1556/2 3478/1557/2
f 3508/1558/2 3478/1557/2 3479/1559/2
f 3507/1560/2 3508/1558/2 3479/1559/2
f 3507/1560/2 3479/1559/2 3480/1561/2
f 3506/1562/2 3507/1560/2 3480/1561/2
f 3506/1562/2 3480/1561/2 3481/1563/2
f 3505/1564/2 3506/1562/2 3481/1563/2
f 3505/1564/2 3481/1563/2 3482/1565/2
f 3504/1566/2 3505/1564/2 3482/1565/2
f 3504/1566/2 3482/1565/2 3483/1567/2
f 3503/1568/2 3504/1566/2 3483/1567/2
f 3503/1568/2 3483/1567/2 3484/1569/2
f 3502/1570/2 3503/1568/2 3484/1569/2
f 3502/1570/2 3484/1569/2 3485/1571/2
f 3501/1572/2 3502/1570/2 3485/1571/2
f 3501/1572/2 3485/1571/2 3486/1573/2
f 3500/1574/2 3501/1572/2 3486/1573/2
f 3500/1574/2 3486/1573/2 3487/1575/2
f 3499/1576/2 3500/1574/2 3487/1575/2
f 3499/1576/2 3487/1575/2 3488/1577/2
f 3498/1578/2 3499/1576/2 3488/1577/2
f 3498/1578/2 3488/1577/2 3489/1579/2
f 3497/1580/2 3498/1578/2 3489/1579/2
f 3497/1580/2 3489/1579/2 3490/1581/2
f 3496/1582/2 3497/1580/2 3490/1581/2
f 3496/1582/2 3490/1581/2 3491/1583/2
f 3495/1584/2 3496/1582/2 3491/1583/2
f 3495/1584/2 3491/1583/2 3492/1585/2
f 3494/1586/2 3495/1584/2 3492/1585/2
f 3494/1586/2 3492/1585/2 3493/1587/2
f 4158/1588/2 4159/1590/2 4160/1589/2
f 4157/1591/2 4158/1588/2 4160/1589/2
f 4157/1591/2 4160/1589/2 4161/1592/2
f 4156/1593/2 4157/1591/2 4161/1592/2
f 4156/1593/2 4161/1592/2 4162/1594/2
f 4155/1595/2 4156/1593/2 4162/1594/2
f 4154/1596/2 4155/1595/2 4162/1594/2
f 4154/1596/2 4162/1594/2 4163/1597/2
f 4153/1598/2 4154/1596/2 4163/1597/2
f 4153/1598/2 4163/1597/2 4164/1599/2
f 4152/1600/2 4153/1598/2 4164/1599/2
f 4151/1601/2 4152/1600/2 4164/1599/2
f 4151/1601/2 4164/1599/2 4165/1602/2
f 4150/1603/2 4151/1601/2 4165/1602/2
f 4150/1603/2 4165/1602/2 4166/1604/2
f 4149/1605/2 4150/1603/2 4166/1604/2
f 4148/1606/2 4149/1605/2 4166/1604/2
f 4148/1606/2 4166/1604/2 4167/1607/2
f 4147/1608/2 4148/1606/2 4167/1607/2
f 4147/1608/2 4167/1607/2 4168/1609/2
f 4146/1610/2 4147/1608/2 4168/1609/2
f 4145/1611/2 4146/1610/2 4168/1609/2
f 4145/1611/2 4168/1609/2 4169/1612/2
f 4144/1613/2 4145/1611/2 4169/1612/2
f 4144/1613/2 4169/1612/2 4170/1614/2
f 4143/1615/2 4144/1613/2 4170/1614/2
f 4142/1616/2 4143/1615/2 4170/1614/2
f 4142/1616/2 4170/1614/2 4171/1617/2
f 4141/1618/2 4142/1616/2 4171/1617/2
f 4140/1619/2 4141/1618/2 4171/1617/2
f 4140/1619/2 4171/1617/2 4172/1620/2
f 4139/1621/2 4140/1619/2 4172/1620/2
f 4139/1621/2 4172/1620/2 4173/1622/2
f 4138/1623/2 4139/1621/2 4173/1622/2
f 4137/1624/2 4138/1623/2 4173/1622/2
f 4137/1624/2 4173/1622/2 4174/1625/2
f 4136/1626/2 4137/1624/2 4174/1625/2
f 4135/1627/2 4136/1626/2 4174/1625/2
f 4135/1627/2 4174/1625/2 4175/1628/2
f 4134/1629/2 4135/1627/2 4175/1628/2
f 4133/1630/2 4134/1629/2 4175/1628/2
f 4133/1630/2 4175/1628/2 4176/1631/2
f 4132/1632/2 4133/1630/2 4176/1631/2
f 4132/1632/2 4176/1631/2 4177/1633/2
f 4131/1634/2 4132/1632/2 4177/1633/2
f 4130/1635/2 4131/1634/2 4177/1633/2
f 4130/1635/2 4177/1633/2 4178/1636/2
f 4129/1637/2 4130/1635/2 4178/1636/2
f 4128/1638/2 4129/1637/2 4178/1636/2
f 4128/1638/2 4178/1636/2 4179/1639/2
f 4127/1640/2 4128/1638/2 4179/1639/2
f 4126/1641/2 4127/1640/2 4179/1639/2
f 4126/1641/2 4179/1639/2 4180/1642/2
f 4125/1643/2 4126/1641/2 4180/1642/2
f 4124/1644/2 4125/1643/2 4180/1642/2
f 4123/1645/2 4124/1644/2 4180/1642/2
f 4123/1645/2 4180/1642/2 4181/1646/2
f 4122/1647/2 4123/1645/2 4181/1646/2
f 4121/1648/2 4122/1647/2 4181/1646/2
f 4121/1648/2 4181/1646/2 4182/1649/2
f 4120/1650/2 4121/1648/2 4182/1649/2
f 4119/1651/2 4120/1650/2 4182/1649/2
f 4119/1651/2 4182/1649/2 4183/1652/2
f 4118/1653/2 4119/1651/2 4183/1652/2
f 4117/1654/2 4118/1653/2 4183/1652/2
f 4116/1655/2 4117/1654/2 4183/1652/2
f 4116/1655/2 4183/1652/2 4184/1656/2
f 4115/1657/2 4116/1655/2 4184/1656/2
f 4114/1658/2 4115/1657/2 4184/1656/2
f 4114/1658/2 4184/1656/2 4185/1659/2
f 4113/1660/2 4114/1658/2 4185/1659/2
f 4112/1661/2 4113/1660/2 4185/1659/2
f 4111/1662/2 4112/1661/2 4185/1659/2
f 4111/1662/2 4185/1659/2 4186/1663/2
f 4110/1664/2 4111/1662/2 4186/1663/2
f 4109/1665/2 4110/1664/2 4186/1663/2
f 4108/1666/2 4109/1665/2 4186/1663/2
f 4107/1667/2 4108/1666/2 4186/1663/2
f 4107/1667/2 4186/1663/2 4187/1668/2
f 4106/1669/2 4107/1667/2 4187/1668/2
f 4105/1670/2 4106/1669/2 4187/1668/2
f 4104/1671/2 4105/1670/2 4187/1668/2
f 4104/1671/2 4187/1668/2 4188/1672/2
f 4103/1673/2 4104/1671/2 4188/1672/2
f 4102/1674/2 4103/1673/2 4188/1672/2
f 4101/1675/2 4102/1674/2 4188/1672/2
f 4101/1675/2 4188/1672/2 4189/1676/2
f 4100/1677/2 4101/1675/2 4189/1676/2
f 4099/1678/2 4100/1677/2 4189/1676/2
f 4098/1679/2 4099/1678/2 4189/1676/2
f 4098/1679/2 4189/1676/2 4190/1680/2
f 4097/1681/2 4098/1679/2 4190/1680/2
f 4096/1682/2 4097/1681/2 4190/1680/2
f 4095/1683/2 4096/1682/2 4190/1680/2
f 4095/1683/2 4190/1680/2 4191/1684/2
f 4094/1685/2 4095/1683/2 4191/1684/2
f 4093/1686/2 4094/1685/2 4191/1684/2
f 4093/1686/2 4191/1684/2 4192/1687/2
f 4092/1688/2 4093/1686/2 4192/1687/2
f 4091/1689/2 4092/1688/2 4192/1687/2
f 4090/1690/2 4091/1689/2 4192/1687/2
f 4090/1690/2 4192/1687/2 4193/1691/2
f 4089/1692/2 4090/1690/2 4193/1691/2
f 4088/1693/2 4089/1692/2 4193/1691/2
f 4088/1693/2 4193/1691/2 4194/1694/2
f 4087/1695/2 4088/1693/2 4194/1694/2
f 4086/1696/2 4087/1695/2 4194/1694/2
f 4086/1696/2 4194/1694/2 4195/1697/2
f 4085/1698/2 4086/1696/2 4195/1697/2
f 4084/1699/2 4085/1698/2 3991/1700/2
f 3991/1700/2 4085/1698/2 4195/1697/2
f 4084/1699/2 3991/1700/2 3992/1701/2
f 3990/1702/2 3991/1700/2 4195/1697/2
f 3989/1703/2 3990/1702/2 4195/1697/2
f 4084/1699/2 3992/1701/2 3993/1704/2
f 4083/1705/2 4084/1699/2 3993/1704/2
f 3988/1706/2 3989/1703/2 4195/1697/2
f 4083/1705/2 3993/1704/2 3994/1707/2
f 3987/1708/2 3988/1706/2 4195/1697/2
f 4083/1705/2 3994/1707/2 3995/1709/2
f 3986/1710/2 3987/1708/2 4195/1697/2
f 4083/1705/2 3995/1709/2 3996/1711/2
f 3985/1712/2 3986/1710/2 4195/1697/2
f 3985/1712/2 4195/1697/2 4196/1713/2
f 4083/1705/2 3996/1711/2 3997/1714/2
f 3984/1715/2 3985/1712/2 4196/1713/2
f 3983/1716/2 3984/1715/2 4196/1713/2
f 4083/1705/2 3997/1714/2 3998/1717/2
f 4082/1718/2 4083/1705/2 3998/1717/2
f 3982/1719/2 3983/1716/2 4196/1713/2
f 4082/1718/2 3998/1717/2 3999/1720/2
f 3981/1721/2 3982/1719/2 4196/1713/2
f 4082/1718/2 3999/1720/2 4000/1722/2
f 3980/1723/2 3981/1721/2 4196/1713/2
f 4081/1724/2 4082/1718/2 4000/1722/2
f 4081/1724/2 4000/1722/2 4001/1725/2
f 3979/1726/2 3980/1723/2 4196/1713/2
f 4081/1724/2 4001/1725/2 4002/1727/2
f 3978/1728/2 3979/1726/2 4196/1713/2
f 4080/1729/2 4081/1724/2 4002/1727/2
f 3977/1730/2 3978/1728/2 4196/1713/2
f 4080/1729/2 4002/1727/2 4003/1731/2
f 3977/1730/2 4196/1713/2 4197/1732/2
f 3976/1733/2 3977/1730/2 4197/1732/2
f 4080/1729/2 4003/1731/2 4004/1734/2
f 4079/1735/2 4080/1729/2 4004/1734/2
f 3975/1736/2 3976/1733/2 4197/1732/2
f 4079/1735/2 4004/1734/2 4005/1737/2
f 3974/1738/2 3975/1736/2 4197/1732/2
f 4078/1739/2 4079/1735/2 4005/1737/2
f 4078/1739/2 4005/1737/2 4006/1740/2
f 3973/1741/2 3974/1738/2 4197/1732/2
f 4078/1739/2 4006/1740/2 4007/1742/2
f 4077/1743/2 4078/1739/2 4007/1742/2
f 3972/1744/2 3973/1741/2 4197/1732/2
f 4077/1743/2 4007/1742/2 4008/1745/2
f 4076/1746/2 4077/1743/2 4008/1745/2
f 3972/1744/2 4197/1732/2 4198/1747/2
f 3971/1748/2 3972/1744/2 4198/1747/2
f 4076/1746/2 4008/1745/2 4009/1749/2
f 4075/1750/2 4076/1746/2 4009/1749/2
f 3970/1751/2 3971/1748/2 4198/1747/2
f 4075/1750/2 4009/1749/2 4010/1752/2
f 4074/1753/2 4075/1750/2 4010/1752/2
f 3969/1754/2 3970/1751/2 4198/1747/2
f 4074/1753/2 4010/1752/2 4011/1755/2
f 4074/1753/2 4011/1755/2 4012/1756/2
f 4073/1757/2 4074/1753/2 4012/1756/2
f 3968/1758/2 3969/1754/2 4198/1747/2
f 4073/1757/2 4012/1756/2 4013/1759/2
f 3968/1758/2 4198/1747/2 4199/1760/2
f 4072/1761/2 4073/1757/2 4013/1759/2
f 3967/1762/2 3968/1758/2 4199/1760/2
f 4072/1761/2 4013/1759/2 4014/1763/2
f 4071/1764/2 4072/1761/2 4014/1763/2
f 3966/1765/2 3967/1762/2 4199/1760/2
f 4071/1764/2 4014/1763/2 4015/1766/2
f 4070/1767/2 4071/1764/2 4015/1766/2
f 3965/1768/2 3966/1765/2 4199/1760/2
f 4070/1767/2 4015/1766/2 4016/1769/2
f 4069/1770/2 4070/1767/2 4016/1769/2
f 4069/1770/2 4016/1769/2 4017/1771/2
f 3964/1772/2 3965/1768/2 4199/1760/2
f 4068/1773/2 4069/1770/2 4017/1771/2
f 3964/1772/2 4199/1760/2 4200/1774/2
f 4068/1773/2 4017/1771/2 4018/1775/2
f 4067/1776/2 4068/1773/2 4018/1775/2
f 3963/1777/2 3964/1772/2 4200/1774/2
f 4067/1776/2 4018/1775/2 4019/1778/2
f 4066/1779/2 4067/1776/2 4019/1778/2
f 4066/1779/2 4019/1778/2 4020/1780/2
f 4065/1781/2 4066/1779/2 4020/1780/2
f 3962/1782/2 3963/1777/2 4200/1774/2
f 4064/1783/2 4065/1781/2 4020/1780/2
f 4064/1783/2 4020/1780/2 4021/1784/2
f 3961/1785/2 3962/1782/2 4200/1774/2
f 4063/1786/2 4064/1783/2 4021/1784/2
f 4063/1786/2 4021/1784/2 4022/1787/2
f 3961/1785/2 4200/1774/2 4201/1788/2
f 4062/1789/2 4063/1786/2 4022/1787/2
f 4062/1789/2 4022/1787/2 4023/1790/2
f 3960/1791/2 3961/1785/2 4201/1788/2
f 4061/1792/2 4062/1789/2 4023/1790/2
f 4061/1792/2 4023/1790/2 4024/1793/2
f 4060/1794/2 4061/1792/2 4024/1793/2
f 4060/1794/2 4024/1793/2 4025/1795/2
f 3959/1796/2 3960/1791/2 4201/1788/2
f 4059/1797/2 4060/1794/2 4025/1795/2
f 4058/1798/2 4059/1797/2 4025/1795/2
f 4058/1798/2 4025/1795/2 4026/1799/2
f 4057/1800/2 4058/1798/2 4026/1799/2
f 4057/1800/2 4026/1799/2 4027/1801/2
f 3958/1802/2 3959/1796/2 4201/1788/2
f 4056/1803/2 4057/1800/2 4027/1801/2
f 3958/1802/2 4201/1788/2 4202/1804/2
f 4056/1803/2 4027/1801/2 4028/1805/2
f 4055/1806/2 4056/1803/2 4028/1805/2
f 4054/1807/2 4055/1806/2 4028/1805/2
f 4054/1807/2 4028/1805/2 4029/1808/2
f 3957/1809/2 3958/1802/2 4202/1804/2
f 4053/1810/2 4054/1807/2 4029/1808/2
f 4053/1810/2 4029/1808/2 4030/1811/2
f 4052/1812/2 4053/1810/2 4030/1811/2
f 4051/1813/2 4052/1812/2 4030/1811/2
f 4051/1813/2 4030/1811/2 4031/1814/2
f 4050/1815/2 4051/1813/2 4031/1814/2
f 3956/1816/2 3957/1809/2 4202/1804/2
f 4050/1815/2 4031/1814/2 4032/1817/2
f 4049/1818/2 4050/1815/2 4032/1817/2
f 4048/1819/2 4049/1818/2 4032/1817/2
f 4048/1819/2 4032/1817/2 4033/1820/2
f 4047/1821/2 4048/1819/2 4033/1820/2
f 4047/1821/2 4033/1820/2 4034/1822/2
f 4046/1823/2 4047/1821/2 4034/1822/2
f 4046/1823/2 4034/1822/2 4035/1824/2
f 4045/1825/2 4046/1823/2 4035/1824/2
f 4044/1826/2 4045/1825/2 4035/1824/2
f 3955/1827/2 3956/1816/2 4202/1804/2
f 4044/1826/2 4035/1824/2 4036/1828/2
f 3955/1827/2 4202/1804/2 4203/1829/2
f 4043/1830/2 4044/1826/2 4036/1828/2
f 4043/1830/2 4036/1828/2 4037/1831/2
f 4042/1832/2 4043/1830/2 4037/1831/2
f 4041/1833/2 4042/1832/2 4037/1831/2
f 4041/1833/2 4037/1831/2 4038/1834/2
f 4040/1835/2 4041/1833/2 4038/1834/2
f 4040/1835/2 4038/1834/2 4039/1836/2
f 3954/1837/2 3955/1827/2 4203/1829/2
f 3953/1838/2 3954/1837/2 4203/1829/2
f 3953/1838/2 4203/1829/2 4204/1839/2
f 3952/1840/2 3953/1838/2 4204/1839/2
f 3951/1841/2 3952/1840/2 4204/1839/2
f 3950/1842/2 3951/1841/2 4204/1839/2
f 3950/1842/2 4204/1839/2 4205/1843/2
f 3949/1844/2 3950/1842/2 4205/1843/2
f 3948/1845/2 3949/1844/2 4205/1843/2
f 3948/1845/2 4205/1843/2 4206/1846/2
f 3947/1847/2 3948/1845/2 4206/1846/2
f 3946/1848/2 3947/1847/2 4206/1846/2
f 3946/1848/2 4206/1846/2 3747/117/2
f 3945/1849/2 3946/1848/2 3747/117/2
f 3944/1850/2 3945/1849/2 3747/117/2
f 3943/1851/2 3944/1850/2 3747/117/2
f 3943/1851/2 3747/117/2 3748/1852/2
f 3942/1853/2 3943/1851/2 3748/1852/2
f 3940/1854/2 3941/1855/2 3942/1853/2
f 3940/1854/2 3942/1853/2 4208/1856/2
f 4208/1856/2 3942/1853/2 3748/1852/2
f 3939/1857/2 3940/1854/2 4208/1856/2
f 3938/1858/2 3939/1857/2 4208/1856/2
f 3937/1859/2 3938/1858/2 4208/1856/2
f 3936/1860/2 3937/1859/2 4208/1856/2
f 3935/1861/2 3936/1860/2 4208/1856/2
f 3934/1862/2 3935/1861/2 4208/1856/2
f 3933/1863/2 3934/1862/2 4208/1856/2
f 3932/1864/2 3933/1863/2 4208/1856/2
f 3931/1865/2 3932/1864/2 4208/1856/2
f 3930/1866/2 3931/1865/2 4208/1856/2
f 3929/1867/2 3930/1866/2 4208/1856/2
f 3928/1868/2 3929/1867/2 4208/1856/2
f 3927/1869/2 3928/1868/2 4208/1856/2
f 3926/1870/2 3927/1869/2 4208/1856/2
f 3925/1871/2 3926/1870/2 4208/1856/2
f 3924/1872/2 3925/1871/2 4208/1856/2
f 3923/1873/2 3924/1872/2 4208/1856/2
f 3922/1874/2 3923/1873/2 4208/1856/2
f 3921/1875/2 3922/1874/2 4208/1856/2
f 3920/1876/2 3921/1875/2 4208/1856/2
f 3919/1877/2 3920/1876/2 4208/1856/2
f 3918/1878/2 3919/1877/2 4208/1856/2
f 3917/1879/2 3918/1878/2 4208/1856/2
f 3916/1880/2 3917/1879/2 4208/1856/2
f 3915/1881/2 3916/1880/2 4208/1856/2
f 3914/1882/2 3915/1881/2 4208/1856/2
f 3913/1883/2 3914/1882/2 4208/1856/2
f 3912/1884/2 3913/1883/2 4208/1856/2
f 3911/1885/2 3912/1884/2 4208/1856/2
f 3910/1886/2 3911/1885/2 4208/1856/2
f 3909/1887/2 3910/1886/2 4208/1856/2
f 3908/1888/2 3909/1887/2 4208/1856/2
f 3907/1889/2 3908/1888/2 4208/1856/2
f 3906/1890/2 3907/1889/2 4209/1891/2
f 4209/1891/2 3907/1889/2 4208/1856/2
f 3906/1890/2 4209/1891/2 4210/1892/2
f 4207/1893/2 4208/1856/2 3748/1852/2
f 3906/1890/2 4210/1892/2 4211/1894/2
f 3906/1890/2 4211/1894/2 4212/1895/2
f 3906/1890/2 4212/1895/2 4213/1896/2
f 3906/1890/2 4213/1896/2 4214/1897/2
f 3905/1898/2 3906/1890/2 4214/1897/2
f 3905/1898/2 4214/1897/2 4215/1899/2
f 3905/1898/2 4215/1899/2 4216/1900/2
f 3905/1898/2 4216/1900/2 4217/1901/2
f 3905/1898/2 4217/1901/2 4218/1902/2
f 3905/1898/2 4218/1902/2 4219/1903/2
f 3905/1898/2 4219/1903/2 4220/1904/2
f 3905/1898/2 4220/1904/2 4221/1905/2
f 3905/1898/2 4221/1905/2 4222/1906/2
f 3904/1907/2 3905/1898/2 4222/1906/2
f 3904/1907/2 4222/1906/2 4223/1908/2
f 3904/1907/2 4223/1908/2 4224/1909/2
f 3904/1907/2 4224/1909/2 4225/1910/2
f 3904/1907/2 4225/1910/2 4226/1911/2
f 3904/1907/2 4226/1911/2 4227/1912/2
f 3903/1913/2 3904/1907/2 4227/1912/2
f 3903/1913/2 4227/1912/2 4228/1914/2
f 3903/1913/2 4228/1914/2 4229/1915/2
f 3903/1913/2 4229/1915/2 4230/1916/2
f 3903/1913/2 4230/1916/2 4231/1917/2
f 3902/1918/2 3903/1913/2 4231/1917/2
f 3902/1918/2 4231/1917/2 4232/1919/2
f 3902/1918/2 4232/1919/2 4233/1920/2
f 3902/1918/2 4233/1920/2 4234/1921/2
f 3902/1918/2 4234/1921/2 4235/1922/2
f 3901/1923/2 3902/1918/2 4235/1922/2
f 3901/1923/2 4235/1922/2 4236/1924/2
f 3901/1923/2 4236/1924/2 4237/1925/2
f 3901/1923/2 4237/1925/2 4238/1926/2
f 3900/1927/2 3901/1923/2 4238/1926/2
f 3900/1927/2 4238/1926/2 4239/1928/2
f 3900/1927/2 4239/1928/2 4240/1929/2
f 3900/1927/2 4240/1929/2 4241/1930/2
f 3899/1931/2 3900/1927/2 4241/1930/2
f 3899/1931/2 4241/1930/2 4242/1932/2
f 3899/1931/2 4242/1932/2 4243/1933/2
f 3899/1931/2 4243/1933/2 4244/1934/2
f 3898/1935/2 3899/1931/2 4244/1934/2
f 3898/1935/2 4244/1934/2 4245/1936/2
f 3898/1935/2 4245/1936/2 4246/1937/2
f 3898/1935/2 4246/1937/2 4247/1938/2
f 3897/1939/2 3898/1935/2 4247/1938/2
f 3897/1939/2 4247/1938/2 4248/1940/2
f 3897/1939/2 4248/1940/2 4249/1941/2
f 3896/1942/2 3897/1939/2 4249/1941/2
f 3896/1942/2 4249/1941/2 4250/1943/2
f 3896/1942/2 4250/1943/2 4251/1944/2
f 3896/1942/2 4251/1944/2 4252/1945/2
f 3895/1946/2 3896/1942/2 4252/1945/2
f 3895/1946/2 4252/1945/2 4253/1947/2
f 3895/1946/2 4253/1947/2 4254/1948/2
f 3894/1949/2 3895/1946/2 4254/1948/2
f 3894/1949/2 4254/1948/2 4255/1950/2
f 3894/1949/2 4255/1950/2 4256/1951/2
f 3894/1949/2 4256/1951/2 4257/1952/2
f 3893/1953/2 3894/1949/2 4257/1952/2
f 3893/1953/2 4257/1952/2 4258/1954/2
f 3892/1955/2 3893/1953/2 4258/1954/2
f 3892/1955/2 4258/1954/2 4259/1956/2
f 4304/235/2 4207/1893/2 3748/1852/2
f 3892/1955/2 4259/1956/2 4260/1957/2
f 3891/1958/2 3892/1955/2 4260/1957/2
f 4303/1959/2 4304/235/2 3748/1852/2
f 3891/1958/2 4260/1957/2 4261/1960/2
f 4302/1961/2 4303/1959/2 3748/1852/2
f 3890/1962/2 3891/1958/2 4261/1960/2
f 3890/1962/2 4261/1960/2 4262/1963/2
f 4301/1964/2 4302/1961/2 3748/1852/2
f 3890/1962/2 4262/1963/2 4263/1965/2
f 3889/1966/2 3890/1962/2 4263/1965/2
f 4300/1967/2 4301/1964/2 3748/1852/2
f 3889/1966/2 4263/1965/2 4264/1968/2
f 4299/1969/2 4300/1967/2 3748/1852/2
f 3888/1970/2 3889/1966/2 4264/1968/2
f 3888/1970/2 4264/1968/2 4265/1971/2
f 4298/1972/2 4299/1969/2 3748/1852/2
f 3888/1970/2 4265/1971/2 4266/1973/2
f 3887/1974/2 3888/1970/2 4266/1973/2
f 4297/1975/2 4298/1972/2 3748/1852/2
f 3887/1974/2 4266/1973/2 4267/1976/2
f 4296/1977/2 4297/1975/2 3748/1852/2
f 3886/1978/2 3887/1974/2 4267/1976/2
f 3886/1978/2 4267/1976/2 4268/1979/2
f 4295/1980/2 4296/1977/2 3748/1852/2
f 3886/1978/2 4268/1979/2 4269/1981/2
f 4294/1982/2 4295/1980/2 3748/1852/2
f 3885/1983/2 3886/1978/2 4269/1981/2
f 3885/1983/2 4269/1981/2 4270/1984/2
f 4293/1985/2 4294/1982/2 3748/1852/2
f 4292/1986/2 4293/1985/2 3748/1852/2
f 3885/1983/2 4270/1984/2 4271/1987/2
f 3884/1988/2 3885/1983/2 4271/1987/2
f 4291/1989/2 4292/1986/2 3748/1852/2
f 3884/1988/2 4271/1987/2 4272/1990/2
f 4290/1991/2 4291/1989/2 3748/1852/2
f 3884/1988/2 4272/1990/2 4273/1992/2
f 4289/1993/2 4290/1991/2 3748/1852/2
f 3884/1988/2 4273/1992/2 4274/1994/2
f 3883/1995/2 3884/1988/2 4274/1994/2
f 4288/1996/2 4289/1993/2 3748/1852/2
f 3883/1995/2 4274/1994/2 4275/1997/2
f 4287/1998/2 4288/1996/2 3821/1999/2
f 3821/1999/2 4288/1996/2 3748/1852/2
f 3883/1995/2 4275/1997/2 4276/2000/2
f 4286/2001/2 4287/1998/2 3821/1999/2
f 3883/1995/2 4276/2000/2 4277/2002/2
f 4285/2003/2 4286/2001/2 3821/1999/2
f 3882/2004/2 3883/1995/2 4277/2002/2
f 3882/2004/2 4277/2002/2 4278/2005/2
f 4284/2006/2 4285/2003/2 3821/1999/2
f 3882/2004/2 4278/2005/2 4279/2007/2
f 4283/2008/2 4284/2006/2 3821/1999/2
f 3882/2004/2 4279/2007/2 4280/2009/2
f 4282/2010/2 4283/2008/2 3821/1999/2
f 3882/2004/2 4280/2009/2 4281/2011/2
f 4281/2011/2 4282/2010/2 3821/1999/2
f 3882/2004/2 4281/2011/2 3821/1999/2
f 3881/2012/2 3882/2004/2 3821/1999/2
f 3880/2013/2 3881/2012/2 3821/1999/2
f 3879/2014/2 3880/2013/2 3821/1999/2
f 3878/2015/2 3879/2014/2 3821/1999/2
f 3877/2016/2 3878/2015/2 3821/1999/2
f 3876/2017/2 3877/2016/2 3821/1999/2
f 3876/2017/2 3821/1999/2 3822/2018/2
f 3820/2019/2 3821/1999/2 3748/1852/2
f 3875/2020/2 3876/2017/2 3822/2018/2
f 3875/2020/2 3822/2018/2 3823/2021/2
f 3874/2022/2 3875/2020/2 3823/2021/2
f 3873/2023/2 3874/2022/2 3823/2021/2
f 3873/2023/2 3823/2021/2 3824/2024/2
f 3872/2025/2 3873/2023/2 3824/2024/2
f 3872/2025/2 3824/2024/2 3825/2026/2
f 3871/2027/2 3872/2025/2 3825/2026/2
f 3871/2027/2 3825/2026/2 3826/2028/2
f 3870/2029/2 3871/2027/2 3826/2028/2
f 3870/2029/2 3826/2028/2 3827/2030/2
f 3869/2031/2 3870/2029/2 3827/2030/2
f 3868/2032/2 3869/2031/2 3827/2030/2
f 3868/2032/2 3827/2030/2 3828/2033/2
f 3867/2034/2 3868/2032/2 3828/2033/2
f 3867/2034/2 3828/2033/2 3829/2035/2
f 3866/2036/2 3867/2034/2 3829/2035/2
f 3866/2036/2 3829/2035/2 3830/2037/2
f 3865/2038/2 3866/2036/2 3830/2037/2
f 3819/2039/2 3820/2019/2 3748/1852/2
f 3819/2039/2 3748/1852/2 3749/2040/2
f 3819/2039/2 3749/2040/2 3750/2041/2
f 3818/2042/2 3819/2039/2 3750/2041/2
f 3864/2043/2 3865/2038/2 3830/2037/2
f 3864/2043/2 3830/2037/2 3831/2044/2
f 3818/2042/2 3750/2041/2 3751/2045/2
f 3817/2046/2 3818/2042/2 3751/2045/2
f 3817/2046/2 3751/2045/2 3752/2047/2
f 3816/2048/2 3817/2046/2 3752/2047/2
f 3863/2049/2 3864/2043/2 3831/2044/2
f 3816/2048/2 3752/2047/2 3753/2050/2
f 3815/2051/2 3816/2048/2 3753/2050/2
f 3863/2049/2 3831/2044/2 3832/2052/2
f 3815/2051/2 3753/2050/2 3754/2053/2
f 3814/2054/2 3815/2051/2 3754/2053/2
f 3814/2054/2 3754/2053/2 3755/2055/2
f 3813/2056/2 3814/2054/2 3755/2055/2
f 3862/2057/2 3863/2049/2 3832/2052/2
f 3813/2056/2 3755/2055/2 3756/2058/2
f 3812/2059/2 3813/2056/2 3756/2058/2
f 3862/2057/2 3832/2052/2 3833/2060/2
f 3812/2059/2 3756/2058/2 3757/2061/2
f 3811/2062/2 3812/2059/2 3757/2061/2
f 3861/2063/2 3862/2057/2 3833/2060/2
f 3811/2062/2 3757/2061/2 3758/2064/2
f 3810/2065/2 3811/2062/2 3758/2064/2
f 3810/2065/2 3758/2064/2 3759/2066/2
f 3809/2067/2 3810/2065/2 3759/2066/2
f 3809/2067/2 3759/2066/2 3760/2068/2
f 3808/2069/2 3809/2067/2 3760/2068/2
f 3861/2063/2 3833/2060/2 3834/2070/2
f 3860/2071/2 3861/2063/2 3834/2070/2
f 3807/2072/2 3808/2069/2 3760/2068/2
f 3807/2072/2 3760/2068/2 3761/2073/2
f 3807/2072/2 3761/2073/2 3762/2074/2
f 3806/2075/2 3807/2072/2 3762/2074/2
f 3806/2075/2 3762/2074/2 3763/2076/2
f 3805/2077/2 3806/2075/2 3763/2076/2
f 3859/2078/2 3860/2071/2 3834/2070/2
f 3805/2077/2 3763/2076/2 3764/2079/2
f 3804/2080/2 3805/2077/2 3764/2079/2
f 3859/2078/2 3834/2070/2 3835/2081/2
f 3804/2080/2 3764/2079/2 3765/2082/2
f 3803/2083/2 3804/2080/2 3765/2082/2
f 3803/2083/2 3765/2082/2 3766/2084/2
f 3802/2085/2 3803/2083/2 3766/2084/2
f 3858/2086/2 3859/2078/2 3835/2081/2
f 3802/2085/2 3766/2084/2 3767/2087/2
f 3801/2088/2 3802/2085/2 3767/2087/2
f 3801/2088/2 3767/2087/2 3768/2089/2
f 3800/2090/2 3801/2088/2 3768/2089/2
f 3800/2090/2 3768/2089/2 3769/2091/2
f 3799/2092/2 3800/2090/2 3769/2091/2
f 3858/2086/2 3835/2081/2 3836/2093/2
f 3799/2092/2 3769/2091/2 3770/2094/2
f 3798/2095/2 3799/2092/2 3770/2094/2
f 3798/2095/2 3770/2094/2 3771/2096/2
f 3797/2097/2 3798/2095/2 3771/2096/2
f 3857/2098/2 3858/2086/2 3836/2093/2
f 3797/2097/2 3771/2096/2 3772/2099/2
f 3796/2100/2 3797/2097/2 3772/2099/2
f 3795/2101/2 3796/2100/2 3772/2099/2
f 3795/2101/2 3772/2099/2 3773/2102/2
f 3794/2103/2 3795/2101/2 3773/2102/2
f 3794/2103/2 3773/2102/2 3774/2104/2
f 3793/2105/2 3794/2103/2 3774/2104/2
f 3793/2105/2 3774/2104/2 3775/2106/2
f 3792/2107/2 3793/2105/2 3775/2106/2
f 3792/2107/2 3775/2106/2 3776/2108/2
f 3857/2098/2 3836/2093/2 3837/2109/2
f 3791/2110/2 3792/2107/2 3776/2108/2
f 3791/2110/2 3776/2108/2 3777/2111/2
f 3856/2112/2 3857/2098/2 3837/2109/2
f 3790/2113/2 3791/2110/2 3777/2111/2
f 3790/2113/2 3777/2111/2 3778/2114/2
f 3789/2115/2 3790/2113/2 3778/2114/2
f 3789/2115/2 3778/2114/2 3779/2116/2
f 3788/2117/2 3789/2115/2 3779/2116/2
f 3788/2117/2 3779/2116/2 3780/2118/2
f 3787/2119/2 3788/2117/2 3780/2118/2
f 3787/2119/2 3780/2118/2 3781/2120/2
f 3786/2121/2 3787/2119/2 3781/2120/2
f 3786/2121/2 3781/2120/2 3782/2122/2
f 3785/2123/2 3786/2121/2 3782/2122/2
f 3785/2123/2 3782/2122/2 3783/2124/2
f 3784/2125/2 3785/2123/2 3783/2124/2
f 3855/2126/2 3856/2112/2 3837/2109/2
f 3855/2126/2 3837/2109/2 3838/2127/2
f 3854/2128/2 3855/2126/2 3838/2127/2
f 3854/2128/2 3838/2127/2 3839/2129/2
f 3853/2130/2 3854/2128/2 3839/2129/2
f 3853/2130/2 3839/2129/2 3840/2131/2
f 3852/2132/2 3853/2130/2 3840/2131/2
f 3851/2133/2 3852/2132/2 3840/2131/2
f 3851/2133/2 3840/2131/2 3841/2134/2
f 3850/2135/2 3851/2133/2 3841/2134/2
f 3850/2135/2 3841/2134/2 3842/2136/2
f 3849/2137/2 3850/2135/2 3842/2136/2
f 3849/2137/2 3842/2136/2 3843/2138/2
f 3848/2139/2 3849/2137/2 3843/2138/2
f 3847/2140/2 3848/2139/2 3843/2138/2
f 3847/2140/2 3843/2138/2 3844/2141/2
f 3846/2142/2 3847/2140/2 3844/2141/2
f 3846/2142/2 3844/2141/2 3845/2143/2
s 1
f 4306/2144/3 4308/2145/4 4307/2146/4 4305/117/3
f 4308/2145/4 4310/2147/5 4309/2148/5 4307/2146/4
f 4310/2147/5 4312/2149/6 4311/2150/6 4309/2148/5
f 4312/2149/6 4314/2151/7 4313/2152/7 4311/2150/6
f 4314/2151/7 4316/2153/8 4315/2154/8 4313/2152/7
f 4316/2153/8 4318/2155/9 4317/2156/9 4315/2154/8
f 4318/2155/9 4320/2157/10 4319/2158/10 4317/2156/9
f 4320/2157/10 4322/2159/11 4321/2160/11 4319/2158/10
f 4322/2159/11 4324/2161/12 4323/2162/12 4321/2160/11
f 4324/2161/12 4326/2163/13 4325/2164/13 4323/2162/12
f 4326/2163/13 4328/2165/14 4327/2166/14 4325/2164/13
f 4328/2165/14 4330/2167/15 4329/2168/15 4327/2166/14
f 4330/2167/15 4332/2169/16 4331/2170/16 4329/2168/15
f 4332/2169/16 4334/2171/17 4333/2172/17 4331/2170/16
f 4334/2171/17 4336/2173/18 4335/2174/18 4333/2172/17
f 4336/2173/18 4338/2175/19 4337/2176/19 4335/2174/18
f 4338/2175/19 4340/2177/20 4339/2178/20 4337/2176/19
f 4340/2177/20 4342/2179/21 4341/2180/21 4339/2178/20
f 4342/2179/21 4344/2181/22 4343/2182/22 4341/2180/21
f 4344/2181/22 4346/2183/23 4345/2184/23 4343/2182/22
f 4346/2183/23 4348/2185/24 4347/2186/24 4345/2184/23
f 4348/2185/24 4350/2187/25 4349/2188/25 4347/2186/24
f 4350/2187/25 4352/2189/26 4351/2190/26 4349/2188/25
f 4352/2189/26 4354/2191/27 4353/2192/27 4351/2190/26
f 4354/2191/27 4356/2193/28 4355/2194/28 4353/2192/27
f 4356/2193/28 4358/2195/29 4357/2196/29 4355/2194/28
f 4358/2195/29 4360/2197/30 4359/2198/30 4357/2196/29
f 4360/2197/30 4362/2199/31 4361/2200/31 4359/2198/30
f 4362/2199/31 4364/2201/32 4363/2202/32 4361/2200/31
f 4364/2201/32 4366/2203/33 4365/2204/33 4363/2202/32
f 4366/2203/33 4368/2205/34 4367/2206/34 4365/2204/33
f 4368/2205/34 4370/2207/35 4369/2208/35 4367/2206/34
f 4370/2207/35 4372/2209/36 4371/2210/36 4369/2208/35
f 4372/2209/36 4374/2211/37 4373/2212/37 4371/2210/36
f 4374/2211/37 4376/2213/38 4375/2214/38 4373/2212/37
f 4376/2213/38 4378/2215/39 4377/2216/39 4375/2214/38
f 4378/2215/39 4380/2217/40 4379/2218/40 4377/2216/39
f 4380/2217/40 4382/2219/41 4381/2220/41 4379/2218/40
f 4382/2219/41 4384/2221/42 4383/2222/42 4381/2220/41
f 4384/2221/42 4386/2223/43 4385/2224/43 4383/2222/42
f 4386/2223/43 4388/2225/44 4387/2226/44 4385/2224/43
f 4388/2225/44 4390/2227/45 4389/2228/45 4387/2226/44
f 4390/2227/45 4392/2229/46 4391/2230/46 4389/2228/45
f 4392/2229/46 4394/2231/47 4393/2232/47 4391/2230/46
f 4394/2231/47 4396/2233/48 4395/2234/48 4393/2232/47
f 4396/2233/48 4398/2235/49 4397/2236/49 4395/2234/48
f 4398/2235/49 4400/2237/50 4399/2238/50 4397/2236/49
f 4400/2237/50 4402/2239/51 4401/2240/51 4399/2238/50
f 4402/2239/51 4404/2241/52 4403/2242/52 4401/2240/51
f 4404/2241/52 4406/2243/53 4405/2244/53 4403/2242/52
f 4406/2243/53 4408/2245/54 4407/2246/54 4405/2244/53
f 4408/2245/54 4410/2247/55 4409/2248/55 4407/2246/54
f 4410/2247/55 4412/2249/56 4411/2250/56 4409/2248/55
f 4412/2249/56 4414/2251/57 4413/2252/57 4411/2250/56
f 4414/2251/57 4416/2253/58 4415/2254/58 4413/2252/57
f 4416/2253/58 4418/2255/59 4417/2256/59 4415/2254/58
f 4418/2255/59 4420/2257/60 4419/2258/60 4417/2256/59
f 4420/2257/60 4422/2259/61 4421/2260/61 4419/2258/60
f 4422/2259/61 4424/2261/62 4423/2262/62 4421/2260/61
f 4424/2261/62 4426/2263/63 4425/2264/63 4423/2262/62
f 4426/2263/63 4428/2265/64 4427/2266/64 4425/2264/63
f 4428/2265/64 4430/2267/65 4429/2268/65 4427/2266/64
f 4430/2267/65 4432/2269/66 4431/2270/66 4429/2268/65
f 4432/2269/66 4434/2271/67 4433/2272/67 4431/2270/66
f 4434/2271/67 4436/2273/68 4435/2274/68 4433/2272/67
f 4436/2273/68 4438/2275/69 4437/2276/69 4435/2274/68
f 4438/2275/69 4440/2277/70 4439/2278/70 4437/2276/69
f 4440/2277/70 4442/2279/71 4441/2280/71 4439/2278/70
f 4442/2279/71 4444/2281/72 4443/2282/72 4441/2280/71
f 4444/2281/72 4446/2283/73 4445/2284/73 4443/2282/72
f 4446/2283/73 4448/2285/74 4447/2286/74 4445/2284/73
f 4448/2285/74 4450/2287/75 4449/2288/75 4447/2286/74
f 4450/2287/75 4452/2289/76 4451/2290/76 4449/2288/75
f 4452/2289/76 4454/2291/77 4453/2292/77 4451/2290/76
f 4454/2291/77 4456/2293/78 4455/2294/78 4453/2292/77
f 4456/2293/78 4458/2295/79 4457/2296/79 4455/2294/78
f 4458/2295/79 4460/2297/80 4459/2298/80 4457/2296/79
f 4460/2297/80 4462/2299/81 4461/2300/81 4459/2298/80
f 4462/2299/81 4464/2301/82 4463/2302/82 4461/2300/81
f 4464/2301/82 4466/2303/83 4465/2304/83 4463/2302/82
f 4466/2303/83 4468/2305/84 4467/2306/84 4465/2304/83
f 4468/2305/84 4470/2307/85 4469/2308/85 4467/2306/84
f 4470/2307/85 4472/2309/86 4471/2310/86 4469/2308/85
f 4472/2309/86 4474/2311/87 4473/2312/87 4471/2310/86
f 4474/2311/87 4476/2313/88 4475/2314/88 4473/2312/87
f 4476/2313/88 4478/2315/89 4477/2316/89 4475/2314/88
f 4478/2315/89 4480/2317/90 4479/2318/90 4477/2316/89
f 4480/2317/90 4482/2319/91 4481/2320/91 4479/2318/90
f 4482/2319/91 4484/2321/92 4483/2322/92 4481/2320/91
f 4484/2321/92 4486/2323/93 4485/2324/93 4483/2322/92
f 4486/2323/93 4488/2325/94 4487/2326/94 4485/2324/93
f 4488/2325/94 4490/2327/95 4489/2328/95 4487/2326/94
f 4490/2327/95 4492/2329/96 4491/2330/96 4489/2328/95
f 4492/2329/96 4494/2331/97 4493/2332/97 4491/2330/96
f 4494/2331/97 4496/2333/98 4495/2334/98 4493/2332/97
f 4496/2333/98 4498/2335/99 4497/2336/99 4495/2334/98
f 4498/2335/99 4500/2337/100 4499/2338/100 4497/2336/99
f 4500/2337/100 4502/2339/101 4501/2340/101 4499/2338/100
f 4502/2339/101 4504/2341/102 4503/2342/102 4501/2340/101
f 4504/2341/102 4506/2343/103 4505/2344/103 4503/2342/102
f 4506/2343/103 4508/2345/104 4507/2346/104 4505/2344/103
f 4508/2345/104 4510/2347/105 4509/2348/105 4507/2346/104
f 4510/2347/105 4512/2349/106 4511/2350/106 4509/2348/105
f 4512/2349/106 4514/2351/107 4513/2352/107 4511/2350/106
f 4514/2351/107 4516/2353/108 4515/2354/108 4513/2352/107
f 4516/2353/108 4518/2355/109 4517/2356/109 4515/2354/108
f 4518/2355/109 4520/2357/110 4519/2358/110 4517/2356/109
f 4520/2357/110 4522/2359/111 4521/2360/111 4519/2358/110
f 4522/2359/111 4524/2361/112 4523/2362/112 4521/2360/111
f 4524/2361/112 4526/2363/113 4525/2364/113 4523/2362/112
f 4526/2363/113 4528/2365/114 4527/2366/114 4525/2364/113
f 4528/2365/114 4530/2367/115 4529/2368/115 4527/2366/114
f 4530/2367/115 4532/2369/116 4531/2370/116 4529/2368/115
f 4532/2369/116 4534/2371/117 4533/2372/117 4531/2370/116
f 4534/2371/117 4536/2373/118 4535/1180/118 4533/2372/117
f 4536/2373/118 4538/2374/119 4537/2375/119 4535/1180/118
f 4538/2374/119 4540/2376/120 4539/2377/120 4537/2375/119
f 4540/2376/120 4542/2378/121 4541/2379/121 4539/2377/120
f 4542/2378/121 4544/2380/122 4543/2381/122 4541/2379/121
f 4544/2380/122 4546/2382/123 4545/2383/123 4543/2381/122
f 4546/2382/123 4548/2384/124 4547/2385/124 4545/2383/123
f 4548/2384/124 4550/2386/125 4549/2387/125 4547/2385/124
f 4550/2386/125 4552/2388/126 4551/2389/126 4549/2387/125
f 4552/2388/126 4554/2390/127 4553/2391/127 4551/2389/126
f 4554/2390/127 4556/2392/128 4555/2393/128 4553/2391/127
f 4556/2392/128 4558/2394/129 4557/2395/129 4555/2393/128
f 4558/2394/129 4560/2396/130 4559/2397/130 4557/2395/129
f 4560/2396/130 4562/2398/131 4561/2399/131 4559/2397/130
f 4562/2398/131 4564/2400/132 4563/2401/132 4561/2399/131
f 4564/2400/132 4566/2402/133 4565/2403/133 4563/2401/132
f 4566/2402/133 4568/2404/134 4567/2405/134 4565/2403/133
f 4568/2404/134 4570/2406/135 4569/2407/135 4567/2405/134
f 4570/2406/135 4572/2408/136 4571/2409/136 4569/2407/135
f 4572/2408/136 4574/2410/137 4573/2411/137 4571/2409/136
f 4574/2410/137 4576/2412/138 4575/2413/138 4573/2411/137
f 4576/2412/138 4578/2414/139 4577/2415/139 4575/2413/138
f 4578/2414/139 4580/2416/140 4579/2417/140 4577/2415/139
f 4580/2416/140 4582/2418/141 4581/2419/141 4579/2417/140
f 4582/2418/141 4584/2420/142 4583/2421/142 4581/2419/141
f 4584/2420/142 4586/2422/143 4585/2423/143 4583/2421/142
f 4586/2422/143 4588/2424/144 4587/2425/144 4585/2423/143
f 4588/2424/144 4590/2426/145 4589/2427/145 4587/2425/144
f 4590/2426/145 4592/2428/146 4591/2429/146 4589/2427/145
f 4592/2428/146 4594/2430/147 4593/2431/147 4591/2429/146
f 4594/2430/147 4596/2432/148 4595/2433/148 4593/2431/147
f 4596/2432/148 4598/2434/149 4597/2435/149 4595/2433/148
f 4598/2434/149 4600/2436/150 4599/2437/150 4597/2435/149
f 4600/2436/150 4602/2438/151 4601/2439/151 4599/2437/150
f 4602/2438/151 4604/2440/152 4603/2441/152 4601/2439/151
f 4604/2440/152 4606/2442/153 4605/2443/153 4603/2441/152
f 4606/2442/153 4608/2444/154 4607/2445/154 4605/2443/153
f 4608/2444/154 4610/2446/155 4609/2447/155 4607/2445/154
f 4610/2446/155 4612/2448/156 4611/2449/156 4609/2447/155
f 4612/2448/156 4614/2450/157 4613/2451/157 4611/2449/156
f 4614/2450/157 4616/2452/158 4615/2453/158 4613/2451/157
f 4616/2452/158 4618/2454/159 4617/2455/159 4615/2453/158
f 4618/2454/159 4620/2456/160 4619/2457/160 4617/2455/159
f 4620/2456/160 4622/2458/161 4621/2459/161 4619/2457/160
f 4622/2458/161 4624/2460/162 4623/2461/162 4621/2459/161
f 4624/2460/162 4626/2462/163 4625/2463/163 4623/2461/162
f 4626/2462/163 4628/2464/164 4627/2465/164 4625/2463/163
f 4628/2464/164 4630/2466/165 4629/2467/165 4627/2465/164
f 4630/2466/165 4632/2468/166 4631/2469/166 4629/2467/165
f 4632/2468/166 4634/2470/167 4633/2471/167 4631/2469/166
f 4634/2470/167 4636/2472/168 4635/2473/168 4633/2471/167
f 4636/2472/168 4638/2474/169 4637/2475/169 4635/2473/168
f 4638/2474/169 4640/2476/170 4639/2477/170 4637/2475/169
f 4640/2476/170 4642/2478/171 4641/2479/171 4639/2477/170
f 4642/2478/171 4644/2480/172 4643/2481/172 4641/2479/171
f 4644/2480/172 4646/2482/173 4645/2483/173 4643/2481/172
f 4646/2482/173 4648/2484/174 4647/2485/174 4645/2483/173
f 4648/2484/174 4650/2486/175 4649/2487/175 4647/2485/174
f 4650/2486/175 4652/2488/176 4651/2489/176 4649/2487/175
f 4652/2488/176 4654/2490/177 4653/2491/177 4651/2489/176
f 4654/2490/177 4656/2492/178 4655/2493/178 4653/2491/177
f 4656/2492/178 4658/2494/179 4657/2495/179 4655/2493/178
f 4658/2494/179 4660/2496/180 4659/2497/180 4657/2495/179
f 4660/2496/180 4662/2498/181 4661/2499/181 4659/2497/180
f 4662/2498/181 4664/2500/182 4663/2501/182 4661/2499/181
f 4664/2500/182 4666/2502/183 4665/2503/183 4663/2501/182
f 4666/2502/183 4668/2504/184 4667/2505/184 4665/2503/183
f 4668/2504/184 4670/2506/185 4669/2507/185 4667/2505/184
f 4670/2506/185 4672/2508/186 4671/2509/186 4669/2507/185
f 4672/2508/186 4674/2510/187 4673/2511/187 4671/2509/186
f 4674/2510/187 4676/2512/188 4675/2513/188 4673/2511/187
f 4676/2512/188 4678/2514/189 4677/2515/189 4675/2513/188
f 4678/2514/189 4680/2516/190 4679/2517/190 4677/2515/189
f 4680/2516/190 4682/2518/191 4681/2519/191 4679/2517/190
f 4682/2518/191 4684/2520/192 4683/2521/192 4681/2519/191
f 4684/2520/192 4686/2522/193 4685/2523/193 4683/2521/192
f 4686/2522/193 4688/2524/194 4687/2525/194 4685/2523/193
f 4688/2524/194 4690/2526/195 4689/2527/195 4687/2525/194
f 4690/2526/195 4692/2528/196 4691/2529/196 4689/2527/195
f 4692/2528/196 4694/2530/197 4693/2531/197 4691/2529/196
f 4694/2530/197 4696/2532/198 4695/2533/198 4693/2531/197
f 4696/2532/198 4698/2534/199 4697/2535/199 4695/2533/198
f 4698/2534/199 4700/2536/200 4699/2537/200 4697/2535/199
f 4700/2536/200 4702/2538/201 4701/2539/201 4699/2537/200
f 4702/2538/201 4704/2540/202 4703/2541/202 4701/2539/201
f 4704/2540/202 4706/2542/203 4705/2543/203 4703/2541/202
f 4706/2542/203 4708/2544/204 4707/2545/204 4705/2543/203
f 4708/2544/204 4710/2546/205 4709/2547/205 4707/2545/204
f 4710/2546/205 4712/2548/206 4711/2549/206 4709/2547/205
f 4712/2548/206 4714/2550/207 4713/2551/207 4711/2549/206
f 4714/2550/207 4716/2552/208 4715/2553/208 4713/2551/207
f 4716/2552/208 4718/2554/209 4717/2555/209 4715/2553/208
f 4718/2554/209 4720/2556/210 4719/2557/210 4717/2555/209
f 4720/2556/210 4722/2558/211 4721/2559/211 4719/2557/210
f 4722/2558/211 4724/2560/212 4723/2561/212 4721/2559/211
f 4724/2560/212 4726/2562/213 4725/2563/213 4723/2561/212
f 4726/2562/213 4728/2564/214 4727/2565/214 4725/2563/213
f 4728/2564/214 4730/2566/215 4729/2567/215 4727/2565/214
f 4730/2566/215 4732/2568/216 4731/2569/216 4729/2567/215
f 4732/2568/216 4734/2570/135 4733/2571/135 4731/2569/216
f 4734/2570/135 4736/2572/217 4735/2573/217 4733/2571/135
f 4736/2572/217 4738/2574/218 4737/2575/218 4735/2573/217
f 4738/2574/218 4740/2576/219 4739/2577/219 4737/2575/218
f 4740/2576/219 4742/2578/220 4741/2579/220 4739/2577/219
f 4742/2578/220 4744/2580/221 4743/2581/221 4741/2579/220
f 4744/2580/221 4746/2582/222 4745/2583/222 4743/2581/221
f 4746/2582/222 4748/2584/223 4747/2585/223 4745/2583/222
f 4748/2584/223 4750/2586/224 4749/2587/224 4747/2585/223
f 4750/2586/224 4752/2588/225 4751/2589/225 4749/2587/224
f 4752/2588/225 4754/2590/226 4753/2591/226 4751/2589/225
f 4754/2590/226 4756/2592/227 4755/2593/227 4753/2591/226
f 4756/2592/227 4758/2594/228 4757/2595/228 4755/2593/227
f 4758/2594/228 4760/2596/229 4759/2597/229 4757/2595/228
f 4760/2596/229 4762/2598/230 4761/2599/230 4759/2597/229
f 4762/2598/230 4764/2600/231 4763/2601/231 4761/2599/230
f 4764/2600/231 4766/2602/232 4765/829/232 4763/2601/231
f 4766/2602/232 4768/2603/233 4767/2604/233 4765/829/232
f 4768/2603/233 4770/2605/234 4769/2606/234 4767/2604/233
f 4770/2605/234 4772/2607/235 4771/2608/235 4769/2606/234
f 4772/2607/235 4774/2609/236 4773/2610/236 4771/2608/235
f 4774/2609/236 4776/2611/237 4775/2612/237 4773/2610/236
f 4776/2611/237 4778/2613/238 4777/2614/238 4775/2612/237
f 4778/2613/238 4780/2615/239 4779/2616/239 4777/2614/238
f 4780/2615/239 4782/2617/240 4781/2618/240 4779/2616/239
f 4782/2617/240 4784/2619/241 4783/2620/241 4781/2618/240
f 4784/2619/241 4786/2621/242 4785/2622/242 4783/2620/241
f 4786/2621/242 4788/2623/243 4787/2624/243 4785/2622/242
f 4788/2623/243 4790/2625/244 4789/2626/244 4787/2624/243
f 4790/2625/244 4792/2627/245 4791/2628/245 4789/2626/244
f 4792/2627/245 4794/2629/246 4793/2630/246 4791/2628/245
f 4794/2629/246 4796/2631/247 4795/2632/247 4793/2630/246
f 4796/2631/247 4798/2633/248 4797/2634/248 4795/2632/247
f 4798/2633/248 4800/2635/249 4799/2636/249 4797/2634/248
f 4800/2635/249 4802/2637/250 4801/2638/250 4799/2636/249
f 4802/2637/250 4804/2639/251 4803/2640/251 4801/2638/250
f 4804/2639/251 4806/2641/252 4805/2642/252 4803/2640/251
f 4806/2641/252 4808/2643/253 4807/2644/253 4805/2642/252
f 4808/2643/253 4810/2645/96 4809/2646/96 4807/2644/253
f 4810/2645/96 4812/2647/254 4811/2648/254 4809/2646/96
f 4812/2647/254 4814/2649/255 4813/2650/255 4811/2648/254
f 4814/2649/255 4816/2651/256 4815/2652/256 4813/2650/255
f 4816/2651/256 4818/2653/257 4817/2654/257 4815/2652/256
f 4818/2653/257 4820/2655/258 4819/2656/258 4817/2654/257
f 4820/2655/258 4822/2657/259 4821/2658/259 4819/2656/258
f 4822/2657/259 4824/2659/260 4823/2660/260 4821/2658/259
f 4824/2659/260 4826/2661/261 4825/2662/261 4823/2660/260
f 4826/2661/261 4828/2663/262 4827/2664/262 4825/2662/261
f 4828/2663/262 4830/2665/263 4829/2666/263 4827/2664/262
f 4830/2665/263 4832/2667/264 4831/2668/264 4829/2666/263
f 4832/2667/264 4834/2669/265 4833/2670/265 4831/2668/264
f 4834/2669/265 4836/2671/266 4835/2672/266 4833/2670/265
f 4836/2671/266 4838/2673/267 4837/2674/267 4835/2672/266
f 4838/2673/267 4840/2675/268 4839/2676/268 4837/2674/267
f 4840/2675/268 4842/2677/269 4841/2678/269 4839/2676/268
f 4842/2677/269 4844/2679/270 4843/2680/270 4841/2678/269
f 4844/2679/270 4846/2681/271 4845/2682/271 4843/2680/270
f 4846/2681/271 4848/2683/89 4847/2684/89 4845/2682/271
f 4848/2683/89 4850/2685/272 4849/2686/272 4847/2684/89
f 4850/2685/272 4852/2687/273 4851/2688/273 4849/2686/272
f 4852/2687/273 4854/2689/274 4853/2690/274 4851/2688/273
f 4854/2689/274 4856/2691/275 4855/2692/275 4853/2690/274
f 4856/2691/275 4858/2693/276 4857/2694/276 4855/2692/275
f 4858/2693/276 4860/2695/277 4859/2696/277 4857/2694/276
f 4860/2695/277 4862/2697/278 4861/2698/278 4859/2696/277
f 4862/2697/278 4864/2699/279 4863/2700/279 4861/2698/278
f 4864/2699/279 4866/2701/280 4865/2702/280 4863/2700/279
f 4866/2701/280 4868/2703/281 4867/2704/281 4865/2702/280
f 4868/2703/281 4870/2705/282 4869/2706/282 4867/2704/281
f 4870/2705/282 4872/2707/283 4871/2708/283 4869/2706/282
f 4872/2707/283 4874/2709/284 4873/2710/284 4871/2708/283
f 4874/2709/284 4876/2711/285 4875/2712/285 4873/2710/284
f 4876/2711/285 4878/2713/286 4877/2714/286 4875/2712/285
f 4878/2713/286 4880/2715/287 4879/2716/287 4877/2714/286
f 4880/2715/287 4882/2717/288 4881/2718/288 4879/2716/287
f 4882/2717/288 4884/2719/289 4883/2720/289 4881/2718/288
f 4884/2719/289 4886/2721/290 4885/2722/290 4883/2720/289
f 4886/2721/290 4888/2723/291 4887/2724/291 4885/2722/290
f 4888/2723/291 4890/2725/292 4889/2726/292 4887/2724/291
f 4890/2725/292 4892/2727/293 4891/2728/293 4889/2726/292
f 4892/2727/293 4894/2729/294 4893/2730/294 4891/2728/293
f 4894/2729/294 4896/2731/295 4895/2732/295 4893/2730/294
f 4896/2731/295 4898/2733/296 4897/2734/296 4895/2732/295
f 4898/2733/296 4900/2735/297 4899/2736/297 4897/2734/296
f 4900/2735/297 4902/2737/298 4901/2738/298 4899/2736/297
f 4902/2737/298 4904/2739/299 4903/2740/299 4901/2738/298
f 4904/2739/299 4906/2741/300 4905/2742/300 4903/2740/299
f 4906/2741/300 4908/2743/301 4907/2744/301 4905/2742/300
f 4908/2743/301 4910/2745/302 4909/2746/302 4907/2744/301
f 4910/2745/302 4912/2747/303 4911/2748/303 4909/2746/302
f 4912/2747/303 4914/2749/304 4913/2750/304 4911/2748/303
f 4914/2749/304 4916/2751/305 4915/2752/305 4913/2750/304
f 4916/2751/305 4918/2753/306 4917/2754/306 4915/2752/305
f 4918/2753/306 4920/2755/307 4919/2756/307 4917/2754/306
f 4920/2755/307 4922/2757/308 4921/2758/308 4919/2756/307
f 4922/2757/308 4924/2759/309 4923/2760/309 4921/2758/308
f 4924/2759/309 4926/2761/310 4925/2762/310 4923/2760/309
f 4926/2761/310 4928/2763/311 4927/2764/311 4925/2762/310
f 4928/2763/311 4930/2765/312 4929/2766/312 4927/2764/311
f 4930/2765/312 4932/2767/313 4931/2768/313 4929/2766/312
f 4932/2767/313 4934/2769/314 4933/2770/314 4931/2768/313
f 4934/2769/314 4936/2771/315 4935/2772/315 4933/2770/314
f 4936/2771/315 4938/2773/316 4937/2774/316 4935/2772/315
f 4938/2773/316 4940/2775/317 4939/2776/317 4937/2774/316
f 4940/2775/317 4942/2777/318 4941/2778/318 4939/2776/317
f 4942/2777/318 4944/2779/319 4943/2780/319 4941/2778/318
f 4944/2779/319 4946/2781/320 4945/2782/320 4943/2780/319
f 4946/2781/320 4948/2783/321 4947/2784/321 4945/2782/320
f 4948/2783/321 4950/2785/322 4949/2786/322 4947/2784/321
f 4950/2785/322 4952/2787/323 4951/2788/323 4949/2786/322
f 4952/2787/323 4954/2789/324 4953/2790/324 4951/2788/323
f 4954/2789/324 4956/2791/325 4955/2792/325 4953/2790/324
f 4956/2791/325 4958/2793/326 4957/2794/326 4955/2792/325
f 4958/2793/326 4960/2795/327 4959/2796/327 4957/2794/326
f 4960/2795/327 4962/2797/328 4961/2798/328 4959/2796/327
f 4962/2797/328 4964/2799/329 4963/2800/329 4961/2798/328
f 4964/2799/329 4966/2801/330 4965/2802/330 4963/2800/329
f 4966/2801/330 4968/2803/331 4967/2804/331 4965/2802/330
f 4968/2803/331 4970/2805/332 4969/2806/332 4967/2804/331
f 4970/2805/332 4972/2807/333 4971/2808/333 4969/2806/332
f 4972/2807/333 4974/2809/334 4973/2810/334 4971/2808/333
f 4974/2809/334 4976/2811/335 4975/2812/335 4973/2810/334
f 4976/2811/335 4978/2813/336 4977/2814/336 4975/2812/335
f 4978/2813/336 4980/2815/337 4979/2816/337 4977/2814/336
f 4980/2815/337 4982/2817/338 4981/2818/338 4979/2816/337
f 4982/2817/338 4984/2819/339 4983/2820/339 4981/2818/338
f 4984/2819/339 4986/2821/340 4985/2822/340 4983/2820/339
f 4986/2821/340 4988/2823/341 4987/2824/341 4985/2822/340
f 4988/2823/341 4990/2825/342 4989/2826/342 4987/2824/341
f 4990/2825/342 4992/2827/343 4991/2828/343 4989/2826/342
f 4992/2827/343 4994/2829/344 4993/2830/344 4991/2828/343
f 4994/2829/344 4996/2831/345 4995/1114/345 4993/2830/344
f 4996/2831/345 4998/2832/346 4997/2833/346 4995/1114/345
f 4998/2832/346 5000/2834/347 4999/2835/347 4997/2833/346
f 5000/2834/347 5002/2836/348 5001/2837/348 4999/2835/347
f 5002/2836/348 5004/2838/349 5003/2839/349 5001/2837/348
f 5004/2838/349 5006/2840/350 5005/2841/350 5003/2839/349
f 5006/2840/350 5008/2842/351 5007/2843/351 5005/2841/350
f 5008/2842/351 5010/2844/352 5009/2845/352 5007/2843/351
f 5010/2844/352 5012/2846/353 5011/2847/353 5009/2845/352
f 5012/2846/353 5014/2848/354 5013/2849/354 5011/2847/353
f 5014/2848/354 5016/2850/355 5015/2851/355 5013/2849/354
f 5016/2850/355 5018/2852/356 5017/2853/356 5015/2851/355
f 5018/2852/356 5020/2854/357 5019/2855/357 5017/2853/356
f 5020/2854/357 5022/2856/358 5021/2857/358 5019/2855/357
f 5022/2856/358 5024/2858/359 5023/2859/359 5021/2857/358
f 5024/2858/359 5026/2860/360 5025/2861/360 5023/2859/359
f 5026/2860/360 5028/2862/361 5027/2863/361 5025/2861/360
f 5028/2862/361 5030/2864/362 5029/2865/362 5027/2863/361
f 5030/2864/362 5032/2866/363 5031/2867/363 5029/2865/362
f 5032/2866/363 5034/2868/364 5033/2869/364 5031/2867/363
f 5034/2868/364 5036/2870/365 5035/2871/365 5033/2869/364
f 5036/2870/365 5038/2872/366 5037/2873/366 5035/2871/365
f 5038/2872/366 5040/2874/367 5039/2875/367 5037/2873/366
f 5040/2874/367 5042/2876/368 5041/2877/368 5039/2875/367
f 5042/2876/368 5044/2878/369 5043/2879/369 5041/2877/368
f 5044/2878/369 5046/2880/370 5045/2881/370 5043/2879/369
f 5046/2880/370 5048/2882/371 5047/2883/371 5045/2881/370
f 5048/2882/371 5050/2884/372 5049/2885/372 5047/2883/371
f 5050/2884/372 5052/2886/373 5051/2887/373 5049/2885/372
f 5052/2886/373 5054/2888/374 5053/2889/374 5051/2887/373
f 5054/2888/374 5056/2890/375 5055/2891/375 5053/2889/374
f 5056/2890/375 5058/2892/376 5057/2893/376 5055/2891/375
f 5058/2892/376 5060/2894/377 5059/2895/377 5057/2893/376
f 5060/2894/377 5062/2896/378 5061/2897/378 5059/2895/377
f 5062/2896/378 5064/2898/379 5063/2899/379 5061/2897/378
f 5064/2898/379 5066/2900/380 5065/2901/380 5063/2899/379
f 5066/2900/380 5068/2902/381 5067/2903/381 5065/2901/380
f 5068/2902/381 5070/2904/382 5069/2905/382 5067/2903/381
f 5070/2904/382 5072/2906/383 5071/2907/383 5069/2905/382
f 5072/2906/383 5074/2908/384 5073/2909/384 5071/2907/383
f 5074/2908/384 5076/2910/385 5075/2911/385 5073/2909/384
f 5076/2910/385 5078/2912/386 5077/2913/386 5075/2911/385
f 5078/2912/386 5080/2914/387 5079/2915/387 5077/2913/386
f 5080/2914/387 5082/2916/388 5081/2917/388 5079/2915/387
f 5082/2916/388 5084/2918/389 5083/2919/389 5081/2917/388
f 5084/2918/389 5086/2920/390 5085/2921/390 5083/2919/389
f 5086/2920/390 5088/2922/391 5087/2923/391 5085/2921/390
f 5088/2922/391 5090/2924/392 5089/2925/392 5087/2923/391
f 5090/2924/392 5092/2926/393 5091/2927/393 5089/2925/392
f 5092/2926/393 5094/2928/394 5093/2929/394 5091/2927/393
f 5094/2928/394 5096/2930/395 5095/2931/395 5093/2929/394
f 5096/2930/395 5098/2932/396 5097/2933/396 5095/2931/395
f 5098/2932/396 5100/2934/397 5099/2935/397 5097/2933/396
f 5100/2934/397 5102/2936/398 5101/2937/398 5099/2935/397
f 5102/2936/398 5104/2938/399 5103/2939/399 5101/2937/398
f 5104/2938/399 5106/2940/400 5105/2941/400 5103/2939/399
f 5106/2940/400 5108/2942/401 5107/2943/401 5105/2941/400
f 5108/2942/401 5110/2944/402 5109/2945/402 5107/2943/401
f 5110/2944/402 5112/2946/403 5111/2947/403 5109/2945/402
f 5112/2946/403 5114/2948/404 5113/2949/404 5111/2947/403
f 5114/2948/404 5116/2950/405 5115/2951/405 5113/2949/404
f 5116/2950/405 5118/2952/406 5117/2953/406 5115/2951/405
f 5118/2952/406 5120/2954/407 5119/2955/407 5117/2953/406
f 5120/2954/407 5122/2956/408 5121/2957/408 5119/2955/407
f 5122/2956/408 5124/2958/409 5123/2959/409 5121/2957/408
f 5124/2958/409 5126/2960/410 5125/2961/410 5123/2959/409
f 5126/2960/410 5128/2962/411 5127/2963/411 5125/2961/410
f 5128/2962/411 5130/2964/412 5129/2965/412 5127/2963/411
f 5130/2964/412 5132/2966/413 5131/2967/413 5129/2965/412
f 5132/2966/413 5134/2968/414 5133/2969/414 5131/2967/413
f 5134/2968/414 5136/2970/415 5135/2971/415 5133/2969/414
f 5136/2970/415 5138/2972/416 5137/2973/416 5135/2971/415
f 5138/2972/416 5140/2974/417 5139/2975/417 5137/2973/416
f 5140/2974/417 5142/2976/418 5141/2977/418 5139/2975/417
f 5142/2976/418 5144/2978/419 5143/2979/419 5141/2977/418
f 5144/2978/419 5146/2980/420 5145/2981/420 5143/2979/419
f 5146/2980/420 5148/2982/421 5147/2983/421 5145/2981/420
f 5148/2982/421 5150/2984/422 5149/2985/422 5147/2983/421
f 5150/2984/422 5152/2986/423 5151/2987/423 5149/2985/422
f 5152/2986/423 5154/2988/424 5153/2989/424 5151/2987/423
f 5154/2988/424 5156/2990/425 5155/2991/425 5153/2989/424
f 5156/2990/425 5158/2992/426 5157/2993/426 5155/2991/425
f 5158/2992/426 5160/2994/427 5159/2995/427 5157/2993/426
f 5160/2994/427 5162/2996/428 5161/2997/428 5159/2995/427
f 5162/2996/428 5164/2998/429 5163/2999/429 5161/2997/428
f 5164/2998/429 5166/3000/430 5165/3001/430 5163/2999/429
f 5166/3000/430 5168/3002/431 5167/3003/431 5165/3001/430
f 5168/3002/431 5170/3004/432 5169/3005/432 5167/3003/431
f 5170/3004/432 5172/3006/433 5171/3007/433 5169/3005/432
f 5172/3006/433 5174/3008/434 5173/3009/434 5171/3007/433
f 5174/3008/434 5176/3010/435 5175/3011/435 5173/3009/434
f 5176/3010/435 5178/3012/436 5177/3013/436 5175/3011/435
f 5178/3012/436 5180/3014/437 5179/3015/437 5177/3013/436
f 5180/3014/437 5182/3016/438 5181/3017/438 5179/3015/437
f 5182/3016/438 5184/3018/439 5183/3019/439 5181/3017/438
f 5184/3018/439 5186/3020/440 5185/3021/440 5183/3019/439
f 5186/3020/440 5188/3022/441 5187/3023/441 5185/3021/440
f 5188/3022/441 5190/3024/442 5189/3025/442 5187/3023/441
f 5190/3024/442 5192/3026/443 5191/3027/443 5189/3025/442
f 5192/3026/443 5194/3028/444 5193/3029/444 5191/3027/443
f 5194/3028/444 5196/3030/445 5195/3031/445 5193/3029/444
f 5196/3030/445 5198/3032/446 5197/3033/446 5195/3031/445
f 5198/3032/446 5200/3034/447 5199/3035/447 5197/3033/446
f 5200/3034/447 5202/3036/448 5201/3037/448 5199/3035/447
f 5202/3036/448 5204/3038/449 5203/3039/449 5201/3037/448
f 5204/3038/449 5206/3040/450 5205/3041/450 5203/3039/449
f 5206/3040/450 5208/3042/451 5207/3043/451 5205/3041/450
f 5208/3042/451 5210/3044/452 5209/3045/452 5207/3043/451
f 5210/3044/452 5212/3046/453 5211/3047/453 5209/3045/452
f 5212/3046/453 5214/3048/454 5213/3049/454 5211/3047/453
f 5214/3048/454 5216/3050/455 5215/3051/455 5213/3049/454
f 5216/3050/455 5218/3052/456 5217/3053/456 5215/3051/455
f 5218/3052/456 5220/3054/457 5219/3055/457 5217/3053/456
f 5220/3054/457 5222/3056/458 5221/3057/458 5219/3055/457
f 5222/3056/458 5224/3058/459 5223/3059/459 5221/3057/458
f 5224/3058/459 4306/3060/3 4305/235/3 5223/3059/459
f 5226/2144/460 5228/3061/461 5227/3062/461 5225/117/460
f 5228/3061/461 5230/3063/462 5229/3064/462 5227/3062/461
f 5230/3063/462 5232/3065/463 5231/3066/463 5229/3064/462
f 5232/3065/463 5234/3067/464 5233/3068/464 5231/3066/463
f 5234/3067/464 5236/3069/465 5235/3070/465 5233/3068/464
f 5236/3069/465 5238/3071/466 5237/3072/466 5235/3070/465
f 5238/3071/466 5240/3073/467 5239/3074/467 5237/3072/466
f 5240/3073/467 5242/3075/468 5241/3076/468 5239/3074/467
f 5242/3075/468 5244/3077/469 5243/3078/469 5241/3076/468
f 5244/3077/469 5246/3079/470 5245/3080/470 5243/3078/469
f 5246/3079/470 5248/3081/471 5247/3082/471 5245/3080/470
f 5248/3081/471 5250/3083/472 5249/3084/472 5247/3082/471
f 5250/3083/472 5252/3085/473 5251/3086/473 5249/3084/472
f 5252/3085/473 5254/3087/474 5253/3088/474 5251/3086/473
f 5254/3087/474 5256/3089/475 5255/3090/475 5253/3088/474
f 5256/3089/475 5258/3091/476 5257/3092/476 5255/3090/475
f 5258/3091/476 5260/3093/477 5259/3094/477 5257/3092/476
f 5260/3093/477 5262/3095/478 5261/3096/478 5259/3094/477
f 5262/3095/478 5264/3097/479 5263/3098/479 5261/3096/478
f 5264/3097/479 5266/3099/480 5265/3100/480 5263/3098/479
f 5266/3099/480 5268/3101/481 5267/3102/481 5265/3100/480
f 5268/3101/481 5270/3103/482 5269/3104/482 5267/3102/481
f 5270/3103/482 5272/3105/483 5271/3106/483 5269/3104/482
f 5272/3105/483 5274/3107/484 5273/3108/484 5271/3106/483
f 5274/3107/484 5276/3109/485 5275/3110/485 5273/3108/484
f 5276/3109/485 5278/3111/486 5277/3112/486 5275/3110/485
f 5278/3111/486 5280/3113/487 5279/3114/487 5277/3112/486
f 5280/3113/487 5282/3115/488 5281/3116/488 5279/3114/487
f 5282/3115/488 5284/3117/489 5283/3118/489 5281/3116/488
f 5284/3117/489 5286/3119/490 5285/3120/490 5283/3118/489
f 5286/3119/490 5288/3121/491 5287/3122/491 5285/3120/490
f 5288/3121/491 5290/3123/492 5289/3124/492 5287/3122/491
f 5290/3123/492 5292/3125/493 5291/3126/493 5289/3124/492
f 5292/3125/493 5294/3127/494 5293/3128/494 5291/3126/493
f 5294/3127/494 5296/3129/495 5295/3130/495 5293/3128/494
f 5296/3129/495 5298/3131/496 5297/3132/496 5295/3130/495
f 5298/3131/496 5300/3133/497 5299/3134/497 5297/3132/496
f 5300/3133/497 5302/3135/498 5301/3136/498 5299/3134/497
f 5302/3135/498 5304/3137/499 5303/3138/499 5301/3136/498
f 5304/3137/499 5306/3139/500 5305/3140/500 5303/3138/499
f 5306/3139/500 5308/3141/501 5307/3142/501 5305/3140/500
f 5308/3141/501 5310/3143/502 5309/3144/502 5307/3142/501
f 5310/3143/502 5312/3145/503 5311/3146/503 5309/3144/502
f 5312/3145/503 5314/3147/504 5313/3148/504 5311/3146/503
f 5314/3147/504 5316/3149/505 5315/3150/505 5313/3148/504
f 5316/3149/505 5318/3151/506 5317/3152/506 5315/3150/505
f 5318/3151/506 5320/3153/507 5319/3154/507 5317/3152/506
f 5320/3153/507 5322/3155/508 5321/3156/508 5319/3154/507
f 5322/3155/508 5324/2602/509 5323/829/509 5321/3156/508
f 5324/2602/509 5326/3157/510 5325/3158/510 5323/829/509
f 5326/3157/510 5328/3159/511 5327/3160/511 5325/3158/510
f 5328/3159/511 5330/3161/512 5329/3162/512 5327/3160/511
f 5330/3161/512 5332/3163/513 5331/3164/513 5329/3162/512
f 5332/3163/513 5334/3165/514 5333/3166/514 5331/3164/513
f 5334/3165/514 5336/3167/515 5335/3168/515 5333/3166/514
f 5336/3167/515 5338/3169/516 5337/3170/516 5335/3168/515
f 5338/3169/516 5340/3171/517 5339/3172/517 5337/3170/516
f 5340/3171/517 5342/3173/518 5341/3174/518 5339/3172/517
f 5342/3173/518 5344/3175/519 5343/3176/519 5341/3174/518
f 5344/3175/519 5346/3177/520 5345/3178/520 5343/3176/519
f 5346/3177/520 5348/3179/521 5347/3180/521 5345/3178/520
f 5348/3179/521 5350/3181/522 5349/3182/522 5347/3180/521
f 5350/3181/522 5352/3183/523 5351/3184/523 5349/3182/522
f 5352/3183/523 5354/3185/524 5353/3186/524 5351/3184/523
f 5354/3185/524 5356/3187/525 5355/3188/525 5353/3186/524
f 5356/3187/525 5358/3189/526 5357/3190/526 5355/3188/525
f 5358/3189/526 5360/3191/527 5359/3192/527 5357/3190/526
f 5360/3191/527 5362/3193/528 5361/3194/528 5359/3192/527
f 5362/3193/528 5364/3195/529 5363/3196/529 5361/3194/528
f 5364/3195/529 5366/3197/530 5365/3198/530 5363/3196/529
f 5366/3197/530 5368/3199/531 5367/3200/531 5365/3198/530
f 5368/3199/531 5370/3201/532 5369/3202/532 5367/3200/531
f 5370/3201/532 5372/3203/533 5371/3204/533 5369/3202/532
f 5372/3203/533 5374/3205/534 5373/3206/534 5371/3204/533
f 5374/3205/534 5376/3207/535 5375/3208/535 5373/3206/534
f 5376/3207/535 5378/3209/536 5377/3210/536 5375/3208/535
f 5378/3209/536 5380/3211/537 5379/3212/537 5377/3210/536
f 5380/3211/537 5382/3213/538 5381/3214/538 5379/3212/537
f 5382/3213/538 5384/3215/539 5383/3216/539 5381/3214/538
f 5384/3215/539 5386/3217/540 5385/3218/540 5383/3216/539
f 5386/3217/540 5388/3219/541 5387/3220/541 5385/3218/540
f 5388/3219/541 5390/3221/542 5389/3222/542 5387/3220/541
f 5390/3221/542 5392/3223/543 5391/3224/543 5389/3222/542
f 5392/3223/543 5394/3225/544 5393/3226/544 5391/3224/543
f 5394/3225/544 5396/3227/545 5395/3228/545 5393/3226/544
f 5396/3227/545 5398/3229/546 5397/3230/546 5395/3228/545
f 5398/3229/546 5400/3231/547 5399/3232/547 5397/3230/546
f 5400/3231/547 5402/3233/548 5401/3234/548 5399/3232/547
f 5402/3233/548 5404/3235/549 5403/3236/549 5401/3234/548
f 5404/3235/549 5406/3237/550 5405/3238/550 5403/3236/549
f 5406/3237/550 5408/3239/551 5407/3240/551 5405/3238/550
f 5408/3239/551 5410/3241/552 5409/3242/552 5407/3240/551
f 5410/3241/552 5412/3243/553 5411/3244/553 5409/3242/552
f 5412/3243/553 5414/3245/554 5413/3246/554 5411/3244/553
f 5414/3245/554 5416/3247/555 5415/3248/555 5413/3246/554
f 5416/3247/555 5418/3249/556 5417/3250/556 5415/3248/555
f 5418/3249/556 5420/3251/557 5419/3252/557 5417/3250/556
f 5420/3251/557 5226/3060/460 5225/235/460 5419/3252/557
f 5422/2144/558 5424/3253/559 5423/3254/559 5421/117/558
f 5424/3253/559 5426/3255/560 5425/3256/560 5423/3254/559
f 5426/3255/560 5428/3257/561 5427/3258/561 5425/3256/560
f 5428/3257/561 5430/3259/562 5429/3260/562 5427/3258/561
f 5430/3259/562 5432/3261/563 5431/3262/563 5429/3260/562
f 5432/3261/563 5434/3263/564 5433/3264/564 5431/3262/563
f 5434/3263/564 5436/3265/565 5435/3266/565 5433/3264/564
f 5436/3265/565 5438/3267/566 5437/3268/566 5435/3266/565
f 5438/3267/566 5440/3269/567 5439/3270/567 5437/3268/566
f 5440/3269/567 5442/3271/568 5441/3272/568 5439/3270/567
f 5442/3271/568 5444/3273/569 5443/3274/569 5441/3272/568
f 5444/3273/569 5446/3275/570 5445/3276/570 5443/3274/569
f 5446/3275/570 5448/3277/571 5447/3278/571 5445/3276/570
f 5448/3277/571 5450/3279/572 5449/3280/572 5447/3278/571
f 5450/3279/572 5452/3281/573 5451/3282/573 5449/3280/572
f 5452/3281/573 5454/3283/574 5453/3284/574 5451/3282/573
f 5454/3283/574 5456/3285/575 5455/3286/575 5453/3284/574
f 5456/3285/575 5458/3287/576 5457/3288/576 5455/3286/575
f 5458/3287/576 5460/3289/577 5459/3290/577 5457/3288/576
f 5460/3289/577 5462/3291/578 5461/3292/578 5459/3290/577
f 5462/3291/578 5464/3293/579 5463/3294/579 5461/3292/578
f 5464/3293/579 5466/3295/580 5465/3296/580 5463/3294/579
f 5466/3295/580 5468/3297/581 5467/3298/581 5465/3296/580
f 5468/3297/581 5470/3299/582 5469/3300/582 5467/3298/581
f 5470/3299/582 5472/3301/583 5471/3302/583 5469/3300/582
f 5472/3301/583 5474/3303/584 5473/3304/584 5471/3302/583
f 5474/3303/584 5476/3305/585 5475/3306/585 5473/3304/584
f 5476/3305/585 5478/3307/586 5477/3308/586 5475/3306/585
f 5478/3307/586 5480/3309/587 5479/3310/587 5477/3308/586
f 5480/3309/587 5482/3311/588 5481/3312/588 5479/3310/587
f 5482/3311/588 5484/3313/589 5483/3314/589 5481/3312/588
f 5484/3313/589 5486/3315/590 5485/3316/590 5483/3314/589
f 5486/3315/590 5488/3317/591 5487/3318/591 5485/3316/590
f 5488/3317/591 5490/3319/592 5489/3320/592 5487/3318/591
f 5490/3319/592 5492/3321/593 5491/3322/593 5489/3320/592
f 5492/3321/593 5494/3323/594 5493/3324/594 5491/3322/593
f 5494/3323/594 5496/3325/595 5495/3326/595 5493/3324/594
f 5496/3325/595 5498/3327/596 5497/3328/596 5495/3326/595
f 5498/3327/596 5500/3329/597 5499/3330/597 5497/3328/596
f 5500/3329/597 5502/3331/598 5501/3332/598 5499/3330/597
f 5502/3331/598 5504/3333/599 5503/3334/599 5501/3332/598
f 5504/3333/599 5506/3335/600 5505/3336/600 5503/3334/599
f 5506/3335/600 5508/3337/601 5507/3338/601 5505/3336/600
f 5508/3337/601 5510/3339/602 5509/3340/602 5507/3338/601
f 5510/3339/602 5512/3341/603 5511/3342/603 5509/3340/602
f 5512/3341/603 5514/3343/604 5513/3344/604 5511/3342/603
f 5514/3343/604 5516/3345/605 5515/3346/605 5513/3344/604
f 5516/3345/605 5518/3347/606 5517/3348/606 5515/3346/605
f 5518/3347/606 5520/3349/607 5519/3350/607 5517/3348/606
f 5520/3349/607 5522/3351/608 5521/3352/608 5519/3350/607
f 5522/3351/608 5524/3353/609 5523/3354/609 5521/3352/608
f 5524/3353/609 5526/3355/610 5525/3356/610 5523/3354/609
f 5526/3355/610 5528/3357/611 5527/3358/611 5525/3356/610
f 5528/3357/611 5530/3359/612 5529/3360/612 5527/3358/611
f 5530/3359/612 5532/3361/613 5531/3362/613 5529/3360/612
f 5532/3361/613 5534/3363/614 5533/3364/614 5531/3362/613
f 5534/3363/614 5536/3365/615 5535/3366/615 5533/3364/614
f 5536/3365/615 5538/3367/616 5537/3368/616 5535/3366/615
f 5538/3367/616 5540/3369/617 5539/3370/617 5537/3368/616
f 5540/3369/617 5542/3371/618 5541/3372/618 5539/3370/617
f 5542/3371/618 5544/3373/619 5543/3374/619 5541/3372/618
f 5544/3373/619 5546/3375/620 5545/3376/620 5543/3374/619
f 5546/3375/620 5548/3377/621 5547/3378/621 5545/3376/620
f 5548/3377/621 5550/3379/622 5549/3380/622 5547/3378/621
f 5550/3379/622 5552/3381/623 5551/3382/623 5549/3380/622
f 5552/3381/623 5554/3383/624 5553/3384/624 5551/3382/623
f 5554/3383/624 5556/3385/625 5555/3386/625 5553/3384/624
f 5556/3385/625 5558/3387/626 5557/3388/626 5555/3386/625
f 5558/3387/626 5560/3389/627 5559/3390/627 5557/3388/626
f 5560/3389/627 5562/3391/628 5561/3392/628 5559/3390/627
f 5562/3391/628 5564/3393/629 5563/3394/629 5561/3392/628
f 5564/3393/629 5566/3395/630 5565/3396/630 5563/3394/629
f 5566/3395/630 5568/3397/631 5567/3398/631 5565/3396/630
f 5568/3397/631 5570/3399/632 5569/3400/632 5567/3398/631
f 5570/3399/632 5572/3401/633 5571/3402/633 5569/3400/632
f 5572/3401/633 5574/3403/634 5573/3404/634 5571/3402/633
f 5574/3403/634 5576/3405/635 5575/3406/635 5573/3404/634
f 5576/3405/635 5578/3407/636 5577/3408/636 5575/3406/635
f 5578/3407/636 5580/3409/637 5579/3410/637 5577/3408/636
f 5580/3409/637 5582/3411/638 5581/3412/638 5579/3410/637
f 5582/3411/638 5584/3413/639 5583/3414/639 5581/3412/638
f 5584/3413/639 5586/3415/640 5585/3416/640 5583/3414/639
f 5586/3415/640 5588/3417/641 5587/3418/641 5585/3416/640
f 5588/3417/641 5590/3419/642 5589/3420/642 5587/3418/641
f 5590/3419/642 5592/3421/643 5591/3422/643 5589/3420/642
f 5592/3421/643 5594/3423/644 5593/3424/644 5591/3422/643
f 5594/3423/644 5596/3425/645 5595/3426/645 5593/3424/644
f 5596/3425/645 5598/3427/646 5597/3428/646 5595/3426/645
f 5598/3427/646 5600/3429/647 5599/3430/647 5597/3428/646
f 5600/3429/647 5602/3431/648 5601/3432/648 5599/3430/647
f 5602/3431/648 5604/3433/649 5603/3434/649 5601/3432/648
f 5604/3433/649 5606/3435/650 5605/3436/650 5603/3434/649
f 5606/3435/650 5608/3437/651 5607/3438/651 5605/3436/650
f 5608/3437/651 5610/3439/652 5609/3440/652 5607/3438/651
f 5610/3439/652 5612/3441/653 5611/3442/653 5609/3440/652
f 5612/3441/653 5614/3443/654 5613/3444/654 5611/3442/653
f 5614/3443/654 5616/2602/655 5615/829/655 5613/3444/654
f 5616/2602/655 5618/3445/656 5617/3446/656 5615/829/655
f 5618/3445/656 5620/3447/657 5619/3448/657 5617/3446/656
f 5620/3447/657 5622/3449/658 5621/3450/658 5619/3448/657
f 5622/3449/658 5624/3451/659 5623/3452/659 5621/3450/658
f 5624/3451/659 5626/3453/660 5625/3454/660 5623/3452/659
f 5626/3453/660 5628/3455/661 5627/3456/661 5625/3454/660
f 5628/3455/661 5630/3457/662 5629/3458/662 5627/3456/661
f 5630/3457/662 5632/3459/663 5631/3460/663 5629/3458/662
f 5632/3459/663 5634/3461/664 5633/3462/664 5631/3460/663
f 5634/3461/664 5636/3463/665 5635/3464/665 5633/3462/664
f 5636/3463/665 5638/3465/666 5637/3466/666 5635/3464/665
f 5638/3465/666 5640/3467/667 5639/3468/667 5637/3466/666
f 5640/3467/667 5642/3469/668 5641/3470/668 5639/3468/667
f 5642/3469/668 5644/3471/669 5643/3472/669 5641/3470/668
f 5644/3471/669 5646/3473/670 5645/3474/670 5643/3472/669
f 5646/3473/670 5648/3475/671 5647/3476/671 5645/3474/670
f 5648/3475/671 5650/3477/672 5649/3478/672 5647/3476/671
f 5650/3477/672 5652/3479/673 5651/3480/673 5649/3478/672
f 5652/3479/673 5654/3481/674 5653/3482/674 5651/3480/673
f 5654/3481/674 5656/3483/675 5655/3484/675 5653/3482/674
f 5656/3483/675 5658/3485/676 5657/3486/676 5655/3484/675
f 5658/3485/676 5660/3487/677 5659/3488/677 5657/3486/676
f 5660/3487/677 5662/3489/678 5661/3490/678 5659/3488/677
f 5662/3489/678 5664/3491/679 5663/3492/679 5661/3490/678
f 5664/3491/679 5666/3493/680 5665/3494/680 5663/3492/679
f 5666/3493/680 5668/3495/681 5667/3496/681 5665/3494/680
f 5668/3495/681 5670/3497/682 5669/3498/682 5667/3496/681
f 5670/3497/682 5672/3499/683 5671/3500/683 5669/3498/682
f 5672/3499/683 5674/3501/684 5673/3502/684 5671/3500/683
f 5674/3501/684 5676/3503/685 5675/3504/685 5673/3502/684
f 5676/3503/685 5678/3505/686 5677/3506/686 5675/3504/685
f 5678/3505/686 5680/3507/687 5679/3508/687 5677/3506/686
f 5680/3507/687 5682/3509/688 5681/3510/688 5679/3508/687
f 5682/3509/688 5684/3511/689 5683/3512/689 5681/3510/688
f 5684/3511/689 5686/3513/690 5685/3514/690 5683/3512/689
f 5686/3513/690 5688/3515/691 5687/3516/691 5685/3514/690
f 5688/3515/691 5690/3517/692 5689/3518/692 5687/3516/691
f 5690/3517/692 5692/3519/693 5691/3520/693 5689/3518/692
f 5692/3519/693 5694/3521/694 5693/3522/694 5691/3520/693
f 5694/3521/694 5696/3523/695 5695/3524/695 5693/3522/694
f 5696/3523/695 5698/3525/696 5697/3526/696 5695/3524/695
f 5698/3525/696 5700/3527/697 5699/3528/697 5697/3526/696
f 5700/3527/697 5702/3529/698 5701/3530/698 5699/3528/697
f 5702/3529/698 5704/3531/699 5703/3532/699 5701/3530/698
f 5704/3531/699 5706/3533/700 5705/3534/700 5703/3532/699
f 5706/3533/700 5708/3535/701 5707/3536/701 5705/3534/700
f 5708/3535/701 5710/3537/702 5709/3538/702 5707/3536/701
f 5710/3537/702 5712/3539/703 5711/3540/703 5709/3538/702
f 5712/3539/703 5714/3541/704 5713/3542/704 5711/3540/703
f 5714/3541/704 5716/3543/705 5715/3544/705 5713/3542/704
f 5716/3543/705 5718/3545/706 5717/3546/706 5715/3544/705
f 5718/3545/706 5720/3547/707 5719/3548/707 5717/3546/706
f 5720/3547/707 5722/3549/708 5721/3550/708 5719/3548/707
f 5722/3549/708 5724/3551/709 5723/3552/709 5721/3550/708
f 5724/3551/709 5726/3553/710 5725/3554/710 5723/3552/709
f 5726/3553/710 5728/3555/711 5727/3556/711 5725/3554/710
f 5728/3555/711 5730/3557/712 5729/3558/712 5727/3556/711
f 5730/3557/712 5732/3559/713 5731/3560/713 5729/3558/712
f 5732/3559/713 5734/3561/714 5733/3562/714 5731/3560/713
f 5734/3561/714 5736/3563/715 5735/3564/715 5733/3562/714
f 5736/3563/715 5738/3565/716 5737/3566/716 5735/3564/715
f 5738/3565/716 5740/3567/717 5739/3568/717 5737/3566/716
f 5740/3567/717 5742/3569/718 5741/3570/718 5739/3568/717
f 5742/3569/718 5744/3571/719 5743/3572/719 5741/3570/718
f 5744/3571/719 5746/3573/720 5745/3574/720 5743/3572/719
f 5746/3573/720 5748/3575/721 5747/3576/721 5745/3574/720
f 5748/3575/721 5750/3577/722 5749/3578/722 5747/3576/721
f 5750/3577/722 5752/3579/723 5751/3580/723 5749/3578/722
f 5752/3579/723 5754/3581/724 5753/3582/724 5751/3580/723
f 5754/3581/724 5756/3583/725 5755/3584/725 5753/3582/724
f 5756/3583/725 5758/3585/726 5757/3586/726 5755/3584/725
f 5758/3585/726 5760/3587/727 5759/3588/727 5757/3586/726
f 5760/3587/727 5762/3589/728 5761/3590/728 5759/3588/727
f 5762/3589/728 5764/3591/729 5763/3592/729 5761/3590/728
f 5764/3591/729 5766/3593/730 5765/3594/730 5763/3592/729
f 5766/3593/730 5768/3595/731 5767/3596/731 5765/3594/730
f 5768/3595/731 5770/3597/732 5769/3598/732 5767/3596/731
f 5770/3597/732 5772/3599/733 5771/3600/733 5769/3598/732
f 5772/3599/733 5774/3601/734 5773/3602/734 5771/3600/733
f 5774/3601/734 5776/3603/735 5775/3604/735 5773/3602/734
f 5776/3603/735 5778/3605/736 5777/3606/736 5775/3604/735
f 5778/3605/736 5780/3607/737 5779/3608/737 5777/3606/736
f 5780/3607/737 5782/3609/738 5781/3610/738 5779/3608/737
f 5782/3609/738 5784/3611/739 5783/3612/739 5781/3610/738
f 5784/3611/739 5786/3613/740 5785/3614/740 5783/3612/739
f 5786/3613/740 5788/3615/741 5787/3616/741 5785/3614/740
f 5788/3615/741 5790/3617/742 5789/3618/742 5787/3616/741
f 5790/3617/742 5792/3619/743 5791/3620/743 5789/3618/742
f 5792/3619/743 5794/3621/744 5793/3622/744 5791/3620/743
f 5794/3621/744 5796/3623/745 5795/3624/745 5793/3622/744
f 5796/3623/745 5798/3625/746 5797/3626/746 5795/3624/745
f 5798/3625/746 5800/3627/747 5799/3628/747 5797/3626/746
f 5800/3627/747 5802/3629/748 5801/3630/748 5799/3628/747
f 5802/3629/748 5804/3631/749 5803/3632/749 5801/3630/748
f 5804/3631/749 5806/3633/750 5805/3634/750 5803/3632/749
f 5806/3633/750 5808/3635/751 5807/3636/751 5805/3634/750
f 5808/3635/751 5422/3060/558 5421/235/558 5807/3636/751
f 5810/2144/752 5812/3637/753 5811/3638/753 5809/117/752
f 5812/3637/753 5814/3639/754 5813/3640/754 5811/3638/753
f 5814/3639/754 5816/3641/755 5815/3642/755 5813/3640/754
f 5816/3641/755 5818/3643/756 5817/3644/756 5815/3642/755
f 5818/3643/756 5820/3645/757 5819/3646/757 5817/3644/756
f 5820/3645/757 5822/3647/758 5821/3648/758 5819/3646/757
f 5822/3647/758 5824/3649/759 5823/3650/759 5821/3648/758
f 5824/3649/759 5826/3651/760 5825/3652/760 5823/3650/759
f 5826/3651/760 5828/3653/761 5827/3654/761 5825/3652/760
f 5828/3653/761 5830/3655/762 5829/3656/762 5827/3654/761
f 5830/3655/762 5832/3657/763 5831/3658/763 5829/3656/762
f 5832/3657/763 5834/3659/764 5833/3660/764 5831/3658/763
f 5834/3659/764 5836/3661/765 5835/3662/765 5833/3660/764
f 5836/3661/765 5838/3663/766 5837/3664/766 5835/3662/765
f 5838/3663/766 5840/3665/767 5839/3666/767 5837/3664/766
f 5840/3665/767 5842/3667/768 5841/3668/768 5839/3666/767
f 5842/3667/768 5844/3669/769 5843/3670/769 5841/3668/768
f 5844/3669/769 5846/3671/770 5845/3672/770 5843/3670/769
f 5846/3671/770 5848/3673/771 5847/3674/771 5845/3672/770
f 5848/3673/771 5850/3675/772 5849/3676/772 5847/3674/771
f 5850/3675/772 5852/3677/773 5851/3678/773 5849/3676/772
f 5852/3677/773 5854/3679/774 5853/3680/774 5851/3678/773
f 5854/3679/774 5856/3681/775 5855/3682/775 5853/3680/774
f 5856/3681/775 5858/2373/776 5857/1180/776 5855/3682/775
f 5858/2373/776 5860/3683/777 5859/3684/777 5857/1180/776
f 5860/3683/777 5862/3685/778 5861/3686/778 5859/3684/777
f 5862/3685/778 5864/3687/779 5863/3688/779 5861/3686/778
f 5864/3687/779 5866/3689/780 5865/3690/780 5863/3688/779
f 5866/3689/780 5868/3691/781 5867/3692/781 5865/3690/780
f 5868/3691/781 5870/3693/782 5869/3694/782 5867/3692/781
f 5870/3693/782 5872/3695/783 5871/3696/783 5869/3694/782
f 5872/3695/783 5874/3697/784 5873/3698/784 5871/3696/783
f 5874/3697/784 5876/3699/785 5875/3700/785 5873/3698/784
f 5876/3699/785 5878/3701/786 5877/3702/786 5875/3700/785
f 5878/3701/786 5880/3703/787 5879/3704/787 5877/3702/786
f 5880/3703/787 5882/3705/246 5881/3706/246 5879/3704/787
f 5882/3705/246 5884/3707/788 5883/3708/788 5881/3706/246
f 5884/3707/788 5886/3709/789 5885/3710/789 5883/3708/788
f 5886/3709/789 5888/3711/49 5887/3712/49 5885/3710/789
f 5888/3711/49 5890/3713/790 5889/3714/790 5887/3712/49
f 5890/3713/790 5892/3715/791 5891/3716/791 5889/3714/790
f 5892/3715/791 5894/3717/792 5893/3718/792 5891/3716/791
f 5894/3717/792 5896/3719/793 5895/3720/793 5893/3718/792
f 5896/3719/793 5898/3721/232 5897/3722/232 5895/3720/793
f 5898/3721/232 5900/3723/794 5899/3724/794 5897/3722/232
f 5900/3723/794 5902/3725/795 5901/3726/795 5899/3724/794
f 5902/3725/795 5904/3727/796 5903/3728/796 5901/3726/795
f 5904/3727/796 5906/2602/797 5905/829/797 5903/3728/796
f 5906/2602/797 5908/3729/798 5907/3730/798 5905/829/797
f 5908/3729/798 5910/3731/799 5909/3732/799 5907/3730/798
f 5910/3731/799 5912/3733/800 5911/3734/800 5909/3732/799
f 5912/3733/800 5914/3735/801 5913/3736/801 5911/3734/800
f 5914/3735/801 5916/3737/802 5915/3738/802 5913/3736/801
f 5916/3737/802 5918/3739/803 5917/3740/803 5915/3738/802
f 5918/3739/803 5920/3741/804 5919/3742/804 5917/3740/803
f 5920/3741/804 5922/3743/805 5921/3744/805 5919/3742/804
f 5922/3743/805 5924/3745/806 5923/3746/806 5921/3744/805
f 5924/3745/806 5926/3747/807 5925/3748/807 5923/3746/806
f 5926/3747/807 5928/3749/808 5927/3750/808 5925/3748/807
f 5928/3749/808 5930/3751/809 5929/3752/809 5927/3750/808
f 5930/3751/809 5932/3753/810 5931/3754/810 5929/3752/809
f 5932/3753/810 5934/3755/811 5933/3756/811 5931/3754/810
f 5934/3755/811 5936/3757/812 5935/3758/812 5933/3756/811
f 5936/3757/812 5938/3759/813 5937/3760/813 5935/3758/812
f 5938/3759/813 5940/3761/155 5939/3762/155 5937/3760/813
f 5940/3761/155 5942/3763/814 5941/3764/814 5939/3762/155
f 5942/3763/814 5944/3765/815 5943/3766/815 5941/3764/814
f 5944/3765/815 5946/3767/816 5945/3768/816 5943/3766/815
f 5946/3767/816 5948/3769/817 5947/3770/817 5945/3768/816
f 5948/3769/817 5950/3771/818 5949/3772/818 5947/3770/817
f 5950/3771/818 5952/3773/819 5951/3774/819 5949/3772/818
f 5952/3773/819 5954/2831/820 5953/1114/820 5951/3774/819
f 5954/2831/820 5956/3775/821 5955/3776/821 5953/1114/820
f 5956/3775/821 5958/3777/822 5957/3778/822 5955/3776/821
f 5958/3777/822 5960/3779/823 5959/3780/823 5957/3778/822
f 5960/3779/823 5962/3781/824 5961/3782/824 5959/3780/823
f 5962/3781/824 5964/3783/825 5963/3784/825 5961/3782/824
f 5964/3783/825 5966/3785/826 5965/3786/826 5963/3784/825
f 5966/3785/826 5968/3787/827 5967/3788/827 5965/3786/826
f 5968/3787/827 5970/3789/828 5969/3790/828 5967/3788/827
f 5970/3789/828 5972/3791/829 5971/3792/829 5969/3790/828
f 5972/3791/829 5974/3793/830 5973/3794/830 5971/3792/829
f 5974/3793/830 5976/3795/831 5975/3796/831 5973/3794/830
f 5976/3795/831 5978/3797/832 5977/3798/832 5975/3796/831
f 5978/3797/832 5980/3799/833 5979/3800/833 5977/3798/832
f 5980/3799/833 5982/3801/834 5981/3802/834 5979/3800/833
f 5982/3801/834 5984/3803/835 5983/3804/835 5981/3802/834
f 5984/3803/835 5986/3805/836 5985/3806/836 5983/3804/835
f 5986/3805/836 5988/3807/837 5987/3808/837 5985/3806/836
f 5988/3807/837 5990/3809/838 5989/3810/838 5987/3808/837
f 5990/3809/838 5992/3811/839 5991/3812/839 5989/3810/838
f 5992/3811/839 5994/3813/840 5993/3814/840 5991/3812/839
f 5994/3813/840 5996/3815/841 5995/3816/841 5993/3814/840
f 5996/3815/841 5998/3817/842 5997/3818/842 5995/3816/841
f 5998/3817/842 6000/3819/843 5999/3820/843 5997/3818/842
f 6000/3819/843 5810/3060/752 5809/235/752 5999/3820/843
f 6002/2144/558 6004/3821/844 6003/3822/844 6001/117/558
f 6004/3821/844 6006/3823/845 6005/3824/845 6003/3822/844
f 6006/3823/845 6008/3825/846 6007/3826/846 6005/3824/845
f 6008/3825/846 6010/3827/847 6009/3828/847 6007/3826/846
f 6010/3827/847 6012/3829/848 6011/3830/848 6009/3828/847
f 6012/3829/848 6014/3831/849 6013/3832/849 6011/3830/848
f 6014/3831/849 6016/3833/850 6015/3834/850 6013/3832/849
f 6016/3833/850 6018/3835/851 6017/3836/851 6015/3834/850
f 6018/3835/851 6020/3837/852 6019/3838/852 6017/3836/851
f 6020/3837/852 6022/3839/853 6021/3840/853 6019/3838/852
f 6022/3839/853 6024/3841/854 6023/3842/854 6021/3840/853
f 6024/3841/854 6026/3843/855 6025/3844/855 6023/3842/854
f 6026/3843/855 6028/3845/856 6027/3846/856 6025/3844/855
f 6028/3845/856 6030/3847/857 6029/3848/857 6027/3846/856
f 6030/3847/857 6032/3849/858 6031/3850/858 6029/3848/857
f 6032/3849/858 6034/3851/859 6033/3852/859 6031/3850/858
f 6034/3851/859 6036/3853/860 6035/3854/860 6033/3852/859
f 6036/3853/860 6038/3855/861 6037/3856/861 6035/3854/860
f 6038/3855/861 6040/2183/862 6039/2184/862 6037/3856/861
f 6040/2183/862 6042/3857/863 6041/3858/863 6039/2184/862
f 6042/3857/863 6044/3859/864 6043/3860/864 6041/3858/863
f 6044/3859/864 6046/3861/865 6045/3862/865 6043/3860/864
f 6046/3861/865 6048/3863/866 6047/3864/866 6045/3862/865
f 6048/3863/866 6050/3865/867 6049/3866/867 6047/3864/866
f 6050/3865/867 6052/3867/868 6051/3868/868 6049/3866/867
f 6052/3867/868 6054/3869/869 6053/3870/869 6051/3868/868
f 6054/3869/869 6056/3871/870 6055/3872/870 6053/3870/869
f 6056/3871/870 6058/3873/871 6057/3874/871 6055/3872/870
f 6058/3873/871 6060/3875/872 6059/3876/872 6057/3874/871
f 6060/3875/872 6062/3877/94 6061/3878/94 6059/3876/872
f 6062/3877/94 6064/3879/873 6063/3880/873 6061/3878/94
f 6064/3879/873 6066/3881/874 6065/3882/874 6063/3880/873
f 6066/3881/874 6068/3883/875 6067/3884/875 6065/3882/874
f 6068/3883/875 6070/3885/876 6069/3886/876 6067/3884/875
f 6070/3885/876 6072/3887/877 6071/3888/877 6069/3886/876
f 6072/3887/877 6074/3889/878 6073/3890/878 6071/3888/877
f 6074/3889/878 6076/3891/879 6075/3892/879 6073/3890/878
f 6076/3891/879 6078/2223/880 6077/2224/880 6075/3892/879
f 6078/2223/880 6080/3893/881 6079/3894/881 6077/2224/880
f 6080/3893/881 6082/3895/882 6081/3896/882 6079/3894/881
f 6082/3895/882 6084/3897/883 6083/3898/883 6081/3896/882
f 6084/3897/883 6086/3899/884 6085/3900/884 6083/3898/883
f 6086/3899/884 6088/3901/885 6087/3902/885 6085/3900/884
f 6088/3901/885 6090/3903/886 6089/3904/886 6087/3902/885
f 6090/3903/886 6092/3905/887 6091/3906/887 6089/3904/886
f 6092/3905/887 6094/3907/888 6093/3908/888 6091/3906/887
f 6094/3907/888 6096/3909/889 6095/3910/889 6093/3908/888
f 6096/3909/889 6098/3911/890 6097/3912/890 6095/3910/889
f 6098/3911/890 6100/3913/40 6099/3914/40 6097/3912/890
f 6100/3913/40 6102/3915/891 6101/3916/891 6099/3914/40
f 6102/3915/891 6104/3917/892 6103/3918/892 6101/3916/891
f 6104/3917/892 6106/3919/893 6105/3920/893 6103/3918/892
f 6106/3919/893 6108/3921/894 6107/3922/894 6105/3920/893
f 6108/3921/894 6110/3923/895 6109/3924/895 6107/3922/894
f 6110/3923/895 6112/3925/896 6111/3926/896 6109/3924/895
f 6112/3925/896 6114/3927/243 6113/3928/243 6111/3926/896
f 6114/3927/243 6116/2263/897 6115/2264/897 6113/3928/243
f 6116/2263/897 6118/3929/898 6117/3930/898 6115/2264/897
f 6118/3929/898 6120/3931/899 6119/3932/899 6117/3930/898
f 6120/3931/899 6122/3933/900 6121/3934/900 6119/3932/899
f 6122/3933/900 6124/3935/901 6123/3936/901 6121/3934/900
f 6124/3935/901 6126/3937/902 6125/3938/902 6123/3936/901
f 6126/3937/902 6128/3939/903 6127/3940/903 6125/3938/902
f 6128/3939/903 6130/3941/904 6129/3942/904 6127/3940/903
f 6130/3941/904 6132/3943/905 6131/3944/905 6129/3942/904
f 6132/3943/905 6134/3945/906 6133/3946/906 6131/3944/905
f 6134/3945/906 6136/3947/907 6135/3948/907 6133/3946/906
f 6136/3947/907 6138/3949/908 6137/3950/908 6135/3948/907
f 6138/3949/908 6140/3951/909 6139/3952/909 6137/3950/908
f 6140/3951/909 6142/3953/910 6141/3954/910 6139/3952/909
f 6142/3953/910 6144/3955/911 6143/3956/911 6141/3954/910
f 6144/3955/911 6146/3957/912 6145/3958/912 6143/3956/911
f 6146/3957/912 6148/3959/913 6147/3960/913 6145/3958/912
f 6148/3959/913 6150/3961/914 6149/3962/914 6147/3960/913
f 6150/3961/914 6152/3963/915 6151/3964/915 6149/3962/914
f 6152/3963/915 6154/2303/916 6153/2304/916 6151/3964/915
f 6154/2303/916 6156/3965/917 6155/3966/917 6153/2304/916
f 6156/3965/917 6158/3967/918 6157/3968/918 6155/3966/917
f 6158/3967/918 6160/3969/919 6159/3970/919 6157/3968/918
f 6160/3969/919 6162/3971/920 6161/3972/920 6159/3970/919
f 6162/3971/920 6164/3973/921 6163/3974/921 6161/3972/920
f 6164/3973/921 6166/3975/922 6165/3976/922 6163/3974/921
f 6166/3975/922 6168/3977/923 6167/3978/923 6165/3976/922
f 6168/3977/923 6170/3979/924 6169/3980/924 6167/3978/923
f 6170/3979/924 6172/3981/925 6171/3982/925 6169/3980/924
f 6172/3981/925 6174/3983/926 6173/3984/926 6171/3982/925
f 6174/3983/926 6176/3985/927 6175/3986/927 6173/3984/926
f 6176/3985/927 6178/3987/928 6177/3988/928 6175/3986/927
f 6178/3987/928 6180/3989/929 6179/3990/929 6177/3988/928
f 6180/3989/929 6182/3991/930 6181/3992/930 6179/3990/929
f 6182/3991/930 6184/3993/931 6183/3994/931 6181/3992/930
f 6184/3993/931 6186/3995/932 6185/3996/932 6183/3994/931
f 6186/3995/932 6188/3997/933 6187/3998/933 6185/3996/932
f 6188/3997/933 6190/3999/934 6189/4000/934 6187/3998/933
f 6190/3999/934 6192/2343/935 6191/2344/935 6189/4000/934
f 6192/2343/935 6194/4001/936 6193/4002/936 6191/2344/935
f 6194/4001/936 6196/4003/937 6195/4004/937 6193/4002/936
f 6196/4003/937 6198/4005/938 6197/4006/938 6195/4004/937
f 6198/4005/938 6200/4007/939 6199/4008/939 6197/4006/938
f 6200/4007/939 6202/4009/940 6201/4010/940 6199/4008/939
f 6202/4009/940 6204/4011/941 6203/4012/941 6201/4010/940
f 6204/4011/941 6206/4013/942 6205/4014/942 6203/4012/941
f 6206/4013/942 6208/4015/943 6207/4016/943 6205/4014/942
f 6208/4015/943 6210/4017/944 6209/4018/944 6207/4016/943
f 6210/4017/944 6212/4019/945 6211/4020/945 6209/4018/944
f 6212/4019/945 6214/4021/946 6213/4022/946 6211/4020/945
f 6214/4021/946 6216/4023/947 6215/4024/947 6213/4022/946
f 6216/4023/947 6218/4025/948 6217/4026/948 6215/4024/947
f 6218/4025/948 6220/4027/949 6219/4028/949 6217/4026/948
f 6220/4027/949 6222/4029/950 6221/4030/950 6219/4028/949
f 6222/4029/950 6224/4031/951 6223/4032/951 6221/4030/950
f 6224/4031/951 6226/4033/952 6225/4034/952 6223/4032/951
f 6226/4033/952 6228/4035/953 6227/4036/953 6225/4034/952
f 6228/4035/953 6230/2382/954 6229/2383/954 6227/4036/953
f 6230/2382/954 6232/4037/955 6231/4038/955 6229/2383/954
f 6232/4037/955 6234/4039/956 6233/4040/956 6231/4038/955
f 6234/4039/956 6236/4041/957 6235/4042/957 6233/4040/956
f 6236/4041/957 6238/4043/958 6237/4044/958 6235/4042/957
f 6238/4043/958 6240/4045/959 6239/4046/959 6237/4044/958
f 6240/4045/959 6242/4047/960 6241/4048/960 6239/4046/959
f 6242/4047/960 6244/4049/961 6243/4050/961 6241/4048/960
f 6244/4049/961 6246/4051/962 6245/4052/962 6243/4050/961
f 6246/4051/962 6248/4053/963 6247/4054/963 6245/4052/962
f 6248/4053/963 6250/4055/964 6249/4056/964 6247/4054/963
f 6250/4055/964 6252/4057/965 6251/4058/965 6249/4056/964
f 6252/4057/965 6254/4059/966 6253/4060/966 6251/4058/965
f 6254/4059/966 6256/4061/967 6255/4062/967 6253/4060/966
f 6256/4061/967 6258/4063/968 6257/4064/968 6255/4062/967
f 6258/4063/968 6260/4065/969 6259/4066/969 6257/4064/968
f 6260/4065/969 6262/4067/970 6261/4068/970 6259/4066/969
f 6262/4067/970 6264/4069/971 6263/4070/971 6261/4068/970
f 6264/4069/971 6266/4071/972 6265/4072/972 6263/4070/971
f 6266/4071/972 6268/2422/973 6267/2423/973 6265/4072/972
f 6268/2422/973 6270/4073/974 6269/4074/974 6267/2423/973
f 6270/4073/974 6272/4075/975 6271/4076/975 6269/4074/974
f 6272/4075/975 6274/4077/976 6273/4078/976 6271/4076/975
f 6274/4077/976 6276/4079/977 6275/4080/977 6273/4078/976
f 6276/4079/977 6278/4081/978 6277/4082/978 6275/4080/977
f 6278/4081/978 6280/4083/979 6279/4084/979 6277/4082/978
f 6280/4083/979 6282/4085/980 6281/4086/980 6279/4084/979
f 6282/4085/980 6284/4087/981 6283/4088/981 6281/4086/980
f 6284/4087/981 6286/4089/982 6285/4090/982 6283/4088/981
f 6286/4089/982 6288/4091/983 6287/4092/983 6285/4090/982
f 6288/4091/983 6290/4093/984 6289/4094/984 6287/4092/983
f 6290/4093/984 6292/4095/985 6291/4096/985 6289/4094/984
f 6292/4095/985 6294/4097/986 6293/4098/986 6291/4096/985
f 6294/4097/986 6296/4099/987 6295/4100/987 6293/4098/986
f 6296/4099/987 6298/4101/988 6297/4102/988 6295/4100/987
f 6298/4101/988 6300/4103/217 6299/4104/217 6297/4102/988
f 6300/4103/217 6302/4105/989 6301/4106/989 6299/4104/217
f 6302/4105/989 6304/4107/990 6303/4108/990 6301/4106/989
f 6304/4107/990 6306/2462/991 6305/2463/991 6303/4108/990
f 6306/2462/991 6308/4109/992 6307/4110/992 6305/2463/991
f 6308/4109/992 6310/4111/993 6309/4112/993 6307/4110/992
f 6310/4111/993 6312/4113/994 6311/4114/994 6309/4112/993
f 6312/4113/994 6314/4115/995 6313/4116/995 6311/4114/994
f 6314/4115/995 6316/4117/996 6315/4118/996 6313/4116/995
f 6316/4117/996 6318/4119/997 6317/4120/997 6315/4118/996
f 6318/4119/997 6320/4121/998 6319/4122/998 6317/4120/997
f 6320/4121/998 6322/4123/999 6321/4124/999 6319/4122/998
f 6322/4123/999 6324/4125/1000 6323/4126/1000 6321/4124/999
f 6324/4125/1000 6326/4127/206 6325/4128/206 6323/4126/1000
f 6326/4127/206 6328/4129/1001 6327/4130/1001 6325/4128/206
f 6328/4129/1001 6330/4131/1002 6329/4132/1002 6327/4130/1001
f 6330/4131/1002 6332/4133/1003 6331/4134/1003 6329/4132/1002
f 6332/4133/1003 6334/4135/1004 6333/4136/1004 6331/4134/1003
f 6334/4135/1004 6336/4137/1005 6335/4138/1005 6333/4136/1004
f 6336/4137/1005 6338/4139/1006 6337/4140/1006 6335/4138/1005
f 6338/4139/1006 6340/4141/1007 6339/4142/1007 6337/4140/1006
f 6340/4141/1007 6342/4143/1008 6341/4144/1008 6339/4142/1007
f 6342/4143/1008 6344/2502/1009 6343/2503/1009 6341/4144/1008
f 6344/2502/1009 6346/4145/1010 6345/4146/1010 6343/2503/1009
f 6346/4145/1010 6348/4147/1011 6347/4148/1011 6345/4146/1010
f 6348/4147/1011 6350/4149/1012 6349/4150/1012 6347/4148/1011
f 6350/4149/1012 6352/4151/1013 6351/4152/1013 6349/4150/1012
f 6352/4151/1013 6354/4153/1014 6353/4154/1014 6351/4152/1013
f 6354/4153/1014 6356/4155/1015 6355/4156/1015 6353/4154/1014
f 6356/4155/1015 6358/4157/1016 6357/4158/1016 6355/4156/1015
f 6358/4157/1016 6360/4159/1017 6359/4160/1017 6357/4158/1016
f 6360/4159/1017 6362/4161/1018 6361/4162/1018 6359/4160/1017
f 6362/4161/1018 6364/4163/1019 6363/4164/1019 6361/4162/1018
f 6364/4163/1019 6366/4165/1020 6365/4166/1020 6363/4164/1019
f 6366/4165/1020 6368/4167/1021 6367/4168/1021 6365/4166/1020
f 6368/4167/1021 6370/4169/1022 6369/4170/1022 6367/4168/1021
f 6370/4169/1022 6372/4171/1023 6371/4172/1023 6369/4170/1022
f 6372/4171/1023 6374/4173/1024 6373/4174/1024 6371/4172/1023
f 6374/4173/1024 6376/4175/1025 6375/4176/1025 6373/4174/1024
f 6376/4175/1025 6378/4177/1026 6377/4178/1026 6375/4176/1025
f 6378/4177/1026 6380/4179/1027 6379/4180/1027 6377/4178/1026
f 6380/4179/1027 6382/2542/1028 6381/2543/1028 6379/4180/1027
f 6382/2542/1028 6384/4181/1029 6383/4182/1029 6381/2543/1028
f 6384/4181/1029 6386/4183/1030 6385/4184/1030 6383/4182/1029
f 6386/4183/1030 6388/4185/1031 6387/4186/1031 6385/4184/1030
f 6388/4185/1031 6390/4187/1032 6389/4188/1032 6387/4186/1031
f 6390/4187/1032 6392/4189/1033 6391/4190/1033 6389/4188/1032
f 6392/4189/1033 6394/4191/1034 6393/4192/1034 6391/4190/1033
f 6394/4191/1034 6396/4193/1035 6395/4194/1035 6393/4192/1034
f 6396/4193/1035 6398/4195/1036 6397/4196/1036 6395/4194/1035
f 6398/4195/1036 6400/4197/1037 6399/4198/1037 6397/4196/1036
f 6400/4197/1037 6402/4199/1038 6401/4200/1038 6399/4198/1037
f 6402/4199/1038 6404/4201/1039 6403/4202/1039 6401/4200/1038
f 6404/4201/1039 6406/4203/1040 6405/4204/1040 6403/4202/1039
f 6406/4203/1040 6408/4205/1041 6407/4206/1041 6405/4204/1040
f 6408/4205/1041 6410/4207/1042 6409/4208/1042 6407/4206/1041
f 6410/4207/1042 6412/4209/1043 6411/4210/1043 6409/4208/1042
f 6412/4209/1043 6414/4211/1044 6413/4212/1044 6411/4210/1043
f 6414/4211/1044 6416/4213/1045 6415/4214/1045 6413/4212/1044
f 6416/4213/1045 6418/4215/1046 6417/4216/1046 6415/4214/1045
f 6418/4215/1046 6420/2582/1047 6419/2583/1047 6417/4216/1046
f 6420/2582/1047 6422/4217/1048 6421/4218/1048 6419/2583/1047
f 6422/4217/1048 6424/4219/1049 6423/4220/1049 6421/4218/1048
f 6424/4219/1049 6426/4221/1050 6425/4222/1050 6423/4220/1049
f 6426/4221/1050 6428/4223/1051 6427/4224/1051 6425/4222/1050
f 6428/4223/1051 6430/4225/1052 6429/4226/1052 6427/4224/1051
f 6430/4225/1052 6432/4227/1053 6431/4228/1053 6429/4226/1052
f 6432/4227/1053 6434/4229/1054 6433/4230/1054 6431/4228/1053
f 6434/4229/1054 6436/4231/1055 6435/4232/1055 6433/4230/1054
f 6436/4231/1055 6438/4233/1056 6437/4234/1056 6435/4232/1055
f 6438/4233/1056 6440/4235/704 6439/4236/704 6437/4234/1056
f 6440/4235/704 6442/4237/1057 6441/4238/1057 6439/4236/704
f 6442/4237/1057 6444/4239/1058 6443/4240/1058 6441/4238/1057
f 6444/4239/1058 6446/4241/1059 6445/4242/1059 6443/4240/1058
f 6446/4241/1059 6448/4243/1060 6447/4244/1060 6445/4242/1059
f 6448/4243/1060 6450/4245/1061 6449/4246/1061 6447/4244/1060
f 6450/4245/1061 6452/4247/1062 6451/4248/1062 6449/4246/1061
f 6452/4247/1062 6454/4249/1063 6453/4250/1063 6451/4248/1062
f 6454/4249/1063 6456/4251/1064 6455/4252/1064 6453/4250/1063
f 6456/4251/1064 6458/2621/1065 6457/2622/1065 6455/4252/1064
f 6458/2621/1065 6460/4253/1066 6459/4254/1066 6457/2622/1065
f 6460/4253/1066 6462/4255/1067 6461/4256/1067 6459/4254/1066
f 6462/4255/1067 6464/4257/1068 6463/4258/1068 6461/4256/1067
f 6464/4257/1068 6466/4259/1069 6465/4260/1069 6463/4258/1068
f 6466/4259/1069 6468/4261/1070 6467/4262/1070 6465/4260/1069
f 6468/4261/1070 6470/4263/1071 6469/4264/1071 6467/4262/1070
f 6470/4263/1071 6472/4265/1072 6471/4266/1072 6469/4264/1071
f 6472/4265/1072 6474/4267/1073 6473/4268/1073 6471/4266/1072
f 6474/4267/1073 6476/4269/1074 6475/4270/1074 6473/4268/1073
f 6476/4269/1074 6478/4271/1075 6477/4272/1075 6475/4270/1074
f 6478/4271/1075 6480/4273/1076 6479/4274/1076 6477/4272/1075
f 6480/4273/1076 6482/4275/1077 6481/4276/1077 6479/4274/1076
f 6482/4275/1077 6484/4277/1078 6483/4278/1078 6481/4276/1077
f 6484/4277/1078 6486/4279/1079 6485/4280/1079 6483/4278/1078
f 6486/4279/1079 6488/4281/1080 6487/4282/1080 6485/4280/1079
f 6488/4281/1080 6490/4283/1081 6489/4284/1081 6487/4282/1080
f 6490/4283/1081 6492/4285/1082 6491/4286/1082 6489/4284/1081
f 6492/4285/1082 6494/4287/1083 6493/4288/1083 6491/4286/1082
f 6494/4287/1083 6496/2661/1084 6495/2662/1084 6493/4288/1083
f 6496/2661/1084 6498/4289/1085 6497/4290/1085 6495/2662/1084
f 6498/4289/1085 6500/4291/1086 6499/4292/1086 6497/4290/1085
f 6500/4291/1086 6502/4293/433 6501/4294/433 6499/4292/1086
f 6502/4293/433 6504/4295/1087 6503/4296/1087 6501/4294/433
f 6504/4295/1087 6506/4297/1088 6505/4298/1088 6503/4296/1087
f 6506/4297/1088 6508/4299/1089 6507/4300/1089 6505/4298/1088
f 6508/4299/1089 6510/4301/1090 6509/4302/1090 6507/4300/1089
f 6510/4301/1090 6512/4303/1091 6511/4304/1091 6509/4302/1090
f 6512/4303/1091 6514/4305/741 6513/4306/741 6511/4304/1091
f 6514/4305/741 6516/4307/742 6515/4308/742 6513/4306/741
f 6516/4307/742 6518/4309/743 6517/4310/743 6515/4308/742
f 6518/4309/743 6520/4311/744 6519/4312/744 6517/4310/743
f 6520/4311/744 6522/4313/745 6521/4314/745 6519/4312/744
f 6522/4313/745 6524/4315/746 6523/4316/746 6521/4314/745
f 6524/4315/746 6526/4317/747 6525/4318/747 6523/4316/746
f 6526/4317/747 6528/4319/748 6527/4320/748 6525/4318/747
f 6528/4319/748 6530/4321/749 6529/4322/749 6527/4320/748
f 6530/4321/749 6532/4323/750 6531/4324/750 6529/4322/749
f 6532/4323/750 6534/2701/751 6533/2702/751 6531/4324/750
f 6534/2701/751 6536/4325/558 6535/4326/558 6533/2702/751
f 6536/4325/558 6538/4327/1092 6537/4328/1092 6535/4326/558
f 6538/4327/1092 6540/4329/1093 6539/4330/1093 6537/4328/1092
f 6540/4329/1093 6542/4331/1094 6541/4332/1094 6539/4330/1093
f 6542/4331/1094 6544/4333/763 6543/4334/763 6541/4332/1094
f 6544/4333/763 6546/4335/1095 6545/4336/1095 6543/4334/763
f 6546/4335/1095 6548/4337/1096 6547/4338/1096 6545/4336/1095
f 6548/4337/1096 6550/4339/1097 6549/4340/1097 6547/4338/1096
f 6550/4339/1097 6552/4341/1098 6551/4342/1098 6549/4340/1097
f 6552/4341/1098 6554/4343/1099 6553/4344/1099 6551/4342/1098
f 6554/4343/1099 6556/4345/1100 6555/4346/1100 6553/4344/1099
f 6556/4345/1100 6558/4347/1101 6557/4348/1101 6555/4346/1100
f 6558/4347/1101 6560/4349/1102 6559/4350/1102 6557/4348/1101
f 6560/4349/1102 6562/4351/1103 6561/4352/1103 6559/4350/1102
f 6562/4351/1103 6564/4353/1104 6563/4354/1104 6561/4352/1103
f 6564/4353/1104 6566/4355/1105 6565/4356/1105 6563/4354/1104
f 6566/4355/1105 6568/4357/1106 6567/4358/1106 6565/4356/1105
f 6568/4357/1106 6570/4359/1107 6569/4360/1107 6567/4358/1106
f 6570/4359/1107 6572/2741/1108 6571/2742/1108 6569/4360/1107
f 6572/2741/1108 6574/4361/1109 6573/4362/1109 6571/2742/1108
f 6574/4361/1109 6576/4363/1110 6575/4364/1110 6573/4362/1109
f 6576/4363/1110 6578/4365/1111 6577/4366/1111 6575/4364/1110
f 6578/4365/1111 6580/4367/1112 6579/4368/1112 6577/4366/1111
f 6580/4367/1112 6582/4369/1113 6581/4370/1113 6579/4368/1112
f 6582/4369/1113 6584/4371/1114 6583/4372/1114 6581/4370/1113
f 6584/4371/1114 6586/4373/1115 6585/4374/1115 6583/4372/1114
f 6586/4373/1115 6588/4375/1116 6587/4376/1116 6585/4374/1115
f 6588/4375/1116 6590/4377/1117 6589/4378/1117 6587/4376/1116
f 6590/4377/1117 6592/4379/1118 6591/4380/1118 6589/4378/1117
f 6592/4379/1118 6594/4381/1119 6593/4382/1119 6591/4380/1118
f 6594/4381/1119 6596/4383/1120 6595/4384/1120 6593/4382/1119
f 6596/4383/1120 6598/4385/1121 6597/4386/1121 6595/4384/1120
f 6598/4385/1121 6600/4387/1122 6599/4388/1122 6597/4386/1121
f 6600/4387/1122 6602/4389/1123 6601/4390/1123 6599/4388/1122
f 6602/4389/1123 6604/4391/1124 6603/4392/1124 6601/4390/1123
f 6604/4391/1124 6606/4393/1125 6605/4394/1125 6603/4392/1124
f 6606/4393/1125 6608/4395/1126 6607/4396/1126 6605/4394/1125
f 6608/4395/1126 6610/2781/1127 6609/2782/1127 6607/4396/1126
f 6610/2781/1127 6612/4397/1128 6611/4398/1128 6609/2782/1127
f 6612/4397/1128 6614/4399/1129 6613/4400/1129 6611/4398/1128
f 6614/4399/1129 6616/4401/1130 6615/4402/1130 6613/4400/1129
f 6616/4401/1130 6618/4403/1131 6617/4404/1131 6615/4402/1130
f 6618/4403/1131 6620/4405/1132 6619/4406/1132 6617/4404/1131
f 6620/4405/1132 6622/4407/1133 6621/4408/1133 6619/4406/1132
f 6622/4407/1133 6624/4409/1134 6623/4410/1134 6621/4408/1133
f 6624/4409/1134 6626/4411/1135 6625/4412/1135 6623/4410/1134
f 6626/4411/1135 6628/4413/1136 6627/4414/1136 6625/4412/1135
f 6628/4413/1136 6630/4415/1137 6629/4416/1137 6627/4414/1136
f 6630/4415/1137 6632/4417/1138 6631/4418/1138 6629/4416/1137
f 6632/4417/1138 6634/4419/1139 6633/4420/1139 6631/4418/1138
f 6634/4419/1139 6636/4421/1140 6635/4422/1140 6633/4420/1139
f 6636/4421/1140 6638/4423/1141 6637/4424/1141 6635/4422/1140
f 6638/4423/1141 6640/4425/1142 6639/4426/1142 6637/4424/1141
f 6640/4425/1142 6642/4427/1143 6641/4428/1143 6639/4426/1142
f 6642/4427/1143 6644/4429/1144 6643/4430/1144 6641/4428/1143
f 6644/4429/1144 6646/4431/1145 6645/4432/1145 6643/4430/1144
f 6646/4431/1145 6648/2821/1146 6647/2822/1146 6645/4432/1145
f 6648/2821/1146 6650/4433/1147 6649/4434/1147 6647/2822/1146
f 6650/4433/1147 6652/4435/1148 6651/4436/1148 6649/4434/1147
f 6652/4435/1148 6654/4437/1149 6653/4438/1149 6651/4436/1148
f 6654/4437/1149 6656/4439/1150 6655/4440/1150 6653/4438/1149
f 6656/4439/1150 6658/4441/1151 6657/4442/1151 6655/4440/1150
f 6658/4441/1151 6660/4443/1152 6659/4444/1152 6657/4442/1151
f 6660/4443/1152 6662/4445/1153 6661/4446/1153 6659/4444/1152
f 6662/4445/1153 6664/4447/1154 6663/4448/1154 6661/4446/1153
f 6664/4447/1154 6666/4449/1155 6665/4450/1155 6663/4448/1154
f 6666/4449/1155 6668/4451/1156 6667/4452/1156 6665/4450/1155
f 6668/4451/1156 6670/4453/1157 6669/4454/1157 6667/4452/1156
f 6670/4453/1157 6672/4455/1158 6671/4456/1158 6669/4454/1157
f 6672/4455/1158 6674/4457/1159 6673/4458/1159 6671/4456/1158
f 6674/4457/1159 6676/4459/1160 6675/4460/1160 6673/4458/1159
f 6676/4459/1160 6678/4461/166 6677/4462/166 6675/4460/1160
f 6678/4461/166 6680/4463/1161 6679/4464/1161 6677/4462/166
f 6680/4463/1161 6682/4465/1162 6681/4466/1162 6679/4464/1161
f 6682/4465/1162 6684/4467/1009 6683/4468/1009 6681/4466/1162
f 6684/4467/1009 6686/2860/1010 6685/2861/1010 6683/4468/1009
f 6686/2860/1010 6688/4469/1011 6687/4470/1011 6685/2861/1010
f 6688/4469/1011 6690/4471/1012 6689/4472/1012 6687/4470/1011
f 6690/4471/1012 6692/4473/1013 6691/4474/1013 6689/4472/1012
f 6692/4473/1013 6694/4475/1014 6693/4476/1014 6691/4474/1013
f 6694/4475/1014 6696/4477/1015 6695/4478/1015 6693/4476/1014
f 6696/4477/1015 6698/4479/1016 6697/4480/1016 6695/4478/1015
f 6698/4479/1016 6700/4481/1163 6699/4482/1163 6697/4480/1016
f 6700/4481/1163 6702/4483/1018 6701/4484/1018 6699/4482/1163
f 6702/4483/1018 6704/4485/1019 6703/4486/1019 6701/4484/1018
f 6704/4485/1019 6706/4487/1020 6705/4488/1020 6703/4486/1019
f 6706/4487/1020 6708/4489/1021 6707/4490/1021 6705/4488/1020
f 6708/4489/1021 6710/4491/1022 6709/4492/1022 6707/4490/1021
f 6710/4491/1022 6712/4493/1023 6711/4494/1023 6709/4492/1022
f 6712/4493/1023 6714/4495/1024 6713/4496/1024 6711/4494/1023
f 6714/4495/1024 6716/4497/1025 6715/4498/1025 6713/4496/1024
f 6716/4497/1025 6718/4499/1026 6717/4500/1026 6715/4498/1025
f 6718/4499/1026 6720/4501/1027 6719/4502/1027 6717/4500/1026
f 6720/4501/1027 6722/4503/1028 6721/4504/1028 6719/4502/1027
f 6722/4503/1028 6724/2900/1029 6723/2901/1029 6721/4504/1028
f 6724/2900/1029 6726/4505/1030 6725/4506/1030 6723/2901/1029
f 6726/4505/1030 6728/4507/1031 6727/4508/1031 6725/4506/1030
f 6728/4507/1031 6730/4509/1164 6729/4510/1164 6727/4508/1031
f 6730/4509/1164 6732/4511/1165 6731/4512/1165 6729/4510/1164
f 6732/4511/1165 6734/4513/1166 6733/4514/1166 6731/4512/1165
f 6734/4513/1166 6736/4515/1167 6735/4516/1167 6733/4514/1166
f 6736/4515/1167 6738/4517/1168 6737/4518/1168 6735/4516/1167
f 6738/4517/1168 6740/4519/1169 6739/4520/1169 6737/4518/1168
f 6740/4519/1169 6742/4521/1170 6741/4522/1170 6739/4520/1169
f 6742/4521/1170 6744/4523/1171 6743/4524/1171 6741/4522/1170
f 6744/4523/1171 6746/4525/1172 6745/4526/1172 6743/4524/1171
f 6746/4525/1172 6748/4527/1173 6747/4528/1173 6745/4526/1172
f 6748/4527/1173 6750/4529/1174 6749/4530/1174 6747/4528/1173
f 6750/4529/1174 6752/4531/1175 6751/4532/1175 6749/4530/1174
f 6752/4531/1175 6754/4533/1176 6753/4534/1176 6751/4532/1175
f 6754/4533/1176 6756/4535/829 6755/4536/829 6753/4534/1176
f 6756/4535/829 6758/4537/1177 6757/4538/1177 6755/4536/829
f 6758/4537/1177 6760/4539/1178 6759/4540/1178 6757/4538/1177
f 6760/4539/1178 6762/2940/1179 6761/2941/1179 6759/4540/1178
f 6762/2940/1179 6764/4541/1049 6763/4542/1049 6761/2941/1179
f 6764/4541/1049 6766/4543/1180 6765/4544/1180 6763/4542/1049
f 6766/4543/1180 6768/4545/1181 6767/4546/1181 6765/4544/1180
f 6768/4545/1181 6770/4547/1182 6769/4548/1182 6767/4546/1181
f 6770/4547/1182 6772/4549/1183 6771/4550/1183 6769/4548/1182
f 6772/4549/1183 6774/4551/1184 6773/4552/1184 6771/4550/1183
f 6774/4551/1184 6776/4553/1185 6775/4554/1185 6773/4552/1184
f 6776/4553/1185 6778/4555/1186 6777/4556/1186 6775/4554/1185
f 6778/4555/1186 6780/4557/704 6779/4558/704 6777/4556/1186
f 6780/4557/704 6782/4559/1057 6781/4560/1057 6779/4558/704
f 6782/4559/1057 6784/4561/1058 6783/4562/1058 6781/4560/1057
f 6784/4561/1058 6786/4563/1059 6785/4564/1059 6783/4562/1058
f 6786/4563/1059 6788/4565/1060 6787/4566/1060 6785/4564/1059
f 6788/4565/1060 6790/4567/1061 6789/4568/1061 6787/4566/1060
f 6790/4567/1061 6792/4569/1062 6791/4570/1062 6789/4568/1061
f 6792/4569/1062 6794/4571/1063 6793/4572/1063 6791/4570/1062
f 6794/4571/1063 6796/4573/1064 6795/4574/1064 6793/4572/1063
f 6796/4573/1064 6798/4575/1065 6797/4576/1065 6795/4574/1064
f 6798/4575/1065 6800/2980/1066 6799/2981/1066 6797/4576/1065
f 6800/2980/1066 6802/4577/1067 6801/4578/1067 6799/2981/1066
f 6802/4577/1067 6804/4579/1187 6803/4580/1187 6801/4578/1067
f 6804/4579/1187 6806/4581/1188 6805/4582/1188 6803/4580/1187
f 6806/4581/1188 6808/4583/1189 6807/4584/1189 6805/4582/1188
f 6808/4583/1189 6810/4585/1190 6809/4586/1190 6807/4584/1189
f 6810/4585/1190 6812/4587/1191 6811/4588/1191 6809/4586/1190
f 6812/4587/1191 6814/4589/1192 6813/4590/1192 6811/4588/1191
f 6814/4589/1192 6816/4591/1193 6815/4592/1193 6813/4590/1192
f 6816/4591/1193 6818/4593/1194 6817/4594/1194 6815/4592/1193
f 6818/4593/1194 6820/4595/1195 6819/4596/1195 6817/4594/1194
f 6820/4595/1195 6822/4597/1196 6821/4598/1196 6819/4596/1195
f 6822/4597/1196 6824/4599/1197 6823/4600/1197 6821/4598/1196
f 6824/4599/1197 6826/4601/1198 6825/4602/1198 6823/4600/1197
f 6826/4601/1198 6828/4603/1199 6827/4604/1199 6825/4602/1198
f 6828/4603/1199 6830/4605/1200 6829/4606/1200 6827/4604/1199
f 6830/4605/1200 6832/4607/1201 6831/4608/1201 6829/4606/1200
f 6832/4607/1201 6834/4609/1202 6833/4610/1202 6831/4608/1201
f 6834/4609/1202 6836/4611/1203 6835/4612/1203 6833/4610/1202
f 6836/4611/1203 6838/3020/1204 6837/3021/1204 6835/4612/1203
f 6838/3020/1204 6840/4613/1205 6839/4614/1205 6837/3021/1204
f 6840/4613/1205 6842/4615/1206 6841/4616/1206 6839/4614/1205
f 6842/4615/1206 6844/4617/1207 6843/4618/1207 6841/4616/1206
f 6844/4617/1207 6846/4619/1208 6845/4620/1208 6843/4618/1207
f 6846/4619/1208 6848/4621/1209 6847/4622/1209 6845/4620/1208
f 6848/4621/1209 6850/4623/1210 6849/4624/1210 6847/4622/1209
f 6850/4623/1210 6852/4625/1211 6851/4626/1211 6849/4624/1210
f 6852/4625/1211 6854/4627/741 6853/4628/741 6851/4626/1211
f 6854/4627/741 6856/4629/742 6855/4630/742 6853/4628/741
f 6856/4629/742 6858/4631/743 6857/4632/743 6855/4630/742
f 6858/4631/743 6860/4633/744 6859/4634/744 6857/4632/743
f 6860/4633/744 6862/4635/745 6861/4636/745 6859/4634/744
f 6862/4635/745 6864/4637/746 6863/4638/746 6861/4636/745
f 6864/4637/746 6866/4639/747 6865/4640/747 6863/4638/746
f 6866/4639/747 6868/4641/748 6867/4642/748 6865/4640/747
f 6868/4641/748 6870/4643/749 6869/4644/749 6867/4642/748
f 6870/4643/749 6872/4645/750 6871/4646/750 6869/4644/749
f 6872/4645/750 6874/4647/751 6873/4648/751 6871/4646/750
f 6874/4647/751 6002/3060/558 6001/235/558 6873/4648/751
f 6876/2144/1212 6878/4649/1213 6877/4650/1213 6875/117/1212
f 6878/4649/1213 6880/4651/1214 6879/4652/1214 6877/4650/1213
f 6880/4651/1214 6882/4653/1215 6881/4654/1215 6879/4652/1214
f 6882/4653/1215 6884/4655/1216 6883/4656/1216 6881/4654/1215
f 6884/4655/1216 6886/4657/1217 6885/4658/1217 6883/4656/1216
f 6886/4657/1217 6888/4659/1218 6887/4660/1218 6885/4658/1217
f 6888/4659/1218 6890/4661/1219 6889/4662/1219 6887/4660/1218
f 6890/4661/1219 6892/4663/1220 6891/4664/1220 6889/4662/1219
f 6892/4663/1220 6894/4665/1221 6893/4666/1221 6891/4664/1220
f 6894/4665/1221 6896/4667/1222 6895/4668/1222 6893/4666/1221
f 6896/4667/1222 6898/4669/1223 6897/4670/1223 6895/4668/1222
f 6898/4669/1223 6900/4671/1224 6899/4672/1224 6897/4670/1223
f 6900/4671/1224 6902/4673/1225 6901/4674/1225 6899/4672/1224
f 6902/4673/1225 6904/4675/490 6903/4676/490 6901/4674/1225
f 6904/4675/490 6906/4677/1226 6905/4678/1226 6903/4676/490
f 6906/4677/1226 6908/4679/1227 6907/4680/1227 6905/4678/1226
f 6908/4679/1227 6910/4681/1228 6909/4682/1228 6907/4680/1227
f 6910/4681/1228 6912/4683/951 6911/4684/951 6909/4682/1228
f 6912/4683/951 6914/4685/1229 6913/4686/1229 6911/4684/951
f 6914/4685/1229 6916/4687/1230 6915/4688/1230 6913/4686/1229
f 6916/4687/1230 6918/4689/1231 6917/4690/1231 6915/4688/1230
f 6918/4689/1231 6920/4691/1232 6919/4692/1232 6917/4690/1231
f 6920/4691/1232 6922/4693/1233 6921/4694/1233 6919/4692/1232
f 6922/4693/1233 6924/4695/1234 6923/4696/1234 6921/4694/1233
f 6924/4695/1234 6926/4697/1235 6925/4698/1235 6923/4696/1234
f 6926/4697/1235 6928/4699/1236 6927/4700/1236 6925/4698/1235
f 6928/4699/1236 6930/4701/1237 6929/4702/1237 6927/4700/1236
f 6930/4701/1237 6932/4703/1238 6931/4704/1238 6929/4702/1237
f 6932/4703/1238 6934/4705/1239 6933/4706/1239 6931/4704/1238
f 6934/4705/1239 6936/4707/1240 6935/4708/1240 6933/4706/1239
f 6936/4707/1240 6938/4709/1241 6937/4710/1241 6935/4708/1240
f 6938/4709/1241 6940/4711/1242 6939/4712/1242 6937/4710/1241
f 6940/4711/1242 6942/4713/1243 6941/4714/1243 6939/4712/1242
f 6942/4713/1243 6944/4715/1244 6943/4716/1244 6941/4714/1243
f 6944/4715/1244 6946/4717/1245 6945/4718/1245 6943/4716/1244
f 6946/4717/1245 6948/4719/1246 6947/4720/1246 6945/4718/1245
f 6948/4719/1246 6950/4721/1247 6949/4722/1247 6947/4720/1246
f 6950/4721/1247 6952/4723/1248 6951/4724/1248 6949/4722/1247
f 6952/4723/1248 6954/4725/1249 6953/4726/1249 6951/4724/1248
f 6954/4725/1249 6956/4727/1250 6955/4728/1250 6953/4726/1249
f 6956/4727/1250 6958/2235/1251 6957/2236/1251 6955/4728/1250
f 6958/2235/1251 6960/4729/1252 6959/4730/1252 6957/2236/1251
f 6960/4729/1252 6962/4731/1253 6961/4732/1253 6959/4730/1252
f 6962/4731/1253 6964/4733/1254 6963/4734/1254 6961/4732/1253
f 6964/4733/1254 6966/4735/1255 6965/4736/1255 6963/4734/1254
f 6966/4735/1255 6968/4737/1256 6967/4738/1256 6965/4736/1255
f 6968/4737/1256 6970/4739/1257 6969/4740/1257 6967/4738/1256
f 6970/4739/1257 6972/4741/1258 6971/4742/1258 6969/4740/1257
f 6972/4741/1258 6974/4743/1259 6973/4744/1259 6971/4742/1258
f 6974/4743/1259 6976/4745/1260 6975/4746/1260 6973/4744/1259
f 6976/4745/1260 6978/4747/1261 6977/4748/1261 6975/4746/1260
f 6978/4747/1261 6980/4749/1262 6979/4750/1262 6977/4748/1261
f 6980/4749/1262 6982/4751/1263 6981/4752/1263 6979/4750/1262
f 6982/4751/1263 6984/4753/1264 6983/4754/1264 6981/4752/1263
f 6984/4753/1264 6986/4755/1265 6985/4756/1265 6983/4754/1264
f 6986/4755/1265 6988/4757/1266 6987/4758/1266 6985/4756/1265
f 6988/4757/1266 6990/4759/1267 6989/4760/1267 6987/4758/1266
f 6990/4759/1267 6992/4761/1268 6991/4762/1268 6989/4760/1267
f 6992/4761/1268 6994/4763/1269 6993/4764/1269 6991/4762/1268
f 6994/4763/1269 6996/4765/1270 6995/4766/1270 6993/4764/1269
f 6996/4765/1270 6998/4767/1271 6997/4768/1271 6995/4766/1270
f 6998/4767/1271 7000/4769/1272 6999/4770/1272 6997/4768/1271
f 7000/4769/1272 7002/4771/1273 7001/4772/1273 6999/4770/1272
f 7002/4771/1273 7004/4773/1274 7003/4774/1274 7001/4772/1273
f 7004/4773/1274 7006/4775/1275 7005/4776/1275 7003/4774/1274
f 7006/4775/1275 7008/4777/1276 7007/4778/1276 7005/4776/1275
f 7008/4777/1276 7010/4779/1277 7009/4780/1277 7007/4778/1276
f 7010/4779/1277 7012/4781/1278 7011/4782/1278 7009/4780/1277
f 7012/4781/1278 7014/4783/1279 7013/4784/1279 7011/4782/1278
f 7014/4783/1279 7016/4785/1280 7015/4786/1280 7013/4784/1279
f 7016/4785/1280 7018/4787/1281 7017/4788/1281 7015/4786/1280
f 7018/4787/1281 7020/4789/1282 7019/4790/1282 7017/4788/1281
f 7020/4789/1282 7022/4791/1283 7021/4792/1283 7019/4790/1282
f 7022/4791/1283 7024/4793/1284 7023/4794/1284 7021/4792/1283
f 7024/4793/1284 7026/4795/1055 7025/4796/1055 7023/4794/1284
f 7026/4795/1055 7028/4797/1285 7027/4798/1285 7025/4796/1055
f 7028/4797/1285 7030/4799/1286 7029/4800/1286 7027/4798/1285
f 7030/4799/1286 7032/4801/1287 7031/4802/1287 7029/4800/1286
f 7032/4801/1287 7034/4803/1288 7033/4804/1288 7031/4802/1287
f 7034/4803/1288 7036/4805/1289 7035/4806/1289 7033/4804/1288
f 7036/4805/1289 7038/4807/1290 7037/4808/1290 7035/4806/1289
f 7038/4807/1290 7040/2327/1044 7039/2328/1044 7037/4808/1290
f 7040/2327/1044 7042/4809/1291 7041/4810/1291 7039/2328/1044
f 7042/4809/1291 7044/4811/1292 7043/4812/1292 7041/4810/1291
f 7044/4811/1292 7046/4813/1293 7045/4814/1293 7043/4812/1292
f 7046/4813/1293 7048/4815/1294 7047/4816/1294 7045/4814/1293
f 7048/4815/1294 7050/4817/1295 7049/4818/1295 7047/4816/1294
f 7050/4817/1295 7052/4819/1296 7051/4820/1296 7049/4818/1295
f 7052/4819/1296 7054/4821/1297 7053/4822/1297 7051/4820/1296
f 7054/4821/1297 7056/4823/1298 7055/4824/1298 7053/4822/1297
f 7056/4823/1298 7058/4825/1299 7057/4826/1299 7055/4824/1298
f 7058/4825/1299 7060/4827/1300 7059/4828/1300 7057/4826/1299
f 7060/4827/1300 7062/4829/1301 7061/4830/1301 7059/4828/1300
f 7062/4829/1301 7064/4831/392 7063/4832/392 7061/4830/1301
f 7064/4831/392 7066/4833/1302 7065/4834/1302 7063/4832/392
f 7066/4833/1302 7068/4835/1303 7067/4836/1303 7065/4834/1302
f 7068/4835/1303 7070/4837/1304 7069/4838/1304 7067/4836/1303
f 7070/4837/1304 7072/4839/1305 7071/4840/1305 7069/4838/1304
f 7072/4839/1305 7074/4841/1306 7073/4842/1306 7071/4840/1305
f 7074/4841/1306 7076/4843/1307 7075/4844/1307 7073/4842/1306
f 7076/4843/1307 7078/4845/1308 7077/4846/1308 7075/4844/1307
f 7078/4845/1308 7080/4847/1309 7079/4848/1309 7077/4846/1308
f 7080/4847/1309 7082/4849/1310 7081/4850/1310 7079/4848/1309
f 7082/4849/1310 7084/4851/1311 7083/4852/1311 7081/4850/1310
f 7084/4851/1311 7086/4853/1312 7085/4854/1312 7083/4852/1311
f 7086/4853/1312 7088/4855/1313 7087/4856/1313 7085/4854/1312
f 7088/4855/1313 7090/4857/1314 7089/4858/1314 7087/4856/1313
f 7090/4857/1314 7092/4859/1315 7091/4860/1315 7089/4858/1314
f 7092/4859/1315 7094/4861/1316 7093/4862/1316 7091/4860/1315
f 7094/4861/1316 7096/4863/1317 7095/4864/1317 7093/4862/1316
f 7096/4863/1317 7098/4865/1318 7097/4866/1318 7095/4864/1317
f 7098/4865/1318 7100/4867/1319 7099/4868/1319 7097/4866/1318
f 7100/4867/1319 7102/4869/1320 7101/4870/1320 7099/4868/1319
f 7102/4869/1320 7104/4871/1304 7103/4872/1304 7101/4870/1320
f 7104/4871/1304 7106/4873/1321 7105/4874/1321 7103/4872/1304
f 7106/4873/1321 7108/4875/1322 7107/4876/1322 7105/4874/1321
f 7108/4875/1322 7110/4877/1323 7109/4878/1323 7107/4876/1322
f 7110/4877/1323 7112/4879/1324 7111/4880/1324 7109/4878/1323
f 7112/4879/1324 7114/4881/1325 7113/4882/1325 7111/4880/1324
f 7114/4881/1325 7116/4883/1326 7115/4884/1326 7113/4882/1325
f 7116/4883/1326 7118/4885/1180 7117/4886/1180 7115/4884/1326
f 7118/4885/1180 7120/4887/1327 7119/4888/1327 7117/4886/1180
f 7120/4887/1327 7122/2418/1328 7121/2419/1328 7119/4888/1327
f 7122/2418/1328 7124/4889/1065 7123/4890/1065 7121/2419/1328
f 7124/4889/1065 7126/4891/1329 7125/4892/1329 7123/4890/1065
f 7126/4891/1329 7128/4893/1330 7127/4894/1330 7125/4892/1329
f 7128/4893/1330 7130/4895/1331 7129/4896/1331 7127/4894/1330
f 7130/4895/1331 7132/4897/1332 7131/4898/1332 7129/4896/1331
f 7132/4897/1332 7134/4899/1333 7133/4900/1333 7131/4898/1332
f 7134/4899/1333 7136/4901/1334 7135/4902/1334 7133/4900/1333
f 7136/4901/1334 7138/4903/1335 7137/4904/1335 7135/4902/1334
f 7138/4903/1335 7140/4905/1336 7139/4906/1336 7137/4904/1335
f 7140/4905/1336 7142/4907/1337 7141/4908/1337 7139/4906/1336
f 7142/4907/1337 7144/4909/1338 7143/4910/1338 7141/4908/1337
f 7144/4909/1338 7146/4911/1339 7145/4912/1339 7143/4910/1338
f 7146/4911/1339 7148/4913/1340 7147/4914/1340 7145/4912/1339
f 7148/4913/1340 7150/4915/1341 7149/4916/1341 7147/4914/1340
f 7150/4915/1341 7152/4917/1342 7151/4918/1342 7149/4916/1341
f 7152/4917/1342 7154/4919/1343 7153/4920/1343 7151/4918/1342
f 7154/4919/1343 7156/4921/1344 7155/4922/1344 7153/4920/1343
f 7156/4921/1344 7158/4923/1345 7157/4924/1345 7155/4922/1344
f 7158/4923/1345 7160/4925/1346 7159/4926/1346 7157/4924/1345
f 7160/4925/1346 7162/4927/1347 7161/4928/1347 7159/4926/1346
f 7162/4927/1347 7164/4929/1348 7163/4930/1348 7161/4928/1347
f 7164/4929/1348 7166/4931/1349 7165/4932/1349 7163/4930/1348
f 7166/4931/1349 7168/4933/1350 7167/4934/1350 7165/4932/1349
f 7168/4933/1350 7170/4935/1351 7169/4936/1351 7167/4934/1350
f 7170/4935/1351 7172/4937/1352 7171/4938/1352 7169/4936/1351
f 7172/4937/1352 7174/4939/1353 7173/4940/1353 7171/4938/1352
f 7174/4939/1353 7176/4941/1354 7175/4942/1354 7173/4940/1353
f 7176/4941/1354 7178/4943/1355 7177/4944/1355 7175/4942/1354
f 7178/4943/1355 7180/4945/1356 7179/4946/1356 7177/4944/1355
f 7180/4945/1356 7182/4947/1357 7181/4948/1357 7179/4946/1356
f 7182/4947/1357 7184/4949/1358 7183/4950/1358 7181/4948/1357
f 7184/4949/1358 7186/4951/1359 7185/4952/1359 7183/4950/1358
f 7186/4951/1359 7188/4953/1360 7187/4954/1360 7185/4952/1359
f 7188/4953/1360 7190/4955/1361 7189/4956/1361 7187/4954/1360
f 7190/4955/1361 7192/4957/1362 7191/4958/1362 7189/4956/1361
f 7192/4957/1362 7194/4959/1363 7193/4960/1363 7191/4958/1362
f 7194/4959/1363 7196/4961/1364 7195/4962/1364 7193/4960/1363
f 7196/4961/1364 7198/4963/1365 7197/4964/1365 7195/4962/1364
f 7198/4963/1365 7200/4965/1366 7199/4966/1366 7197/4964/1365
f 7200/4965/1366 7202/4967/1367 7201/4968/1367 7199/4966/1366
f 7202/4967/1367 7204/2510/1368 7203/2511/1368 7201/4968/1367
f 7204/2510/1368 7206/4969/1369 7205/4970/1369 7203/2511/1368
f 7206/4969/1369 7208/4971/1370 7207/4972/1370 7205/4970/1369
f 7208/4971/1370 7210/4973/1371 7209/4974/1371 7207/4972/1370
f 7210/4973/1371 7212/4975/1372 7211/4976/1372 7209/4974/1371
f 7212/4975/1372 7214/4977/1373 7213/4978/1373 7211/4976/1372
f 7214/4977/1373 7216/4979/1374 7215/4980/1374 7213/4978/1373
f 7216/4979/1374 7218/4981/1375 7217/4982/1375 7215/4980/1374
f 7218/4981/1375 7220/4983/1376 7219/4984/1376 7217/4982/1375
f 7220/4983/1376 7222/4985/1377 7221/4986/1377 7219/4984/1376
f 7222/4985/1377 7224/4987/1378 7223/4988/1378 7221/4986/1377
f 7224/4987/1378 7226/4989/1379 7225/4990/1379 7223/4988/1378
f 7226/4989/1379 7228/4991/1380 7227/4992/1380 7225/4990/1379
f 7228/4991/1380 7230/4993/1381 7229/4994/1381 7227/4992/1380
f 7230/4993/1381 7232/4995/1382 7231/4996/1382 7229/4994/1381
f 7232/4995/1382 7234/4997/1383 7233/4998/1383 7231/4996/1382
f 7234/4997/1383 7236/4999/1384 7235/5000/1384 7233/4998/1383
f 7236/4999/1384 7238/5001/1385 7237/5002/1385 7235/5000/1384
f 7238/5001/1385 7240/5003/1386 7239/5004/1386 7237/5002/1385
f 7240/5003/1386 7242/5005/1387 7241/5006/1387 7239/5004/1386
f 7242/5005/1387 7244/5007/1388 7243/5008/1388 7241/5006/1387
f 7244/5007/1388 7246/5009/1389 7245/5010/1389 7243/5008/1388
f 7246/5009/1389 7248/5011/1390 7247/5012/1390 7245/5010/1389
f 7248/5011/1390 7250/5013/1391 7249/5014/1391 7247/5012/1390
f 7250/5013/1391 7252/5015/1392 7251/5016/1392 7249/5014/1391
f 7252/5015/1392 7254/5017/1393 7253/5018/1393 7251/5016/1392
f 7254/5017/1393 7256/5019/1394 7255/5020/1394 7253/5018/1393
f 7256/5019/1394 7258/5021/1395 7257/5022/1395 7255/5020/1394
f 7258/5021/1395 7260/5023/1396 7259/5024/1396 7257/5022/1395
f 7260/5023/1396 7262/5025/1397 7261/5026/1397 7259/5024/1396
f 7262/5025/1397 7264/5027/1398 7263/5028/1398 7261/5026/1397
f 7264/5027/1398 7266/5029/1399 7265/5030/1399 7263/5028/1398
f 7266/5029/1399 7268/5031/1400 7267/5032/1400 7265/5030/1399
f 7268/5031/1400 7270/5033/1401 7269/5034/1401 7267/5032/1400
f 7270/5033/1401 7272/5035/1402 7271/5036/1402 7269/5034/1401
f 7272/5035/1402 7274/5037/1403 7273/5038/1403 7271/5036/1402
f 7274/5037/1403 7276/5039/1404 7275/5040/1404 7273/5038/1403
f 7276/5039/1404 7278/5041/1405 7277/5042/1405 7275/5040/1404
f 7278/5041/1405 7280/5043/1406 7279/5044/1406 7277/5042/1405
f 7280/5043/1406 7282/5045/1407 7281/5046/1407 7279/5044/1406
f 7282/5045/1407 7284/5047/1408 7283/5048/1408 7281/5046/1407
f 7284/5047/1408 7286/2602/1409 7285/829/1409 7283/5048/1408
f 7286/2602/1409 7288/5049/1410 7287/5050/1410 7285/829/1409
f 7288/5049/1410 7290/5051/1411 7289/5052/1411 7287/5050/1410
f 7290/5051/1411 7292/5053/1412 7291/5054/1412 7289/5052/1411
f 7292/5053/1412 7294/5055/1413 7293/5056/1413 7291/5054/1412
f 7294/5055/1413 7296/5057/1414 7295/5058/1414 7293/5056/1413
f 7296/5057/1414 7298/5059/1415 7297/5060/1415 7295/5058/1414
f 7298/5059/1415 7300/5061/1416 7299/5062/1416 7297/5060/1415
f 7300/5061/1416 7302/5063/1417 7301/5064/1417 7299/5062/1416
f 7302/5063/1417 7304/5065/1418 7303/5066/1418 7301/5064/1417
f 7304/5065/1418 7306/5067/1419 7305/5068/1419 7303/5066/1418
f 7306/5067/1419 7308/5069/1420 7307/5070/1420 7305/5068/1419
f 7308/5069/1420 7310/5071/1421 7309/5072/1421 7307/5070/1420
f 7310/5071/1421 7312/5073/1422 7311/5074/1422 7309/5072/1421
f 7312/5073/1422 7314/5075/1423 7313/5076/1423 7311/5074/1422
f 7314/5075/1423 7316/5077/1424 7315/5078/1424 7313/5076/1423
f 7316/5077/1424 7318/5079/1425 7317/5080/1425 7315/5078/1424
f 7318/5079/1425 7320/5081/1426 7319/5082/1426 7317/5080/1425
f 7320/5081/1426 7322/5083/1427 7321/5084/1427 7319/5082/1426
f 7322/5083/1427 7324/5085/1428 7323/5086/1428 7321/5084/1427
f 7324/5085/1428 7326/5087/1429 7325/5088/1429 7323/5086/1428
f 7326/5087/1429 7328/5089/1430 7327/5090/1430 7325/5088/1429
f 7328/5089/1430 7330/5091/1431 7329/5092/1431 7327/5090/1430
f 7330/5091/1431 7332/5093/1432 7331/5094/1432 7329/5092/1431
f 7332/5093/1432 7334/5095/1433 7333/5096/1433 7331/5094/1432
f 7334/5095/1433 7336/5097/1434 7335/5098/1434 7333/5096/1433
f 7336/5097/1434 7338/5099/1435 7337/5100/1435 7335/5098/1434
f 7338/5099/1435 7340/5101/1436 7339/5102/1436 7337/5100/1435
f 7340/5101/1436 7342/5103/1437 7341/5104/1437 7339/5102/1436
f 7342/5103/1437 7344/5105/1438 7343/5106/1438 7341/5104/1437
f 7344/5105/1438 7346/5107/1439 7345/5108/1439 7343/5106/1438
f 7346/5107/1439 7348/5109/1440 7347/5110/1440 7345/5108/1439
f 7348/5109/1440 7350/5111/1441 7349/5112/1441 7347/5110/1440
f 7350/5111/1441 7352/5113/1442 7351/5114/1442 7349/5112/1441
f 7352/5113/1442 7354/5115/1443 7353/5116/1443 7351/5114/1442
f 7354/5115/1443 7356/5117/1444 7355/5118/1444 7353/5116/1443
f 7356/5117/1444 7358/5119/1445 7357/5120/1445 7355/5118/1444
f 7358/5119/1445 7360/5121/1446 7359/5122/1446 7357/5120/1445
f 7360/5121/1446 7362/5123/1447 7361/5124/1447 7359/5122/1446
f 7362/5123/1447 7364/5125/1448 7363/5126/1448 7361/5124/1447
f 7364/5125/1448 7366/5127/1449 7365/5128/1449 7363/5126/1448
f 7366/5127/1449 7368/2693/1450 7367/2694/1450 7365/5128/1449
f 7368/2693/1450 7370/5129/1451 7369/5130/1451 7367/2694/1450
f 7370/5129/1451 7372/5131/1452 7371/5132/1452 7369/5130/1451
f 7372/5131/1452 7374/5133/473 7373/5134/473 7371/5132/1452
f 7374/5133/473 7376/5135/1453 7375/5136/1453 7373/5134/473
f 7376/5135/1453 7378/5137/1454 7377/5138/1454 7375/5136/1453
f 7378/5137/1454 7380/5139/1455 7379/5140/1455 7377/5138/1454
f 7380/5139/1455 7382/5141/1456 7381/5142/1456 7379/5140/1455
f 7382/5141/1456 7384/5143/1457 7383/5144/1457 7381/5142/1456
f 7384/5143/1457 7386/5145/1458 7385/5146/1458 7383/5144/1457
f 7386/5145/1458 7388/5147/1459 7387/5148/1459 7385/5146/1458
f 7388/5147/1459 7390/5149/1460 7389/5150/1460 7387/5148/1459
f 7390/5149/1460 7392/5151/1461 7391/5152/1461 7389/5150/1460
f 7392/5151/1461 7394/5153/1462 7393/5154/1462 7391/5152/1461
f 7394/5153/1462 7396/5155/1463 7395/5156/1463 7393/5154/1462
f 7396/5155/1463 7398/5157/1464 7397/5158/1464 7395/5156/1463
f 7398/5157/1464 7400/5159/1465 7399/5160/1465 7397/5158/1464
f 7400/5159/1465 7402/5161/1466 7401/5162/1466 7399/5160/1465
f 7402/5161/1466 7404/5163/1467 7403/5164/1467 7401/5162/1466
f 7404/5163/1467 7406/5165/1468 7405/5166/1468 7403/5164/1467
f 7406/5165/1468 7408/5167/1469 7407/5168/1469 7405/5166/1468
f 7408/5167/1469 7410/5169/1470 7409/5170/1470 7407/5168/1469
f 7410/5169/1470 7412/5171/1471 7411/5172/1471 7409/5170/1470
f 7412/5171/1471 7414/5173/1472 7413/5174/1472 7411/5172/1471
f 7414/5173/1472 7416/5175/1473 7415/5176/1473 7413/5174/1472
f 7416/5175/1473 7418/5177/1474 7417/5178/1474 7415/5176/1473
f 7418/5177/1474 7420/5179/1475 7419/5180/1475 7417/5178/1474
f 7420/5179/1475 7422/5181/1476 7421/5182/1476 7419/5180/1475
f 7422/5181/1476 7424/5183/1477 7423/5184/1477 7421/5182/1476
f 7424/5183/1477 7426/5185/1478 7425/5186/1478 7423/5184/1477
f 7426/5185/1478 7428/5187/1479 7427/5188/1479 7425/5186/1478
f 7428/5187/1479 7430/5189/1480 7429/5190/1480 7427/5188/1479
f 7430/5189/1480 7432/5191/1481 7431/5192/1481 7429/5190/1480
f 7432/5191/1481 7434/5193/1482 7433/5194/1482 7431/5192/1481
f 7434/5193/1482 7436/5195/1483 7435/5196/1483 7433/5194/1482
f 7436/5195/1483 7438/5197/1484 7437/5198/1484 7435/5196/1483
f 7438/5197/1484 7440/5199/1485 7439/5200/1485 7437/5198/1484
f 7440/5199/1485 7442/5201/1486 7441/5202/1486 7439/5200/1485
f 7442/5201/1486 7444/5203/1487 7443/5204/1487 7441/5202/1486
f 7444/5203/1487 7446/5205/1488 7445/5206/1488 7443/5204/1487
f 7446/5205/1488 7448/5207/1489 7447/5208/1489 7445/5206/1488
f 7448/5207/1489 7450/2785/1490 7449/2786/1490 7447/5208/1489
f 7450/2785/1490 7452/5209/1491 7451/5210/1491 7449/2786/1490
f 7452/5209/1491 7454/5211/1492 7453/5212/1492 7451/5210/1491
f 7454/5211/1492 7456/5213/1493 7455/5214/1493 7453/5212/1492
f 7456/5213/1493 7458/5215/1494 7457/5216/1494 7455/5214/1493
f 7458/5215/1494 7460/5217/1495 7459/5218/1495 7457/5216/1494
f 7460/5217/1495 7462/5219/1496 7461/5220/1496 7459/5218/1495
f 7462/5219/1496 7464/5221/1497 7463/5222/1497 7461/5220/1496
f 7464/5221/1497 7466/5223/1498 7465/5224/1498 7463/5222/1497
f 7466/5223/1498 7468/5225/1499 7467/5226/1499 7465/5224/1498
f 7468/5225/1499 7470/5227/1500 7469/5228/1500 7467/5226/1499
f 7470/5227/1500 7472/5229/1501 7471/5230/1501 7469/5228/1500
f 7472/5229/1501 7474/5231/1502 7473/5232/1502 7471/5230/1501
f 7474/5231/1502 7476/5233/1503 7475/5234/1503 7473/5232/1502
f 7476/5233/1503 7478/5235/1504 7477/5236/1504 7475/5234/1503
f 7478/5235/1504 7480/5237/1505 7479/5238/1505 7477/5236/1504
f 7480/5237/1505 7482/5239/1506 7481/5240/1506 7479/5238/1505
f 7482/5239/1506 7484/5241/1507 7483/5242/1507 7481/5240/1506
f 7484/5241/1507 7486/5243/1508 7485/5244/1508 7483/5242/1507
f 7486/5243/1508 7488/5245/1509 7487/5246/1509 7485/5244/1508
f 7488/5245/1509 7490/5247/1510 7489/5248/1510 7487/5246/1509
f 7490/5247/1510 7492/5249/1511 7491/5250/1511 7489/5248/1510
f 7492/5249/1511 7494/5251/1512 7493/5252/1512 7491/5250/1511
f 7494/5251/1512 7496/5253/1513 7495/5254/1513 7493/5252/1512
f 7496/5253/1513 7498/5255/1514 7497/5256/1514 7495/5254/1513
f 7498/5255/1514 7500/5257/1515 7499/5258/1515 7497/5256/1514
f 7500/5257/1515 7502/5259/1516 7501/5260/1516 7499/5258/1515
f 7502/5259/1516 7504/5261/1517 7503/5262/1517 7501/5260/1516
f 7504/5261/1517 7506/5263/1518 7505/5264/1518 7503/5262/1517
f 7506/5263/1518 7508/5265/1519 7507/5266/1519 7505/5264/1518
f 7508/5265/1519 7510/5267/1520 7509/5268/1520 7507/5266/1519
f 7510/5267/1520 7512/5269/1521 7511/5270/1521 7509/5268/1520
f 7512/5269/1521 7514/5271/1522 7513/5272/1522 7511/5270/1521
f 7514/5271/1522 7516/5273/1523 7515/5274/1523 7513/5272/1522
f 7516/5273/1523 7518/5275/1524 7517/5276/1524 7515/5274/1523
f 7518/5275/1524 7520/5277/1525 7519/5278/1525 7517/5276/1524
f 7520/5277/1525 7522/5279/1526 7521/5280/1526 7519/5278/1525
f 7522/5279/1526 7524/5281/1527 7523/5282/1527 7521/5280/1526
f 7524/5281/1527 7526/5283/1528 7525/5284/1528 7523/5282/1527
f 7526/5283/1528 7528/5285/1529 7527/5286/1529 7525/5284/1528
f 7528/5285/1529 7530/5287/1530 7529/5288/1530 7527/5286/1529
f 7530/5287/1530 7532/2876/1531 7531/2877/1531 7529/5288/1530
f 7532/2876/1531 7534/5289/1532 7533/5290/1532 7531/2877/1531
f 7534/5289/1532 7536/5291/1533 7535/5292/1533 7533/5290/1532
f 7536/5291/1533 7538/5293/1534 7537/5294/1534 7535/5292/1533
f 7538/5293/1534 7540/5295/1535 7539/5296/1535 7537/5294/1534
f 7540/5295/1535 7542/5297/1536 7541/5298/1536 7539/5296/1535
f 7542/5297/1536 7544/5299/1537 7543/5300/1537 7541/5298/1536
f 7544/5299/1537 7546/5301/1538 7545/5302/1538 7543/5300/1537
f 7546/5301/1538 7548/5303/1539 7547/5304/1539 7545/5302/1538
f 7548/5303/1539 7550/5305/1540 7549/5306/1540 7547/5304/1539
f 7550/5305/1540 7552/5307/1541 7551/5308/1541 7549/5306/1540
f 7552/5307/1541 7554/5309/1542 7553/5310/1542 7551/5308/1541
f 7554/5309/1542 7556/5311/1543 7555/5312/1543 7553/5310/1542
f 7556/5311/1543 7558/5313/1544 7557/5314/1544 7555/5312/1543
f 7558/5313/1544 7560/5315/1545 7559/5316/1545 7557/5314/1544
f 7560/5315/1545 7562/5317/1546 7561/5318/1546 7559/5316/1545
f 7562/5317/1546 7564/5319/1547 7563/5320/1547 7561/5318/1546
f 7564/5319/1547 7566/5321/547 7565/5322/547 7563/5320/1547
f 7566/5321/547 7568/5323/1548 7567/5324/1548 7565/5322/547
f 7568/5323/1548 7570/5325/1549 7569/5326/1549 7567/5324/1548
f 7570/5325/1549 7572/5327/1550 7571/5328/1550 7569/5326/1549
f 7572/5327/1550 7574/5329/1551 7573/5330/1551 7571/5328/1550
f 7574/5329/1551 7576/5331/1552 7575/5332/1552 7573/5330/1551
f 7576/5331/1552 7578/5333/1553 7577/5334/1553 7575/5332/1552
f 7578/5333/1553 7580/5335/1554 7579/5336/1554 7577/5334/1553
f 7580/5335/1554 7582/5337/1555 7581/5338/1555 7579/5336/1554
f 7582/5337/1555 7584/5339/1556 7583/5340/1556 7581/5338/1555
f 7584/5339/1556 7586/5341/1557 7585/5342/1557 7583/5340/1556
f 7586/5341/1557 7588/5343/1558 7587/5344/1558 7585/5342/1557
f 7588/5343/1558 7590/5345/1292 7589/5346/1292 7587/5344/1558
f 7590/5345/1292 7592/5347/1559 7591/5348/1559 7589/5346/1292
f 7592/5347/1559 7594/5349/1560 7593/5350/1560 7591/5348/1559
f 7594/5349/1560 7596/5351/1561 7595/5352/1561 7593/5350/1560
f 7596/5351/1561 7598/5353/1562 7597/5354/1562 7595/5352/1561
f 7598/5353/1562 7600/5355/1563 7599/5356/1563 7597/5354/1562
f 7600/5355/1563 7602/5357/1564 7601/5358/1564 7599/5356/1563
f 7602/5357/1564 7604/5359/1565 7603/5360/1565 7601/5358/1564
f 7604/5359/1565 7606/5361/1566 7605/5362/1566 7603/5360/1565
f 7606/5361/1566 7608/5363/1567 7607/5364/1567 7605/5362/1566
f 7608/5363/1567 7610/5365/1568 7609/5366/1568 7607/5364/1567
f 7610/5365/1568 7612/5367/1569 7611/5368/1569 7609/5366/1568
f 7612/5367/1569 7614/2968/1570 7613/2969/1570 7611/5368/1569
f 7614/2968/1570 7616/5369/1571 7615/5370/1571 7613/2969/1570
f 7616/5369/1571 7618/5371/1572 7617/5372/1572 7615/5370/1571
f 7618/5371/1572 7620/5373/1573 7619/5374/1573 7617/5372/1572
f 7620/5373/1573 7622/5375/1574 7621/5376/1574 7619/5374/1573
f 7622/5375/1574 7624/5377/1575 7623/5378/1575 7621/5376/1574
f 7624/5377/1575 7626/5379/1576 7625/5380/1576 7623/5378/1575
f 7626/5379/1576 7628/5381/1577 7627/5382/1577 7625/5380/1576
f 7628/5381/1577 7630/5383/1578 7629/5384/1578 7627/5382/1577
f 7630/5383/1578 7632/5385/1579 7631/5386/1579 7629/5384/1578
f 7632/5385/1579 7634/5387/1580 7633/5388/1580 7631/5386/1579
f 7634/5387/1580 7636/5389/1581 7635/5390/1581 7633/5388/1580
f 7636/5389/1581 7638/5391/1582 7637/5392/1582 7635/5390/1581
f 7638/5391/1582 7640/5393/1583 7639/5394/1583 7637/5392/1582
f 7640/5393/1583 7642/5395/1584 7641/5396/1584 7639/5394/1583
f 7642/5395/1584 7644/5397/1585 7643/5398/1585 7641/5396/1584
f 7644/5397/1585 7646/5399/1586 7645/5400/1586 7643/5398/1585
f 7646/5399/1586 7648/5401/1587 7647/5402/1587 7645/5400/1586
f 7648/5401/1587 7650/5403/1588 7649/5404/1588 7647/5402/1587
f 7650/5403/1588 7652/5405/1589 7651/5406/1589 7649/5404/1588
f 7652/5405/1589 7654/5407/1590 7653/5408/1590 7651/5406/1589
f 7654/5407/1590 7656/5409/1591 7655/5410/1591 7653/5408/1590
f 7656/5409/1591 7658/5411/1592 7657/5412/1592 7655/5410/1591
f 7658/5411/1592 7660/5413/1593 7659/5414/1593 7657/5412/1592
f 7660/5413/1593 7662/5415/1594 7661/5416/1594 7659/5414/1593
f 7662/5415/1594 7664/5417/1595 7663/5418/1595 7661/5416/1594
f 7664/5417/1595 7666/5419/1596 7665/5420/1596 7663/5418/1595
f 7666/5419/1596 7668/5421/757 7667/5422/757 7665/5420/1596
f 7668/5421/757 7670/5423/1597 7669/5424/1597 7667/5422/757
f 7670/5423/1597 7672/5425/1598 7671/5426/1598 7669/5424/1597
f 7672/5425/1598 7674/5427/1599 7673/5428/1599 7671/5426/1598
f 7674/5427/1599 7676/5429/1600 7675/5430/1600 7673/5428/1599
f 7676/5429/1600 7678/5431/1601 7677/5432/1601 7675/5430/1600
f 7678/5431/1601 7680/5433/1602 7679/5434/1602 7677/5432/1601
f 7680/5433/1602 7682/5435/1603 7681/5436/1603 7679/5434/1602
f 7682/5435/1603 7684/5437/1604 7683/5438/1604 7681/5436/1603
f 7684/5437/1604 7686/5439/1605 7685/5440/1605 7683/5438/1604
f 7686/5439/1605 7688/5441/1606 7687/5442/1606 7685/5440/1605
f 7688/5441/1606 7690/5443/1607 7689/5444/1607 7687/5442/1606
f 7690/5443/1607 7692/5445/1367 7691/5446/1367 7689/5444/1607
f 7692/5445/1367 7694/5447/1608 7693/5448/1608 7691/5446/1367
f 7694/5447/1608 6876/3060/1212 6875/235/1212 7693/5448/1608
f 7696/2144/1609 7698/5449/1610 7697/5450/1610 7695/117/1609
f 7698/5449/1610 7700/5451/1611 7699/5452/1611 7697/5450/1610
f 7700/5451/1611 7702/5453/1612 7701/5454/1612 7699/5452/1611
f 7702/5453/1612 7704/5455/1613 7703/5456/1613 7701/5454/1612
f 7704/5455/1613 7706/5457/1614 7705/5458/1614 7703/5456/1613
f 7706/5457/1614 7708/5459/1615 7707/5460/1615 7705/5458/1614
f 7708/5459/1615 7710/5461/1616 7709/5462/1616 7707/5460/1615
f 7710/5461/1616 7712/5463/1617 7711/5464/1617 7709/5462/1616
f 7712/5463/1617 7714/5465/1618 7713/5466/1618 7711/5464/1617
f 7714/5465/1618 7716/5467/1619 7715/5468/1619 7713/5466/1618
f 7716/5467/1619 7718/5469/1620 7717/5470/1620 7715/5468/1619
f 7718/5469/1620 7720/5471/1621 7719/5472/1621 7717/5470/1620
f 7720/5471/1621 7722/5473/1622 7721/5474/1622 7719/5472/1621
f 7722/5473/1622 7724/5475/1623 7723/5476/1623 7721/5474/1622
f 7724/5475/1623 7726/5477/1624 7725/5478/1624 7723/5476/1623
f 7726/5477/1624 7728/5479/1625 7727/5480/1625 7725/5478/1624
f 7728/5479/1625 7730/5481/1626 7729/5482/1626 7727/5480/1625
f 7730/5481/1626 7732/5483/1627 7731/5484/1627 7729/5482/1626
f 7732/5483/1627 7734/5485/1628 7733/5486/1628 7731/5484/1627
f 7734/5485/1628 7736/5487/1629 7735/5488/1629 7733/5486/1628
f 7736/5487/1629 7738/5489/1630 7737/5490/1630 7735/5488/1629
f 7738/5489/1630 7740/5491/1631 7739/5492/1631 7737/5490/1630
f 7740/5491/1631 7742/5493/1632 7741/5494/1632 7739/5492/1631
f 7742/5493/1632 7744/5495/1633 7743/5496/1633 7741/5494/1632
f 7744/5495/1633 7746/5497/1634 7745/5498/1634 7743/5496/1633
f 7746/5497/1634 7748/5499/1635 7747/5500/1635 7745/5498/1634
f 7748/5499/1635 7750/5501/1636 7749/5502/1636 7747/5500/1635
f 7750/5501/1636 7752/5503/1637 7751/5504/1637 7749/5502/1636
f 7752/5503/1637 7754/5505/1638 7753/5506/1638 7751/5504/1637
f 7754/5505/1638 7756/5507/1639 7755/5508/1639 7753/5506/1638
f 7756/5507/1639 7758/5509/1640 7757/5510/1640 7755/5508/1639
f 7758/5509/1640 7760/5511/1641 7759/5512/1641 7757/5510/1640
f 7760/5511/1641 7762/5513/1642 7761/5514/1642 7759/5512/1641
f 7762/5513/1642 7764/5515/1643 7763/5516/1643 7761/5514/1642
f 7764/5515/1643 7766/5517/1644 7765/5518/1644 7763/5516/1643
f 7766/5517/1644 7768/5519/1645 7767/5520/1645 7765/5518/1644
f 7768/5519/1645 7770/5521/1646 7769/5522/1646 7767/5520/1645
f 7770/5521/1646 7772/5523/1647 7771/5524/1647 7769/5522/1646
f 7772/5523/1647 7774/5525/1648 7773/5526/1648 7771/5524/1647
f 7774/5525/1648 7776/5527/1649 7775/5528/1649 7773/5526/1648
f 7776/5527/1649 7778/5529/1650 7777/5530/1650 7775/5528/1649
f 7778/5529/1650 7780/5531/1651 7779/5532/1651 7777/5530/1650
f 7780/5531/1651 7782/5533/1652 7781/5534/1652 7779/5532/1651
f 7782/5533/1652 7784/5535/1653 7783/5536/1653 7781/5534/1652
f 7784/5535/1653 7786/5537/1654 7785/5538/1654 7783/5536/1653
f 7786/5537/1654 7788/5539/1655 7787/5540/1655 7785/5538/1654
f 7788/5539/1655 7790/5541/1656 7789/5542/1656 7787/5540/1655
f 7790/5541/1656 7792/5543/1657 7791/5544/1657 7789/5542/1656
f 7792/5543/1657 7794/5545/1658 7793/5546/1658 7791/5544/1657
f 7794/5545/1658 7796/5547/1659 7795/5548/1659 7793/5546/1658
f 7796/5547/1659 7798/5549/1660 7797/5550/1660 7795/5548/1659
f 7798/5549/1660 7800/5551/1661 7799/5552/1661 7797/5550/1660
f 7800/5551/1661 7802/5553/1662 7801/5554/1662 7799/5552/1661
f 7802/5553/1662 7804/5555/1663 7803/5556/1663 7801/5554/1662
f 7804/5555/1663 7806/5557/1664 7805/5558/1664 7803/5556/1663
f 7806/5557/1664 7808/5559/1665 7807/5560/1665 7805/5558/1664
f 7808/5559/1665 7810/5561/1666 7809/5562/1666 7807/5560/1665
f 7810/5561/1666 7812/5563/1667 7811/5564/1667 7809/5562/1666
f 7812/5563/1667 7814/5565/1668 7813/5566/1668 7811/5564/1667
f 7814/5565/1668 7816/5567/1669 7815/5568/1669 7813/5566/1668
f 7816/5567/1669 7818/5569/1670 7817/5570/1670 7815/5568/1669
f 7818/5569/1670 7820/5571/1671 7819/5572/1671 7817/5570/1670
f 7820/5571/1671 7822/5573/1672 7821/5574/1672 7819/5572/1671
f 7822/5573/1672 7824/5575/1673 7823/5576/1673 7821/5574/1672
f 7824/5575/1673 7826/5577/1674 7825/5578/1674 7823/5576/1673
f 7826/5577/1674 7828/5579/1675 7827/5580/1675 7825/5578/1674
f 7828/5579/1675 7830/5581/1676 7829/5582/1676 7827/5580/1675
f 7830/5581/1676 7832/5583/1677 7831/5584/1677 7829/5582/1676
f 7832/5583/1677 7834/5585/1678 7833/5586/1678 7831/5584/1677
f 7834/5585/1678 7836/5587/1679 7835/5588/1679 7833/5586/1678
f 7836/5587/1679 7838/5589/1680 7837/5590/1680 7835/5588/1679
f 7838/5589/1680 7840/5591/1681 7839/5592/1681 7837/5590/1680
f 7840/5591/1681 7696/3060/1609 7695/235/1609 7839/5592/1681
f 7842/2144/1682 7844/5593/1683 7843/5594/1683 7841/117/1682
f 7844/5593/1683 7846/3637/1684 7845/3638/1684 7843/5594/1683
f 7846/3637/1684 7848/5595/1685 7847/5596/1685 7845/3638/1684
f 7848/5595/1685 7850/3639/1686 7849/3640/1686 7847/5596/1685
f 7850/3639/1686 7852/5597/1687 7851/5598/1687 7849/3640/1686
f 7852/5597/1687 7854/3641/1688 7853/3642/1688 7851/5598/1687
f 7854/3641/1688 7856/5599/1689 7855/5600/1689 7853/3642/1688
f 7856/5599/1689 7858/3643/1690 7857/3644/1690 7855/5600/1689
f 7858/3643/1690 7860/5601/1691 7859/5602/1691 7857/3644/1690
f 7860/5601/1691 7862/3645/1238 7861/3646/1238 7859/5602/1691
f 7862/3645/1238 7864/5603/1237 7863/5604/1237 7861/3646/1238
f 7864/5603/1237 7866/3647/1692 7865/3648/1692 7863/5604/1237
f 7866/3647/1692 7868/5605/1693 7867/5606/1693 7865/3648/1692
f 7868/5605/1693 7870/3649/1694 7869/3650/1694 7867/5606/1693
f 7870/3649/1694 7872/5607/1695 7871/5608/1695 7869/3650/1694
f 7872/5607/1695 7874/3651/1696 7873/3652/1696 7871/5608/1695
f 7874/3651/1696 7876/5609/1697 7875/5610/1697 7873/3652/1696
f 7876/5609/1697 7878/3653/1698 7877/3654/1698 7875/5610/1697
f 7878/3653/1698 7880/5611/1699 7879/5612/1699 7877/3654/1698
f 7880/5611/1699 7882/3655/1700 7881/3656/1700 7879/5612/1699
f 7882/3655/1700 7884/5613/1701 7883/5614/1701 7881/3656/1700
f 7884/5613/1701 7886/3657/1702 7885/3658/1702 7883/5614/1701
f 7886/3657/1702 7888/5615/1703 7887/5616/1703 7885/3658/1702
f 7888/5615/1703 7890/3659/1704 7889/3660/1704 7887/5616/1703
f 7890/3659/1704 7892/5617/1705 7891/5618/1705 7889/3660/1704
f 7892/5617/1705 7894/3661/1706 7893/3662/1706 7891/5618/1705
f 7894/3661/1706 7896/5619/1707 7895/5620/1707 7893/3662/1706
f 7896/5619/1707 7898/3663/1708 7897/3664/1708 7895/5620/1707
f 7898/3663/1708 7900/5621/1709 7899/5622/1709 7897/3664/1708
f 7900/5621/1709 7902/3665/1710 7901/3666/1710 7899/5622/1709
f 7902/3665/1710 7904/5623/1711 7903/5624/1711 7901/3666/1710
f 7904/5623/1711 7906/3667/1712 7905/3668/1712 7903/5624/1711
f 7906/3667/1712 7908/5625/1713 7907/5626/1713 7905/3668/1712
f 7908/5625/1713 7910/3669/1714 7909/3670/1714 7907/5626/1713
f 7910/3669/1714 7912/5627/1715 7911/5628/1715 7909/3670/1714
f 7912/5627/1715 7914/3671/1716 7913/3672/1716 7911/5628/1715
f 7914/3671/1716 7916/5629/1717 7915/5630/1717 7913/3672/1716
f 7916/5629/1717 7918/3673/1718 7917/3674/1718 7915/5630/1717
f 7918/3673/1718 7920/5631/1719 7919/5632/1719 7917/3674/1718
f 7920/5631/1719 7922/3675/1720 7921/3676/1720 7919/5632/1719
f 7922/3675/1720 7924/5633/1721 7923/5634/1721 7921/3676/1720
f 7924/5633/1721 7926/3677/1722 7925/3678/1722 7923/5634/1721
f 7926/3677/1722 7928/5635/1723 7927/5636/1723 7925/3678/1722
f 7928/5635/1723 7930/3679/1724 7929/3680/1724 7927/5636/1723
f 7930/3679/1724 7932/5637/1725 7931/5638/1725 7929/3680/1724
f 7932/5637/1725 7934/3681/1726 7933/3682/1726 7931/5638/1725
f 7934/3681/1726 7936/5639/1727 7935/5640/1727 7933/3682/1726
f 7936/5639/1727 7938/2373/1728 7937/1180/1728 7935/5640/1727
f 7938/2373/1728 7940/5641/1729 7939/5642/1729 7937/1180/1728
f 7940/5641/1729 7942/3683/1730 7941/3684/1730 7939/5642/1729
f 7942/3683/1730 7944/5643/1731 7943/5644/1731 7941/3684/1730
f 7944/5643/1731 7946/3685/1732 7945/3686/1732 7943/5644/1731
f 7946/3685/1732 7948/5645/1733 7947/5646/1733 7945/3686/1732
f 7948/5645/1733 7950/3687/1734 7949/3688/1734 7947/5646/1733
f 7950/3687/1734 7952/5647/1735 7951/5648/1735 7949/3688/1734
f 7952/5647/1735 7954/3689/1736 7953/3690/1736 7951/5648/1735
f 7954/3689/1736 7956/5649/1737 7955/5650/1737 7953/3690/1736
f 7956/5649/1737 7958/3691/1738 7957/3692/1738 7955/5650/1737
f 7958/3691/1738 7960/5651/1739 7959/5652/1739 7957/3692/1738
f 7960/5651/1739 7962/3693/1740 7961/3694/1740 7959/5652/1739
f 7962/3693/1740 7964/5653/1741 7963/5654/1741 7961/3694/1740
f 7964/5653/1741 7966/3695/1742 7965/3696/1742 7963/5654/1741
f 7966/3695/1742 7968/5655/1743 7967/5656/1743 7965/3696/1742
f 7968/5655/1743 7970/3697/1744 7969/3698/1744 7967/5656/1743
f 7970/3697/1744 7972/5657/1745 7971/5658/1745 7969/3698/1744
f 7972/5657/1745 7974/3699/1746 7973/3700/1746 7971/5658/1745
f 7974/3699/1746 7976/5659/1747 7975/5660/1747 7973/3700/1746
f 7976/5659/1747 7978/3701/1748 7977/3702/1748 7975/5660/1747
f 7978/3701/1748 7980/5661/1749 7979/5662/1749 7977/3702/1748
f 7980/5661/1749 7982/3703/1750 7981/3704/1750 7979/5662/1749
f 7982/3703/1750 7984/5663/1751 7983/5664/1751 7981/3704/1750
f 7984/5663/1751 7986/3705/1752 7985/3706/1752 7983/5664/1751
f 7986/3705/1752 7988/5665/1753 7987/5666/1753 7985/3706/1752
f 7988/5665/1753 7990/3707/1754 7989/3708/1754 7987/5666/1753
f 7990/3707/1754 7992/5667/1755 7991/5668/1755 7989/3708/1754
f 7992/5667/1755 7994/3709/1756 7993/3710/1756 7991/5668/1755
f 7994/3709/1756 7996/5669/1757 7995/5670/1757 7993/3710/1756
f 7996/5669/1757 7998/3711/1758 7997/3712/1758 7995/5670/1757
f 7998/3711/1758 8000/5671/1759 7999/5672/1759 7997/3712/1758
f 8000/5671/1759 8002/3713/1760 8001/3714/1760 7999/5672/1759
f 8002/3713/1760 8004/5673/1761 8003/5674/1761 8001/3714/1760
f 8004/5673/1761 8006/3715/1762 8005/3716/1762 8003/5674/1761
f 8006/3715/1762 8008/5675/461 8007/5676/461 8005/3716/1762
f 8008/5675/461 8010/3717/1763 8009/3718/1763 8007/5676/461
f 8010/3717/1763 8012/5677/1764 8011/5678/1764 8009/3718/1763
f 8012/5677/1764 8014/3719/1765 8013/3720/1765 8011/5678/1764
f 8014/3719/1765 8016/5679/1766 8015/5680/1766 8013/3720/1765
f 8016/5679/1766 8018/3721/1767 8017/3722/1767 8015/5680/1766
f 8018/3721/1767 8020/5681/1768 8019/5682/1768 8017/3722/1767
f 8020/5681/1768 8022/3723/1769 8021/3724/1769 8019/5682/1768
f 8022/3723/1769 8024/5683/1770 8023/5684/1770 8021/3724/1769
f 8024/5683/1770 8026/3725/1771 8025/3726/1771 8023/5684/1770
f 8026/3725/1771 8028/5685/1772 8027/5686/1772 8025/3726/1771
f 8028/5685/1772 8030/3727/1773 8029/3728/1773 8027/5686/1772
f 8030/3727/1773 8032/5687/1774 8031/5688/1774 8029/3728/1773
f 8032/5687/1774 8034/2602/1775 8033/829/1775 8031/5688/1774
f 8034/2602/1775 8036/5689/1776 8035/5690/1776 8033/829/1775
f 8036/5689/1776 8038/3729/1777 8037/3730/1777 8035/5690/1776
f 8038/3729/1777 8040/5691/1778 8039/5692/1778 8037/3730/1777
f 8040/5691/1778 8042/3731/1779 8041/3732/1779 8039/5692/1778
f 8042/3731/1779 8044/5693/1780 8043/5694/1780 8041/3732/1779
f 8044/5693/1780 8046/3733/934 8045/3734/934 8043/5694/1780
f 8046/3733/934 8048/5695/1781 8047/5696/1781 8045/3734/934
f 8048/5695/1781 8050/3735/1782 8049/3736/1782 8047/5696/1781
f 8050/3735/1782 8052/5697/1783 8051/5698/1783 8049/3736/1782
f 8052/5697/1783 8054/3737/1784 8053/3738/1784 8051/5698/1783
f 8054/3737/1784 8056/5699/1516 8055/5700/1516 8053/3738/1784
f 8056/5699/1516 8058/3739/1785 8057/3740/1785 8055/5700/1516
f 8058/3739/1785 8060/5701/1786 8059/5702/1786 8057/3740/1785
f 8060/5701/1786 8062/3741/1787 8061/3742/1787 8059/5702/1786
f 8062/3741/1787 8064/5703/1788 8063/5704/1788 8061/3742/1787
f 8064/5703/1788 8066/3743/1789 8065/3744/1789 8063/5704/1788
f 8066/3743/1789 8068/5705/1790 8067/5706/1790 8065/3744/1789
f 8068/5705/1790 8070/3745/1791 8069/3746/1791 8067/5706/1790
f 8070/3745/1791 8072/5707/1792 8071/5708/1792 8069/3746/1791
f 8072/5707/1792 8074/3747/1793 8073/3748/1793 8071/5708/1792
f 8074/3747/1793 8076/5709/1794 8075/5710/1794 8073/3748/1793
f 8076/5709/1794 8078/3749/1795 8077/3750/1795 8075/5710/1794
f 8078/3749/1795 8080/5711/1796 8079/5712/1796 8077/3750/1795
f 8080/5711/1796 8082/3751/1797 8081/3752/1797 8079/5712/1796
f 8082/3751/1797 8084/5713/1798 8083/5714/1798 8081/3752/1797
f 8084/5713/1798 8086/3753/1799 8085/3754/1799 8083/5714/1798
f 8086/3753/1799 8088/5715/1800 8087/5716/1800 8085/3754/1799
f 8088/5715/1800 8090/3755/1801 8089/3756/1801 8087/5716/1800
f 8090/3755/1801 8092/5717/1802 8091/5718/1802 8089/3756/1801
f 8092/5717/1802 8094/3757/1803 8093/3758/1803 8091/5718/1802
f 8094/3757/1803 8096/5719/1804 8095/5720/1804 8093/3758/1803
f 8096/5719/1804 8098/3759/1805 8097/3760/1805 8095/5720/1804
f 8098/3759/1805 8100/5721/1806 8099/5722/1806 8097/3760/1805
f 8100/5721/1806 8102/3761/1807 8101/3762/1807 8099/5722/1806
f 8102/3761/1807 8104/5723/1808 8103/5724/1808 8101/3762/1807
f 8104/5723/1808 8106/3763/1809 8105/3764/1809 8103/5724/1808
f 8106/3763/1809 8108/5725/1810 8107/5726/1810 8105/3764/1809
f 8108/5725/1810 8110/3765/1811 8109/3766/1811 8107/5726/1810
f 8110/3765/1811 8112/5727/552 8111/5728/552 8109/3766/1811
f 8112/5727/552 8114/3767/1812 8113/3768/1812 8111/5728/552
f 8114/3767/1812 8116/5729/1813 8115/5730/1813 8113/3768/1812
f 8116/5729/1813 8118/3769/1814 8117/3770/1814 8115/5730/1813
f 8118/3769/1814 8120/5731/1815 8119/5732/1815 8117/3770/1814
f 8120/5731/1815 8122/3771/1816 8121/3772/1816 8119/5732/1815
f 8122/3771/1816 8124/5733/1817 8123/5734/1817 8121/3772/1816
f 8124/5733/1817 8126/3773/1818 8125/3774/1818 8123/5734/1817
f 8126/3773/1818 8128/5735/1819 8127/5736/1819 8125/3774/1818
f 8128/5735/1819 8130/2831/1820 8129/1114/1820 8127/5736/1819
f 8130/2831/1820 8132/5737/1821 8131/5738/1821 8129/1114/1820
f 8132/5737/1821 8134/3775/1822 8133/3776/1822 8131/5738/1821
f 8134/3775/1822 8136/5739/1823 8135/5740/1823 8133/3776/1822
f 8136/5739/1823 8138/3777/1143 8137/3778/1143 8135/5740/1823
f 8138/3777/1143 8140/5741/1824 8139/5742/1824 8137/3778/1143
f 8140/5741/1824 8142/3779/1825 8141/3780/1825 8139/5742/1824
f 8142/3779/1825 8144/5743/1826 8143/5744/1826 8141/3780/1825
f 8144/5743/1826 8146/3781/693 8145/3782/693 8143/5744/1826
f 8146/3781/693 8148/5745/1827 8147/5746/1827 8145/3782/693
f 8148/5745/1827 8150/3783/1828 8149/3784/1828 8147/5746/1827
f 8150/3783/1828 8152/5747/1829 8151/5748/1829 8149/3784/1828
f 8152/5747/1829 8154/3785/1830 8153/3786/1830 8151/5748/1829
f 8154/3785/1830 8156/5749/1831 8155/5750/1831 8153/3786/1830
f 8156/5749/1831 8158/3787/1832 8157/3788/1832 8155/5750/1831
f 8158/3787/1832 8160/5751/1833 8159/5752/1833 8157/3788/1832
f 8160/5751/1833 8162/3789/1834 8161/3790/1834 8159/5752/1833
f 8162/3789/1834 8164/5753/1835 8163/5754/1835 8161/3790/1834
f 8164/5753/1835 8166/3791/1836 8165/3792/1836 8163/5754/1835
f 8166/3791/1836 8168/5755/1837 8167/5756/1837 8165/3792/1836
f 8168/5755/1837 8170/3793/1838 8169/3794/1838 8167/5756/1837
f 8170/3793/1838 8172/5757/1839 8171/5758/1839 8169/3794/1838
f 8172/5757/1839 8174/3795/1840 8173/3796/1840 8171/5758/1839
f 8174/3795/1840 8176/5759/1841 8175/5760/1841 8173/3796/1840
f 8176/5759/1841 8178/3797/1842 8177/3798/1842 8175/5760/1841
f 8178/3797/1842 8180/5761/1843 8179/5762/1843 8177/3798/1842
f 8180/5761/1843 8182/3799/1844 8181/3800/1844 8179/5762/1843
f 8182/3799/1844 8184/5763/1845 8183/5764/1845 8181/3800/1844
f 8184/5763/1845 8186/3801/1846 8185/3802/1846 8183/5764/1845
f 8186/3801/1846 8188/5765/1847 8187/5766/1847 8185/3802/1846
f 8188/5765/1847 8190/3803/1848 8189/3804/1848 8187/5766/1847
f 8190/3803/1848 8192/5767/1849 8191/5768/1849 8189/3804/1848
f 8192/5767/1849 8194/3805/1850 8193/3806/1850 8191/5768/1849
f 8194/3805/1850 8196/5769/1851 8195/5770/1851 8193/3806/1850
f 8196/5769/1851 8198/3807/1852 8197/3808/1852 8195/5770/1851
f 8198/3807/1852 8200/5771/1853 8199/5772/1853 8197/3808/1852
f 8200/5771/1853 8202/3809/1854 8201/3810/1854 8199/5772/1853
f 8202/3809/1854 8204/5773/1855 8203/5774/1855 8201/3810/1854
f 8204/5773/1855 8206/3811/1856 8205/3812/1856 8203/5774/1855
f 8206/3811/1856 8208/5775/1857 8207/5776/1857 8205/3812/1856
f 8208/5775/1857 8210/3813/1858 8209/3814/1858 8207/5776/1857
f 8210/3813/1858 8212/5777/1859 8211/5778/1859 8209/3814/1858
f 8212/5777/1859 8214/3815/1860 8213/3816/1860 8211/5778/1859
f 8214/3815/1860 8216/5779/1861 8215/5780/1861 8213/3816/1860
f 8216/5779/1861 8218/3817/1862 8217/3818/1862 8215/5780/1861
f 8218/3817/1862 8220/5781/1863 8219/5782/1863 8217/3818/1862
f 8220/5781/1863 8222/3819/1864 8221/3820/1864 8219/5782/1863
f 8222/3819/1864 8224/5783/1865 8223/5784/1865 8221/3820/1864
f 8224/5783/1865 7842/3060/1682 7841/235/1682 8223/5784/1865
f 8226/2144/1866 8228/5593/1867 8227/5594/1867 8225/117/1866
f 8228/5593/1867 8230/3637/1868 8229/3638/1868 8227/5594/1867
f 8230/3637/1868 8232/5595/1869 8231/5596/1869 8229/3638/1868
f 8232/5595/1869 8234/3639/1870 8233/3640/1870 8231/5596/1869
f 8234/3639/1870 8236/5597/1871 8235/5598/1871 8233/3640/1870
f 8236/5597/1871 8238/3641/1872 8237/3642/1872 8235/5598/1871
f 8238/3641/1872 8240/5599/1873 8239/5600/1873 8237/3642/1872
f 8240/5599/1873 8242/3643/1874 8241/3644/1874 8239/5600/1873
f 8242/3643/1874 8244/5601/1875 8243/5602/1875 8241/3644/1874
f 8244/5601/1875 8246/3645/1876 8245/3646/1876 8243/5602/1875
f 8246/3645/1876 8248/5603/1877 8247/5604/1877 8245/3646/1876
f 8248/5603/1877 8250/3647/1517 8249/3648/1517 8247/5604/1877
f 8250/3647/1517 8252/5605/1878 8251/5606/1878 8249/3648/1517
f 8252/5605/1878 8254/3649/1879 8253/3650/1879 8251/5606/1878
f 8254/3649/1879 8256/5607/1880 8255/5608/1880 8253/3650/1879
f 8256/5607/1880 8258/3651/1881 8257/3652/1881 8255/5608/1880
f 8258/3651/1881 8260/5609/1882 8259/5610/1882 8257/3652/1881
f 8260/5609/1882 8262/3653/1883 8261/3654/1883 8259/5610/1882
f 8262/3653/1883 8264/5611/1884 8263/5612/1884 8261/3654/1883
f 8264/5611/1884 8266/3655/1885 8265/3656/1885 8263/5612/1884
f 8266/3655/1885 8268/5613/1886 8267/5614/1886 8265/3656/1885
f 8268/5613/1886 8270/3657/1887 8269/3658/1887 8267/5614/1886
f 8270/3657/1887 8272/5615/1888 8271/5616/1888 8269/3658/1887
f 8272/5615/1888 8274/3659/1889 8273/3660/1889 8271/5616/1888
f 8274/3659/1889 8276/5617/1890 8275/5618/1890 8273/3660/1889
f 8276/5617/1890 8278/3661/1891 8277/3662/1891 8275/5618/1890
f 8278/3661/1891 8280/5619/1892 8279/5620/1892 8277/3662/1891
f 8280/5619/1892 8282/3663/1893 8281/3664/1893 8279/5620/1892
f 8282/3663/1893 8284/5621/1894 8283/5622/1894 8281/3664/1893
f 8284/5621/1894 8286/3665/1895 8285/3666/1895 8283/5622/1894
f 8286/3665/1895 8288/5623/1896 8287/5624/1896 8285/3666/1895
f 8288/5623/1896 8290/3667/1897 8289/3668/1897 8287/5624/1896
f 8290/3667/1897 8292/5625/1898 8291/5626/1898 8289/3668/1897
f 8292/5625/1898 8294/3669/1899 8293/3670/1899 8291/5626/1898
f 8294/3669/1899 8296/5627/1900 8295/5628/1900 8293/3670/1899
f 8296/5627/1900 8298/3671/1901 8297/3672/1901 8295/5628/1900
f 8298/3671/1901 8300/5629/1902 8299/5630/1902 8297/3672/1901
f 8300/5629/1902 8302/3673/1903 8301/3674/1903 8299/5630/1902
f 8302/3673/1903 8304/5631/1904 8303/5632/1904 8301/3674/1903
f 8304/5631/1904 8306/3675/1905 8305/3676/1905 8303/5632/1904
f 8306/3675/1905 8308/5633/1906 8307/5634/1906 8305/3676/1905
f 8308/5633/1906 8310/3677/1907 8309/3678/1907 8307/5634/1906
f 8310/3677/1907 8312/5635/1908 8311/5636/1908 8309/3678/1907
f 8312/5635/1908 8314/3679/1909 8313/3680/1909 8311/5636/1908
f 8314/3679/1909 8316/5637/919 8315/5638/919 8313/3680/1909
f 8316/5637/919 8318/3681/1910 8317/3682/1910 8315/5638/919
f 8318/3681/1910 8320/5639/1911 8319/5640/1911 8317/3682/1910
f 8320/5639/1911 8322/2373/1912 8321/1180/1912 8319/5640/1911
f 8322/2373/1912 8324/5641/1913 8323/5642/1913 8321/1180/1912
f 8324/5641/1913 8326/3683/1914 8325/3684/1914 8323/5642/1913
f 8326/3683/1914 8328/5643/1915 8327/5644/1915 8325/3684/1914
f 8328/5643/1915 8330/3685/1916 8329/3686/1916 8327/5644/1915
f 8330/3685/1916 8332/5645/1917 8331/5646/1917 8329/3686/1916
f 8332/5645/1917 8334/3687/1918 8333/3688/1918 8331/5646/1917
f 8334/3687/1918 8336/5647/1919 8335/5648/1919 8333/3688/1918
f 8336/5647/1919 8338/3689/1920 8337/3690/1920 8335/5648/1919
f 8338/3689/1920 8340/5649/1921 8339/5650/1921 8337/3690/1920
f 8340/5649/1921 8342/3691/1922 8341/3692/1922 8339/5650/1921
f 8342/3691/1922 8344/5651/1923 8343/5652/1923 8341/3692/1922
f 8344/5651/1923 8346/3693/607 8345/3694/607 8343/5652/1923
f 8346/3693/607 8348/5653/1924 8347/5654/1924 8345/3694/607
f 8348/5653/1924 8350/3695/1925 8349/3696/1925 8347/5654/1924
f 8350/3695/1925 8352/5655/1926 8351/5656/1926 8349/3696/1925
f 8352/5655/1926 8354/3697/1927 8353/3698/1927 8351/5656/1926
f 8354/3697/1927 8356/5657/1928 8355/5658/1928 8353/3698/1927
f 8356/5657/1928 8358/3699/1929 8357/3700/1929 8355/5658/1928
f 8358/3699/1929 8360/5659/94 8359/5660/94 8357/3700/1929
f 8360/5659/94 8362/3701/1930 8361/3702/1930 8359/5660/94
f 8362/3701/1930 8364/5661/1931 8363/5662/1931 8361/3702/1930
f 8364/5661/1931 8366/3703/1932 8365/3704/1932 8363/5662/1931
f 8366/3703/1932 8368/5663/1933 8367/5664/1933 8365/3704/1932
f 8368/5663/1933 8370/3705/1934 8369/3706/1934 8367/5664/1933
f 8370/3705/1934 8372/5665/1935 8371/5666/1935 8369/3706/1934
f 8372/5665/1935 8374/3707/1936 8373/3708/1936 8371/5666/1935
f 8374/3707/1936 8376/5667/1937 8375/5668/1937 8373/3708/1936
f 8376/5667/1937 8378/3709/1938 8377/3710/1938 8375/5668/1937
f 8378/3709/1938 8380/5669/1939 8379/5670/1939 8377/3710/1938
f 8380/5669/1939 8382/3711/1940 8381/3712/1940 8379/5670/1939
f 8382/3711/1940 8384/5671/1941 8383/5672/1941 8381/3712/1940
f 8384/5671/1941 8386/3713/1942 8385/3714/1942 8383/5672/1941
f 8386/3713/1942 8388/5673/1943 8387/5674/1943 8385/3714/1942
f 8388/5673/1943 8390/3715/1944 8389/3716/1944 8387/5674/1943
f 8390/3715/1944 8392/5675/1945 8391/5676/1945 8389/3716/1944
f 8392/5675/1945 8394/3717/1946 8393/3718/1946 8391/5676/1945
f 8394/3717/1946 8396/5677/1947 8395/5678/1947 8393/3718/1946
f 8396/5677/1947 8398/3719/1948 8397/3720/1948 8395/5678/1947
f 8398/3719/1948 8400/5679/1949 8399/5680/1949 8397/3720/1948
f 8400/5679/1949 8402/3721/1950 8401/3722/1950 8399/5680/1949
f 8402/3721/1950 8404/5681/1951 8403/5682/1951 8401/3722/1950
f 8404/5681/1951 8406/3723/1952 8405/3724/1952 8403/5682/1951
f 8406/3723/1952 8408/5683/1953 8407/5684/1953 8405/3724/1952
f 8408/5683/1953 8410/3725/1954 8409/3726/1954 8407/5684/1953
f 8410/3725/1954 8412/5685/1955 8411/5686/1955 8409/3726/1954
f 8412/5685/1955 8414/3727/1956 8413/3728/1956 8411/5686/1955
f 8414/3727/1956 8416/5687/1957 8415/5688/1957 8413/3728/1956
f 8416/5687/1957 8418/2602/1958 8417/829/1958 8415/5688/1957
f 8418/2602/1958 8420/5689/1959 8419/5690/1959 8417/829/1958
f 8420/5689/1959 8422/3729/1960 8421/3730/1960 8419/5690/1959
f 8422/3729/1960 8424/5691/1961 8423/5692/1961 8421/3730/1960
f 8424/5691/1961 8426/3731/1962 8425/3732/1962 8423/5692/1961
f 8426/3731/1962 8428/5693/1963 8427/5694/1963 8425/3732/1962
f 8428/5693/1963 8430/3733/1964 8429/3734/1964 8427/5694/1963
f 8430/3733/1964 8432/5695/1965 8431/5696/1965 8429/3734/1964
f 8432/5695/1965 8434/3735/1966 8433/3736/1966 8431/5696/1965
f 8434/3735/1966 8436/5697/1384 8435/5698/1384 8433/3736/1966
f 8436/5697/1384 8438/3737/1967 8437/3738/1967 8435/5698/1384
f 8438/3737/1967 8440/5699/1968 8439/5700/1968 8437/3738/1967
f 8440/5699/1968 8442/3739/1692 8441/3740/1692 8439/5700/1968
f 8442/3739/1692 8444/5701/1969 8443/5702/1969 8441/3740/1692
f 8444/5701/1969 8446/3741/1970 8445/3742/1970 8443/5702/1969
f 8446/3741/1970 8448/5703/1971 8447/5704/1971 8445/3742/1970
f 8448/5703/1971 8450/3743/1972 8449/3744/1972 8447/5704/1971
f 8450/3743/1972 8452/5705/1973 8451/5706/1973 8449/3744/1972
f 8452/5705/1973 8454/3745/1974 8453/3746/1974 8451/5706/1973
f 8454/3745/1974 8456/5707/1975 8455/5708/1975 8453/3746/1974
f 8456/5707/1975 8458/3747/1976 8457/3748/1976 8455/5708/1975
f 8458/3747/1976 8460/5709/1977 8459/5710/1977 8457/3748/1976
f 8460/5709/1977 8462/3749/749 8461/3750/749 8459/5710/1977
f 8462/3749/749 8464/5711/1978 8463/5712/1978 8461/3750/749
f 8464/5711/1978 8466/3751/1979 8465/3752/1979 8463/5712/1978
f 8466/3751/1979 8468/5713/1980 8467/5714/1980 8465/3752/1979
f 8468/5713/1980 8470/3753/1981 8469/3754/1981 8467/5714/1980
f 8470/3753/1981 8472/5715/1982 8471/5716/1982 8469/3754/1981
f 8472/5715/1982 8474/3755/1983 8473/3756/1983 8471/5716/1982
f 8474/3755/1983 8476/5717/1984 8475/5718/1984 8473/3756/1983
f 8476/5717/1984 8478/3757/1985 8477/3758/1985 8475/5718/1984
f 8478/3757/1985 8480/5719/1986 8479/5720/1986 8477/3758/1985
f 8480/5719/1986 8482/3759/1987 8481/3760/1987 8479/5720/1986
f 8482/3759/1987 8484/5721/1988 8483/5722/1988 8481/3760/1987
f 8484/5721/1988 8486/3761/1989 8485/3762/1989 8483/5722/1988
f 8486/3761/1989 8488/5723/1112 8487/5724/1112 8485/3762/1989
f 8488/5723/1112 8490/3763/1990 8489/3764/1990 8487/5724/1112
f 8490/3763/1990 8492/5725/1991 8491/5726/1991 8489/3764/1990
f 8492/5725/1991 8494/3765/1992 8493/3766/1992 8491/5726/1991
f 8494/3765/1992 8496/5727/1993 8495/5728/1993 8493/3766/1992
f 8496/5727/1993 8498/3767/1994 8497/3768/1994 8495/5728/1993
f 8498/3767/1994 8500/5729/1995 8499/5730/1995 8497/3768/1994
f 8500/5729/1995 8502/3769/1996 8501/3770/1996 8499/5730/1995
f 8502/3769/1996 8504/5731/1997 8503/5732/1997 8501/3770/1996
f 8504/5731/1997 8506/3771/1998 8505/3772/1998 8503/5732/1997
f 8506/3771/1998 8508/5733/1999 8507/5734/1999 8505/3772/1998
f 8508/5733/1999 8510/3773/2000 8509/3774/2000 8507/5734/1999
f 8510/3773/2000 8512/5735/2001 8511/5736/2001 8509/3774/2000
f 8512/5735/2001 8514/2831/2002 8513/1114/2002 8511/5736/2001
f 8514/2831/2002 8516/5737/2003 8515/5738/2003 8513/1114/2002
f 8516/5737/2003 8518/3775/2004 8517/3776/2004 8515/5738/2003
f 8518/3775/2004 8520/5739/2005 8519/5740/2005 8517/3776/2004
f 8520/5739/2005 8522/3777/2006 8521/3778/2006 8519/5740/2005
f 8522/3777/2006 8524/5741/2007 8523/5742/2007 8521/3778/2006
f 8524/5741/2007 8526/3779/2008 8525/3780/2008 8523/5742/2007
f 8526/3779/2008 8528/5743/2009 8527/5744/2009 8525/3780/2008
f 8528/5743/2009 8530/3781/2010 8529/3782/2010 8527/5744/2009
f 8530/3781/2010 8532/5745/2011 8531/5746/2011 8529/3782/2010
f 8532/5745/2011 8534/3783/2012 8533/3784/2012 8531/5746/2011
f 8534/3783/2012 8536/5747/2013 8535/5748/2013 8533/3784/2012
f 8536/5747/2013 8538/3785/534 8537/3786/534 8535/5748/2013
f 8538/3785/534 8540/5749/2014 8539/5750/2014 8537/3786/534
f 8540/5749/2014 8542/3787/2015 8541/3788/2015 8539/5750/2014
f 8542/3787/2015 8544/5751/2016 8543/5752/2016 8541/3788/2015
f 8544/5751/2016 8546/3789/2017 8545/3790/2017 8543/5752/2016
f 8546/3789/2017 8548/5753/2018 8547/5754/2018 8545/3790/2017
f 8548/5753/2018 8550/3791/2019 8549/3792/2019 8547/5754/2018
f 8550/3791/2019 8552/5755/2020 8551/5756/2020 8549/3792/2019
f 8552/5755/2020 8554/3793/2021 8553/3794/2021 8551/5756/2020
f 8554/3793/2021 8556/5757/2022 8555/5758/2022 8553/3794/2021
f 8556/5757/2022 8558/3795/2023 8557/3796/2023 8555/5758/2022
f 8558/3795/2023 8560/5759/2024 8559/5760/2024 8557/3796/2023
f 8560/5759/2024 8562/3797/2025 8561/3798/2025 8559/5760/2024
f 8562/3797/2025 8564/5761/2026 8563/5762/2026 8561/3798/2025
f 8564/5761/2026 8566/3799/2027 8565/3800/2027 8563/5762/2026
f 8566/3799/2027 8568/5763/2028 8567/5764/2028 8565/3800/2027
f 8568/5763/2028 8570/3801/2029 8569/3802/2029 8567/5764/2028
f 8570/3801/2029 8572/5765/2030 8571/5766/2030 8569/3802/2029
f 8572/5765/2030 8574/3803/2031 8573/3804/2031 8571/5766/2030
f 8574/3803/2031 8576/5767/2032 8575/5768/2032 8573/3804/2031
f 8576/5767/2032 8578/3805/1158 8577/3806/1158 8575/5768/2032
f 8578/3805/1158 8580/5769/2033 8579/5770/2033 8577/3806/1158
f 8580/5769/2033 8582/3807/2034 8581/3808/2034 8579/5770/2033
f 8582/3807/2034 8584/5771/2035 8583/5772/2035 8581/3808/2034
f 8584/5771/2035 8586/3809/2036 8585/3810/2036 8583/5772/2035
f 8586/3809/2036 8588/5773/2037 8587/5774/2037 8585/3810/2036
f 8588/5773/2037 8590/3811/162 8589/3812/162 8587/5774/2037
f 8590/3811/162 8592/5775/2038 8591/5776/2038 8589/3812/162
f 8592/5775/2038 8594/3813/2039 8593/3814/2039 8591/5776/2038
f 8594/3813/2039 8596/5777/2040 8595/5778/2040 8593/3814/2039
f 8596/5777/2040 8598/3815/2041 8597/3816/2041 8595/5778/2040
f 8598/3815/2041 8600/5779/2042 8599/5780/2042 8597/3816/2041
f 8600/5779/2042 8602/3817/2043 8601/3818/2043 8599/5780/2042
f 8602/3817/2043 8604/5781/2044 8603/5782/2044 8601/3818/2043
f 8604/5781/2044 8606/3819/1796 8605/3820/1796 8603/5782/2044
f 8606/3819/1796 8608/5783/2045 8607/5784/2045 8605/3820/1796
f 8608/5783/2045 8226/3060/1866 8225/235/1866 8607/5784/2045
