# Blender 4.4.1
# www.blender.org
mtllib poseFont.mtl
o テキスト
v -5.438974 0.791470 -0.200000
v -5.447294 0.772158 -0.200000
v -5.454890 0.752758 -0.200000
v -5.461763 0.733269 -0.200000
v -5.467912 0.713692 -0.200000
v -5.473338 0.694027 -0.200000
v -5.478040 0.674274 -0.200000
v -5.482019 0.654433 -0.200000
v -5.485274 0.634503 -0.200000
v -5.487807 0.614485 -0.200000
v -5.489615 0.594379 -0.200000
v -5.490701 0.574185 -0.200000
v -5.491062 0.553902 -0.200000
v -5.490489 0.523668 -0.200000
v -5.488769 0.493946 -0.200000
v -5.485901 0.464735 -0.200000
v -5.481887 0.436036 -0.200000
v -5.476726 0.407848 -0.200000
v -5.470417 0.380173 -0.200000
v -5.462963 0.353009 -0.200000
v -5.454361 0.326356 -0.200000
v -5.444613 0.300216 -0.200000
v -5.433717 0.274587 -0.200000
v -5.421675 0.249470 -0.200000
v -5.408485 0.224864 -0.200000
v -5.394087 0.200797 -0.200000
v -5.378419 0.177294 -0.200000
v -5.361480 0.154356 -0.200000
v -5.343271 0.131982 -0.200000
v -5.323791 0.110174 -0.200000
v -5.303041 0.088929 -0.200000
v -5.281020 0.068250 -0.200000
v -5.257729 0.048135 -0.200000
v -5.233167 0.028585 -0.200000
v -5.207335 0.009599 -0.200000
v -5.180233 -0.008822 -0.200000
v -5.151860 -0.026679 -0.200000
v -5.122200 -0.043909 -0.200000
v -5.091233 -0.060450 -0.200000
v -5.058961 -0.076304 -0.200000
v -5.025383 -0.091470 -0.200000
v -4.990499 -0.105947 -0.200000
v -4.954310 -0.119737 -0.200000
v -4.916816 -0.132838 -0.200000
v -4.878015 -0.145251 -0.200000
v -4.837909 -0.156976 -0.200000
v -4.796496 -0.168013 -0.200000
v -4.753778 -0.178361 -0.200000
v -4.709755 -0.188022 -0.200000
v -4.664364 -0.196950 -0.200000
v -4.617544 -0.205102 -0.200000
v -4.569294 -0.212477 -0.200000
v -4.519616 -0.219076 -0.200000
v -4.468508 -0.224899 -0.200000
v -4.415971 -0.229945 -0.200000
v -4.362005 -0.234215 -0.200000
v -4.306609 -0.237709 -0.200000
v -4.249785 -0.240426 -0.200000
v -4.191531 -0.242367 -0.200000
v -4.131848 -0.243532 -0.200000
v -4.070735 -0.243920 -0.200000
v -3.836978 -0.243920 -0.200000
v -3.835320 -0.253651 -0.200000
v -3.833732 -0.263364 -0.200000
v -3.832214 -0.273060 -0.200000
v -3.830767 -0.282738 -0.200000
v -3.829391 -0.292399 -0.200000
v -3.828085 -0.302042 -0.200000
v -3.826850 -0.311667 -0.200000
v -3.825686 -0.321274 -0.200000
v -3.824592 -0.330864 -0.200000
v -3.823568 -0.340436 -0.200000
v -3.822615 -0.349991 -0.200000
v -3.821733 -0.359528 -0.200000
v -3.820922 -0.368994 -0.200000
v -3.820181 -0.378337 -0.200000
v -3.819510 -0.387556 -0.200000
v -3.818910 -0.396652 -0.200000
v -3.818381 -0.405625 -0.200000
v -3.817922 -0.414473 -0.200000
v -3.817534 -0.423199 -0.200000
v -3.817216 -0.431801 -0.200000
v -3.816969 -0.440279 -0.200000
v -3.816793 -0.448634 -0.200000
v -3.816687 -0.456865 -0.200000
v -3.816652 -0.464973 -0.200000
v -3.817393 -0.498568 -0.200000
v -3.819616 -0.530752 -0.200000
v -3.823321 -0.561524 -0.200000
v -3.828509 -0.590885 -0.200000
v -3.835179 -0.618834 -0.200000
v -3.843331 -0.645372 -0.200000
v -3.852964 -0.670498 -0.200000
v -3.864081 -0.694212 -0.200000
v -3.876679 -0.716515 -0.200000
v -3.890759 -0.737406 -0.200000
v -3.906322 -0.756886 -0.200000
v -3.923367 -0.774954 -0.200000
v -3.942052 -0.791593 -0.200000
v -3.962538 -0.806785 -0.200000
v -3.984823 -0.820531 -0.200000
v -4.008908 -0.832829 -0.200000
v -4.034793 -0.843680 -0.200000
v -4.062478 -0.853085 -0.200000
v -4.091962 -0.861043 -0.200000
v -4.123246 -0.867554 -0.200000
v -4.156330 -0.872618 -0.200000
v -4.191213 -0.876235 -0.200000
v -4.227896 -0.878405 -0.200000
v -4.266379 -0.879129 -0.200000
v -4.294090 -0.878961 -0.200000
v -4.321325 -0.878458 -0.200000
v -4.348083 -0.877620 -0.200000
v -4.374365 -0.876447 -0.200000
v -4.400170 -0.874938 -0.200000
v -4.425499 -0.873094 -0.200000
v -4.450352 -0.870915 -0.200000
v -4.474728 -0.868401 -0.200000
v -4.498628 -0.865551 -0.200000
v -4.522051 -0.862366 -0.200000
v -4.544998 -0.858846 -0.200000
v -4.567469 -0.854991 -0.200000
v -4.589471 -0.850932 -0.200000
v -4.611015 -0.846804 -0.200000
v -4.632101 -0.842604 -0.200000
v -4.652728 -0.838334 -0.200000
v -4.672895 -0.833994 -0.200000
v -4.692605 -0.829582 -0.200000
v -4.711855 -0.825101 -0.200000
v -4.730647 -0.820548 -0.200000
v -4.748979 -0.815925 -0.200000
v -4.766853 -0.811232 -0.200000
v -4.784269 -0.806468 -0.200000
v -4.801225 -0.801633 -0.200000
v -4.817714 -0.796799 -0.200000
v -4.833727 -0.792034 -0.200000
v -4.849263 -0.787341 -0.200000
v -4.864322 -0.782718 -0.200000
v -4.878906 -0.778166 -0.200000
v -4.893013 -0.773684 -0.200000
v -4.906643 -0.769273 -0.200000
v -4.919797 -0.764932 -0.200000
v -4.932475 -0.760662 -0.200000
v -4.944676 -0.756463 -0.200000
v -4.956401 -0.752334 -0.200000
v -4.967649 -0.748276 -0.200000
v -4.978413 -0.744420 -0.200000
v -4.988682 -0.740900 -0.200000
v -4.998457 -0.737715 -0.200000
v -5.007739 -0.734866 -0.200000
v -5.016525 -0.732351 -0.200000
v -5.024818 -0.730172 -0.200000
v -5.032617 -0.728328 -0.200000
v -5.039922 -0.726820 -0.200000
v -5.046733 -0.725646 -0.200000
v -5.053050 -0.724808 -0.200000
v -5.058873 -0.724305 -0.200000
v -5.064201 -0.724138 -0.200000
v -5.069160 -0.724261 -0.200000
v -5.073870 -0.724632 -0.200000
v -5.078334 -0.725249 -0.200000
v -5.082551 -0.726114 -0.200000
v -5.086521 -0.727226 -0.200000
v -5.090244 -0.728584 -0.200000
v -5.093720 -0.730190 -0.200000
v -5.096949 -0.732043 -0.200000
v -5.099931 -0.734142 -0.200000
v -5.102666 -0.736489 -0.200000
v -5.105154 -0.739083 -0.200000
v -5.107396 -0.741924 -0.200000
v -5.109425 -0.745029 -0.200000
v -5.111277 -0.748417 -0.200000
v -5.112953 -0.752087 -0.200000
v -5.114453 -0.756039 -0.200000
v -5.115777 -0.760274 -0.200000
v -5.116924 -0.764791 -0.200000
v -5.117894 -0.769590 -0.200000
v -5.118688 -0.774672 -0.200000
v -5.119306 -0.780036 -0.200000
v -5.119747 -0.785682 -0.200000
v -5.120011 -0.791611 -0.200000
v -5.120100 -0.797822 -0.200000
v -5.120047 -0.805109 -0.200000
v -5.119888 -0.812573 -0.200000
v -5.119623 -0.820213 -0.200000
v -5.119253 -0.828030 -0.200000
v -5.118776 -0.836023 -0.200000
v -5.118194 -0.844192 -0.200000
v -5.117506 -0.852538 -0.200000
v -5.116712 -0.861061 -0.200000
v -5.115812 -0.869759 -0.200000
v -5.114806 -0.878635 -0.200000
v -5.113695 -0.887686 -0.200000
v -5.112478 -0.896914 -0.200000
v -5.111163 -0.906222 -0.200000
v -5.109760 -0.915512 -0.200000
v -5.108269 -0.924784 -0.200000
v -5.106690 -0.934039 -0.200000
v -5.105022 -0.943276 -0.200000
v -5.103267 -0.952495 -0.200000
v -5.101423 -0.961697 -0.200000
v -5.099491 -0.970881 -0.200000
v -5.097471 -0.980047 -0.200000
v -5.095362 -0.989196 -0.200000
v -5.093165 -0.998327 -0.200000
v -5.090880 -1.007441 -0.200000
v -5.088498 -1.016501 -0.200000
v -5.086010 -1.025474 -0.200000
v -5.083416 -1.034358 -0.200000
v -5.080717 -1.043154 -0.200000
v -5.077911 -1.051861 -0.200000
v -5.075000 -1.060481 -0.200000
v -5.071982 -1.069012 -0.200000
v -5.068859 -1.077455 -0.200000
v -5.065630 -1.085810 -0.200000
v -5.062295 -1.094076 -0.200000
v -5.058855 -1.102255 -0.200000
v -5.055308 -1.110345 -0.200000
v -5.051665 -1.118232 -0.200000
v -5.047933 -1.125801 -0.200000
v -5.044113 -1.133053 -0.200000
v -5.040205 -1.139988 -0.200000
v -5.036208 -1.146604 -0.200000
v -5.032123 -1.152904 -0.200000
v -5.027950 -1.158885 -0.200000
v -5.023689 -1.164549 -0.200000
v -5.019340 -1.169895 -0.200000
v -5.014902 -1.174924 -0.200000
v -5.010376 -1.179635 -0.200000
v -5.005762 -1.184029 -0.200000
v -5.000328 -1.189111 -0.200000
v -4.994187 -1.194192 -0.200000
v -4.987341 -1.199274 -0.200000
v -4.979789 -1.204355 -0.200000
v -4.971531 -1.209437 -0.200000
v -4.962568 -1.214519 -0.200000
v -4.952899 -1.219601 -0.200000
v -4.942524 -1.224682 -0.200000
v -4.931443 -1.229764 -0.200000
v -4.919656 -1.234846 -0.200000
v -4.907164 -1.239927 -0.200000
v -4.893966 -1.245009 -0.200000
v -4.880185 -1.250055 -0.200000
v -4.865946 -1.255031 -0.200000
v -4.851248 -1.259936 -0.200000
v -4.836091 -1.264771 -0.200000
v -4.820476 -1.269535 -0.200000
v -4.804401 -1.274228 -0.200000
v -4.787868 -1.278851 -0.200000
v -4.770876 -1.283404 -0.200000
v -4.753426 -1.287885 -0.200000
v -4.735517 -1.292297 -0.200000
v -4.717148 -1.296637 -0.200000
v -4.698321 -1.300907 -0.200000
v -4.679071 -1.305080 -0.200000
v -4.659432 -1.309130 -0.200000
v -4.639406 -1.313056 -0.200000
v -4.618991 -1.316858 -0.200000
v -4.598187 -1.320537 -0.200000
v -4.576996 -1.324092 -0.200000
v -4.555417 -1.327524 -0.200000
v -4.533450 -1.330833 -0.200000
v -4.511094 -1.334017 -0.200000
v -4.488349 -1.337079 -0.200000
v -4.465218 -1.340017 -0.200000
v -4.441697 -1.342831 -0.200000
v -4.417947 -1.345469 -0.200000
v -4.394127 -1.347877 -0.200000
v -4.370236 -1.350056 -0.200000
v -4.346275 -1.352006 -0.200000
v -4.322243 -1.353726 -0.200000
v -4.298140 -1.355217 -0.200000
v -4.273967 -1.356479 -0.200000
v -4.249723 -1.357511 -0.200000
v -4.225409 -1.358314 -0.200000
v -4.201024 -1.358888 -0.200000
v -4.176568 -1.359232 -0.200000
v -4.152042 -1.359346 -0.200000
v -4.111821 -1.358994 -0.200000
v -4.072464 -1.357935 -0.200000
v -4.033973 -1.356170 -0.200000
v -3.996345 -1.353700 -0.200000
v -3.959582 -1.350524 -0.200000
v -3.923684 -1.346642 -0.200000
v -3.888651 -1.342055 -0.200000
v -3.854482 -1.336761 -0.200000
v -3.821178 -1.330762 -0.200000
v -3.788738 -1.324057 -0.200000
v -3.757163 -1.316646 -0.200000
v -3.726452 -1.308530 -0.200000
v -3.696588 -1.299690 -0.200000
v -3.667554 -1.290109 -0.200000
v -3.639349 -1.279786 -0.200000
v -3.611973 -1.268723 -0.200000
v -3.585427 -1.256919 -0.200000
v -3.559710 -1.244374 -0.200000
v -3.534822 -1.231087 -0.200000
v -3.510763 -1.217059 -0.200000
v -3.487534 -1.202291 -0.200000
v -3.465134 -1.186781 -0.200000
v -3.443563 -1.170530 -0.200000
v -3.422822 -1.153539 -0.200000
v -3.402919 -1.135779 -0.200000
v -3.383863 -1.117226 -0.200000
v -3.365654 -1.097879 -0.200000
v -3.348291 -1.077737 -0.200000
v -3.331776 -1.056802 -0.200000
v -3.316107 -1.035072 -0.200000
v -3.301286 -1.012549 -0.200000
v -3.287311 -0.989231 -0.200000
v -3.274184 -0.965120 -0.200000
v -3.261903 -0.940215 -0.200000
v -3.250469 -0.914515 -0.200000
v -3.239882 -0.888022 -0.200000
v -3.230142 -0.860716 -0.200000
v -3.221250 -0.832582 -0.200000
v -3.213203 -0.803618 -0.200000
v -3.206004 -0.773825 -0.200000
v -3.199652 -0.743203 -0.200000
v -3.194147 -0.711751 -0.200000
v -3.189489 -0.679470 -0.200000
v -3.185678 -0.646360 -0.200000
v -3.182714 -0.612420 -0.200000
v -3.180596 -0.577651 -0.200000
v -3.179326 -0.542053 -0.200000
v -3.178902 -0.505626 -0.200000
v -3.179123 -0.477086 -0.200000
v -3.179785 -0.448210 -0.200000
v -3.180887 -0.418999 -0.200000
v -3.182431 -0.389453 -0.200000
v -3.184416 -0.359572 -0.200000
v -3.186842 -0.329356 -0.200000
v -3.189710 -0.298804 -0.200000
v -3.193018 -0.267917 -0.200000
v -3.196768 -0.236694 -0.200000
v -3.200958 -0.205137 -0.200000
v -3.205590 -0.173244 -0.200000
v -3.210663 -0.141016 -0.200000
v -3.216229 -0.108656 -0.200000
v -3.222343 -0.076366 -0.200000
v -3.229004 -0.044147 -0.200000
v -3.236212 -0.011998 -0.200000
v -3.243967 0.020080 -0.200000
v -3.252269 0.052087 -0.200000
v -3.261118 0.084024 -0.200000
v -3.270514 0.115890 -0.200000
v -3.280457 0.147686 -0.200000
v -3.290946 0.179411 -0.200000
v -3.301983 0.211066 -0.200000
v -3.313566 0.242650 -0.200000
v -3.325706 0.274084 -0.200000
v -3.338410 0.305289 -0.200000
v -3.351679 0.336264 -0.200000
v -3.365512 0.367010 -0.200000
v -3.379910 0.397526 -0.200000
v -3.394873 0.427813 -0.200000
v -3.410401 0.457871 -0.200000
v -3.426493 0.487699 -0.200000
v -3.443149 0.517298 -0.200000
v -3.460371 0.546668 -0.200000
v -3.478156 0.575808 -0.200000
v -3.496506 0.604719 -0.200000
v -3.515465 0.633224 -0.200000
v -3.535078 0.661147 -0.200000
v -3.555343 0.688487 -0.200000
v -3.576261 0.715245 -0.200000
v -3.597831 0.741421 -0.200000
v -3.620054 0.767015 -0.200000
v -3.642931 0.792026 -0.200000
v -3.666460 0.816455 -0.200000
v -3.690642 0.840302 -0.200000
v -3.715477 0.863566 -0.200000
v -3.740965 0.886249 -0.200000
v -3.767106 0.908349 -0.200000
v -3.793916 0.929796 -0.200000
v -3.821416 0.950519 -0.200000
v -3.849603 0.970520 -0.200000
v -3.878479 0.989797 -0.200000
v -3.908042 1.008350 -0.200000
v -3.938294 1.026180 -0.200000
v -3.969234 1.043286 -0.200000
v -4.000863 1.059669 -0.200000
v -4.033179 1.075329 -0.200000
v -4.066183 1.090265 -0.200000
v -4.099875 1.104478 -0.200000
v -4.134256 1.117967 -0.200000
v -4.169386 1.130548 -0.200000
v -4.205328 1.142035 -0.200000
v -4.242083 1.152428 -0.200000
v -4.279648 1.161726 -0.200000
v -4.318025 1.169931 -0.200000
v -4.357214 1.177042 -0.200000
v -4.397215 1.183059 -0.200000
v -4.438027 1.187982 -0.200000
v -4.479650 1.191811 -0.200000
v -4.522086 1.194546 -0.200000
v -4.565333 1.196187 -0.200000
v -4.609392 1.196733 -0.200000
v -4.647478 1.196354 -0.200000
v -4.684665 1.195216 -0.200000
v -4.720951 1.193319 -0.200000
v -4.756337 1.190664 -0.200000
v -4.790824 1.187249 -0.200000
v -4.824411 1.183076 -0.200000
v -4.857098 1.178145 -0.200000
v -4.888885 1.172454 -0.200000
v -4.919771 1.166005 -0.200000
v -4.949759 1.158797 -0.200000
v -4.978846 1.150831 -0.200000
v -5.007033 1.142105 -0.200000
v -5.034356 1.132754 -0.200000
v -5.060849 1.122908 -0.200000
v -5.086514 1.112568 -0.200000
v -5.111349 1.101734 -0.200000
v -5.135354 1.090407 -0.200000
v -5.158531 1.078585 -0.200000
v -5.180878 1.066269 -0.200000
v -5.202395 1.053459 -0.200000
v -5.223083 1.040154 -0.200000
v -5.242942 1.026356 -0.200000
v -5.261972 1.012064 -0.200000
v -5.280172 0.997278 -0.200000
v -5.297579 0.982068 -0.200000
v -5.314227 0.966506 -0.200000
v -5.330116 0.950590 -0.200000
v -5.345246 0.934322 -0.200000
v -5.359618 0.917700 -0.200000
v -5.373231 0.900726 -0.200000
v -5.386085 0.883399 -0.200000
v -5.398180 0.865719 -0.200000
v -5.409517 0.847686 -0.200000
v -5.420095 0.829301 -0.200000
v -5.429914 0.810562 -0.200000
v -4.825363 0.372233 -0.200000
v -4.831450 0.382669 -0.200000
v -4.837008 0.393230 -0.200000
v -4.842037 0.403914 -0.200000
v -4.846537 0.414721 -0.200000
v -4.850507 0.425652 -0.200000
v -4.853948 0.436706 -0.200000
v -4.856859 0.447884 -0.200000
v -4.859241 0.459186 -0.200000
v -4.861094 0.470610 -0.200000
v -4.862417 0.482159 -0.200000
v -4.863211 0.493831 -0.200000
v -4.863476 0.505626 -0.200000
v -4.862920 0.522327 -0.200000
v -4.861253 0.538551 -0.200000
v -4.858474 0.554299 -0.200000
v -4.854583 0.569571 -0.200000
v -4.849581 0.584366 -0.200000
v -4.843467 0.598684 -0.200000
v -4.836241 0.612527 -0.200000
v -4.827904 0.625893 -0.200000
v -4.818456 0.638782 -0.200000
v -4.807895 0.651195 -0.200000
v -4.796223 0.663132 -0.200000
v -4.783439 0.674592 -0.200000
v -4.769597 0.685346 -0.200000
v -4.754749 0.695165 -0.200000
v -4.738895 0.704050 -0.200000
v -4.722036 0.711998 -0.200000
v -4.704171 0.719012 -0.200000
v -4.685300 0.725091 -0.200000
v -4.665423 0.730234 -0.200000
v -4.644541 0.734443 -0.200000
v -4.622652 0.737716 -0.200000
v -4.599758 0.740054 -0.200000
v -4.575858 0.741456 -0.200000
v -4.550953 0.741924 -0.200000
v -4.529964 0.741606 -0.200000
v -4.509346 0.740653 -0.200000
v -4.489099 0.739065 -0.200000
v -4.469223 0.736842 -0.200000
v -4.449717 0.733984 -0.200000
v -4.430581 0.730490 -0.200000
v -4.411816 0.726361 -0.200000
v -4.393421 0.721597 -0.200000
v -4.375397 0.716198 -0.200000
v -4.357744 0.710164 -0.200000
v -4.340461 0.703494 -0.200000
v -4.323548 0.696189 -0.200000
v -4.306989 0.688346 -0.200000
v -4.290764 0.680062 -0.200000
v -4.274876 0.671336 -0.200000
v -4.259322 0.662170 -0.200000
v -4.244103 0.652562 -0.200000
v -4.229220 0.642514 -0.200000
v -4.214672 0.632024 -0.200000
v -4.200459 0.621093 -0.200000
v -4.186582 0.609721 -0.200000
v -4.173040 0.597908 -0.200000
v -4.159833 0.585654 -0.200000
v -4.146960 0.572958 -0.200000
v -4.134406 0.559848 -0.200000
v -4.122152 0.546350 -0.200000
v -4.110198 0.532464 -0.200000
v -4.098544 0.518189 -0.200000
v -4.087190 0.503527 -0.200000
v -4.076135 0.488476 -0.200000
v -4.065381 0.473037 -0.200000
v -4.054926 0.457209 -0.200000
v -4.044771 0.440994 -0.200000
v -4.034917 0.424390 -0.200000
v -4.025362 0.407398 -0.200000
v -4.016108 0.390018 -0.200000
v -4.007153 0.372347 -0.200000
v -3.998498 0.354482 -0.200000
v -3.990144 0.336423 -0.200000
v -3.982089 0.318169 -0.200000
v -3.974334 0.299722 -0.200000
v -3.966879 0.281080 -0.200000
v -3.959724 0.262244 -0.200000
v -3.952869 0.243215 -0.200000
v -3.946314 0.223991 -0.200000
v -3.940059 0.204573 -0.200000
v -3.934104 0.184961 -0.200000
v -3.928449 0.165154 -0.200000
v -4.141879 0.165154 -0.200000
v -4.175298 0.165340 -0.200000
v -4.207799 0.165896 -0.200000
v -4.239383 0.166822 -0.200000
v -4.270050 0.168119 -0.200000
v -4.299799 0.169786 -0.200000
v -4.328630 0.171824 -0.200000
v -4.356544 0.174233 -0.200000
v -4.383541 0.177012 -0.200000
v -4.409619 0.180161 -0.200000
v -4.434781 0.183681 -0.200000
v -4.459024 0.187572 -0.200000
v -4.482350 0.191833 -0.200000
v -4.504848 0.196412 -0.200000
v -4.526603 0.201255 -0.200000
v -4.547618 0.206364 -0.200000
v -4.567892 0.211736 -0.200000
v -4.587424 0.217374 -0.200000
v -4.606216 0.223276 -0.200000
v -4.624267 0.229443 -0.200000
v -4.641576 0.235874 -0.200000
v -4.658144 0.242570 -0.200000
v -4.673971 0.249531 -0.200000
v -4.689057 0.256757 -0.200000
v -4.703403 0.264247 -0.200000
v -4.717060 0.271984 -0.200000
v -4.730082 0.279951 -0.200000
v -4.742468 0.288147 -0.200000
v -4.754219 0.296572 -0.200000
v -4.765336 0.305227 -0.200000
v -4.775816 0.314111 -0.200000
v -4.785662 0.323224 -0.200000
v -4.794873 0.332567 -0.200000
v -4.803448 0.342140 -0.200000
v -4.811388 0.351941 -0.200000
v -4.818693 0.361972 -0.200000
v -2.569737 1.039202 -0.200000
v -2.574201 1.034720 -0.200000
v -2.578277 1.029744 -0.200000
v -2.581965 1.024274 -0.200000
v -2.585264 1.018310 -0.200000
v -2.588176 1.011853 -0.200000
v -2.590699 1.004900 -0.200000
v -2.592834 0.997454 -0.200000
v -2.594581 0.989514 -0.200000
v -2.595939 0.981080 -0.200000
v -2.596910 0.972152 -0.200000
v -2.597492 0.962730 -0.200000
v -2.597686 0.952813 -0.200000
v -2.597624 0.947529 -0.200000
v -2.597439 0.941838 -0.200000
v -2.597130 0.935742 -0.200000
v -2.596698 0.929240 -0.200000
v -2.596142 0.922332 -0.200000
v -2.595463 0.915018 -0.200000
v -2.594660 0.907299 -0.200000
v -2.593734 0.899173 -0.200000
v -2.592684 0.890642 -0.200000
v -2.591511 0.881705 -0.200000
v -2.590214 0.872362 -0.200000
v -2.588793 0.862614 -0.200000
v -2.587249 0.852653 -0.200000
v -2.585582 0.842675 -0.200000
v -2.583791 0.832680 -0.200000
v -2.581876 0.822666 -0.200000
v -2.579838 0.812635 -0.200000
v -2.577677 0.802586 -0.200000
v -2.575392 0.792520 -0.200000
v -2.572984 0.782436 -0.200000
v -2.570451 0.772335 -0.200000
v -2.567796 0.762215 -0.200000
v -2.565017 0.752078 -0.200000
v -2.562114 0.741924 -0.200000
v -2.559106 0.731875 -0.200000
v -2.556009 0.722056 -0.200000
v -2.552824 0.712466 -0.200000
v -2.549551 0.703106 -0.200000
v -2.546190 0.693974 -0.200000
v -2.542740 0.685073 -0.200000
v -2.539203 0.676400 -0.200000
v -2.535577 0.667957 -0.200000
v -2.531862 0.659744 -0.200000
v -2.528060 0.651760 -0.200000
v -2.524169 0.644005 -0.200000
v -2.520190 0.636479 -0.200000
v -2.516123 0.629377 -0.200000
v -2.511968 0.622893 -0.200000
v -2.507725 0.617026 -0.200000
v -2.503393 0.611777 -0.200000
v -2.498973 0.607145 -0.200000
v -2.494465 0.603131 -0.200000
v -2.489868 0.599734 -0.200000
v -2.485183 0.596955 -0.200000
v -2.480411 0.594794 -0.200000
v -2.475549 0.593250 -0.200000
v -2.470600 0.592324 -0.200000
v -2.465563 0.592015 -0.200000
v -2.459978 0.592182 -0.200000
v -2.454235 0.592685 -0.200000
v -2.448333 0.593523 -0.200000
v -2.442271 0.594697 -0.200000
v -2.436052 0.596205 -0.200000
v -2.429673 0.598049 -0.200000
v -2.423136 0.600228 -0.200000
v -2.416440 0.602743 -0.200000
v -2.409585 0.605592 -0.200000
v -2.402571 0.608777 -0.200000
v -2.395399 0.612297 -0.200000
v -2.388067 0.616153 -0.200000
v -2.380524 0.620211 -0.200000
v -2.372716 0.624340 -0.200000
v -2.364644 0.628539 -0.200000
v -2.356307 0.632809 -0.200000
v -2.347705 0.637150 -0.200000
v -2.338838 0.641561 -0.200000
v -2.329707 0.646043 -0.200000
v -2.320311 0.650595 -0.200000
v -2.310651 0.655218 -0.200000
v -2.300726 0.659912 -0.200000
v -2.290536 0.664676 -0.200000
v -2.280082 0.669510 -0.200000
v -2.269345 0.674336 -0.200000
v -2.258308 0.679074 -0.200000
v -2.246971 0.683723 -0.200000
v -2.235335 0.688284 -0.200000
v -2.223398 0.692757 -0.200000
v -2.211161 0.697142 -0.200000
v -2.198625 0.701438 -0.200000
v -2.185788 0.705647 -0.200000
v -2.172652 0.709767 -0.200000
v -2.159215 0.713798 -0.200000
v -2.145479 0.717742 -0.200000
v -2.131443 0.721597 -0.200000
v -2.117054 0.725250 -0.200000
v -2.102258 0.728585 -0.200000
v -2.087058 0.731602 -0.200000
v -2.071451 0.734302 -0.200000
v -2.055438 0.736684 -0.200000
v -2.039020 0.738748 -0.200000
v -2.022196 0.740495 -0.200000
v -2.004966 0.741924 -0.200000
v -1.987330 0.743036 -0.200000
v -1.969288 0.743830 -0.200000
v -1.950840 0.744306 -0.200000
v -1.931987 0.744465 -0.200000
v -1.917298 0.744306 -0.200000
v -1.902873 0.743830 -0.200000
v -1.888714 0.743036 -0.200000
v -1.874818 0.741924 -0.200000
v -1.861188 0.740495 -0.200000
v -1.847822 0.738748 -0.200000
v -1.834721 0.736684 -0.200000
v -1.821884 0.734302 -0.200000
v -1.809313 0.731602 -0.200000
v -1.797005 0.728585 -0.200000
v -1.784963 0.725250 -0.200000
v -1.773185 0.721597 -0.200000
v -1.761707 0.717671 -0.200000
v -1.750565 0.713516 -0.200000
v -1.739757 0.709131 -0.200000
v -1.729285 0.704517 -0.200000
v -1.719148 0.699674 -0.200000
v -1.709347 0.694601 -0.200000
v -1.699880 0.689299 -0.200000
v -1.690749 0.683767 -0.200000
v -1.681953 0.678006 -0.200000
v -1.673493 0.672016 -0.200000
v -1.665367 0.665796 -0.200000
v -1.657577 0.659347 -0.200000
v -1.650105 0.652686 -0.200000
v -1.642932 0.645831 -0.200000
v -1.636060 0.638782 -0.200000
v -1.629487 0.631539 -0.200000
v -1.623214 0.624102 -0.200000
v -1.617242 0.616470 -0.200000
v -1.611569 0.608645 -0.200000
v -1.606196 0.600625 -0.200000
v -1.601123 0.592412 -0.200000
v -1.596350 0.584004 -0.200000
v -1.591877 0.575402 -0.200000
v -1.587704 0.566606 -0.200000
v -1.583849 0.557660 -0.200000
v -1.580329 0.548609 -0.200000
v -1.577144 0.539451 -0.200000
v -1.574294 0.530188 -0.200000
v -1.571780 0.520818 -0.200000
v -1.569601 0.511343 -0.200000
v -1.567757 0.501762 -0.200000
v -1.566248 0.492075 -0.200000
v -1.565075 0.482282 -0.200000
v -1.564237 0.472384 -0.200000
v -1.563734 0.462379 -0.200000
v -1.563566 0.452269 -0.200000
v -1.564016 0.439318 -0.200000
v -1.565366 0.426719 -0.200000
v -1.567616 0.414474 -0.200000
v -1.570765 0.402581 -0.200000
v -1.574815 0.391042 -0.200000
v -1.579764 0.379855 -0.200000
v -1.585613 0.369021 -0.200000
v -1.592362 0.358540 -0.200000
v -1.600011 0.348412 -0.200000
v -1.608560 0.338637 -0.200000
v -1.618009 0.329215 -0.200000
v -1.628358 0.320145 -0.200000
v -1.639377 0.311297 -0.200000
v -1.650837 0.302536 -0.200000
v -1.662738 0.293864 -0.200000
v -1.675081 0.285280 -0.200000
v -1.687864 0.276784 -0.200000
v -1.701089 0.268376 -0.200000
v -1.714755 0.260056 -0.200000
v -1.728862 0.251825 -0.200000
v -1.743410 0.243682 -0.200000
v -1.758399 0.235627 -0.200000
v -1.773829 0.227661 -0.200000
v -1.789701 0.219782 -0.200000
v -1.805898 0.211922 -0.200000
v -1.822308 0.204008 -0.200000
v -1.838929 0.196041 -0.200000
v -1.855762 0.188022 -0.200000
v -1.872807 0.179950 -0.200000
v -1.890064 0.171824 -0.200000
v -1.907532 0.163646 -0.200000
v -1.925212 0.155415 -0.200000
v -1.943104 0.147130 -0.200000
v -1.961207 0.138793 -0.200000
v -1.979522 0.130403 -0.200000
v -1.998049 0.121960 -0.200000
v -2.016576 0.113314 -0.200000
v -2.034891 0.104316 -0.200000
v -2.052995 0.094964 -0.200000
v -2.070886 0.085259 -0.200000
v -2.088567 0.075202 -0.200000
v -2.106035 0.064791 -0.200000
v -2.123291 0.054028 -0.200000
v -2.140336 0.042912 -0.200000
v -2.157169 0.031443 -0.200000
v -2.173790 0.019621 -0.200000
v -2.190200 0.007446 -0.200000
v -2.206398 -0.005081 -0.200000
v -2.222260 -0.018015 -0.200000
v -2.237664 -0.031407 -0.200000
v -2.252609 -0.045258 -0.200000
v -2.267095 -0.059568 -0.200000
v -2.281123 -0.074337 -0.200000
v -2.294692 -0.089564 -0.200000
v -2.307802 -0.105250 -0.200000
v -2.320453 -0.121395 -0.200000
v -2.332646 -0.137999 -0.200000
v -2.344379 -0.155061 -0.200000
v -2.355654 -0.172582 -0.200000
v -2.366470 -0.190562 -0.200000
v -2.376616 -0.209160 -0.200000
v -2.385879 -0.228534 -0.200000
v -2.394260 -0.248684 -0.200000
v -2.401759 -0.269611 -0.200000
v -2.408376 -0.291314 -0.200000
v -2.414110 -0.313793 -0.200000
v -2.418963 -0.337049 -0.200000
v -2.422933 -0.361081 -0.200000
v -2.426020 -0.385889 -0.200000
v -2.428226 -0.411474 -0.200000
v -2.429549 -0.437835 -0.200000
v -2.429991 -0.464973 -0.200000
v -2.429479 -0.496954 -0.200000
v -2.427944 -0.528529 -0.200000
v -2.425386 -0.559698 -0.200000
v -2.421804 -0.590461 -0.200000
v -2.417199 -0.620819 -0.200000
v -2.411570 -0.650771 -0.200000
v -2.404918 -0.680317 -0.200000
v -2.397243 -0.709457 -0.200000
v -2.388544 -0.738192 -0.200000
v -2.378822 -0.766520 -0.200000
v -2.368076 -0.794443 -0.200000
v -2.356307 -0.821960 -0.200000
v -2.343559 -0.848965 -0.200000
v -2.329875 -0.875353 -0.200000
v -2.315256 -0.901123 -0.200000
v -2.299703 -0.926275 -0.200000
v -2.283214 -0.950810 -0.200000
v -2.265789 -0.974728 -0.200000
v -2.247430 -0.998027 -0.200000
v -2.228136 -1.020710 -0.200000
v -2.207906 -1.042774 -0.200000
v -2.186741 -1.064221 -0.200000
v -2.164641 -1.085051 -0.200000
v -2.141606 -1.105263 -0.200000
v -2.117680 -1.124804 -0.200000
v -2.092907 -1.143622 -0.200000
v -2.067286 -1.161717 -0.200000
v -2.040820 -1.179088 -0.200000
v -2.013506 -1.195736 -0.200000
v -1.985345 -1.211660 -0.200000
v -1.956337 -1.226861 -0.200000
v -1.926482 -1.241339 -0.200000
v -1.895780 -1.255093 -0.200000
v -1.864232 -1.268123 -0.200000
v -1.831836 -1.280431 -0.200000
v -1.798593 -1.292014 -0.200000
v -1.764566 -1.302769 -0.200000
v -1.729814 -1.312588 -0.200000
v -1.694340 -1.321472 -0.200000
v -1.658142 -1.329421 -0.200000
v -1.621220 -1.336435 -0.200000
v -1.583575 -1.342513 -0.200000
v -1.545207 -1.347657 -0.200000
v -1.506115 -1.351865 -0.200000
v -1.466300 -1.355138 -0.200000
v -1.425761 -1.357476 -0.200000
v -1.384499 -1.358879 -0.200000
v -1.342514 -1.359346 -0.200000
v -1.322266 -1.359223 -0.200000
v -1.302178 -1.358852 -0.200000
v -1.282248 -1.358235 -0.200000
v -1.262477 -1.357370 -0.200000
v -1.242865 -1.356259 -0.200000
v -1.223412 -1.354900 -0.200000
v -1.204118 -1.353294 -0.200000
v -1.184982 -1.351442 -0.200000
v -1.166005 -1.349342 -0.200000
v -1.147187 -1.346995 -0.200000
v -1.128528 -1.344401 -0.200000
v -1.110027 -1.341561 -0.200000
v -1.091765 -1.338543 -0.200000
v -1.073820 -1.335420 -0.200000
v -1.056193 -1.332191 -0.200000
v -1.038884 -1.328856 -0.200000
v -1.021892 -1.325416 -0.200000
v -1.005218 -1.321869 -0.200000
v -0.988861 -1.318217 -0.200000
v -0.972822 -1.314458 -0.200000
v -0.957101 -1.310594 -0.200000
v -0.941697 -1.306624 -0.200000
v -0.926611 -1.302548 -0.200000
v -0.911842 -1.298366 -0.200000
v -0.897418 -1.294079 -0.200000
v -0.883364 -1.289685 -0.200000
v -0.869680 -1.285186 -0.200000
v -0.856367 -1.280580 -0.200000
v -0.843425 -1.275869 -0.200000
v -0.830853 -1.271052 -0.200000
v -0.818652 -1.266129 -0.200000
v -0.806821 -1.261101 -0.200000
v -0.795361 -1.255966 -0.200000
v -0.784271 -1.250726 -0.200000
v -0.773552 -1.245379 -0.200000
v -0.763203 -1.239927 -0.200000
v -0.753252 -1.234457 -0.200000
v -0.743724 -1.229058 -0.200000
v -0.734619 -1.223729 -0.200000
v -0.725938 -1.218471 -0.200000
v -0.717680 -1.213284 -0.200000
v -0.709846 -1.208167 -0.200000
v -0.702435 -1.203120 -0.200000
v -0.695448 -1.198144 -0.200000
v -0.688884 -1.193239 -0.200000
v -0.682744 -1.188405 -0.200000
v -0.677027 -1.183641 -0.200000
v -0.671733 -1.178947 -0.200000
v -0.668425 -1.175542 -0.200000
v -0.665275 -1.172101 -0.200000
v -0.662285 -1.168625 -0.200000
v -0.659453 -1.165114 -0.200000
v -0.656779 -1.161567 -0.200000
v -0.654265 -1.157985 -0.200000
v -0.651909 -1.154368 -0.200000
v -0.649713 -1.150716 -0.200000
v -0.647675 -1.147028 -0.200000
v -0.645796 -1.143305 -0.200000
v -0.644075 -1.139547 -0.200000
v -0.642514 -1.135753 -0.200000
v -0.641093 -1.131853 -0.200000
v -0.639796 -1.127777 -0.200000
v -0.638623 -1.123525 -0.200000
v -0.637573 -1.119096 -0.200000
v -0.636647 -1.114491 -0.200000
v -0.635844 -1.109709 -0.200000
v -0.635165 -1.104751 -0.200000
v -0.634609 -1.099617 -0.200000
v -0.634177 -1.094306 -0.200000
v -0.633868 -1.088818 -0.200000
v -0.633682 -1.083154 -0.200000
v -0.633621 -1.077314 -0.200000
v -0.633647 -1.073414 -0.200000
v -0.633727 -1.069338 -0.200000
v -0.633859 -1.065086 -0.200000
v -0.634044 -1.060657 -0.200000
v -0.634282 -1.056052 -0.200000
v -0.634573 -1.051270 -0.200000
v -0.634917 -1.046312 -0.200000
v -0.635315 -1.041178 -0.200000
v -0.635764 -1.035866 -0.200000
v -0.636267 -1.030379 -0.200000
v -0.636823 -1.024715 -0.200000
v -0.637432 -1.018875 -0.200000
v -0.638103 -1.012893 -0.200000
v -0.638844 -1.006806 -0.200000
v -0.639655 -1.000612 -0.200000
v -0.640538 -0.994313 -0.200000
v -0.641490 -0.987908 -0.200000
v -0.642514 -0.981397 -0.200000
v -0.643608 -0.974780 -0.200000
v -0.644772 -0.968058 -0.200000
v -0.646007 -0.961229 -0.200000
v -0.647313 -0.954295 -0.200000
v -0.648689 -0.947255 -0.200000
v -0.650136 -0.940109 -0.200000
v -0.651636 -0.932910 -0.200000
v -0.653171 -0.925711 -0.200000
v -0.654741 -0.918512 -0.200000
v -0.656347 -0.911313 -0.200000
v -0.657988 -0.904114 -0.200000
v -0.659664 -0.896914 -0.200000
v -0.661376 -0.889715 -0.200000
v -0.663123 -0.882516 -0.200000
v -0.664905 -0.875317 -0.200000
v -0.666722 -0.868118 -0.200000
v -0.668575 -0.860919 -0.200000
v -0.670463 -0.853720 -0.200000
v -0.672395 -0.846574 -0.200000
v -0.674380 -0.839534 -0.200000
v -0.676418 -0.832600 -0.200000
v -0.678509 -0.825771 -0.200000
v -0.680653 -0.819049 -0.200000
v -0.682850 -0.812432 -0.200000
v -0.685099 -0.805921 -0.200000
v -0.687402 -0.799516 -0.200000
v -0.689757 -0.793217 -0.200000
v -0.692166 -0.787023 -0.200000
v -0.694627 -0.780936 -0.200000
v -0.697142 -0.774954 -0.200000
v -0.699700 -0.769123 -0.200000
v -0.702294 -0.763485 -0.200000
v -0.704923 -0.758042 -0.200000
v -0.707587 -0.752793 -0.200000
v -0.710287 -0.747737 -0.200000
v -0.713022 -0.742876 -0.200000
v -0.715792 -0.738209 -0.200000
v -0.718598 -0.733736 -0.200000
v -0.721438 -0.729458 -0.200000
v -0.724314 -0.725373 -0.200000
v -0.727226 -0.721482 -0.200000
v -0.730173 -0.717786 -0.200000
v -0.733154 -0.714336 -0.200000
v -0.736172 -0.711186 -0.200000
v -0.739224 -0.708337 -0.200000
v -0.742312 -0.705787 -0.200000
v -0.745435 -0.703538 -0.200000
v -0.748594 -0.701588 -0.200000
v -0.751787 -0.699938 -0.200000
v -0.755016 -0.698588 -0.200000
v -0.758280 -0.697538 -0.200000
v -0.761580 -0.696788 -0.200000
v -0.764915 -0.696339 -0.200000
v -0.768285 -0.696189 -0.200000
v -0.774267 -0.696400 -0.200000
v -0.780354 -0.697035 -0.200000
v -0.786547 -0.698094 -0.200000
v -0.792846 -0.699576 -0.200000
v -0.799251 -0.701482 -0.200000
v -0.805762 -0.703811 -0.200000
v -0.812379 -0.706564 -0.200000
v -0.819102 -0.709740 -0.200000
v -0.825930 -0.713339 -0.200000
v -0.832865 -0.717362 -0.200000
v -0.839905 -0.721809 -0.200000
v -0.847051 -0.726679 -0.200000
v -0.854426 -0.731804 -0.200000
v -0.862155 -0.737018 -0.200000
v -0.870236 -0.742321 -0.200000
v -0.878670 -0.747711 -0.200000
v -0.887457 -0.753190 -0.200000
v -0.896597 -0.758757 -0.200000
v -0.906090 -0.764412 -0.200000
v -0.915936 -0.770155 -0.200000
v -0.926134 -0.775987 -0.200000
v -0.936686 -0.781906 -0.200000
v -0.947590 -0.787914 -0.200000
v -0.958848 -0.794011 -0.200000
v -0.970502 -0.800116 -0.200000
v -0.982597 -0.806150 -0.200000
v -0.995134 -0.812114 -0.200000
v -1.008112 -0.818007 -0.200000
v -1.021531 -0.823830 -0.200000
v -1.035390 -0.829582 -0.200000
v -1.049691 -0.835264 -0.200000
v -1.064434 -0.840875 -0.200000
v -1.079617 -0.846415 -0.200000
v -1.095241 -0.851885 -0.200000
v -1.111307 -0.857284 -0.200000
v -1.127813 -0.862613 -0.200000
v -1.144884 -0.867686 -0.200000
v -1.162644 -0.872318 -0.200000
v -1.181091 -0.876508 -0.200000
v -1.200227 -0.880258 -0.200000
v -1.220051 -0.883566 -0.200000
v -1.240563 -0.886433 -0.200000
v -1.261763 -0.888860 -0.200000
v -1.283651 -0.890845 -0.200000
v -1.306227 -0.892388 -0.200000
v -1.329492 -0.893491 -0.200000
v -1.353445 -0.894153 -0.200000
v -1.378085 -0.894374 -0.200000
v -1.395262 -0.894206 -0.200000
v -1.412069 -0.893703 -0.200000
v -1.428505 -0.892865 -0.200000
v -1.444570 -0.891692 -0.200000
v -1.460265 -0.890183 -0.200000
v -1.475590 -0.888339 -0.200000
v -1.490544 -0.886160 -0.200000
v -1.505127 -0.883646 -0.200000
v -1.519340 -0.880796 -0.200000
v -1.533182 -0.877611 -0.200000
v -1.546654 -0.874091 -0.200000
v -1.559755 -0.870236 -0.200000
v -1.572486 -0.866080 -0.200000
v -1.584846 -0.861660 -0.200000
v -1.596835 -0.856976 -0.200000
v -1.608454 -0.852026 -0.200000
v -1.619703 -0.846812 -0.200000
v -1.630581 -0.841334 -0.200000
v -1.641088 -0.835590 -0.200000
v -1.651225 -0.829582 -0.200000
v -1.660991 -0.823310 -0.200000
v -1.670387 -0.816772 -0.200000
v -1.679412 -0.809970 -0.200000
v -1.688067 -0.802904 -0.200000
v -1.696351 -0.795616 -0.200000
v -1.704265 -0.788153 -0.200000
v -1.711808 -0.780512 -0.200000
v -1.718981 -0.772696 -0.200000
v -1.725783 -0.764703 -0.200000
v -1.732214 -0.756533 -0.200000
v -1.738275 -0.748187 -0.200000
v -1.743966 -0.739665 -0.200000
v -1.749285 -0.730966 -0.200000
v -1.754235 -0.722091 -0.200000
v -1.758813 -0.713039 -0.200000
v -1.763022 -0.703811 -0.200000
v -1.766877 -0.694442 -0.200000
v -1.770397 -0.684967 -0.200000
v -1.773582 -0.675385 -0.200000
v -1.776432 -0.665698 -0.200000
v -1.778947 -0.655906 -0.200000
v -1.781126 -0.646007 -0.200000
v -1.782970 -0.636002 -0.200000
v -1.784478 -0.625892 -0.200000
v -1.785652 -0.615676 -0.200000
v -1.786490 -0.605354 -0.200000
v -1.786993 -0.594926 -0.200000
v -1.787160 -0.584392 -0.200000
v -1.786728 -0.569800 -0.200000
v -1.785431 -0.555666 -0.200000
v -1.783269 -0.541992 -0.200000
v -1.780243 -0.528776 -0.200000
v -1.776352 -0.516019 -0.200000
v -1.771597 -0.503720 -0.200000
v -1.765977 -0.491881 -0.200000
v -1.759493 -0.480500 -0.200000
v -1.752144 -0.469578 -0.200000
v -1.743930 -0.459115 -0.200000
v -1.734852 -0.449110 -0.200000
v -1.724909 -0.439564 -0.200000
v -1.714314 -0.430301 -0.200000
v -1.703277 -0.421143 -0.200000
v -1.691799 -0.412091 -0.200000
v -1.679880 -0.403146 -0.200000
v -1.667520 -0.394306 -0.200000
v -1.654719 -0.385571 -0.200000
v -1.641477 -0.376943 -0.200000
v -1.627793 -0.368421 -0.200000
v -1.613668 -0.360004 -0.200000
v -1.599103 -0.351694 -0.200000
v -1.584096 -0.343489 -0.200000
v -1.568648 -0.335390 -0.200000
v -1.552865 -0.327326 -0.200000
v -1.536852 -0.319227 -0.200000
v -1.520610 -0.311093 -0.200000
v -1.504139 -0.302924 -0.200000
v -1.487438 -0.294719 -0.200000
v -1.470508 -0.286479 -0.200000
v -1.453349 -0.278204 -0.200000
v -1.435960 -0.269893 -0.200000
v -1.418342 -0.261547 -0.200000
v -1.400494 -0.253166 -0.200000
v -1.382417 -0.244749 -0.200000
v -1.364111 -0.236297 -0.200000
v -1.345804 -0.227669 -0.200000
v -1.327727 -0.218723 -0.200000
v -1.309880 -0.209460 -0.200000
v -1.292261 -0.199879 -0.200000
v -1.274873 -0.189980 -0.200000
v -1.257713 -0.179764 -0.200000
v -1.240783 -0.169230 -0.200000
v -1.224082 -0.158379 -0.200000
v -1.207611 -0.147209 -0.200000
v -1.191369 -0.135723 -0.200000
v -1.175357 -0.123918 -0.200000
v -1.159574 -0.111797 -0.200000
v -1.144126 -0.099269 -0.200000
v -1.129119 -0.086247 -0.200000
v -1.114553 -0.072731 -0.200000
v -1.100429 -0.058721 -0.200000
v -1.086745 -0.044217 -0.200000
v -1.073503 -0.029219 -0.200000
v -1.060701 -0.013727 -0.200000
v -1.048341 0.002259 -0.200000
v -1.036422 0.018739 -0.200000
v -1.024945 0.035713 -0.200000
v -1.013908 0.053181 -0.200000
v -1.003312 0.071144 -0.200000
v -0.993369 0.089741 -0.200000
v -0.984291 0.109115 -0.200000
v -0.976078 0.129265 -0.200000
v -0.968729 0.150192 -0.200000
v -0.962244 0.171895 -0.200000
v -0.956624 0.194374 -0.200000
v -0.951869 0.217630 -0.200000
v -0.947978 0.241662 -0.200000
v -0.944952 0.266470 -0.200000
v -0.942791 0.292055 -0.200000
v -0.941494 0.318416 -0.200000
v -0.941062 0.345554 -0.200000
v -0.941538 0.375444 -0.200000
v -0.942967 0.404981 -0.200000
v -0.945349 0.434165 -0.200000
v -0.948684 0.462997 -0.200000
v -0.952972 0.491475 -0.200000
v -0.958212 0.519601 -0.200000
v -0.964406 0.547374 -0.200000
v -0.971552 0.574793 -0.200000
v -0.979651 0.601860 -0.200000
v -0.988702 0.628574 -0.200000
v -0.998707 0.654936 -0.200000
v -1.009664 0.680944 -0.200000
v -1.021539 0.706502 -0.200000
v -1.034296 0.731514 -0.200000
v -1.047936 0.755978 -0.200000
v -1.062457 0.779895 -0.200000
v -1.077861 0.803266 -0.200000
v -1.094147 0.826089 -0.200000
v -1.111315 0.848366 -0.200000
v -1.129366 0.870095 -0.200000
v -1.148299 0.891277 -0.200000
v -1.168114 0.911913 -0.200000
v -1.188811 0.932001 -0.200000
v -1.210390 0.951543 -0.200000
v -1.232799 0.970458 -0.200000
v -1.255984 0.988667 -0.200000
v -1.279945 1.006171 -0.200000
v -1.304683 1.022969 -0.200000
v -1.330198 1.039060 -0.200000
v -1.356488 1.054447 -0.200000
v -1.383555 1.069127 -0.200000
v -1.411398 1.083102 -0.200000
v -1.440018 1.096370 -0.200000
v -1.469414 1.108933 -0.200000
v -1.499586 1.120790 -0.200000
v -1.530535 1.131942 -0.200000
v -1.562225 1.142291 -0.200000
v -1.594621 1.151739 -0.200000
v -1.627722 1.160288 -0.200000
v -1.661530 1.167937 -0.200000
v -1.696043 1.174686 -0.200000
v -1.731261 1.180536 -0.200000
v -1.767186 1.185485 -0.200000
v -1.803816 1.189534 -0.200000
v -1.841153 1.192684 -0.200000
v -1.879195 1.194934 -0.200000
v -1.917942 1.196284 -0.200000
v -1.957396 1.196733 -0.200000
v -1.975137 1.196636 -0.200000
v -1.992791 1.196345 -0.200000
v -2.010356 1.195860 -0.200000
v -2.027833 1.195181 -0.200000
v -2.045222 1.194307 -0.200000
v -2.062523 1.193240 -0.200000
v -2.079735 1.191978 -0.200000
v -2.096859 1.190522 -0.200000
v -2.113895 1.188873 -0.200000
v -2.130843 1.187029 -0.200000
v -2.147702 1.184991 -0.200000
v -2.164474 1.182759 -0.200000
v -2.181060 1.180368 -0.200000
v -2.197364 1.177854 -0.200000
v -2.213385 1.175216 -0.200000
v -2.229124 1.172454 -0.200000
v -2.244581 1.169570 -0.200000
v -2.259755 1.166561 -0.200000
v -2.274647 1.163429 -0.200000
v -2.289257 1.160174 -0.200000
v -2.303585 1.156795 -0.200000
v -2.317630 1.153292 -0.200000
v -2.331393 1.149666 -0.200000
v -2.344873 1.145917 -0.200000
v -2.358071 1.142070 -0.200000
v -2.370987 1.138153 -0.200000
v -2.383621 1.134165 -0.200000
v -2.395972 1.130107 -0.200000
v -2.408041 1.125978 -0.200000
v -2.419827 1.121779 -0.200000
v -2.431332 1.117509 -0.200000
v -2.442554 1.113168 -0.200000
v -2.453494 1.108757 -0.200000
v -2.464151 1.104275 -0.200000
v -2.474526 1.099723 -0.200000
v -2.484619 1.095100 -0.200000
v -2.494332 1.090442 -0.200000
v -2.503569 1.085784 -0.200000
v -2.512330 1.081125 -0.200000
v -2.520614 1.076467 -0.200000
v -2.528422 1.071809 -0.200000
v -2.535753 1.067151 -0.200000
v -2.542608 1.062493 -0.200000
v -2.548987 1.057834 -0.200000
v -2.554889 1.053176 -0.200000
v -2.560315 1.048518 -0.200000
v -2.565264 1.043860 -0.200000
v -0.075272 0.677133 -0.200000
v -0.085012 0.648628 -0.200000
v -0.093905 0.619435 -0.200000
v -0.101951 0.589553 -0.200000
v -0.109150 0.558984 -0.200000
v -0.115502 0.527726 -0.200000
v -0.121007 0.495781 -0.200000
v -0.125665 0.463147 -0.200000
v -0.129477 0.429825 -0.200000
v -0.132441 0.395815 -0.200000
v -0.134558 0.361116 -0.200000
v -0.135829 0.325730 -0.200000
v -0.136252 0.289655 -0.200000
v -0.136014 0.259095 -0.200000
v -0.135299 0.228393 -0.200000
v -0.134108 0.197550 -0.200000
v -0.132441 0.166566 -0.200000
v -0.130297 0.135441 -0.200000
v -0.127677 0.104174 -0.200000
v -0.124580 0.072767 -0.200000
v -0.121007 0.041218 -0.200000
v -0.116958 0.009528 -0.200000
v -0.112432 -0.022303 -0.200000
v -0.107429 -0.054275 -0.200000
v -0.101951 -0.086388 -0.200000
v -0.095960 -0.118510 -0.200000
v -0.089423 -0.150509 -0.200000
v -0.082339 -0.182384 -0.200000
v -0.074707 -0.214136 -0.200000
v -0.066529 -0.245764 -0.200000
v -0.057804 -0.277268 -0.200000
v -0.048531 -0.308649 -0.200000
v -0.038712 -0.339907 -0.200000
v -0.028346 -0.371041 -0.200000
v -0.017433 -0.402052 -0.200000
v -0.005973 -0.432939 -0.200000
v 0.006035 -0.463702 -0.200000
v 0.018607 -0.494245 -0.200000
v 0.031761 -0.524470 -0.200000
v 0.045497 -0.554378 -0.200000
v 0.059816 -0.583968 -0.200000
v 0.074717 -0.613241 -0.200000
v 0.090200 -0.642196 -0.200000
v 0.106265 -0.670833 -0.200000
v 0.122913 -0.699153 -0.200000
v 0.140143 -0.727155 -0.200000
v 0.157955 -0.754839 -0.200000
v 0.176350 -0.782206 -0.200000
v 0.195327 -0.809256 -0.200000
v 0.214912 -0.835882 -0.200000
v 0.235133 -0.861978 -0.200000
v 0.255989 -0.887545 -0.200000
v 0.277480 -0.912583 -0.200000
v 0.299607 -0.937091 -0.200000
v 0.322369 -0.961070 -0.200000
v 0.345765 -0.984520 -0.200000
v 0.369797 -1.007441 -0.200000
v 0.394465 -1.029832 -0.200000
v 0.419767 -1.051694 -0.200000
v 0.445705 -1.073026 -0.200000
v 0.472278 -1.093829 -0.200000
v 0.499495 -1.114006 -0.200000
v 0.527364 -1.133459 -0.200000
v 0.555887 -1.152189 -0.200000
v 0.585063 -1.170195 -0.200000
v 0.614891 -1.187478 -0.200000
v 0.645372 -1.204038 -0.200000
v 0.676506 -1.219874 -0.200000
v 0.708293 -1.234986 -0.200000
v 0.740733 -1.249376 -0.200000
v 0.773826 -1.263041 -0.200000
v 0.807571 -1.275984 -0.200000
v 0.841969 -1.288203 -0.200000
v 0.877065 -1.299566 -0.200000
v 0.912901 -1.309941 -0.200000
v 0.949478 -1.319328 -0.200000
v 0.986797 -1.327727 -0.200000
v 1.024857 -1.335138 -0.200000
v 1.063657 -1.341561 -0.200000
v 1.103199 -1.346995 -0.200000
v 1.143482 -1.351442 -0.200000
v 1.184506 -1.354900 -0.200000
v 1.226271 -1.357370 -0.200000
v 1.268777 -1.358852 -0.200000
v 1.312024 -1.359346 -0.200000
v 1.354309 -1.358932 -0.200000
v 1.395624 -1.357688 -0.200000
v 1.435969 -1.355615 -0.200000
v 1.475343 -1.352712 -0.200000
v 1.513747 -1.348980 -0.200000
v 1.551180 -1.344419 -0.200000
v 1.587643 -1.339029 -0.200000
v 1.623135 -1.332809 -0.200000
v 1.657657 -1.325760 -0.200000
v 1.691208 -1.317881 -0.200000
v 1.723789 -1.309174 -0.200000
v 1.755399 -1.299637 -0.200000
v 1.786092 -1.289297 -0.200000
v 1.815921 -1.278181 -0.200000
v 1.844884 -1.266289 -0.200000
v 1.872983 -1.253620 -0.200000
v 1.900218 -1.240174 -0.200000
v 1.926588 -1.225953 -0.200000
v 1.952093 -1.210955 -0.200000
v 1.976734 -1.195181 -0.200000
v 2.000510 -1.178630 -0.200000
v 2.023422 -1.161303 -0.200000
v 2.045469 -1.143199 -0.200000
v 2.066652 -1.124319 -0.200000
v 2.086961 -1.104681 -0.200000
v 2.106388 -1.084301 -0.200000
v 2.124932 -1.063180 -0.200000
v 2.142594 -1.041319 -0.200000
v 2.159374 -1.018716 -0.200000
v 2.175272 -0.995372 -0.200000
v 2.190288 -0.971287 -0.200000
v 2.204421 -0.946461 -0.200000
v 2.217672 -0.920894 -0.200000
v 2.230041 -0.894585 -0.200000
v 2.241528 -0.867536 -0.200000
v 2.252133 -0.839746 -0.200000
v 2.261873 -0.811241 -0.200000
v 2.270765 -0.782048 -0.200000
v 2.278811 -0.752166 -0.200000
v 2.286010 -0.721597 -0.200000
v 2.292362 -0.690339 -0.200000
v 2.297868 -0.658394 -0.200000
v 2.302526 -0.625760 -0.200000
v 2.306337 -0.592438 -0.200000
v 2.309301 -0.558428 -0.200000
v 2.311419 -0.523729 -0.200000
v 2.312689 -0.488343 -0.200000
v 2.313113 -0.452268 -0.200000
v 2.312874 -0.421708 -0.200000
v 2.312160 -0.391006 -0.200000
v 2.310969 -0.360163 -0.200000
v 2.309301 -0.329179 -0.200000
v 2.307158 -0.298054 -0.200000
v 2.304538 -0.266787 -0.200000
v 2.301441 -0.235380 -0.200000
v 2.297868 -0.203831 -0.200000
v 2.293818 -0.172141 -0.200000
v 2.289292 -0.140310 -0.200000
v 2.284290 -0.108338 -0.200000
v 2.278811 -0.076225 -0.200000
v 2.272821 -0.044112 -0.200000
v 2.266284 -0.012139 -0.200000
v 2.259199 0.019692 -0.200000
v 2.251568 0.051382 -0.200000
v 2.243389 0.082930 -0.200000
v 2.234664 0.114338 -0.200000
v 2.225392 0.145604 -0.200000
v 2.215572 0.176729 -0.200000
v 2.205206 0.207713 -0.200000
v 2.194293 0.238556 -0.200000
v 2.182833 0.269258 -0.200000
v 2.170826 0.299819 -0.200000
v 2.158254 0.330176 -0.200000
v 2.145100 0.360269 -0.200000
v 2.131364 0.390098 -0.200000
v 2.117045 0.419661 -0.200000
v 2.102144 0.448960 -0.200000
v 2.086661 0.477995 -0.200000
v 2.070595 0.506764 -0.200000
v 2.053947 0.535269 -0.200000
v 2.036717 0.563510 -0.200000
v 2.018905 0.591485 -0.200000
v 2.000511 0.619196 -0.200000
v 1.981534 0.646643 -0.200000
v 1.961948 0.673666 -0.200000
v 1.941727 0.700106 -0.200000
v 1.920871 0.725964 -0.200000
v 1.899380 0.751240 -0.200000
v 1.877254 0.775934 -0.200000
v 1.854492 0.800046 -0.200000
v 1.831095 0.823575 -0.200000
v 1.807063 0.846522 -0.200000
v 1.782396 0.868886 -0.200000
v 1.757093 0.890669 -0.200000
v 1.731156 0.911869 -0.200000
v 1.704583 0.932487 -0.200000
v 1.677366 0.952460 -0.200000
v 1.649496 0.971728 -0.200000
v 1.620973 0.990291 -0.200000
v 1.591798 1.008147 -0.200000
v 1.561970 1.025298 -0.200000
v 1.531488 1.041742 -0.200000
v 1.500354 1.057482 -0.200000
v 1.468567 1.072515 -0.200000
v 1.436128 1.086842 -0.200000
v 1.403035 1.100464 -0.200000
v 1.369290 1.113380 -0.200000
v 1.334891 1.125590 -0.200000
v 1.299796 1.136953 -0.200000
v 1.263960 1.147328 -0.200000
v 1.227382 1.156715 -0.200000
v 1.190064 1.165114 -0.200000
v 1.152004 1.172525 -0.200000
v 1.113203 1.178948 -0.200000
v 1.073662 1.184382 -0.200000
v 1.033379 1.188829 -0.200000
v 0.992355 1.192287 -0.200000
v 0.950590 1.194757 -0.200000
v 0.908084 1.196239 -0.200000
v 0.864837 1.196733 -0.200000
v 0.822551 1.196319 -0.200000
v 0.781236 1.195075 -0.200000
v 0.740892 1.193002 -0.200000
v 0.701518 1.190099 -0.200000
v 0.663114 1.186367 -0.200000
v 0.625681 1.181806 -0.200000
v 0.589218 1.176416 -0.200000
v 0.553726 1.170196 -0.200000
v 0.519204 1.163147 -0.200000
v 0.485653 1.155268 -0.200000
v 0.453072 1.146561 -0.200000
v 0.421461 1.137024 -0.200000
v 0.390768 1.126684 -0.200000
v 0.360940 1.115568 -0.200000
v 0.331976 1.103675 -0.200000
v 0.303877 1.091007 -0.200000
v 0.276642 1.077561 -0.200000
v 0.250272 1.063340 -0.200000
v 0.224767 1.048342 -0.200000
v 0.200126 1.032568 -0.200000
v 0.176350 1.016017 -0.200000
v 0.153438 0.998690 -0.200000
v 0.131391 0.980586 -0.200000
v 0.110209 0.961706 -0.200000
v 0.089900 0.942068 -0.200000
v 0.070473 0.921688 -0.200000
v 0.051928 0.900567 -0.200000
v 0.034266 0.878706 -0.200000
v 0.017486 0.856103 -0.200000
v 0.001588 0.832759 -0.200000
v -0.013428 0.808674 -0.200000
v -0.027561 0.783848 -0.200000
v -0.040812 0.758281 -0.200000
v -0.053181 0.731972 -0.200000
v -0.064668 0.704923 -0.200000
v 0.542151 0.007623 -0.200000
v 0.539310 0.028302 -0.200000
v 0.536716 0.048841 -0.200000
v 0.534369 0.069238 -0.200000
v 0.532270 0.089494 -0.200000
v 0.530417 0.109609 -0.200000
v 0.528811 0.129583 -0.200000
v 0.527453 0.149415 -0.200000
v 0.526341 0.169107 -0.200000
v 0.525477 0.188657 -0.200000
v 0.524859 0.208066 -0.200000
v 0.524488 0.227334 -0.200000
v 0.524365 0.246461 -0.200000
v 0.524515 0.264079 -0.200000
v 0.524965 0.281362 -0.200000
v 0.525715 0.298310 -0.200000
v 0.526765 0.314923 -0.200000
v 0.528114 0.331200 -0.200000
v 0.529764 0.347142 -0.200000
v 0.531714 0.362749 -0.200000
v 0.533964 0.378020 -0.200000
v 0.536513 0.392956 -0.200000
v 0.539363 0.407557 -0.200000
v 0.542513 0.421823 -0.200000
v 0.545962 0.435753 -0.200000
v 0.549756 0.449340 -0.200000
v 0.553937 0.462573 -0.200000
v 0.558507 0.475454 -0.200000
v 0.563466 0.487982 -0.200000
v 0.568812 0.500156 -0.200000
v 0.574546 0.511978 -0.200000
v 0.580669 0.523447 -0.200000
v 0.587180 0.534564 -0.200000
v 0.594079 0.545327 -0.200000
v 0.601366 0.555737 -0.200000
v 0.609042 0.565795 -0.200000
v 0.617105 0.575499 -0.200000
v 0.625557 0.584842 -0.200000
v 0.634397 0.593814 -0.200000
v 0.643625 0.602416 -0.200000
v 0.653242 0.610647 -0.200000
v 0.663246 0.618508 -0.200000
v 0.673639 0.625998 -0.200000
v 0.684420 0.633118 -0.200000
v 0.695589 0.639867 -0.200000
v 0.707146 0.646246 -0.200000
v 0.719092 0.652254 -0.200000
v 0.731425 0.657891 -0.200000
v 0.744147 0.663158 -0.200000
v 0.757301 0.668028 -0.200000
v 0.770932 0.672474 -0.200000
v 0.785039 0.676497 -0.200000
v 0.799622 0.680097 -0.200000
v 0.814682 0.683273 -0.200000
v 0.830218 0.686026 -0.200000
v 0.846230 0.688355 -0.200000
v 0.862719 0.690260 -0.200000
v 0.879685 0.691742 -0.200000
v 0.897127 0.692801 -0.200000
v 0.915045 0.693436 -0.200000
v 0.933439 0.693648 -0.200000
v 0.954437 0.693304 -0.200000
v 0.975081 0.692272 -0.200000
v 0.995372 0.690551 -0.200000
v 1.015311 0.688143 -0.200000
v 1.034896 0.685046 -0.200000
v 1.054129 0.681261 -0.200000
v 1.073009 0.676789 -0.200000
v 1.091536 0.671628 -0.200000
v 1.109710 0.665778 -0.200000
v 1.127531 0.659241 -0.200000
v 1.144999 0.652016 -0.200000
v 1.162115 0.644102 -0.200000
v 1.178903 0.635606 -0.200000
v 1.195392 0.626634 -0.200000
v 1.211581 0.617185 -0.200000
v 1.227470 0.607260 -0.200000
v 1.243060 0.596858 -0.200000
v 1.258349 0.585980 -0.200000
v 1.273338 0.574626 -0.200000
v 1.288027 0.562795 -0.200000
v 1.302416 0.550488 -0.200000
v 1.316505 0.537704 -0.200000
v 1.330295 0.524444 -0.200000
v 1.343784 0.510708 -0.200000
v 1.356974 0.496548 -0.200000
v 1.369863 0.482018 -0.200000
v 1.382452 0.467117 -0.200000
v 1.394742 0.451845 -0.200000
v 1.406732 0.436203 -0.200000
v 1.418421 0.420191 -0.200000
v 1.429811 0.403808 -0.200000
v 1.440900 0.387054 -0.200000
v 1.451690 0.369930 -0.200000
v 1.462180 0.352435 -0.200000
v 1.472370 0.334570 -0.200000
v 1.482260 0.316334 -0.200000
v 1.491858 0.297834 -0.200000
v 1.501175 0.279174 -0.200000
v 1.510209 0.260356 -0.200000
v 1.518961 0.241379 -0.200000
v 1.527430 0.222244 -0.200000
v 1.535617 0.202949 -0.200000
v 1.543522 0.183496 -0.200000
v 1.551144 0.163884 -0.200000
v 1.558485 0.144113 -0.200000
v 1.565543 0.124183 -0.200000
v 1.572318 0.104095 -0.200000
v 1.578811 0.083848 -0.200000
v 1.585022 0.063495 -0.200000
v 1.590951 0.043089 -0.200000
v 1.596597 0.022630 -0.200000
v 1.601961 0.002118 -0.200000
v 1.607043 -0.018447 -0.200000
v 1.611842 -0.039065 -0.200000
v 1.616359 -0.059736 -0.200000
v 1.620594 -0.080460 -0.200000
v 1.624546 -0.101236 -0.200000
v 1.628217 -0.122066 -0.200000
v 1.631604 -0.142948 -0.200000
v 1.634710 -0.163884 -0.200000
v 1.637550 -0.184766 -0.200000
v 1.640144 -0.205490 -0.200000
v 1.642491 -0.226055 -0.200000
v 1.644591 -0.246461 -0.200000
v 1.646443 -0.266708 -0.200000
v 1.648049 -0.286797 -0.200000
v 1.649408 -0.306726 -0.200000
v 1.650519 -0.326497 -0.200000
v 1.651384 -0.346109 -0.200000
v 1.652002 -0.365562 -0.200000
v 1.652372 -0.384857 -0.200000
v 1.652496 -0.403992 -0.200000
v 1.652346 -0.421620 -0.200000
v 1.651896 -0.438929 -0.200000
v 1.651146 -0.455921 -0.200000
v 1.650096 -0.472595 -0.200000
v 1.648746 -0.488952 -0.200000
v 1.647096 -0.504991 -0.200000
v 1.645147 -0.520712 -0.200000
v 1.642897 -0.536116 -0.200000
v 1.640347 -0.551202 -0.200000
v 1.637498 -0.565971 -0.200000
v 1.634348 -0.580422 -0.200000
v 1.630898 -0.594555 -0.200000
v 1.627105 -0.608344 -0.200000
v 1.622923 -0.621763 -0.200000
v 1.618353 -0.634812 -0.200000
v 1.613395 -0.647489 -0.200000
v 1.608049 -0.659796 -0.200000
v 1.602314 -0.671733 -0.200000
v 1.596191 -0.683299 -0.200000
v 1.589680 -0.694495 -0.200000
v 1.582781 -0.705320 -0.200000
v 1.575494 -0.715774 -0.200000
v 1.567819 -0.725858 -0.200000
v 1.559755 -0.735572 -0.200000
v 1.551303 -0.744914 -0.200000
v 1.542463 -0.753887 -0.200000
v 1.533235 -0.762488 -0.200000
v 1.523619 -0.770720 -0.200000
v 1.513614 -0.778580 -0.200000
v 1.503222 -0.786071 -0.200000
v 1.492441 -0.793190 -0.200000
v 1.481272 -0.799939 -0.200000
v 1.469714 -0.806318 -0.200000
v 1.457769 -0.812326 -0.200000
v 1.445435 -0.817963 -0.200000
v 1.432713 -0.823230 -0.200000
v 1.419559 -0.828100 -0.200000
v 1.405929 -0.832547 -0.200000
v 1.391822 -0.836570 -0.200000
v 1.377239 -0.840169 -0.200000
v 1.362179 -0.843345 -0.200000
v 1.346643 -0.846098 -0.200000
v 1.330630 -0.848427 -0.200000
v 1.314141 -0.850332 -0.200000
v 1.297176 -0.851815 -0.200000
v 1.279734 -0.852873 -0.200000
v 1.261816 -0.853509 -0.200000
v 1.243421 -0.853720 -0.200000
v 1.222424 -0.853376 -0.200000
v 1.201780 -0.852344 -0.200000
v 1.181488 -0.850624 -0.200000
v 1.161550 -0.848215 -0.200000
v 1.141964 -0.845118 -0.200000
v 1.122731 -0.841334 -0.200000
v 1.103852 -0.836861 -0.200000
v 1.085325 -0.831700 -0.200000
v 1.067151 -0.825850 -0.200000
v 1.049330 -0.819313 -0.200000
v 1.031861 -0.812088 -0.200000
v 1.014746 -0.804174 -0.200000
v 0.997957 -0.795669 -0.200000
v 0.981468 -0.786671 -0.200000
v 0.965279 -0.777178 -0.200000
v 0.949390 -0.767191 -0.200000
v 0.933801 -0.756710 -0.200000
v 0.918512 -0.745735 -0.200000
v 0.903523 -0.734266 -0.200000
v 0.888834 -0.722303 -0.200000
v 0.874444 -0.709846 -0.200000
v 0.860355 -0.696894 -0.200000
v 0.846566 -0.683449 -0.200000
v 0.833076 -0.669510 -0.200000
v 0.819887 -0.655147 -0.200000
v 0.806998 -0.640431 -0.200000
v 0.794408 -0.625363 -0.200000
v 0.782119 -0.609941 -0.200000
v 0.770129 -0.594167 -0.200000
v 0.758439 -0.578040 -0.200000
v 0.747050 -0.561560 -0.200000
v 0.735960 -0.544727 -0.200000
v 0.725170 -0.527541 -0.200000
v 0.714681 -0.510002 -0.200000
v 0.704491 -0.492110 -0.200000
v 0.694601 -0.473865 -0.200000
v 0.685002 -0.455356 -0.200000
v 0.675686 -0.436670 -0.200000
v 0.666652 -0.417808 -0.200000
v 0.657900 -0.398770 -0.200000
v 0.649431 -0.379555 -0.200000
v 0.641243 -0.360163 -0.200000
v 0.633339 -0.340595 -0.200000
v 0.625716 -0.320851 -0.200000
v 0.618376 -0.300930 -0.200000
v 0.611318 -0.280833 -0.200000
v 0.604542 -0.260559 -0.200000
v 0.598049 -0.240109 -0.200000
v 0.591838 -0.219561 -0.200000
v 0.585910 -0.198997 -0.200000
v 0.580263 -0.178414 -0.200000
v 0.574899 -0.157814 -0.200000
v 0.569818 -0.137196 -0.200000
v 0.565018 -0.116561 -0.200000
v 0.560501 -0.095908 -0.200000
v 0.556267 -0.075237 -0.200000
v 0.552314 -0.054548 -0.200000
v 0.548644 -0.033842 -0.200000
v 0.545256 -0.013119 -0.200000
v 2.785073 1.472414 -0.200000
v 2.777768 1.450790 -0.200000
v 2.771098 1.428690 -0.200000
v 2.765064 1.406114 -0.200000
v 2.759665 1.383061 -0.200000
v 2.754900 1.359532 -0.200000
v 2.750772 1.335526 -0.200000
v 2.747278 1.311044 -0.200000
v 2.744420 1.286086 -0.200000
v 2.742196 1.260651 -0.200000
v 2.740608 1.234740 -0.200000
v 2.739655 1.208353 -0.200000
v 2.739338 1.181488 -0.200000
v 2.739558 1.157686 -0.200000
v 2.740220 1.133707 -0.200000
v 2.741323 1.109551 -0.200000
v 2.742867 1.085219 -0.200000
v 2.744852 1.060711 -0.200000
v 2.747278 1.036026 -0.200000
v 2.750145 1.011164 -0.200000
v 2.753453 0.986126 -0.200000
v 2.757203 0.960912 -0.200000
v 2.761394 0.935521 -0.200000
v 2.766026 0.909954 -0.200000
v 2.771098 0.884211 -0.200000
v 2.776665 0.858423 -0.200000
v 2.782779 0.832723 -0.200000
v 2.789440 0.807112 -0.200000
v 2.796648 0.781589 -0.200000
v 2.804403 0.756154 -0.200000
v 2.812705 0.730808 -0.200000
v 2.821554 0.705549 -0.200000
v 2.830950 0.680379 -0.200000
v 2.840892 0.655297 -0.200000
v 2.851382 0.630304 -0.200000
v 2.862419 0.605398 -0.200000
v 2.874002 0.580581 -0.200000
v 2.886150 0.555914 -0.200000
v 2.898881 0.531458 -0.200000
v 2.912194 0.507214 -0.200000
v 2.926089 0.483182 -0.200000
v 2.940567 0.459362 -0.200000
v 2.955626 0.435753 -0.200000
v 2.971268 0.412357 -0.200000
v 2.987493 0.389171 -0.200000
v 3.004299 0.366198 -0.200000
v 3.021688 0.343436 -0.200000
v 3.039659 0.320887 -0.200000
v 3.058213 0.298548 -0.200000
v 3.077410 0.276528 -0.200000
v 3.097313 0.254931 -0.200000
v 3.117922 0.233757 -0.200000
v 3.139237 0.213007 -0.200000
v 3.161258 0.192680 -0.200000
v 3.183984 0.172777 -0.200000
v 3.207416 0.153297 -0.200000
v 3.231554 0.134241 -0.200000
v 3.256398 0.115608 -0.200000
v 3.281947 0.097399 -0.200000
v 3.308202 0.079613 -0.200000
v 3.335164 0.062251 -0.200000
v 3.362839 0.045400 -0.200000
v 3.391238 0.029149 -0.200000
v 3.420361 0.013498 -0.200000
v 3.450207 -0.001553 -0.200000
v 3.480776 -0.016004 -0.200000
v 3.512069 -0.029855 -0.200000
v 3.544086 -0.043106 -0.200000
v 3.576825 -0.055757 -0.200000
v 3.610289 -0.067808 -0.200000
v 3.644475 -0.079260 -0.200000
v 3.679385 -0.090111 -0.200000
v 3.715018 -0.100363 -0.200000
v 3.751543 -0.109900 -0.200000
v 3.789126 -0.118607 -0.200000
v 3.827768 -0.126486 -0.200000
v 3.867468 -0.133535 -0.200000
v 3.908227 -0.139755 -0.200000
v 3.950045 -0.145145 -0.200000
v 3.992922 -0.149706 -0.200000
v 4.036857 -0.153438 -0.200000
v 4.081851 -0.156341 -0.200000
v 4.127903 -0.158414 -0.200000
v 4.175015 -0.159658 -0.200000
v 4.223186 -0.160072 -0.200000
v 4.566198 -0.160072 -0.200000
v 4.777087 -1.211978 -0.200000
v 4.778040 -1.216177 -0.200000
v 4.779205 -1.220306 -0.200000
v 4.780581 -1.224365 -0.200000
v 4.782169 -1.228352 -0.200000
v 4.783969 -1.232269 -0.200000
v 4.785981 -1.236116 -0.200000
v 4.788204 -1.239892 -0.200000
v 4.790639 -1.243597 -0.200000
v 4.793285 -1.247232 -0.200000
v 4.796144 -1.250796 -0.200000
v 4.799214 -1.254290 -0.200000
v 4.802495 -1.257713 -0.200000
v 4.806042 -1.261048 -0.200000
v 4.809906 -1.264277 -0.200000
v 4.814088 -1.267400 -0.200000
v 4.818588 -1.270417 -0.200000
v 4.823405 -1.273328 -0.200000
v 4.828539 -1.276134 -0.200000
v 4.833992 -1.278834 -0.200000
v 4.839762 -1.281427 -0.200000
v 4.845849 -1.283915 -0.200000
v 4.852254 -1.286297 -0.200000
v 4.858977 -1.288573 -0.200000
v 4.866017 -1.290744 -0.200000
v 4.873374 -1.292817 -0.200000
v 4.881050 -1.294802 -0.200000
v 4.889043 -1.296699 -0.200000
v 4.897353 -1.298508 -0.200000
v 4.905982 -1.300228 -0.200000
v 4.914927 -1.301860 -0.200000
v 4.924191 -1.303404 -0.200000
v 4.933772 -1.304860 -0.200000
v 4.943671 -1.306227 -0.200000
v 4.953887 -1.307506 -0.200000
v 4.964421 -1.308697 -0.200000
v 4.975272 -1.309800 -0.200000
v 4.986494 -1.310815 -0.200000
v 4.998140 -1.311741 -0.200000
v 5.010209 -1.312579 -0.200000
v 5.022701 -1.313329 -0.200000
v 5.035617 -1.313991 -0.200000
v 5.048956 -1.314564 -0.200000
v 5.062719 -1.315050 -0.200000
v 5.076905 -1.315446 -0.200000
v 5.091515 -1.315755 -0.200000
v 5.106548 -1.315976 -0.200000
v 5.122005 -1.316108 -0.200000
v 5.137886 -1.316152 -0.200000
v 5.153334 -1.316108 -0.200000
v 5.168341 -1.315976 -0.200000
v 5.182906 -1.315755 -0.200000
v 5.197031 -1.315446 -0.200000
v 5.210714 -1.315049 -0.200000
v 5.223957 -1.314564 -0.200000
v 5.236758 -1.313991 -0.200000
v 5.249118 -1.313329 -0.200000
v 5.261037 -1.312579 -0.200000
v 5.272515 -1.311741 -0.200000
v 5.283552 -1.310815 -0.200000
v 5.294147 -1.309800 -0.200000
v 5.304337 -1.308697 -0.200000
v 5.314156 -1.307506 -0.200000
v 5.323605 -1.306227 -0.200000
v 5.332683 -1.304860 -0.200000
v 5.341391 -1.303404 -0.200000
v 5.349728 -1.301860 -0.200000
v 5.357695 -1.300228 -0.200000
v 5.365291 -1.298508 -0.200000
v 5.372516 -1.296699 -0.200000
v 5.379371 -1.294802 -0.200000
v 5.385856 -1.292817 -0.200000
v 5.391969 -1.290744 -0.200000
v 5.397739 -1.288582 -0.200000
v 5.403192 -1.286333 -0.200000
v 5.408326 -1.283995 -0.200000
v 5.413143 -1.281569 -0.200000
v 5.417643 -1.279054 -0.200000
v 5.421824 -1.276452 -0.200000
v 5.425688 -1.273761 -0.200000
v 5.429235 -1.270982 -0.200000
v 5.432464 -1.268114 -0.200000
v 5.435375 -1.265159 -0.200000
v 5.437969 -1.262115 -0.200000
v 5.440245 -1.258983 -0.200000
v 5.442221 -1.255746 -0.200000
v 5.443915 -1.252384 -0.200000
v 5.445327 -1.248899 -0.200000
v 5.446456 -1.245291 -0.200000
v 5.447303 -1.241559 -0.200000
v 5.447867 -1.237704 -0.200000
v 5.448150 -1.233725 -0.200000
v 5.448150 -1.229623 -0.200000
v 5.447867 -1.225397 -0.200000
v 5.447303 -1.221047 -0.200000
v 5.446456 -1.216574 -0.200000
v 5.445327 -1.211978 -0.200000
v 4.853312 1.748095 -0.200001
v 4.849131 1.767583 -0.200001
v 4.844208 1.786242 -0.200001
v 4.838544 1.804072 -0.200001
v 4.832139 1.821073 -0.200001
v 4.824993 1.837244 -0.200001
v 4.817105 1.852586 -0.200001
v 4.808477 1.867099 -0.200001
v 4.799108 1.880783 -0.200001
v 4.788997 1.893637 -0.200001
v 4.778146 1.905662 -0.200001
v 4.766553 1.916857 -0.200001
v 4.754220 1.927223 -0.200001
v 4.741268 1.936760 -0.200001
v 4.727823 1.945468 -0.200001
v 4.713884 1.953346 -0.200001
v 4.699450 1.960396 -0.200001
v 4.684523 1.966615 -0.200001
v 4.669102 1.972006 -0.200001
v 4.653186 1.976567 -0.200001
v 4.636777 1.980299 -0.200001
v 4.619874 1.983201 -0.200001
v 4.602476 1.985275 -0.200001
v 4.584584 1.986519 -0.200001
v 4.566198 1.986933 -0.200001
v 3.847142 1.986933 -0.200000
v 3.825315 1.986871 -0.200000
v 3.803877 1.986686 -0.200000
v 3.782827 1.986377 -0.200000
v 3.762165 1.985945 -0.200000
v 3.741891 1.985389 -0.200000
v 3.722006 1.984710 -0.200000
v 3.702508 1.983907 -0.200000
v 3.683399 1.982981 -0.200000
v 3.664678 1.981931 -0.200000
v 3.646345 1.980757 -0.200000
v 3.628400 1.979461 -0.200000
v 3.610844 1.978040 -0.200000
v 3.593499 1.976479 -0.200000
v 3.576190 1.974758 -0.200000
v 3.558916 1.972879 -0.200000
v 3.541677 1.970841 -0.200000
v 3.524473 1.968644 -0.200000
v 3.507305 1.966289 -0.200000
v 3.490172 1.963774 -0.200000
v 3.473074 1.961101 -0.200000
v 3.456012 1.958269 -0.200000
v 3.438985 1.955279 -0.200000
v 3.421993 1.952129 -0.200000
v 3.405036 1.948820 -0.200000
v 3.379425 1.943510 -0.200000
v 3.354255 1.937740 -0.200000
v 3.329526 1.931511 -0.200000
v 3.305238 1.924824 -0.200000
v 3.281391 1.917678 -0.200000
v 3.257986 1.910073 -0.200000
v 3.235021 1.902009 -0.200000
v 3.212498 1.893487 -0.200000
v 3.190416 1.884506 -0.200000
v 3.168774 1.875066 -0.200000
v 3.147574 1.865167 -0.200000
v 3.126815 1.854810 -0.200000
v 3.106533 1.844002 -0.200000
v 3.086762 1.832754 -0.200000
v 3.067502 1.821064 -0.200000
v 3.048755 1.808934 -0.200000
v 3.030519 1.796362 -0.200000
v 3.012795 1.783349 -0.200000
v 2.995583 1.769895 -0.200000
v 2.978882 1.756000 -0.200000
v 2.962693 1.741663 -0.200000
v 2.947016 1.726886 -0.200000
v 2.931850 1.711668 -0.200000
v 2.917196 1.696007 -0.200000
v 2.903080 1.679898 -0.200000
v 2.889529 1.663330 -0.200000
v 2.876543 1.646302 -0.200000
v 2.864121 1.628817 -0.200000
v 2.852264 1.610872 -0.200000
v 2.840971 1.592469 -0.200000
v 2.830243 1.573606 -0.200000
v 2.820080 1.554286 -0.200000
v 2.810481 1.534506 -0.200000
v 2.801447 1.514267 -0.200000
v 2.792978 1.493570 -0.200000
v 3.458394 0.941379 -0.200000
v 3.455959 0.955522 -0.200000
v 3.453736 0.969576 -0.200000
v 3.451724 0.983542 -0.200000
v 3.449924 0.997419 -0.200000
v 3.448337 1.011209 -0.200000
v 3.446960 1.024909 -0.200000
v 3.445796 1.038522 -0.200000
v 3.444843 1.052047 -0.200000
v 3.444102 1.065484 -0.200000
v 3.443573 1.078832 -0.200000
v 3.443255 1.092092 -0.200000
v 3.443149 1.105263 -0.200000
v 3.443555 1.125361 -0.200000
v 3.444772 1.144999 -0.200000
v 3.446801 1.164179 -0.200000
v 3.449642 1.182900 -0.200000
v 3.453295 1.201162 -0.200000
v 3.457759 1.218966 -0.200000
v 3.463034 1.236310 -0.200000
v 3.469122 1.253196 -0.200000
v 3.476021 1.269624 -0.200000
v 3.483732 1.285592 -0.200000
v 3.492254 1.301102 -0.200000
v 3.501588 1.316153 -0.200000
v 3.511769 1.330604 -0.200000
v 3.522832 1.344314 -0.200000
v 3.534778 1.357283 -0.200000
v 3.547606 1.369510 -0.200000
v 3.561315 1.380997 -0.200000
v 3.575907 1.391743 -0.200000
v 3.591382 1.401747 -0.200000
v 3.607738 1.411011 -0.200000
v 3.624977 1.419533 -0.200000
v 3.643099 1.427314 -0.200000
v 3.662102 1.434355 -0.200000
v 3.681988 1.440654 -0.200000
v 3.690969 1.443539 -0.200000
v 3.700126 1.446265 -0.200000
v 3.709460 1.448832 -0.200000
v 3.718970 1.451240 -0.200000
v 3.728657 1.453490 -0.200000
v 3.738521 1.455581 -0.200000
v 3.748560 1.457513 -0.200000
v 3.758777 1.459286 -0.200000
v 3.769170 1.460901 -0.200000
v 3.779739 1.462357 -0.200000
v 3.790484 1.463653 -0.200000
v 3.801407 1.464792 -0.200000
v 3.812523 1.465806 -0.200000
v 3.823851 1.466732 -0.200000
v 3.835391 1.467571 -0.200000
v 3.847142 1.468320 -0.200000
v 3.859105 1.468982 -0.200000
v 3.871280 1.469556 -0.200000
v 3.883666 1.470041 -0.200000
v 3.896265 1.470438 -0.200000
v 3.909074 1.470747 -0.200000
v 3.922096 1.470967 -0.200000
v 3.935329 1.471099 -0.200000
v 3.948775 1.471143 -0.200000
v 4.243512 1.471143 -0.200000
v 4.462024 0.355717 -0.200000
v 4.157124 0.355717 -0.200000
v 4.133277 0.355955 -0.200000
v 4.110012 0.356670 -0.200000
v 4.087330 0.357861 -0.200000
v 4.065230 0.359528 -0.200000
v 4.043713 0.361672 -0.200000
v 4.022777 0.364292 -0.200000
v 4.002424 0.367389 -0.200000
v 3.982653 0.370962 -0.200000
v 3.963464 0.375012 -0.200000
v 3.944858 0.379537 -0.200000
v 3.926834 0.384540 -0.200000
v 3.909392 0.390018 -0.200000
v 3.892418 0.395885 -0.200000
v 3.875797 0.402052 -0.200000
v 3.859529 0.408519 -0.200000
v 3.843613 0.415286 -0.200000
v 3.828050 0.422352 -0.200000
v 3.812840 0.429719 -0.200000
v 3.797984 0.437385 -0.200000
v 3.783480 0.445352 -0.200000
v 3.769329 0.453619 -0.200000
v 3.755531 0.462185 -0.200000
v 3.742085 0.471051 -0.200000
v 3.728993 0.480218 -0.200000
v 3.716236 0.489675 -0.200000
v 3.703797 0.499415 -0.200000
v 3.691675 0.509438 -0.200000
v 3.679871 0.519742 -0.200000
v 3.668384 0.530329 -0.200000
v 3.657215 0.541198 -0.200000
v 3.646363 0.552349 -0.200000
v 3.635830 0.563783 -0.200000
v 3.625613 0.575499 -0.200000
v 3.615715 0.587498 -0.200000
v 3.606133 0.599778 -0.200000
v 3.596870 0.612341 -0.200000
v 3.587906 0.625098 -0.200000
v 3.579225 0.637961 -0.200000
v 3.570826 0.650930 -0.200000
v 3.562710 0.664005 -0.200000
v 3.554875 0.677186 -0.200000
v 3.547323 0.690472 -0.200000
v 3.540054 0.703864 -0.200000
v 3.533067 0.717363 -0.200000
v 3.526361 0.730967 -0.200000
v 3.519939 0.744677 -0.200000
v 3.513799 0.758492 -0.200000
v 3.507940 0.772414 -0.200000
v 3.502356 0.786397 -0.200000
v 3.497036 0.800398 -0.200000
v 3.491981 0.814417 -0.200000
v 3.487190 0.828453 -0.200000
v 3.482664 0.842507 -0.200000
v 3.478403 0.856579 -0.200000
v 3.474406 0.870668 -0.200000
v 3.470675 0.884775 -0.200000
v 3.467207 0.898900 -0.200000
v 3.464005 0.913042 -0.200000
v 3.461067 0.927202 -0.200000
v -5.438974 0.791470 0.200000
v -5.447294 0.772158 0.200000
v -5.454890 0.752758 0.200000
v -5.461763 0.733269 0.200000
v -5.467912 0.713692 0.200000
v -5.473338 0.694027 0.200000
v -5.478040 0.674274 0.200000
v -5.482019 0.654433 0.200000
v -5.485274 0.634503 0.200000
v -5.487807 0.614485 0.200000
v -5.489615 0.594379 0.200000
v -5.490701 0.574185 0.200000
v -5.491062 0.553902 0.200000
v -5.490489 0.523668 0.200000
v -5.488769 0.493946 0.200000
v -5.485901 0.464735 0.200000
v -5.481887 0.436036 0.200000
v -5.476726 0.407848 0.200000
v -5.470417 0.380173 0.200000
v -5.462963 0.353009 0.200000
v -5.454361 0.326356 0.200000
v -5.444613 0.300216 0.200000
v -5.433717 0.274587 0.200000
v -5.421675 0.249470 0.200000
v -5.408485 0.224864 0.200000
v -5.394087 0.200797 0.200000
v -5.378419 0.177294 0.200000
v -5.361480 0.154356 0.200000
v -5.343271 0.131983 0.200000
v -5.323791 0.110174 0.200000
v -5.303041 0.088929 0.200000
v -5.281020 0.068250 0.200000
v -5.257729 0.048135 0.200000
v -5.233167 0.028585 0.200000
v -5.207335 0.009599 0.200000
v -5.180233 -0.008822 0.200000
v -5.151860 -0.026679 0.200000
v -5.122200 -0.043909 0.200000
v -5.091233 -0.060450 0.200000
v -5.058961 -0.076304 0.200000
v -5.025383 -0.091470 0.200000
v -4.990499 -0.105947 0.200000
v -4.954310 -0.119737 0.200000
v -4.916816 -0.132838 0.200000
v -4.878015 -0.145251 0.200000
v -4.837909 -0.156976 0.200000
v -4.796496 -0.168012 0.200000
v -4.753778 -0.178361 0.200000
v -4.709755 -0.188022 0.200000
v -4.664364 -0.196950 0.200000
v -4.617544 -0.205102 0.200000
v -4.569294 -0.212477 0.200000
v -4.519616 -0.219076 0.200000
v -4.468508 -0.224899 0.200000
v -4.415971 -0.229945 0.200000
v -4.362005 -0.234215 0.200000
v -4.306609 -0.237709 0.200000
v -4.249785 -0.240426 0.200000
v -4.191531 -0.242367 0.200000
v -4.131848 -0.243532 0.200000
v -4.070735 -0.243920 0.200000
v -3.836978 -0.243920 0.200000
v -3.835320 -0.253651 0.200000
v -3.833732 -0.263364 0.200000
v -3.832214 -0.273060 0.200000
v -3.830767 -0.282738 0.200000
v -3.829391 -0.292399 0.200000
v -3.828085 -0.302042 0.200000
v -3.826850 -0.311667 0.200000
v -3.825686 -0.321274 0.200000
v -3.824592 -0.330864 0.200000
v -3.823568 -0.340436 0.200000
v -3.822615 -0.349991 0.200000
v -3.821733 -0.359528 0.200000
v -3.820922 -0.368994 0.200000
v -3.820181 -0.378337 0.200000
v -3.819510 -0.387556 0.200000
v -3.818910 -0.396652 0.200000
v -3.818381 -0.405625 0.200000
v -3.817922 -0.414473 0.200000
v -3.817534 -0.423199 0.200000
v -3.817216 -0.431801 0.200000
v -3.816969 -0.440279 0.200000
v -3.816793 -0.448634 0.200000
v -3.816687 -0.456865 0.200000
v -3.816652 -0.464973 0.200000
v -3.817393 -0.498568 0.200000
v -3.819616 -0.530752 0.200000
v -3.823321 -0.561524 0.200000
v -3.828509 -0.590885 0.200000
v -3.835179 -0.618834 0.200000
v -3.843331 -0.645372 0.200000
v -3.852964 -0.670498 0.200000
v -3.864081 -0.694212 0.200000
v -3.876679 -0.716515 0.200000
v -3.890759 -0.737406 0.200000
v -3.906322 -0.756886 0.200000
v -3.923367 -0.774954 0.200000
v -3.942052 -0.791593 0.200000
v -3.962538 -0.806785 0.200000
v -3.984823 -0.820531 0.200000
v -4.008908 -0.832829 0.200000
v -4.034793 -0.843680 0.200000
v -4.062478 -0.853085 0.200000
v -4.091962 -0.861043 0.200000
v -4.123246 -0.867554 0.200000
v -4.156330 -0.872618 0.200000
v -4.191213 -0.876235 0.200000
v -4.227896 -0.878405 0.200000
v -4.266379 -0.879129 0.200000
v -4.294090 -0.878961 0.200000
v -4.321325 -0.878458 0.200000
v -4.348083 -0.877620 0.200000
v -4.374365 -0.876447 0.200000
v -4.400170 -0.874938 0.200000
v -4.425499 -0.873094 0.200000
v -4.450352 -0.870915 0.200000
v -4.474728 -0.868401 0.200000
v -4.498628 -0.865551 0.200000
v -4.522051 -0.862366 0.200000
v -4.544998 -0.858846 0.200000
v -4.567469 -0.854991 0.200000
v -4.589471 -0.850932 0.200000
v -4.611015 -0.846804 0.200000
v -4.632101 -0.842604 0.200000
v -4.652728 -0.838334 0.200000
v -4.672895 -0.833994 0.200000
v -4.692605 -0.829582 0.200000
v -4.711855 -0.825101 0.200000
v -4.730647 -0.820548 0.200000
v -4.748979 -0.815925 0.200000
v -4.766853 -0.811232 0.200000
v -4.784269 -0.806468 0.200000
v -4.801225 -0.801633 0.200000
v -4.817714 -0.796799 0.200000
v -4.833727 -0.792034 0.200000
v -4.849263 -0.787341 0.200000
v -4.864322 -0.782718 0.200000
v -4.878906 -0.778166 0.200000
v -4.893013 -0.773684 0.200000
v -4.906643 -0.769273 0.200000
v -4.919797 -0.764932 0.200000
v -4.932475 -0.760662 0.200000
v -4.944676 -0.756463 0.200000
v -4.956401 -0.752334 0.200000
v -4.967649 -0.748276 0.200000
v -4.978413 -0.744420 0.200000
v -4.988682 -0.740900 0.200000
v -4.998457 -0.737715 0.200000
v -5.007739 -0.734866 0.200000
v -5.016525 -0.732351 0.200000
v -5.024818 -0.730172 0.200000
v -5.032617 -0.728328 0.200000
v -5.039922 -0.726820 0.200000
v -5.046733 -0.725646 0.200000
v -5.053050 -0.724808 0.200000
v -5.058873 -0.724305 0.200000
v -5.064201 -0.724138 0.200000
v -5.069160 -0.724261 0.200000
v -5.073870 -0.724632 0.200000
v -5.078334 -0.725249 0.200000
v -5.082551 -0.726114 0.200000
v -5.086521 -0.727226 0.200000
v -5.090244 -0.728584 0.200000
v -5.093720 -0.730190 0.200000
v -5.096949 -0.732043 0.200000
v -5.099931 -0.734142 0.200000
v -5.102666 -0.736489 0.200000
v -5.105154 -0.739083 0.200000
v -5.107396 -0.741924 0.200000
v -5.109425 -0.745029 0.200000
v -5.111277 -0.748417 0.200000
v -5.112953 -0.752087 0.200000
v -5.114453 -0.756039 0.200000
v -5.115777 -0.760274 0.200000
v -5.116924 -0.764791 0.200000
v -5.117894 -0.769590 0.200000
v -5.118688 -0.774672 0.200000
v -5.119306 -0.780036 0.200000
v -5.119747 -0.785682 0.200000
v -5.120011 -0.791611 0.200000
v -5.120100 -0.797822 0.200000
v -5.120047 -0.805109 0.200000
v -5.119888 -0.812573 0.200000
v -5.119623 -0.820213 0.200000
v -5.119253 -0.828030 0.200000
v -5.118776 -0.836023 0.200000
v -5.118194 -0.844192 0.200001
v -5.117506 -0.852538 0.200001
v -5.116712 -0.861061 0.200001
v -5.115812 -0.869759 0.200001
v -5.114806 -0.878635 0.200001
v -5.113695 -0.887686 0.200001
v -5.112478 -0.896914 0.200001
v -5.111163 -0.906222 0.200001
v -5.109760 -0.915512 0.200001
v -5.108269 -0.924784 0.200001
v -5.106690 -0.934039 0.200001
v -5.105022 -0.943276 0.200001
v -5.103267 -0.952495 0.200001
v -5.101423 -0.961697 0.200001
v -5.099491 -0.970881 0.200001
v -5.097471 -0.980047 0.200001
v -5.095362 -0.989196 0.200001
v -5.093165 -0.998327 0.200001
v -5.090880 -1.007441 0.200001
v -5.088498 -1.016501 0.200001
v -5.086010 -1.025474 0.200001
v -5.083416 -1.034358 0.200001
v -5.080717 -1.043154 0.200001
v -5.077911 -1.051861 0.200001
v -5.075000 -1.060481 0.200001
v -5.071982 -1.069012 0.200001
v -5.068859 -1.077455 0.200001
v -5.065630 -1.085810 0.200001
v -5.062295 -1.094076 0.200001
v -5.058855 -1.102255 0.200001
v -5.055308 -1.110345 0.200001
v -5.051665 -1.118232 0.200001
v -5.047933 -1.125801 0.200001
v -5.044113 -1.133053 0.200001
v -5.040205 -1.139988 0.200001
v -5.036208 -1.146604 0.200001
v -5.032123 -1.152904 0.200001
v -5.027950 -1.158885 0.200001
v -5.023689 -1.164549 0.200001
v -5.019340 -1.169895 0.200001
v -5.014902 -1.174924 0.200001
v -5.010376 -1.179635 0.200001
v -5.005762 -1.184029 0.200001
v -5.000328 -1.189111 0.200001
v -4.994187 -1.194192 0.200001
v -4.987341 -1.199274 0.200001
v -4.979789 -1.204355 0.200001
v -4.971531 -1.209437 0.200001
v -4.962568 -1.214519 0.200001
v -4.952899 -1.219601 0.200001
v -4.942524 -1.224682 0.200001
v -4.931443 -1.229764 0.200001
v -4.919656 -1.234846 0.200000
v -4.907164 -1.239927 0.200000
v -4.893966 -1.245009 0.200000
v -4.880185 -1.250055 0.200000
v -4.865946 -1.255031 0.200000
v -4.851248 -1.259936 0.200000
v -4.836091 -1.264771 0.200000
v -4.820476 -1.269535 0.200000
v -4.804401 -1.274228 0.200000
v -4.787868 -1.278851 0.200000
v -4.770876 -1.283404 0.200000
v -4.753426 -1.287885 0.200000
v -4.735517 -1.292297 0.200000
v -4.717148 -1.296637 0.200000
v -4.698321 -1.300907 0.200000
v -4.679071 -1.305080 0.200000
v -4.659432 -1.309130 0.200000
v -4.639406 -1.313056 0.200000
v -4.618991 -1.316858 0.200000
v -4.598187 -1.320537 0.200000
v -4.576996 -1.324092 0.200000
v -4.555417 -1.327524 0.200000
v -4.533450 -1.330833 0.200000
v -4.511094 -1.334017 0.200000
v -4.488349 -1.337079 0.200000
v -4.465218 -1.340017 0.200000
v -4.441697 -1.342831 0.200000
v -4.417947 -1.345469 0.200000
v -4.394127 -1.347877 0.200000
v -4.370236 -1.350056 0.200000
v -4.346275 -1.352006 0.200000
v -4.322243 -1.353726 0.200000
v -4.298140 -1.355217 0.200000
v -4.273967 -1.356479 0.200000
v -4.249723 -1.357511 0.200000
v -4.225409 -1.358314 0.200000
v -4.201024 -1.358888 0.200000
v -4.176568 -1.359232 0.200000
v -4.152042 -1.359346 0.200000
v -4.111821 -1.358994 0.200000
v -4.072464 -1.357935 0.200000
v -4.033973 -1.356170 0.200000
v -3.996345 -1.353700 0.200000
v -3.959582 -1.350524 0.200000
v -3.923684 -1.346642 0.200000
v -3.888651 -1.342055 0.200000
v -3.854482 -1.336761 0.200000
v -3.821178 -1.330762 0.200000
v -3.788738 -1.324057 0.200000
v -3.757163 -1.316646 0.200000
v -3.726452 -1.308530 0.200000
v -3.696588 -1.299690 0.200000
v -3.667554 -1.290109 0.200000
v -3.639349 -1.279786 0.200000
v -3.611973 -1.268723 0.200000
v -3.585427 -1.256919 0.200000
v -3.559710 -1.244374 0.200000
v -3.534822 -1.231087 0.200000
v -3.510763 -1.217059 0.200000
v -3.487534 -1.202291 0.200000
v -3.465134 -1.186781 0.200000
v -3.443563 -1.170530 0.200000
v -3.422822 -1.153539 0.200000
v -3.402919 -1.135779 0.200000
v -3.383863 -1.117226 0.200000
v -3.365654 -1.097879 0.200000
v -3.348291 -1.077737 0.200000
v -3.331776 -1.056802 0.200000
v -3.316107 -1.035072 0.200000
v -3.301286 -1.012549 0.200000
v -3.287311 -0.989231 0.200000
v -3.274184 -0.965120 0.200000
v -3.261903 -0.940215 0.200000
v -3.250469 -0.914515 0.200000
v -3.239882 -0.888022 0.200000
v -3.230142 -0.860716 0.200000
v -3.221250 -0.832582 0.200000
v -3.213203 -0.803618 0.200000
v -3.206004 -0.773825 0.200000
v -3.199652 -0.743203 0.200000
v -3.194147 -0.711751 0.200000
v -3.189489 -0.679470 0.200000
v -3.185678 -0.646360 0.200000
v -3.182714 -0.612420 0.200000
v -3.180596 -0.577651 0.200000
v -3.179326 -0.542053 0.200000
v -3.178902 -0.505626 0.200000
v -3.179123 -0.477086 0.200000
v -3.179785 -0.448210 0.200000
v -3.180887 -0.418999 0.200000
v -3.182431 -0.389453 0.200000
v -3.184416 -0.359572 0.200000
v -3.186842 -0.329356 0.200000
v -3.189710 -0.298804 0.200000
v -3.193018 -0.267917 0.200000
v -3.196768 -0.236694 0.200000
v -3.200958 -0.205137 0.200000
v -3.205590 -0.173244 0.200000
v -3.210663 -0.141016 0.200000
v -3.216229 -0.108656 0.200000
v -3.222343 -0.076366 0.200000
v -3.229004 -0.044147 0.200000
v -3.236212 -0.011998 0.200000
v -3.243967 0.020080 0.200000
v -3.252269 0.052087 0.200000
v -3.261118 0.084024 0.200000
v -3.270514 0.115890 0.200000
v -3.280457 0.147686 0.200000
v -3.290946 0.179411 0.200000
v -3.301983 0.211066 0.200000
v -3.313566 0.242650 0.200000
v -3.325706 0.274084 0.200000
v -3.338410 0.305289 0.200000
v -3.351679 0.336264 0.200000
v -3.365512 0.367010 0.200000
v -3.379910 0.397526 0.200000
v -3.394873 0.427813 0.200000
v -3.410401 0.457871 0.200000
v -3.426493 0.487699 0.200000
v -3.443149 0.517298 0.200000
v -3.460371 0.546668 0.200000
v -3.478156 0.575808 0.200000
v -3.496506 0.604719 0.200000
v -3.515465 0.633224 0.200000
v -3.535078 0.661147 0.200000
v -3.555343 0.688487 0.200000
v -3.576261 0.715245 0.200000
v -3.597831 0.741421 0.200000
v -3.620054 0.767015 0.200000
v -3.642931 0.792026 0.200000
v -3.666460 0.816455 0.200000
v -3.690642 0.840302 0.200000
v -3.715477 0.863566 0.200000
v -3.740965 0.886249 0.200000
v -3.767106 0.908349 0.200000
v -3.793916 0.929796 0.200000
v -3.821416 0.950519 0.200000
v -3.849603 0.970520 0.200000
v -3.878479 0.989797 0.200000
v -3.908042 1.008350 0.200000
v -3.938294 1.026180 0.200000
v -3.969234 1.043286 0.200000
v -4.000863 1.059669 0.200000
v -4.033179 1.075329 0.200000
v -4.066183 1.090265 0.200000
v -4.099875 1.104478 0.200000
v -4.134256 1.117967 0.200000
v -4.169386 1.130548 0.200000
v -4.205328 1.142035 0.200000
v -4.242083 1.152428 0.200000
v -4.279648 1.161726 0.200000
v -4.318025 1.169931 0.200000
v -4.357214 1.177042 0.200000
v -4.397215 1.183059 0.200000
v -4.438027 1.187982 0.200000
v -4.479650 1.191811 0.200000
v -4.522086 1.194546 0.200000
v -4.565333 1.196187 0.200000
v -4.609392 1.196733 0.200000
v -4.647478 1.196354 0.200000
v -4.684665 1.195216 0.200000
v -4.720951 1.193319 0.200000
v -4.756337 1.190664 0.200000
v -4.790824 1.187249 0.200000
v -4.824411 1.183076 0.200000
v -4.857098 1.178145 0.200000
v -4.888885 1.172454 0.200000
v -4.919771 1.166005 0.200000
v -4.949759 1.158797 0.200000
v -4.978846 1.150831 0.200000
v -5.007033 1.142105 0.200000
v -5.034356 1.132754 0.200000
v -5.060849 1.122908 0.200000
v -5.086514 1.112568 0.200000
v -5.111349 1.101734 0.200000
v -5.135354 1.090407 0.200000
v -5.158531 1.078585 0.200000
v -5.180878 1.066269 0.200000
v -5.202395 1.053459 0.200000
v -5.223083 1.040154 0.200000
v -5.242942 1.026356 0.200000
v -5.261972 1.012064 0.200000
v -5.280172 0.997278 0.200000
v -5.297579 0.982068 0.200000
v -5.314227 0.966506 0.200000
v -5.330116 0.950590 0.200000
v -5.345246 0.934322 0.200000
v -5.359618 0.917700 0.200000
v -5.373231 0.900726 0.200000
v -5.386085 0.883399 0.200000
v -5.398180 0.865719 0.200000
v -5.409517 0.847686 0.200000
v -5.420095 0.829301 0.200000
v -5.429914 0.810562 0.200000
v -4.825363 0.372233 0.200000
v -4.831450 0.382669 0.200000
v -4.837008 0.393230 0.200000
v -4.842037 0.403914 0.200000
v -4.846537 0.414721 0.200000
v -4.850507 0.425652 0.200000
v -4.853948 0.436706 0.200000
v -4.856859 0.447884 0.200000
v -4.859241 0.459186 0.200000
v -4.861094 0.470610 0.200000
v -4.862417 0.482159 0.200000
v -4.863211 0.493831 0.200000
v -4.863476 0.505626 0.200000
v -4.862920 0.522327 0.200000
v -4.861253 0.538551 0.200000
v -4.858474 0.554299 0.200000
v -4.854583 0.569571 0.200000
v -4.849581 0.584366 0.200000
v -4.843467 0.598684 0.200000
v -4.836241 0.612527 0.200000
v -4.827904 0.625893 0.200000
v -4.818456 0.638782 0.200000
v -4.807895 0.651195 0.200000
v -4.796223 0.663132 0.200000
v -4.783439 0.674592 0.200000
v -4.769597 0.685346 0.200000
v -4.754749 0.695165 0.200000
v -4.738895 0.704050 0.200000
v -4.722036 0.711998 0.200000
v -4.704171 0.719012 0.200000
v -4.685300 0.725091 0.200000
v -4.665423 0.730234 0.200000
v -4.644541 0.734443 0.200000
v -4.622652 0.737716 0.200000
v -4.599758 0.740054 0.200000
v -4.575858 0.741456 0.200000
v -4.550953 0.741924 0.200000
v -4.529964 0.741606 0.200000
v -4.509346 0.740653 0.200000
v -4.489099 0.739065 0.200000
v -4.469223 0.736842 0.200000
v -4.449717 0.733984 0.200000
v -4.430581 0.730490 0.200000
v -4.411816 0.726361 0.200000
v -4.393421 0.721597 0.200000
v -4.375397 0.716198 0.200000
v -4.357744 0.710164 0.200000
v -4.340461 0.703494 0.200000
v -4.323548 0.696189 0.200000
v -4.306989 0.688346 0.200000
v -4.290764 0.680062 0.200000
v -4.274876 0.671336 0.200000
v -4.259322 0.662170 0.200000
v -4.244103 0.652562 0.200000
v -4.229220 0.642514 0.200000
v -4.214672 0.632024 0.200000
v -4.200459 0.621093 0.200000
v -4.186582 0.609721 0.200000
v -4.173040 0.597908 0.200000
v -4.159833 0.585654 0.200000
v -4.146960 0.572958 0.200000
v -4.134406 0.559848 0.200000
v -4.122152 0.546350 0.200000
v -4.110198 0.532464 0.200000
v -4.098544 0.518189 0.200000
v -4.087190 0.503527 0.200000
v -4.076135 0.488476 0.200000
v -4.065381 0.473037 0.200000
v -4.054926 0.457209 0.200000
v -4.044771 0.440994 0.200000
v -4.034917 0.424390 0.200000
v -4.025362 0.407398 0.200000
v -4.016108 0.390018 0.200000
v -4.007153 0.372347 0.200000
v -3.998498 0.354482 0.200000
v -3.990144 0.336423 0.200000
v -3.982089 0.318169 0.200000
v -3.974334 0.299722 0.200000
v -3.966879 0.281080 0.200000
v -3.959724 0.262244 0.200000
v -3.952869 0.243215 0.200000
v -3.946314 0.223991 0.200000
v -3.940059 0.204573 0.200000
v -3.934104 0.184961 0.200000
v -3.928449 0.165155 0.200000
v -4.141879 0.165155 0.200000
v -4.175298 0.165340 0.200000
v -4.207799 0.165896 0.200000
v -4.239383 0.166822 0.200000
v -4.270050 0.168119 0.200000
v -4.299799 0.169786 0.200000
v -4.328630 0.171824 0.200000
v -4.356544 0.174233 0.200000
v -4.383541 0.177012 0.200000
v -4.409619 0.180161 0.200000
v -4.434781 0.183681 0.200000
v -4.459024 0.187572 0.200000
v -4.482350 0.191833 0.200000
v -4.504848 0.196412 0.200000
v -4.526603 0.201255 0.200000
v -4.547618 0.206364 0.200000
v -4.567892 0.211736 0.200000
v -4.587424 0.217374 0.200000
v -4.606216 0.223276 0.200000
v -4.624267 0.229443 0.200000
v -4.641576 0.235874 0.200000
v -4.658144 0.242571 0.200000
v -4.673971 0.249531 0.200000
v -4.689057 0.256757 0.200000
v -4.703403 0.264247 0.200000
v -4.717060 0.271984 0.200000
v -4.730082 0.279951 0.200000
v -4.742468 0.288147 0.200000
v -4.754219 0.296572 0.200000
v -4.765336 0.305227 0.200000
v -4.775816 0.314111 0.200000
v -4.785662 0.323224 0.200000
v -4.794873 0.332567 0.200000
v -4.803448 0.342140 0.200000
v -4.811388 0.351941 0.200000
v -4.818693 0.361972 0.200000
v -2.569737 1.039202 0.200000
v -2.574201 1.034720 0.200000
v -2.578277 1.029744 0.200000
v -2.581965 1.024274 0.200000
v -2.585264 1.018310 0.200000
v -2.588176 1.011853 0.200000
v -2.590699 1.004900 0.200000
v -2.592834 0.997454 0.200000
v -2.594581 0.989514 0.200000
v -2.595939 0.981080 0.200000
v -2.596910 0.972152 0.200000
v -2.597492 0.962730 0.200000
v -2.597686 0.952813 0.200000
v -2.597624 0.947529 0.200000
v -2.597439 0.941838 0.200000
v -2.597130 0.935742 0.200000
v -2.596698 0.929240 0.200000
v -2.596142 0.922332 0.200000
v -2.595463 0.915018 0.200000
v -2.594660 0.907299 0.200000
v -2.593734 0.899173 0.200000
v -2.592684 0.890642 0.200000
v -2.591511 0.881705 0.200000
v -2.590214 0.872362 0.200000
v -2.588793 0.862614 0.200000
v -2.587249 0.852653 0.200000
v -2.585582 0.842675 0.200000
v -2.583791 0.832680 0.200000
v -2.581876 0.822666 0.200000
v -2.579838 0.812635 0.200000
v -2.577677 0.802586 0.200000
v -2.575392 0.792520 0.200000
v -2.572984 0.782436 0.200000
v -2.570451 0.772335 0.200000
v -2.567796 0.762215 0.200000
v -2.565017 0.752078 0.200000
v -2.562114 0.741924 0.200000
v -2.559106 0.731875 0.200000
v -2.556009 0.722056 0.200000
v -2.552824 0.712466 0.200000
v -2.549551 0.703106 0.200000
v -2.546190 0.693974 0.200000
v -2.542740 0.685073 0.200000
v -2.539203 0.676400 0.200000
v -2.535577 0.667957 0.200000
v -2.531862 0.659744 0.200000
v -2.528060 0.651760 0.200000
v -2.524169 0.644005 0.200000
v -2.520190 0.636479 0.200000
v -2.516123 0.629377 0.200000
v -2.511968 0.622893 0.200000
v -2.507725 0.617026 0.200000
v -2.503393 0.611777 0.200000
v -2.498973 0.607145 0.200000
v -2.494465 0.603131 0.200000
v -2.489868 0.599734 0.200000
v -2.485183 0.596955 0.200000
v -2.480411 0.594794 0.200000
v -2.475549 0.593250 0.200000
v -2.470600 0.592324 0.200000
v -2.465563 0.592015 0.200000
v -2.459978 0.592182 0.200000
v -2.454235 0.592685 0.200000
v -2.448333 0.593523 0.200000
v -2.442271 0.594697 0.200000
v -2.436052 0.596205 0.200000
v -2.429673 0.598049 0.200000
v -2.423136 0.600228 0.200000
v -2.416440 0.602743 0.200000
v -2.409585 0.605592 0.200000
v -2.402571 0.608777 0.200000
v -2.395399 0.612297 0.200000
v -2.388067 0.616153 0.200000
v -2.380524 0.620211 0.200000
v -2.372716 0.624340 0.200000
v -2.364644 0.628539 0.200000
v -2.356307 0.632809 0.200000
v -2.347705 0.637150 0.200000
v -2.338838 0.641561 0.200000
v -2.329707 0.646043 0.200000
v -2.320311 0.650595 0.200000
v -2.310651 0.655218 0.200000
v -2.300726 0.659912 0.200000
v -2.290536 0.664676 0.200000
v -2.280082 0.669510 0.200000
v -2.269345 0.674336 0.200000
v -2.258308 0.679074 0.200000
v -2.246971 0.683723 0.200000
v -2.235335 0.688284 0.200000
v -2.223398 0.692757 0.200000
v -2.211161 0.697142 0.200000
v -2.198625 0.701438 0.200000
v -2.185788 0.705647 0.200000
v -2.172652 0.709767 0.200000
v -2.159215 0.713798 0.200000
v -2.145479 0.717742 0.200000
v -2.131443 0.721597 0.200000
v -2.117054 0.725250 0.200000
v -2.102258 0.728585 0.200000
v -2.087058 0.731602 0.200000
v -2.071451 0.734302 0.200000
v -2.055438 0.736684 0.200000
v -2.039020 0.738748 0.200000
v -2.022196 0.740495 0.200000
v -2.004966 0.741924 0.200000
v -1.987330 0.743036 0.200000
v -1.969288 0.743830 0.200000
v -1.950840 0.744306 0.200000
v -1.931987 0.744465 0.200000
v -1.917298 0.744306 0.200000
v -1.902873 0.743830 0.200000
v -1.888714 0.743036 0.200000
v -1.874818 0.741924 0.200000
v -1.861188 0.740495 0.200000
v -1.847822 0.738748 0.200000
v -1.834721 0.736684 0.200000
v -1.821884 0.734302 0.200000
v -1.809313 0.731602 0.200000
v -1.797005 0.728585 0.200000
v -1.784963 0.725250 0.200000
v -1.773185 0.721597 0.200000
v -1.761707 0.717671 0.200000
v -1.750565 0.713516 0.200000
v -1.739757 0.709131 0.200000
v -1.729285 0.704517 0.200000
v -1.719148 0.699674 0.200000
v -1.709347 0.694601 0.200000
v -1.699880 0.689299 0.200000
v -1.690749 0.683767 0.200000
v -1.681953 0.678006 0.200000
v -1.673493 0.672016 0.200000
v -1.665367 0.665796 0.200000
v -1.657577 0.659347 0.200000
v -1.650105 0.652686 0.200000
v -1.642932 0.645831 0.200000
v -1.636060 0.638782 0.200000
v -1.629487 0.631539 0.200000
v -1.623214 0.624102 0.200000
v -1.617242 0.616470 0.200000
v -1.611569 0.608645 0.200000
v -1.606196 0.600625 0.200000
v -1.601123 0.592412 0.200000
v -1.596350 0.584004 0.200000
v -1.591877 0.575402 0.200000
v -1.587704 0.566606 0.200000
v -1.583849 0.557660 0.200000
v -1.580329 0.548609 0.200000
v -1.577144 0.539451 0.200000
v -1.574294 0.530188 0.200000
v -1.571780 0.520818 0.200000
v -1.569601 0.511343 0.200000
v -1.567757 0.501762 0.200000
v -1.566248 0.492075 0.200000
v -1.565075 0.482282 0.200000
v -1.564237 0.472384 0.200000
v -1.563734 0.462379 0.200000
v -1.563566 0.452269 0.200000
v -1.564016 0.439318 0.200000
v -1.565366 0.426719 0.200000
v -1.567616 0.414474 0.200000
v -1.570765 0.402581 0.200000
v -1.574815 0.391042 0.200000
v -1.579764 0.379855 0.200000
v -1.585613 0.369021 0.200000
v -1.592362 0.358540 0.200000
v -1.600011 0.348412 0.200000
v -1.608560 0.338637 0.200000
v -1.618009 0.329215 0.200000
v -1.628358 0.320145 0.200000
v -1.639377 0.311297 0.200000
v -1.650837 0.302536 0.200000
v -1.662738 0.293864 0.200000
v -1.675081 0.285280 0.200000
v -1.687864 0.276784 0.200000
v -1.701089 0.268376 0.200000
v -1.714755 0.260056 0.200000
v -1.728862 0.251825 0.200000
v -1.743410 0.243682 0.200000
v -1.758399 0.235627 0.200000
v -1.773829 0.227661 0.200000
v -1.789701 0.219782 0.200000
v -1.805898 0.211922 0.200000
v -1.822308 0.204008 0.200000
v -1.838929 0.196042 0.200000
v -1.855762 0.188022 0.200000
v -1.872807 0.179950 0.200000
v -1.890064 0.171824 0.200000
v -1.907532 0.163646 0.200000
v -1.925212 0.155415 0.200000
v -1.943104 0.147130 0.200000
v -1.961207 0.138793 0.200000
v -1.979522 0.130403 0.200000
v -1.998049 0.121960 0.200000
v -2.016576 0.113314 0.200000
v -2.034891 0.104316 0.200000
v -2.052995 0.094964 0.200000
v -2.070886 0.085259 0.200000
v -2.088567 0.075202 0.200000
v -2.106035 0.064791 0.200000
v -2.123291 0.054028 0.200000
v -2.140336 0.042912 0.200000
v -2.157169 0.031443 0.200000
v -2.173790 0.019621 0.200000
v -2.190200 0.007446 0.200000
v -2.206398 -0.005081 0.200000
v -2.222260 -0.018015 0.200000
v -2.237664 -0.031407 0.200000
v -2.252609 -0.045258 0.200000
v -2.267095 -0.059568 0.200000
v -2.281123 -0.074337 0.200000
v -2.294692 -0.089564 0.200000
v -2.307802 -0.105250 0.200000
v -2.320453 -0.121395 0.200000
v -2.332646 -0.137999 0.200000
v -2.344379 -0.155061 0.200000
v -2.355654 -0.172582 0.200000
v -2.366470 -0.190562 0.200000
v -2.376616 -0.209160 0.200000
v -2.385879 -0.228534 0.200000
v -2.394260 -0.248684 0.200000
v -2.401759 -0.269611 0.200000
v -2.408376 -0.291314 0.200000
v -2.414110 -0.313793 0.200000
v -2.418963 -0.337049 0.200000
v -2.422933 -0.361081 0.200000
v -2.426020 -0.385889 0.200000
v -2.428226 -0.411474 0.200000
v -2.429549 -0.437835 0.200000
v -2.429991 -0.464973 0.200000
v -2.429479 -0.496954 0.200000
v -2.427944 -0.528529 0.200000
v -2.425386 -0.559698 0.200000
v -2.421804 -0.590461 0.200000
v -2.417199 -0.620819 0.200000
v -2.411570 -0.650771 0.200000
v -2.404918 -0.680317 0.200000
v -2.397243 -0.709457 0.200000
v -2.388544 -0.738192 0.200000
v -2.378822 -0.766520 0.200000
v -2.368076 -0.794443 0.200000
v -2.356307 -0.821960 0.200000
v -2.343559 -0.848965 0.200000
v -2.329875 -0.875353 0.200000
v -2.315256 -0.901123 0.200000
v -2.299703 -0.926275 0.200000
v -2.283214 -0.950810 0.200000
v -2.265789 -0.974728 0.200000
v -2.247430 -0.998027 0.200000
v -2.228136 -1.020710 0.200000
v -2.207906 -1.042774 0.200000
v -2.186741 -1.064221 0.200000
v -2.164641 -1.085051 0.200000
v -2.141606 -1.105263 0.200000
v -2.117680 -1.124804 0.200000
v -2.092907 -1.143622 0.200000
v -2.067286 -1.161717 0.200000
v -2.040820 -1.179088 0.200000
v -2.013506 -1.195736 0.200000
v -1.985345 -1.211660 0.200000
v -1.956337 -1.226861 0.200000
v -1.926482 -1.241339 0.200000
v -1.895780 -1.255093 0.200000
v -1.864232 -1.268123 0.200000
v -1.831836 -1.280431 0.200000
v -1.798593 -1.292014 0.200000
v -1.764566 -1.302769 0.200000
v -1.729814 -1.312588 0.200000
v -1.694340 -1.321472 0.200000
v -1.658142 -1.329421 0.200000
v -1.621220 -1.336435 0.200000
v -1.583575 -1.342513 0.200000
v -1.545207 -1.347657 0.200000
v -1.506115 -1.351865 0.200000
v -1.466300 -1.355138 0.200000
v -1.425761 -1.357476 0.200000
v -1.384499 -1.358879 0.200000
v -1.342514 -1.359346 0.200000
v -1.322266 -1.359223 0.200000
v -1.302178 -1.358852 0.200000
v -1.282248 -1.358235 0.200000
v -1.262477 -1.357370 0.200000
v -1.242865 -1.356259 0.200000
v -1.223412 -1.354900 0.200000
v -1.204118 -1.353294 0.200000
v -1.184982 -1.351442 0.200000
v -1.166005 -1.349342 0.200000
v -1.147187 -1.346995 0.200000
v -1.128528 -1.344401 0.200000
v -1.110027 -1.341561 0.200000
v -1.091765 -1.338543 0.200000
v -1.073820 -1.335420 0.200000
v -1.056193 -1.332191 0.200000
v -1.038884 -1.328856 0.200000
v -1.021892 -1.325416 0.200000
v -1.005218 -1.321869 0.200000
v -0.988861 -1.318217 0.200000
v -0.972822 -1.314458 0.200000
v -0.957101 -1.310594 0.200000
v -0.941697 -1.306624 0.200000
v -0.926611 -1.302548 0.200000
v -0.911842 -1.298366 0.200000
v -0.897418 -1.294079 0.200000
v -0.883364 -1.289685 0.200000
v -0.869680 -1.285186 0.200000
v -0.856367 -1.280580 0.200000
v -0.843425 -1.275869 0.200000
v -0.830853 -1.271052 0.200000
v -0.818652 -1.266129 0.200000
v -0.806821 -1.261101 0.200000
v -0.795361 -1.255966 0.200000
v -0.784271 -1.250726 0.200000
v -0.773552 -1.245379 0.200000
v -0.763203 -1.239927 0.200000
v -0.753252 -1.234457 0.200000
v -0.743724 -1.229058 0.200000
v -0.734619 -1.223729 0.200000
v -0.725938 -1.218471 0.200000
v -0.717680 -1.213284 0.200000
v -0.709846 -1.208167 0.200000
v -0.702435 -1.203120 0.200000
v -0.695448 -1.198144 0.200000
v -0.688884 -1.193239 0.200000
v -0.682744 -1.188405 0.200000
v -0.677027 -1.183641 0.200000
v -0.671733 -1.178947 0.200000
v -0.668425 -1.175542 0.200000
v -0.665275 -1.172101 0.200000
v -0.662285 -1.168625 0.200000
v -0.659453 -1.165114 0.200000
v -0.656779 -1.161567 0.200000
v -0.654265 -1.157985 0.200000
v -0.651909 -1.154368 0.200000
v -0.649713 -1.150716 0.200000
v -0.647675 -1.147028 0.200000
v -0.645796 -1.143305 0.200000
v -0.644075 -1.139547 0.200000
v -0.642514 -1.135753 0.200000
v -0.641093 -1.131853 0.200000
v -0.639796 -1.127777 0.200000
v -0.638623 -1.123525 0.200000
v -0.637573 -1.119096 0.200000
v -0.636647 -1.114491 0.200000
v -0.635844 -1.109709 0.200000
v -0.635165 -1.104751 0.200000
v -0.634609 -1.099617 0.200000
v -0.634177 -1.094306 0.200000
v -0.633868 -1.088818 0.200000
v -0.633682 -1.083154 0.200000
v -0.633621 -1.077314 0.200000
v -0.633647 -1.073414 0.200000
v -0.633727 -1.069338 0.200000
v -0.633859 -1.065086 0.200000
v -0.634044 -1.060657 0.200000
v -0.634282 -1.056052 0.200000
v -0.634573 -1.051270 0.200000
v -0.634917 -1.046312 0.200000
v -0.635315 -1.041178 0.200000
v -0.635764 -1.035866 0.200000
v -0.636267 -1.030379 0.200000
v -0.636823 -1.024715 0.200000
v -0.637432 -1.018875 0.200000
v -0.638103 -1.012893 0.200000
v -0.638844 -1.006806 0.200000
v -0.639655 -1.000612 0.200000
v -0.640538 -0.994313 0.200000
v -0.641490 -0.987908 0.200000
v -0.642514 -0.981397 0.200000
v -0.643608 -0.974780 0.200000
v -0.644772 -0.968058 0.200000
v -0.646007 -0.961229 0.200000
v -0.647313 -0.954295 0.200000
v -0.648689 -0.947255 0.200000
v -0.650136 -0.940109 0.200000
v -0.651636 -0.932910 0.200000
v -0.653171 -0.925711 0.200000
v -0.654741 -0.918512 0.200000
v -0.656347 -0.911313 0.200000
v -0.657988 -0.904114 0.200000
v -0.659664 -0.896914 0.200000
v -0.661376 -0.889715 0.200000
v -0.663123 -0.882516 0.200000
v -0.664905 -0.875317 0.200000
v -0.666722 -0.868118 0.200000
v -0.668575 -0.860919 0.200000
v -0.670463 -0.853720 0.200000
v -0.672395 -0.846574 0.200000
v -0.674380 -0.839534 0.200000
v -0.676418 -0.832600 0.200000
v -0.678509 -0.825771 0.200000
v -0.680653 -0.819049 0.200000
v -0.682850 -0.812432 0.200000
v -0.685099 -0.805921 0.200000
v -0.687402 -0.799516 0.200000
v -0.689757 -0.793217 0.200000
v -0.692166 -0.787023 0.200000
v -0.694627 -0.780936 0.200000
v -0.697142 -0.774954 0.200000
v -0.699700 -0.769123 0.200000
v -0.702294 -0.763485 0.200000
v -0.704923 -0.758042 0.200000
v -0.707587 -0.752793 0.200000
v -0.710287 -0.747737 0.200000
v -0.713022 -0.742876 0.200000
v -0.715792 -0.738209 0.200000
v -0.718598 -0.733736 0.200000
v -0.721438 -0.729458 0.200000
v -0.724314 -0.725373 0.200000
v -0.727226 -0.721482 0.200000
v -0.730173 -0.717786 0.200000
v -0.733154 -0.714336 0.200000
v -0.736172 -0.711186 0.200000
v -0.739224 -0.708337 0.200000
v -0.742312 -0.705787 0.200000
v -0.745435 -0.703538 0.200000
v -0.748594 -0.701588 0.200000
v -0.751787 -0.699938 0.200000
v -0.755016 -0.698588 0.200000
v -0.758280 -0.697538 0.200000
v -0.761580 -0.696788 0.200000
v -0.764915 -0.696339 0.200000
v -0.768285 -0.696189 0.200000
v -0.774267 -0.696400 0.200000
v -0.780354 -0.697035 0.200000
v -0.786547 -0.698094 0.200000
v -0.792846 -0.699576 0.200000
v -0.799251 -0.701482 0.200000
v -0.805762 -0.703811 0.200000
v -0.812379 -0.706564 0.200000
v -0.819102 -0.709740 0.200000
v -0.825930 -0.713339 0.200000
v -0.832865 -0.717362 0.200000
v -0.839905 -0.721809 0.200000
v -0.847051 -0.726679 0.200000
v -0.854426 -0.731804 0.200000
v -0.862155 -0.737018 0.200000
v -0.870236 -0.742321 0.200000
v -0.878670 -0.747711 0.200000
v -0.887457 -0.753190 0.200000
v -0.896597 -0.758757 0.200000
v -0.906090 -0.764412 0.200000
v -0.915936 -0.770155 0.200000
v -0.926134 -0.775987 0.200000
v -0.936686 -0.781906 0.200000
v -0.947590 -0.787914 0.200000
v -0.958848 -0.794011 0.200000
v -0.970502 -0.800116 0.200000
v -0.982597 -0.806150 0.200000
v -0.995134 -0.812114 0.200000
v -1.008112 -0.818007 0.200000
v -1.021531 -0.823830 0.200000
v -1.035390 -0.829582 0.200000
v -1.049691 -0.835264 0.200000
v -1.064434 -0.840875 0.200000
v -1.079617 -0.846415 0.200000
v -1.095241 -0.851885 0.200000
v -1.111307 -0.857284 0.200000
v -1.127813 -0.862613 0.200000
v -1.144884 -0.867686 0.200000
v -1.162644 -0.872318 0.200000
v -1.181091 -0.876508 0.200000
v -1.200227 -0.880258 0.200000
v -1.220051 -0.883566 0.200000
v -1.240563 -0.886433 0.200000
v -1.261763 -0.888860 0.200000
v -1.283651 -0.890845 0.200000
v -1.306227 -0.892388 0.200000
v -1.329492 -0.893491 0.200000
v -1.353445 -0.894153 0.200000
v -1.378085 -0.894374 0.200000
v -1.395262 -0.894206 0.200000
v -1.412069 -0.893703 0.200000
v -1.428505 -0.892865 0.200000
v -1.444570 -0.891692 0.200000
v -1.460265 -0.890183 0.200000
v -1.475590 -0.888339 0.200000
v -1.490544 -0.886160 0.200000
v -1.505127 -0.883646 0.200000
v -1.519340 -0.880796 0.200000
v -1.533182 -0.877611 0.200000
v -1.546654 -0.874091 0.200000
v -1.559755 -0.870236 0.200000
v -1.572486 -0.866080 0.200000
v -1.584846 -0.861660 0.200000
v -1.596835 -0.856976 0.200000
v -1.608454 -0.852026 0.200000
v -1.619703 -0.846812 0.200000
v -1.630581 -0.841334 0.200000
v -1.641088 -0.835590 0.200000
v -1.651225 -0.829582 0.200000
v -1.660991 -0.823310 0.200000
v -1.670387 -0.816772 0.200000
v -1.679412 -0.809970 0.200000
v -1.688067 -0.802904 0.200000
v -1.696351 -0.795616 0.200000
v -1.704265 -0.788153 0.200000
v -1.711808 -0.780512 0.200000
v -1.718981 -0.772696 0.200000
v -1.725783 -0.764703 0.200000
v -1.732214 -0.756533 0.200000
v -1.738275 -0.748187 0.200000
v -1.743966 -0.739665 0.200000
v -1.749285 -0.730966 0.200000
v -1.754235 -0.722091 0.200000
v -1.758813 -0.713039 0.200000
v -1.763022 -0.703811 0.200000
v -1.766877 -0.694442 0.200000
v -1.770397 -0.684967 0.200000
v -1.773582 -0.675385 0.200000
v -1.776432 -0.665698 0.200000
v -1.778947 -0.655906 0.200000
v -1.781126 -0.646007 0.200000
v -1.782970 -0.636002 0.200000
v -1.784478 -0.625892 0.200000
v -1.785652 -0.615676 0.200000
v -1.786490 -0.605354 0.200000
v -1.786993 -0.594926 0.200000
v -1.787160 -0.584392 0.200000
v -1.786728 -0.569800 0.200000
v -1.785431 -0.555666 0.200000
v -1.783269 -0.541992 0.200000
v -1.780243 -0.528776 0.200000
v -1.776352 -0.516019 0.200000
v -1.771597 -0.503720 0.200000
v -1.765977 -0.491881 0.200000
v -1.759493 -0.480500 0.200000
v -1.752144 -0.469578 0.200000
v -1.743930 -0.459115 0.200000
v -1.734852 -0.449110 0.200000
v -1.724909 -0.439564 0.200000
v -1.714314 -0.430301 0.200000
v -1.703277 -0.421143 0.200000
v -1.691799 -0.412091 0.200000
v -1.679880 -0.403146 0.200000
v -1.667520 -0.394306 0.200000
v -1.654719 -0.385571 0.200000
v -1.641477 -0.376943 0.200000
v -1.627793 -0.368421 0.200000
v -1.613668 -0.360004 0.200000
v -1.599103 -0.351694 0.200000
v -1.584096 -0.343489 0.200000
v -1.568648 -0.335390 0.200000
v -1.552865 -0.327326 0.200000
v -1.536852 -0.319227 0.200000
v -1.520610 -0.311093 0.200000
v -1.504139 -0.302924 0.200000
v -1.487438 -0.294719 0.200000
v -1.470508 -0.286479 0.200000
v -1.453349 -0.278204 0.200000
v -1.435960 -0.269893 0.200000
v -1.418342 -0.261547 0.200000
v -1.400494 -0.253166 0.200000
v -1.382417 -0.244749 0.200000
v -1.364111 -0.236297 0.200000
v -1.345804 -0.227669 0.200000
v -1.327727 -0.218723 0.200000
v -1.309880 -0.209460 0.200000
v -1.292261 -0.199879 0.200000
v -1.274873 -0.189980 0.200000
v -1.257713 -0.179764 0.200000
v -1.240783 -0.169230 0.200000
v -1.224082 -0.158378 0.200000
v -1.207611 -0.147209 0.200000
v -1.191369 -0.135723 0.200000
v -1.175357 -0.123918 0.200000
v -1.159574 -0.111797 0.200000
v -1.144126 -0.099269 0.200000
v -1.129119 -0.086247 0.200000
v -1.114553 -0.072731 0.200000
v -1.100429 -0.058721 0.200000
v -1.086745 -0.044217 0.200000
v -1.073503 -0.029219 0.200000
v -1.060701 -0.013727 0.200000
v -1.048341 0.002259 0.200000
v -1.036422 0.018739 0.200000
v -1.024945 0.035713 0.200000
v -1.013908 0.053181 0.200000
v -1.003312 0.071144 0.200000
v -0.993369 0.089741 0.200000
v -0.984291 0.109115 0.200000
v -0.976078 0.129265 0.200000
v -0.968729 0.150192 0.200000
v -0.962244 0.171895 0.200000
v -0.956624 0.194374 0.200000
v -0.951869 0.217630 0.200000
v -0.947978 0.241662 0.200000
v -0.944952 0.266470 0.200000
v -0.942791 0.292055 0.200000
v -0.941494 0.318416 0.200000
v -0.941062 0.345554 0.200000
v -0.941538 0.375444 0.200000
v -0.942967 0.404981 0.200000
v -0.945349 0.434165 0.200000
v -0.948684 0.462997 0.200000
v -0.952972 0.491475 0.200000
v -0.958212 0.519601 0.200000
v -0.964406 0.547374 0.200000
v -0.971552 0.574793 0.200000
v -0.979651 0.601860 0.200000
v -0.988702 0.628574 0.200000
v -0.998707 0.654936 0.200000
v -1.009664 0.680944 0.200000
v -1.021539 0.706502 0.200000
v -1.034296 0.731514 0.200000
v -1.047936 0.755978 0.200000
v -1.062457 0.779895 0.200000
v -1.077861 0.803266 0.200000
v -1.094147 0.826089 0.200000
v -1.111315 0.848366 0.200000
v -1.129366 0.870095 0.200000
v -1.148299 0.891277 0.200000
v -1.168114 0.911913 0.200000
v -1.188811 0.932001 0.200000
v -1.210390 0.951543 0.200000
v -1.232799 0.970458 0.200000
v -1.255984 0.988667 0.200000
v -1.279945 1.006171 0.200000
v -1.304683 1.022969 0.200000
v -1.330198 1.039060 0.200000
v -1.356488 1.054447 0.200000
v -1.383555 1.069127 0.200000
v -1.411398 1.083102 0.200000
v -1.440018 1.096370 0.200000
v -1.469414 1.108933 0.200000
v -1.499586 1.120790 0.200000
v -1.530535 1.131942 0.200000
v -1.562225 1.142291 0.200000
v -1.594621 1.151739 0.200000
v -1.627722 1.160288 0.200000
v -1.661530 1.167937 0.200000
v -1.696043 1.174686 0.200000
v -1.731261 1.180536 0.200000
v -1.767186 1.185485 0.200000
v -1.803816 1.189534 0.200000
v -1.841153 1.192684 0.200000
v -1.879195 1.194934 0.200000
v -1.917942 1.196284 0.200000
v -1.957396 1.196733 0.200000
v -1.975137 1.196636 0.200000
v -1.992791 1.196345 0.200000
v -2.010356 1.195860 0.200000
v -2.027833 1.195181 0.200000
v -2.045222 1.194307 0.200000
v -2.062523 1.193240 0.200000
v -2.079735 1.191978 0.200000
v -2.096859 1.190522 0.200000
v -2.113895 1.188873 0.200000
v -2.130843 1.187029 0.200000
v -2.147702 1.184991 0.200000
v -2.164474 1.182759 0.200000
v -2.181060 1.180368 0.200000
v -2.197364 1.177854 0.200000
v -2.213385 1.175216 0.200000
v -2.229124 1.172454 0.200000
v -2.244581 1.169570 0.200000
v -2.259755 1.166561 0.200000
v -2.274647 1.163429 0.200000
v -2.289257 1.160174 0.200000
v -2.303585 1.156795 0.200000
v -2.317630 1.153292 0.200000
v -2.331393 1.149666 0.200000
v -2.344873 1.145917 0.200000
v -2.358071 1.142070 0.200000
v -2.370987 1.138153 0.200000
v -2.383621 1.134165 0.200000
v -2.395972 1.130107 0.200000
v -2.408041 1.125978 0.200000
v -2.419827 1.121779 0.200000
v -2.431332 1.117509 0.200000
v -2.442554 1.113168 0.200000
v -2.453494 1.108757 0.200000
v -2.464151 1.104275 0.200000
v -2.474526 1.099723 0.200000
v -2.484619 1.095100 0.200000
v -2.494332 1.090442 0.200000
v -2.503569 1.085784 0.200000
v -2.512330 1.081125 0.200000
v -2.520614 1.076467 0.200000
v -2.528422 1.071809 0.200000
v -2.535753 1.067151 0.200000
v -2.542608 1.062493 0.200000
v -2.548987 1.057834 0.200000
v -2.554889 1.053176 0.200000
v -2.560315 1.048518 0.200000
v -2.565264 1.043860 0.200000
v -0.075272 0.677133 0.200000
v -0.085012 0.648628 0.200000
v -0.093905 0.619435 0.200000
v -0.101951 0.589553 0.200000
v -0.109150 0.558984 0.200000
v -0.115502 0.527726 0.200000
v -0.121007 0.495781 0.200000
v -0.125665 0.463147 0.200000
v -0.129476 0.429825 0.200000
v -0.132441 0.395815 0.200000
v -0.134558 0.361116 0.200000
v -0.135829 0.325730 0.200000
v -0.136252 0.289655 0.200000
v -0.136014 0.259095 0.200000
v -0.135299 0.228393 0.200000
v -0.134108 0.197550 0.200000
v -0.132441 0.166566 0.200000
v -0.130297 0.135441 0.200000
v -0.127677 0.104174 0.200000
v -0.124580 0.072767 0.200000
v -0.121007 0.041218 0.200000
v -0.116958 0.009528 0.200000
v -0.112432 -0.022303 0.200000
v -0.107429 -0.054275 0.200000
v -0.101951 -0.086388 0.200000
v -0.095960 -0.118510 0.200000
v -0.089423 -0.150509 0.200000
v -0.082339 -0.182384 0.200000
v -0.074707 -0.214136 0.200000
v -0.066529 -0.245764 0.200000
v -0.057804 -0.277268 0.200000
v -0.048531 -0.308649 0.200000
v -0.038712 -0.339907 0.200000
v -0.028346 -0.371041 0.200000
v -0.017433 -0.402052 0.200000
v -0.005973 -0.432939 0.200000
v 0.006035 -0.463702 0.200000
v 0.018607 -0.494245 0.200000
v 0.031761 -0.524470 0.200000
v 0.045497 -0.554378 0.200000
v 0.059816 -0.583968 0.200000
v 0.074717 -0.613241 0.200000
v 0.090200 -0.642196 0.200000
v 0.106265 -0.670833 0.200000
v 0.122913 -0.699153 0.200000
v 0.140143 -0.727155 0.200000
v 0.157955 -0.754839 0.200000
v 0.176350 -0.782206 0.200000
v 0.195327 -0.809256 0.200000
v 0.214912 -0.835882 0.200000
v 0.235133 -0.861978 0.200000
v 0.255989 -0.887545 0.200000
v 0.277480 -0.912583 0.200000
v 0.299607 -0.937091 0.200000
v 0.322369 -0.961070 0.200000
v 0.345765 -0.984520 0.200000
v 0.369797 -1.007441 0.200000
v 0.394465 -1.029832 0.200000
v 0.419767 -1.051694 0.200000
v 0.445705 -1.073026 0.200000
v 0.472278 -1.093829 0.200000
v 0.499495 -1.114006 0.200000
v 0.527364 -1.133459 0.200000
v 0.555887 -1.152189 0.200000
v 0.585063 -1.170195 0.200000
v 0.614891 -1.187478 0.200000
v 0.645372 -1.204038 0.200000
v 0.676506 -1.219874 0.200000
v 0.708293 -1.234986 0.200000
v 0.740733 -1.249376 0.200000
v 0.773826 -1.263041 0.200000
v 0.807571 -1.275984 0.200000
v 0.841969 -1.288203 0.200000
v 0.877065 -1.299566 0.200000
v 0.912901 -1.309941 0.200000
v 0.949478 -1.319328 0.200000
v 0.986797 -1.327727 0.200000
v 1.024857 -1.335138 0.200000
v 1.063657 -1.341561 0.200000
v 1.103199 -1.346995 0.200000
v 1.143482 -1.351442 0.200000
v 1.184506 -1.354900 0.200000
v 1.226271 -1.357370 0.200000
v 1.268777 -1.358852 0.200000
v 1.312024 -1.359346 0.200000
v 1.354309 -1.358932 0.200000
v 1.395624 -1.357688 0.200000
v 1.435969 -1.355615 0.200000
v 1.475343 -1.352712 0.200000
v 1.513747 -1.348980 0.200000
v 1.551180 -1.344419 0.200000
v 1.587643 -1.339029 0.200000
v 1.623135 -1.332809 0.200000
v 1.657657 -1.325760 0.200000
v 1.691208 -1.317881 0.200000
v 1.723789 -1.309174 0.200000
v 1.755399 -1.299637 0.200000
v 1.786092 -1.289297 0.200000
v 1.815921 -1.278181 0.200000
v 1.844884 -1.266289 0.200000
v 1.872983 -1.253620 0.200000
v 1.900218 -1.240174 0.200000
v 1.926588 -1.225953 0.200000
v 1.952093 -1.210955 0.200000
v 1.976734 -1.195181 0.200000
v 2.000510 -1.178630 0.200000
v 2.023422 -1.161303 0.200000
v 2.045469 -1.143199 0.200000
v 2.066652 -1.124319 0.200000
v 2.086961 -1.104681 0.200000
v 2.106388 -1.084301 0.200000
v 2.124932 -1.063180 0.200000
v 2.142594 -1.041319 0.200000
v 2.159374 -1.018716 0.200000
v 2.175272 -0.995372 0.200000
v 2.190288 -0.971287 0.200000
v 2.204421 -0.946461 0.200000
v 2.217672 -0.920894 0.200000
v 2.230041 -0.894585 0.200000
v 2.241528 -0.867536 0.200000
v 2.252133 -0.839746 0.200000
v 2.261873 -0.811241 0.200000
v 2.270765 -0.782048 0.200000
v 2.278811 -0.752166 0.200000
v 2.286010 -0.721597 0.200000
v 2.292362 -0.690339 0.200000
v 2.297868 -0.658394 0.200000
v 2.302526 -0.625760 0.200000
v 2.306337 -0.592438 0.200000
v 2.309301 -0.558428 0.200000
v 2.311419 -0.523729 0.200000
v 2.312689 -0.488343 0.200000
v 2.313113 -0.452268 0.200000
v 2.312874 -0.421708 0.200000
v 2.312160 -0.391006 0.200000
v 2.310969 -0.360163 0.200000
v 2.309301 -0.329179 0.200000
v 2.307158 -0.298054 0.200000
v 2.304538 -0.266787 0.200000
v 2.301441 -0.235380 0.200000
v 2.297868 -0.203831 0.200000
v 2.293818 -0.172141 0.200000
v 2.289292 -0.140310 0.200000
v 2.284290 -0.108338 0.200000
v 2.278811 -0.076225 0.200000
v 2.272821 -0.044111 0.200000
v 2.266284 -0.012139 0.200000
v 2.259199 0.019692 0.200000
v 2.251568 0.051382 0.200000
v 2.243389 0.082930 0.200000
v 2.234664 0.114338 0.200000
v 2.225392 0.145604 0.200000
v 2.215572 0.176729 0.200000
v 2.205206 0.207713 0.200000
v 2.194293 0.238556 0.200000
v 2.182833 0.269258 0.200000
v 2.170826 0.299819 0.200000
v 2.158254 0.330176 0.200000
v 2.145100 0.360269 0.200000
v 2.131364 0.390098 0.200000
v 2.117045 0.419661 0.200000
v 2.102144 0.448960 0.200000
v 2.086661 0.477995 0.200000
v 2.070595 0.506764 0.200000
v 2.053947 0.535269 0.200000
v 2.036717 0.563510 0.200000
v 2.018905 0.591485 0.200000
v 2.000511 0.619196 0.200000
v 1.981534 0.646643 0.200000
v 1.961948 0.673666 0.200000
v 1.941727 0.700106 0.200000
v 1.920871 0.725964 0.200000
v 1.899380 0.751240 0.200000
v 1.877254 0.775934 0.200000
v 1.854492 0.800046 0.200000
v 1.831095 0.823575 0.200000
v 1.807063 0.846522 0.200000
v 1.782396 0.868886 0.200000
v 1.757093 0.890669 0.200000
v 1.731156 0.911869 0.200000
v 1.704583 0.932487 0.200000
v 1.677366 0.952460 0.200000
v 1.649496 0.971728 0.200000
v 1.620973 0.990291 0.200000
v 1.591798 1.008147 0.200000
v 1.561970 1.025298 0.200000
v 1.531488 1.041742 0.200000
v 1.500354 1.057482 0.200000
v 1.468567 1.072515 0.200000
v 1.436128 1.086842 0.200000
v 1.403035 1.100464 0.200000
v 1.369290 1.113380 0.200000
v 1.334891 1.125590 0.200000
v 1.299796 1.136953 0.200000
v 1.263960 1.147328 0.200000
v 1.227382 1.156715 0.200000
v 1.190064 1.165114 0.200000
v 1.152004 1.172525 0.200000
v 1.113203 1.178948 0.200000
v 1.073662 1.184382 0.200000
v 1.033379 1.188829 0.200000
v 0.992355 1.192287 0.200000
v 0.950590 1.194757 0.200000
v 0.908084 1.196239 0.200000
v 0.864837 1.196733 0.200000
v 0.822551 1.196319 0.200000
v 0.781236 1.195075 0.200000
v 0.740892 1.193002 0.200000
v 0.701518 1.190099 0.200000
v 0.663114 1.186367 0.200000
v 0.625681 1.181806 0.200000
v 0.589218 1.176416 0.200000
v 0.553726 1.170196 0.200000
v 0.519204 1.163147 0.200000
v 0.485653 1.155268 0.200000
v 0.453072 1.146561 0.200000
v 0.421461 1.137024 0.200000
v 0.390768 1.126684 0.200000
v 0.360940 1.115568 0.200000
v 0.331976 1.103675 0.200000
v 0.303877 1.091007 0.200000
v 0.276642 1.077561 0.200000
v 0.250272 1.063340 0.200000
v 0.224767 1.048342 0.200000
v 0.200126 1.032568 0.200000
v 0.176350 1.016017 0.200000
v 0.153438 0.998690 0.200000
v 0.131391 0.980586 0.200000
v 0.110209 0.961706 0.200000
v 0.089900 0.942068 0.200000
v 0.070473 0.921688 0.200000
v 0.051928 0.900567 0.200000
v 0.034266 0.878706 0.200000
v 0.017486 0.856103 0.200000
v 0.001588 0.832759 0.200000
v -0.013428 0.808674 0.200000
v -0.027561 0.783848 0.200000
v -0.040812 0.758281 0.200000
v -0.053181 0.731972 0.200000
v -0.064668 0.704923 0.200000
v 0.542151 0.007623 0.200000
v 0.539310 0.028302 0.200000
v 0.536716 0.048841 0.200000
v 0.534369 0.069238 0.200000
v 0.532270 0.089494 0.200000
v 0.530417 0.109609 0.200000
v 0.528811 0.129583 0.200000
v 0.527453 0.149415 0.200000
v 0.526341 0.169107 0.200000
v 0.525477 0.188657 0.200000
v 0.524859 0.208066 0.200000
v 0.524488 0.227334 0.200000
v 0.524365 0.246461 0.200000
v 0.524515 0.264079 0.200000
v 0.524965 0.281362 0.200000
v 0.525715 0.298310 0.200000
v 0.526765 0.314923 0.200000
v 0.528114 0.331200 0.200000
v 0.529764 0.347142 0.200000
v 0.531714 0.362749 0.200000
v 0.533964 0.378020 0.200000
v 0.536513 0.392956 0.200000
v 0.539363 0.407557 0.200000
v 0.542513 0.421823 0.200000
v 0.545962 0.435753 0.200000
v 0.549756 0.449340 0.200000
v 0.553937 0.462573 0.200000
v 0.558507 0.475454 0.200000
v 0.563466 0.487982 0.200000
v 0.568812 0.500156 0.200000
v 0.574546 0.511978 0.200000
v 0.580669 0.523447 0.200000
v 0.587180 0.534564 0.200000
v 0.594079 0.545327 0.200000
v 0.601366 0.555737 0.200000
v 0.609042 0.565795 0.200000
v 0.617105 0.575499 0.200000
v 0.625557 0.584842 0.200000
v 0.634397 0.593814 0.200000
v 0.643625 0.602416 0.200000
v 0.653242 0.610647 0.200000
v 0.663246 0.618508 0.200000
v 0.673639 0.625998 0.200000
v 0.684420 0.633118 0.200000
v 0.695589 0.639867 0.200000
v 0.707146 0.646246 0.200000
v 0.719092 0.652254 0.200000
v 0.731425 0.657891 0.200000
v 0.744147 0.663158 0.200000
v 0.757301 0.668028 0.200000
v 0.770932 0.672474 0.200000
v 0.785039 0.676497 0.200000
v 0.799622 0.680097 0.200000
v 0.814682 0.683273 0.200000
v 0.830218 0.686026 0.200000
v 0.846230 0.688355 0.200000
v 0.862719 0.690260 0.200000
v 0.879685 0.691742 0.200000
v 0.897127 0.692801 0.200000
v 0.915045 0.693436 0.200000
v 0.933439 0.693648 0.200000
v 0.954437 0.693304 0.200000
v 0.975081 0.692272 0.200000
v 0.995372 0.690551 0.200000
v 1.015311 0.688143 0.200000
v 1.034896 0.685046 0.200000
v 1.054129 0.681261 0.200000
v 1.073009 0.676789 0.200000
v 1.091536 0.671628 0.200000
v 1.109710 0.665778 0.200000
v 1.127531 0.659241 0.200000
v 1.144999 0.652016 0.200000
v 1.162115 0.644102 0.200000
v 1.178903 0.635606 0.200000
v 1.195392 0.626634 0.200000
v 1.211581 0.617185 0.200000
v 1.227470 0.607260 0.200000
v 1.243060 0.596858 0.200000
v 1.258349 0.585980 0.200000
v 1.273338 0.574626 0.200000
v 1.288027 0.562795 0.200000
v 1.302416 0.550488 0.200000
v 1.316505 0.537704 0.200000
v 1.330295 0.524444 0.200000
v 1.343784 0.510708 0.200000
v 1.356974 0.496548 0.200000
v 1.369863 0.482018 0.200000
v 1.382452 0.467117 0.200000
v 1.394742 0.451845 0.200000
v 1.406732 0.436203 0.200000
v 1.418421 0.420191 0.200000
v 1.429811 0.403808 0.200000
v 1.440900 0.387054 0.200000
v 1.451690 0.369930 0.200000
v 1.462180 0.352435 0.200000
v 1.472370 0.334570 0.200000
v 1.482260 0.316334 0.200000
v 1.491858 0.297834 0.200000
v 1.501175 0.279174 0.200000
v 1.510209 0.260356 0.200000
v 1.518961 0.241380 0.200000
v 1.527430 0.222244 0.200000
v 1.535617 0.202949 0.200000
v 1.543522 0.183496 0.200000
v 1.551144 0.163884 0.200000
v 1.558485 0.144113 0.200000
v 1.565543 0.124184 0.200000
v 1.572318 0.104095 0.200000
v 1.578811 0.083848 0.200000
v 1.585022 0.063495 0.200000
v 1.590951 0.043089 0.200000
v 1.596597 0.022630 0.200000
v 1.601961 0.002118 0.200000
v 1.607043 -0.018447 0.200000
v 1.611842 -0.039065 0.200000
v 1.616359 -0.059736 0.200000
v 1.620594 -0.080460 0.200000
v 1.624546 -0.101236 0.200000
v 1.628217 -0.122066 0.200000
v 1.631604 -0.142948 0.200000
v 1.634710 -0.163884 0.200000
v 1.637550 -0.184766 0.200000
v 1.640144 -0.205490 0.200000
v 1.642491 -0.226055 0.200000
v 1.644591 -0.246461 0.200000
v 1.646443 -0.266708 0.200000
v 1.648049 -0.286797 0.200000
v 1.649408 -0.306726 0.200000
v 1.650519 -0.326497 0.200000
v 1.651384 -0.346109 0.200000
v 1.652002 -0.365562 0.200000
v 1.652372 -0.384857 0.200000
v 1.652496 -0.403992 0.200000
v 1.652346 -0.421620 0.200000
v 1.651896 -0.438929 0.200000
v 1.651146 -0.455921 0.200000
v 1.650096 -0.472595 0.200000
v 1.648746 -0.488952 0.200000
v 1.647096 -0.504991 0.200000
v 1.645147 -0.520712 0.200000
v 1.642897 -0.536116 0.200000
v 1.640347 -0.551202 0.200000
v 1.637498 -0.565971 0.200000
v 1.634348 -0.580422 0.200000
v 1.630898 -0.594555 0.200000
v 1.627105 -0.608344 0.200000
v 1.622923 -0.621763 0.200000
v 1.618353 -0.634812 0.200000
v 1.613395 -0.647489 0.200000
v 1.608049 -0.659796 0.200000
v 1.602314 -0.671733 0.200000
v 1.596191 -0.683299 0.200000
v 1.589680 -0.694495 0.200000
v 1.582781 -0.705320 0.200000
v 1.575494 -0.715774 0.200000
v 1.567819 -0.725858 0.200000
v 1.559755 -0.735572 0.200000
v 1.551303 -0.744914 0.200000
v 1.542463 -0.753887 0.200000
v 1.533235 -0.762488 0.200000
v 1.523619 -0.770720 0.200000
v 1.513614 -0.778580 0.200000
v 1.503222 -0.786071 0.200000
v 1.492441 -0.793190 0.200000
v 1.481272 -0.799939 0.200000
v 1.469714 -0.806318 0.200000
v 1.457769 -0.812326 0.200000
v 1.445435 -0.817963 0.200000
v 1.432713 -0.823230 0.200000
v 1.419559 -0.828100 0.200000
v 1.405929 -0.832547 0.200000
v 1.391822 -0.836570 0.200000
v 1.377239 -0.840169 0.200000
v 1.362179 -0.843345 0.200000
v 1.346643 -0.846098 0.200000
v 1.330630 -0.848427 0.200000
v 1.314141 -0.850332 0.200000
v 1.297176 -0.851815 0.200000
v 1.279734 -0.852873 0.200000
v 1.261816 -0.853509 0.200000
v 1.243421 -0.853720 0.200000
v 1.222424 -0.853376 0.200000
v 1.201780 -0.852344 0.200000
v 1.181488 -0.850624 0.200000
v 1.161550 -0.848215 0.200000
v 1.141964 -0.845118 0.200000
v 1.122731 -0.841334 0.200000
v 1.103852 -0.836861 0.200000
v 1.085325 -0.831700 0.200000
v 1.067151 -0.825850 0.200000
v 1.049330 -0.819313 0.200000
v 1.031861 -0.812088 0.200000
v 1.014746 -0.804174 0.200000
v 0.997957 -0.795669 0.200000
v 0.981468 -0.786671 0.200000
v 0.965279 -0.777178 0.200000
v 0.949390 -0.767191 0.200000
v 0.933801 -0.756710 0.200000
v 0.918512 -0.745735 0.200000
v 0.903523 -0.734266 0.200000
v 0.888834 -0.722303 0.200000
v 0.874444 -0.709846 0.200000
v 0.860355 -0.696894 0.200000
v 0.846566 -0.683449 0.200000
v 0.833076 -0.669510 0.200000
v 0.819887 -0.655147 0.200000
v 0.806998 -0.640431 0.200000
v 0.794408 -0.625363 0.200000
v 0.782119 -0.609941 0.200000
v 0.770129 -0.594167 0.200000
v 0.758439 -0.578040 0.200000
v 0.747050 -0.561560 0.200000
v 0.735960 -0.544727 0.200000
v 0.725170 -0.527541 0.200000
v 0.714681 -0.510002 0.200000
v 0.704491 -0.492110 0.200000
v 0.694601 -0.473865 0.200000
v 0.685002 -0.455356 0.200000
v 0.675686 -0.436670 0.200000
v 0.666652 -0.417808 0.200000
v 0.657900 -0.398770 0.200000
v 0.649431 -0.379555 0.200000
v 0.641243 -0.360163 0.200000
v 0.633339 -0.340595 0.200000
v 0.625716 -0.320851 0.200000
v 0.618376 -0.300930 0.200000
v 0.611318 -0.280833 0.200000
v 0.604542 -0.260559 0.200000
v 0.598049 -0.240109 0.200000
v 0.591838 -0.219561 0.200000
v 0.585910 -0.198997 0.200000
v 0.580263 -0.178414 0.200000
v 0.574899 -0.157814 0.200000
v 0.569818 -0.137196 0.200000
v 0.565018 -0.116561 0.200000
v 0.560501 -0.095908 0.200000
v 0.556267 -0.075237 0.200000
v 0.552314 -0.054548 0.200000
v 0.548644 -0.033842 0.200000
v 0.545256 -0.013119 0.200000
v 2.785073 1.472414 0.200000
v 2.777768 1.450790 0.200000
v 2.771098 1.428690 0.200000
v 2.765064 1.406114 0.200000
v 2.759665 1.383061 0.200000
v 2.754900 1.359532 0.200000
v 2.750772 1.335526 0.200000
v 2.747278 1.311044 0.200000
v 2.744420 1.286086 0.200000
v 2.742196 1.260651 0.200000
v 2.740608 1.234740 0.200000
v 2.739655 1.208353 0.200000
v 2.739338 1.181488 0.200000
v 2.739558 1.157686 0.200000
v 2.740220 1.133707 0.200000
v 2.741323 1.109551 0.200000
v 2.742867 1.085219 0.200000
v 2.744852 1.060711 0.200000
v 2.747278 1.036026 0.200000
v 2.750145 1.011164 0.200000
v 2.753453 0.986126 0.200000
v 2.757203 0.960912 0.200000
v 2.761394 0.935521 0.200000
v 2.766026 0.909954 0.200000
v 2.771098 0.884211 0.200000
v 2.776665 0.858423 0.200000
v 2.782779 0.832723 0.200000
v 2.789440 0.807112 0.200000
v 2.796648 0.781589 0.200000
v 2.804403 0.756154 0.200000
v 2.812705 0.730808 0.200000
v 2.821554 0.705549 0.200000
v 2.830950 0.680379 0.200000
v 2.840892 0.655297 0.200000
v 2.851382 0.630304 0.200000
v 2.862419 0.605398 0.200000
v 2.874002 0.580581 0.200000
v 2.886150 0.555914 0.200000
v 2.898881 0.531458 0.200000
v 2.912194 0.507214 0.200000
v 2.926089 0.483182 0.200000
v 2.940567 0.459362 0.200000
v 2.955626 0.435753 0.200000
v 2.971268 0.412357 0.200000
v 2.987493 0.389171 0.200000
v 3.004299 0.366198 0.200000
v 3.021688 0.343436 0.200000
v 3.039659 0.320887 0.200000
v 3.058213 0.298548 0.200000
v 3.077410 0.276528 0.200000
v 3.097313 0.254931 0.200000
v 3.117922 0.233757 0.200000
v 3.139237 0.213007 0.200000
v 3.161258 0.192680 0.200000
v 3.183984 0.172777 0.200000
v 3.207416 0.153297 0.200000
v 3.231554 0.134241 0.200000
v 3.256398 0.115608 0.200000
v 3.281947 0.097399 0.200000
v 3.308202 0.079613 0.200000
v 3.335164 0.062251 0.200000
v 3.362839 0.045400 0.200000
v 3.391238 0.029149 0.200000
v 3.420361 0.013498 0.200000
v 3.450207 -0.001553 0.200000
v 3.480776 -0.016004 0.200000
v 3.512069 -0.029855 0.200000
v 3.544086 -0.043106 0.200000
v 3.576825 -0.055757 0.200000
v 3.610289 -0.067808 0.200000
v 3.644475 -0.079260 0.200000
v 3.679385 -0.090111 0.200000
v 3.715018 -0.100363 0.200000
v 3.751543 -0.109900 0.200000
v 3.789126 -0.118607 0.200000
v 3.827768 -0.126486 0.200000
v 3.867468 -0.133535 0.200000
v 3.908227 -0.139755 0.200000
v 3.950045 -0.145145 0.200000
v 3.992922 -0.149706 0.200000
v 4.036857 -0.153438 0.200000
v 4.081851 -0.156341 0.200000
v 4.127903 -0.158414 0.200000
v 4.175015 -0.159658 0.200000
v 4.223186 -0.160072 0.200000
v 4.566198 -0.160072 0.200000
v 4.777087 -1.211978 0.200000
v 4.778040 -1.216177 0.200000
v 4.779205 -1.220306 0.200000
v 4.780581 -1.224365 0.200000
v 4.782169 -1.228352 0.200000
v 4.783969 -1.232269 0.200000
v 4.785981 -1.236116 0.200000
v 4.788204 -1.239892 0.200000
v 4.790639 -1.243597 0.200000
v 4.793285 -1.247232 0.200000
v 4.796144 -1.250796 0.200000
v 4.799214 -1.254290 0.200000
v 4.802495 -1.257713 0.200000
v 4.806042 -1.261048 0.200000
v 4.809906 -1.264277 0.200000
v 4.814088 -1.267400 0.200000
v 4.818588 -1.270417 0.200000
v 4.823405 -1.273328 0.200000
v 4.828539 -1.276134 0.200000
v 4.833992 -1.278834 0.200000
v 4.839762 -1.281427 0.200000
v 4.845849 -1.283915 0.200000
v 4.852254 -1.286297 0.200000
v 4.858977 -1.288573 0.200000
v 4.866017 -1.290744 0.200000
v 4.873374 -1.292817 0.200000
v 4.881050 -1.294802 0.200000
v 4.889043 -1.296699 0.200000
v 4.897353 -1.298508 0.200000
v 4.905982 -1.300228 0.200000
v 4.914927 -1.301860 0.200000
v 4.924191 -1.303404 0.200000
v 4.933772 -1.304860 0.200000
v 4.943671 -1.306227 0.200000
v 4.953887 -1.307506 0.200000
v 4.964421 -1.308697 0.200000
v 4.975272 -1.309800 0.200000
v 4.986494 -1.310815 0.200000
v 4.998140 -1.311741 0.200000
v 5.010209 -1.312579 0.200000
v 5.022701 -1.313329 0.200000
v 5.035617 -1.313991 0.200000
v 5.048956 -1.314564 0.200000
v 5.062719 -1.315050 0.200000
v 5.076905 -1.315446 0.200000
v 5.091515 -1.315755 0.200000
v 5.106548 -1.315976 0.200000
v 5.122005 -1.316108 0.200000
v 5.137886 -1.316152 0.200000
v 5.153334 -1.316108 0.200000
v 5.168341 -1.315976 0.200000
v 5.182906 -1.315755 0.200000
v 5.197031 -1.315446 0.200000
v 5.210714 -1.315049 0.200000
v 5.223957 -1.314564 0.200000
v 5.236758 -1.313991 0.200000
v 5.249118 -1.313329 0.200000
v 5.261037 -1.312579 0.200000
v 5.272515 -1.311741 0.200000
v 5.283552 -1.310815 0.200000
v 5.294147 -1.309800 0.200000
v 5.304337 -1.308697 0.200000
v 5.314156 -1.307506 0.200000
v 5.323605 -1.306227 0.200000
v 5.332683 -1.304860 0.200000
v 5.341391 -1.303404 0.200000
v 5.349728 -1.301860 0.200000
v 5.357695 -1.300228 0.200000
v 5.365291 -1.298508 0.200000
v 5.372516 -1.296699 0.200000
v 5.379371 -1.294802 0.200000
v 5.385856 -1.292817 0.200000
v 5.391969 -1.290744 0.200000
v 5.397739 -1.288582 0.200000
v 5.403192 -1.286333 0.200000
v 5.408326 -1.283995 0.200000
v 5.413143 -1.281569 0.200000
v 5.417643 -1.279054 0.200000
v 5.421824 -1.276452 0.200000
v 5.425688 -1.273761 0.200000
v 5.429235 -1.270982 0.200000
v 5.432464 -1.268114 0.200000
v 5.435375 -1.265159 0.200000
v 5.437969 -1.262115 0.200000
v 5.440245 -1.258983 0.200000
v 5.442221 -1.255746 0.200000
v 5.443915 -1.252384 0.200000
v 5.445327 -1.248899 0.200000
v 5.446456 -1.245291 0.200000
v 5.447303 -1.241559 0.200000
v 5.447867 -1.237704 0.200000
v 5.448150 -1.233725 0.200000
v 5.448150 -1.229623 0.200000
v 5.447867 -1.225397 0.200000
v 5.447303 -1.221047 0.200000
v 5.446456 -1.216574 0.200000
v 5.445327 -1.211978 0.200000
v 4.853312 1.748095 0.200000
v 4.849131 1.767583 0.200000
v 4.844208 1.786242 0.200000
v 4.838544 1.804072 0.200000
v 4.832139 1.821073 0.200000
v 4.824993 1.837244 0.200000
v 4.817105 1.852586 0.200000
v 4.808477 1.867099 0.200000
v 4.799108 1.880783 0.200000
v 4.788997 1.893637 0.200000
v 4.778146 1.905662 0.200000
v 4.766553 1.916857 0.200000
v 4.754220 1.927223 0.200000
v 4.741268 1.936760 0.200000
v 4.727823 1.945468 0.200000
v 4.713884 1.953346 0.200000
v 4.699450 1.960396 0.200000
v 4.684523 1.966615 0.200000
v 4.669102 1.972006 0.200000
v 4.653186 1.976567 0.200000
v 4.636777 1.980299 0.200000
v 4.619874 1.983201 0.200000
v 4.602476 1.985275 0.200000
v 4.584584 1.986519 0.200000
v 4.566198 1.986933 0.200000
v 3.847142 1.986933 0.200000
v 3.825315 1.986871 0.200000
v 3.803877 1.986686 0.200000
v 3.782827 1.986377 0.200000
v 3.762165 1.985945 0.200000
v 3.741891 1.985389 0.200000
v 3.722006 1.984710 0.200000
v 3.702508 1.983907 0.200000
v 3.683399 1.982981 0.200000
v 3.664678 1.981931 0.200000
v 3.646345 1.980757 0.200000
v 3.628400 1.979461 0.200000
v 3.610844 1.978040 0.200000
v 3.593499 1.976479 0.200000
v 3.576190 1.974758 0.200000
v 3.558916 1.972879 0.200000
v 3.541677 1.970841 0.200000
v 3.524473 1.968644 0.200000
v 3.507305 1.966289 0.200000
v 3.490172 1.963774 0.200000
v 3.473074 1.961101 0.200000
v 3.456012 1.958269 0.200000
v 3.438985 1.955279 0.200000
v 3.421993 1.952129 0.200000
v 3.405036 1.948820 0.200000
v 3.379425 1.943510 0.200000
v 3.354255 1.937740 0.200000
v 3.329526 1.931511 0.200000
v 3.305238 1.924824 0.200000
v 3.281391 1.917678 0.200000
v 3.257986 1.910073 0.200000
v 3.235021 1.902009 0.200000
v 3.212498 1.893487 0.200000
v 3.190416 1.884506 0.200000
v 3.168774 1.875066 0.200000
v 3.147574 1.865167 0.200000
v 3.126815 1.854810 0.200000
v 3.106533 1.844002 0.200000
v 3.086762 1.832754 0.200000
v 3.067502 1.821064 0.200000
v 3.048755 1.808934 0.200000
v 3.030519 1.796362 0.200000
v 3.012795 1.783349 0.200000
v 2.995583 1.769895 0.200000
v 2.978882 1.756000 0.200000
v 2.962693 1.741663 0.200000
v 2.947016 1.726886 0.200000
v 2.931850 1.711668 0.200000
v 2.917196 1.696007 0.200000
v 2.903080 1.679898 0.200000
v 2.889529 1.663330 0.200000
v 2.876543 1.646302 0.200000
v 2.864121 1.628817 0.200000
v 2.852264 1.610872 0.200000
v 2.840971 1.592469 0.200000
v 2.830243 1.573606 0.200000
v 2.820080 1.554286 0.200000
v 2.810481 1.534506 0.200000
v 2.801447 1.514267 0.200000
v 2.792978 1.493570 0.200000
v 3.458394 0.941379 0.200000
v 3.455959 0.955522 0.200000
v 3.453736 0.969576 0.200000
v 3.451724 0.983542 0.200000
v 3.449924 0.997419 0.200000
v 3.448337 1.011209 0.200000
v 3.446960 1.024909 0.200000
v 3.445796 1.038522 0.200000
v 3.444843 1.052047 0.200000
v 3.444102 1.065484 0.200000
v 3.443573 1.078832 0.200000
v 3.443255 1.092092 0.200000
v 3.443149 1.105263 0.200000
v 3.443555 1.125361 0.200000
v 3.444772 1.144999 0.200000
v 3.446801 1.164179 0.200000
v 3.449642 1.182900 0.200000
v 3.453295 1.201162 0.200000
v 3.457759 1.218966 0.200000
v 3.463034 1.236310 0.200000
v 3.469122 1.253196 0.200000
v 3.476021 1.269624 0.200000
v 3.483732 1.285592 0.200000
v 3.492254 1.301102 0.200000
v 3.501588 1.316153 0.200000
v 3.511769 1.330604 0.200000
v 3.522832 1.344314 0.200000
v 3.534778 1.357283 0.200000
v 3.547606 1.369510 0.200000
v 3.561315 1.380997 0.200000
v 3.575907 1.391743 0.200000
v 3.591382 1.401747 0.200000
v 3.607738 1.411011 0.200000
v 3.624977 1.419533 0.200000
v 3.643099 1.427314 0.200000
v 3.662102 1.434355 0.200000
v 3.681988 1.440654 0.200000
v 3.690969 1.443539 0.200000
v 3.700126 1.446265 0.200000
v 3.709460 1.448832 0.200000
v 3.718970 1.451240 0.200000
v 3.728657 1.453490 0.200000
v 3.738521 1.455581 0.200000
v 3.748560 1.457513 0.200000
v 3.758777 1.459286 0.200000
v 3.769170 1.460901 0.200000
v 3.779739 1.462357 0.200000
v 3.790484 1.463653 0.200000
v 3.801407 1.464792 0.200000
v 3.812523 1.465806 0.200000
v 3.823851 1.466732 0.200000
v 3.835391 1.467571 0.200000
v 3.847142 1.468320 0.200000
v 3.859105 1.468982 0.200000
v 3.871280 1.469556 0.200000
v 3.883666 1.470041 0.200000
v 3.896265 1.470438 0.200000
v 3.909074 1.470747 0.200000
v 3.922096 1.470967 0.200000
v 3.935329 1.471099 0.200000
v 3.948775 1.471143 0.200000
v 4.243512 1.471143 0.200000
v 4.462024 0.355717 0.200000
v 4.157124 0.355717 0.200000
v 4.133277 0.355955 0.200000
v 4.110012 0.356670 0.200000
v 4.087330 0.357861 0.200000
v 4.065230 0.359528 0.200000
v 4.043713 0.361672 0.200000
v 4.022777 0.364292 0.200000
v 4.002424 0.367389 0.200000
v 3.982653 0.370962 0.200000
v 3.963464 0.375012 0.200000
v 3.944858 0.379537 0.200000
v 3.926834 0.384540 0.200000
v 3.909392 0.390018 0.200000
v 3.892418 0.395885 0.200000
v 3.875797 0.402052 0.200000
v 3.859529 0.408519 0.200000
v 3.843613 0.415286 0.200000
v 3.828050 0.422352 0.200000
v 3.812840 0.429719 0.200000
v 3.797984 0.437385 0.200000
v 3.783480 0.445352 0.200000
v 3.769329 0.453619 0.200000
v 3.755531 0.462185 0.200000
v 3.742085 0.471051 0.200000
v 3.728993 0.480218 0.200000
v 3.716236 0.489675 0.200000
v 3.703797 0.499415 0.200000
v 3.691675 0.509438 0.200000
v 3.679871 0.519742 0.200000
v 3.668384 0.530329 0.200000
v 3.657215 0.541198 0.200000
v 3.646363 0.552349 0.200000
v 3.635830 0.563783 0.200000
v 3.625613 0.575499 0.200000
v 3.615715 0.587498 0.200000
v 3.606133 0.599778 0.200000
v 3.596870 0.612341 0.200000
v 3.587906 0.625098 0.200000
v 3.579225 0.637961 0.200000
v 3.570826 0.650930 0.200000
v 3.562710 0.664005 0.200000
v 3.554875 0.677186 0.200000
v 3.547323 0.690472 0.200000
v 3.540054 0.703864 0.200000
v 3.533067 0.717363 0.200000
v 3.526361 0.730967 0.200000
v 3.519939 0.744677 0.200000
v 3.513799 0.758492 0.200000
v 3.507940 0.772414 0.200000
v 3.502356 0.786397 0.200000
v 3.497036 0.800398 0.200000
v 3.491981 0.814417 0.200000
v 3.487190 0.828453 0.200000
v 3.482664 0.842507 0.200000
v 3.478403 0.856579 0.200000
v 3.474406 0.870668 0.200000
v 3.470675 0.884775 0.200000
v 3.467207 0.898900 0.200000
v 3.464005 0.913042 0.200000
v 3.461067 0.927202 0.200000
v 2.785073 1.472414 0.200000
v 2.785073 1.472414 -0.200000
v 2.777768 1.450790 0.200000
v 2.777768 1.450790 -0.200000
v 2.771098 1.428690 0.200000
v 2.771098 1.428690 -0.200000
v 2.765064 1.406114 0.200000
v 2.765064 1.406114 -0.200000
v 2.759665 1.383061 0.200000
v 2.759665 1.383061 -0.200000
v 2.754900 1.359532 0.200000
v 2.754900 1.359532 -0.200000
v 2.750772 1.335526 0.200000
v 2.750772 1.335526 -0.200000
v 2.747278 1.311044 0.200000
v 2.747278 1.311044 -0.200000
v 2.744420 1.286086 0.200000
v 2.744420 1.286086 -0.200000
v 2.742196 1.260651 0.200000
v 2.742196 1.260651 -0.200000
v 2.740608 1.234740 0.200000
v 2.740608 1.234740 -0.200000
v 2.739655 1.208353 0.200000
v 2.739655 1.208353 -0.200000
v 2.739338 1.181488 0.200000
v 2.739338 1.181488 -0.200000
v 2.739558 1.157686 0.200000
v 2.739558 1.157686 -0.200000
v 2.740220 1.133707 0.200000
v 2.740220 1.133707 -0.200000
v 2.741323 1.109551 0.200000
v 2.741323 1.109551 -0.200000
v 2.742867 1.085219 0.200000
v 2.742867 1.085219 -0.200000
v 2.744852 1.060711 0.200000
v 2.744852 1.060711 -0.200000
v 2.747278 1.036026 0.200000
v 2.747278 1.036026 -0.200000
v 2.750145 1.011164 0.200000
v 2.750145 1.011164 -0.200000
v 2.753453 0.986126 0.200000
v 2.753453 0.986126 -0.200000
v 2.757203 0.960912 0.200000
v 2.757203 0.960912 -0.200000
v 2.761394 0.935521 0.200000
v 2.761394 0.935521 -0.200000
v 2.766026 0.909954 0.200000
v 2.766026 0.909954 -0.200000
v 2.771098 0.884211 0.200000
v 2.771098 0.884211 -0.200000
v 2.776665 0.858423 0.200000
v 2.776665 0.858423 -0.200000
v 2.782779 0.832723 0.200000
v 2.782779 0.832723 -0.200000
v 2.789440 0.807112 0.200000
v 2.789440 0.807112 -0.200000
v 2.796648 0.781589 0.200000
v 2.796648 0.781589 -0.200000
v 2.804403 0.756154 0.200000
v 2.804403 0.756154 -0.200000
v 2.812705 0.730808 0.200000
v 2.812705 0.730808 -0.200000
v 2.821554 0.705549 0.200000
v 2.821554 0.705549 -0.200000
v 2.830950 0.680379 0.200000
v 2.830950 0.680379 -0.200000
v 2.840892 0.655297 0.200000
v 2.840892 0.655297 -0.200000
v 2.851382 0.630304 0.200000
v 2.851382 0.630304 -0.200000
v 2.862419 0.605398 0.200000
v 2.862419 0.605398 -0.200000
v 2.874002 0.580581 0.200000
v 2.874002 0.580581 -0.200000
v 2.886150 0.555914 0.200000
v 2.886150 0.555914 -0.200000
v 2.898881 0.531458 0.200000
v 2.898881 0.531458 -0.200000
v 2.912194 0.507214 0.200000
v 2.912194 0.507214 -0.200000
v 2.926089 0.483182 0.200000
v 2.926089 0.483182 -0.200000
v 2.940567 0.459362 0.200000
v 2.940567 0.459362 -0.200000
v 2.955626 0.435753 0.200000
v 2.955626 0.435753 -0.200000
v 2.971268 0.412357 0.200000
v 2.971268 0.412357 -0.200000
v 2.987493 0.389171 0.200000
v 2.987493 0.389171 -0.200000
v 3.004299 0.366198 0.200000
v 3.004299 0.366198 -0.200000
v 3.021688 0.343436 0.200000
v 3.021688 0.343436 -0.200000
v 3.039659 0.320887 0.200000
v 3.039659 0.320887 -0.200000
v 3.058213 0.298548 0.200000
v 3.058213 0.298548 -0.200000
v 3.077410 0.276528 0.200000
v 3.077410 0.276528 -0.200000
v 3.097313 0.254931 0.200000
v 3.097313 0.254931 -0.200000
v 3.117922 0.233757 0.200000
v 3.117922 0.233757 -0.200000
v 3.139237 0.213007 0.200000
v 3.139237 0.213007 -0.200000
v 3.161258 0.192680 0.200000
v 3.161258 0.192680 -0.200000
v 3.183984 0.172777 0.200000
v 3.183984 0.172777 -0.200000
v 3.207416 0.153297 0.200000
v 3.207416 0.153297 -0.200000
v 3.231554 0.134241 0.200000
v 3.231554 0.134241 -0.200000
v 3.256398 0.115608 0.200000
v 3.256398 0.115608 -0.200000
v 3.281947 0.097399 0.200000
v 3.281947 0.097399 -0.200000
v 3.308202 0.079613 0.200000
v 3.308202 0.079613 -0.200000
v 3.335164 0.062251 0.200000
v 3.335164 0.062251 -0.200000
v 3.362839 0.045400 0.200000
v 3.362839 0.045400 -0.200000
v 3.391238 0.029149 0.200000
v 3.391238 0.029149 -0.200000
v 3.420361 0.013498 0.200000
v 3.420361 0.013498 -0.200000
v 3.450207 -0.001553 0.200000
v 3.450207 -0.001553 -0.200000
v 3.480776 -0.016004 0.200000
v 3.480776 -0.016004 -0.200000
v 3.512069 -0.029855 0.200000
v 3.512069 -0.029855 -0.200000
v 3.544086 -0.043106 0.200000
v 3.544086 -0.043106 -0.200000
v 3.576825 -0.055757 0.200000
v 3.576825 -0.055757 -0.200000
v 3.610289 -0.067808 0.200000
v 3.610289 -0.067808 -0.200000
v 3.644475 -0.079260 0.200000
v 3.644475 -0.079260 -0.200000
v 3.679385 -0.090111 0.200000
v 3.679385 -0.090111 -0.200000
v 3.715018 -0.100363 0.200000
v 3.715018 -0.100363 -0.200000
v 3.751543 -0.109900 0.200000
v 3.751543 -0.109900 -0.200000
v 3.789126 -0.118607 0.200000
v 3.789126 -0.118607 -0.200000
v 3.827768 -0.126486 0.200000
v 3.827768 -0.126486 -0.200000
v 3.867468 -0.133535 0.200000
v 3.867468 -0.133535 -0.200000
v 3.908227 -0.139755 0.200000
v 3.908227 -0.139755 -0.200000
v 3.950045 -0.145145 0.200000
v 3.950045 -0.145145 -0.200000
v 3.992922 -0.149706 0.200000
v 3.992922 -0.149706 -0.200000
v 4.036857 -0.153438 0.200000
v 4.036857 -0.153438 -0.200000
v 4.081851 -0.156341 0.200000
v 4.081851 -0.156341 -0.200000
v 4.127903 -0.158414 0.200000
v 4.127903 -0.158414 -0.200000
v 4.175015 -0.159658 0.200000
v 4.175015 -0.159658 -0.200000
v 4.223186 -0.160072 0.200000
v 4.223186 -0.160072 -0.200000
v 4.566198 -0.160072 0.200000
v 4.566198 -0.160072 -0.200000
v 4.777087 -1.211978 0.200000
v 4.777087 -1.211978 -0.200000
v 4.778040 -1.216177 0.200000
v 4.778040 -1.216177 -0.200000
v 4.779205 -1.220306 0.200000
v 4.779205 -1.220306 -0.200000
v 4.780581 -1.224365 0.200000
v 4.780581 -1.224365 -0.200000
v 4.782169 -1.228352 0.200000
v 4.782169 -1.228352 -0.200000
v 4.783969 -1.232269 0.200000
v 4.783969 -1.232269 -0.200000
v 4.785981 -1.236116 0.200000
v 4.785981 -1.236116 -0.200000
v 4.788204 -1.239892 0.200000
v 4.788204 -1.239892 -0.200000
v 4.790639 -1.243597 0.200000
v 4.790639 -1.243597 -0.200000
v 4.793285 -1.247232 0.200000
v 4.793285 -1.247232 -0.200000
v 4.796144 -1.250796 0.200000
v 4.796144 -1.250796 -0.200000
v 4.799214 -1.254290 0.200000
v 4.799214 -1.254290 -0.200000
v 4.802495 -1.257713 0.200000
v 4.802495 -1.257713 -0.200000
v 4.806042 -1.261048 0.200000
v 4.806042 -1.261048 -0.200000
v 4.809906 -1.264277 0.200000
v 4.809906 -1.264277 -0.200000
v 4.814088 -1.267400 0.200000
v 4.814088 -1.267400 -0.200000
v 4.818588 -1.270417 0.200000
v 4.818588 -1.270417 -0.200000
v 4.823405 -1.273328 0.200000
v 4.823405 -1.273328 -0.200000
v 4.828539 -1.276134 0.200000
v 4.828539 -1.276134 -0.200000
v 4.833992 -1.278834 0.200000
v 4.833992 -1.278834 -0.200000
v 4.839762 -1.281427 0.200000
v 4.839762 -1.281427 -0.200000
v 4.845849 -1.283915 0.200000
v 4.845849 -1.283915 -0.200000
v 4.852254 -1.286297 0.200000
v 4.852254 -1.286297 -0.200000
v 4.858977 -1.288573 0.200000
v 4.858977 -1.288573 -0.200000
v 4.866017 -1.290744 0.200000
v 4.866017 -1.290744 -0.200000
v 4.873374 -1.292817 0.200000
v 4.873374 -1.292817 -0.200000
v 4.881050 -1.294802 0.200000
v 4.881050 -1.294802 -0.200000
v 4.889043 -1.296699 0.200000
v 4.889043 -1.296699 -0.200000
v 4.897353 -1.298508 0.200000
v 4.897353 -1.298508 -0.200000
v 4.905982 -1.300228 0.200000
v 4.905982 -1.300228 -0.200000
v 4.914927 -1.301860 0.200000
v 4.914927 -1.301860 -0.200000
v 4.924191 -1.303404 0.200000
v 4.924191 -1.303404 -0.200000
v 4.933772 -1.304860 0.200000
v 4.933772 -1.304860 -0.200000
v 4.943671 -1.306227 0.200000
v 4.943671 -1.306227 -0.200000
v 4.953887 -1.307506 0.200000
v 4.953887 -1.307506 -0.200000
v 4.964421 -1.308697 0.200000
v 4.964421 -1.308697 -0.200000
v 4.975272 -1.309800 0.200000
v 4.975272 -1.309800 -0.200000
v 4.986494 -1.310815 0.200000
v 4.986494 -1.310815 -0.200000
v 4.998140 -1.311741 0.200000
v 4.998140 -1.311741 -0.200000
v 5.010209 -1.312579 0.200000
v 5.010209 -1.312579 -0.200000
v 5.022701 -1.313329 0.200000
v 5.022701 -1.313329 -0.200000
v 5.035617 -1.313991 0.200000
v 5.035617 -1.313991 -0.200000
v 5.048956 -1.314564 0.200000
v 5.048956 -1.314564 -0.200000
v 5.062719 -1.315050 0.200000
v 5.062719 -1.315050 -0.200000
v 5.076905 -1.315446 0.200000
v 5.076905 -1.315446 -0.200000
v 5.091515 -1.315755 0.200000
v 5.091515 -1.315755 -0.200000
v 5.106548 -1.315976 0.200000
v 5.106548 -1.315976 -0.200000
v 5.122005 -1.316108 0.200000
v 5.122005 -1.316108 -0.200000
v 5.137886 -1.316152 0.200000
v 5.137886 -1.316152 -0.200000
v 5.153334 -1.316108 0.200000
v 5.153334 -1.316108 -0.200000
v 5.168341 -1.315976 0.200000
v 5.168341 -1.315976 -0.200000
v 5.182906 -1.315755 0.200000
v 5.182906 -1.315755 -0.200000
v 5.197031 -1.315446 0.200000
v 5.197031 -1.315446 -0.200000
v 5.210714 -1.315049 0.200000
v 5.210714 -1.315049 -0.200000
v 5.223957 -1.314564 0.200000
v 5.223957 -1.314564 -0.200000
v 5.236758 -1.313991 0.200000
v 5.236758 -1.313991 -0.200000
v 5.249118 -1.313329 0.200000
v 5.249118 -1.313329 -0.200000
v 5.261037 -1.312579 0.200000
v 5.261037 -1.312579 -0.200000
v 5.272515 -1.311741 0.200000
v 5.272515 -1.311741 -0.200000
v 5.283552 -1.310815 0.200000
v 5.283552 -1.310815 -0.200000
v 5.294147 -1.309800 0.200000
v 5.294147 -1.309800 -0.200000
v 5.304337 -1.308697 0.200000
v 5.304337 -1.308697 -0.200000
v 5.314156 -1.307506 0.200000
v 5.314156 -1.307506 -0.200000
v 5.323605 -1.306227 0.200000
v 5.323605 -1.306227 -0.200000
v 5.332683 -1.304860 0.200000
v 5.332683 -1.304860 -0.200000
v 5.341391 -1.303404 0.200000
v 5.341391 -1.303404 -0.200000
v 5.349728 -1.301860 0.200000
v 5.349728 -1.301860 -0.200000
v 5.357695 -1.300228 0.200000
v 5.357695 -1.300228 -0.200000
v 5.365291 -1.298508 0.200000
v 5.365291 -1.298508 -0.200000
v 5.372516 -1.296699 0.200000
v 5.372516 -1.296699 -0.200000
v 5.379371 -1.294802 0.200000
v 5.379371 -1.294802 -0.200000
v 5.385856 -1.292817 0.200000
v 5.385856 -1.292817 -0.200000
v 5.391969 -1.290744 0.200000
v 5.391969 -1.290744 -0.200000
v 5.397739 -1.288582 0.200000
v 5.397739 -1.288582 -0.200000
v 5.403192 -1.286333 0.200000
v 5.403192 -1.286333 -0.200000
v 5.408326 -1.283995 0.200000
v 5.408326 -1.283995 -0.200000
v 5.413143 -1.281569 0.200000
v 5.413143 -1.281569 -0.200000
v 5.417643 -1.279054 0.200000
v 5.417643 -1.279054 -0.200000
v 5.421824 -1.276452 0.200000
v 5.421824 -1.276452 -0.200000
v 5.425688 -1.273761 0.200000
v 5.425688 -1.273761 -0.200000
v 5.429235 -1.270982 0.200000
v 5.429235 -1.270982 -0.200000
v 5.432464 -1.268114 0.200000
v 5.432464 -1.268114 -0.200000
v 5.435375 -1.265159 0.200000
v 5.435375 -1.265159 -0.200000
v 5.437969 -1.262115 0.200000
v 5.437969 -1.262115 -0.200000
v 5.440245 -1.258983 0.200000
v 5.440245 -1.258983 -0.200000
v 5.442221 -1.255746 0.200000
v 5.442221 -1.255746 -0.200000
v 5.443915 -1.252384 0.200000
v 5.443915 -1.252384 -0.200000
v 5.445327 -1.248899 0.200000
v 5.445327 -1.248899 -0.200000
v 5.446456 -1.245291 0.200000
v 5.446456 -1.245291 -0.200000
v 5.447303 -1.241559 0.200000
v 5.447303 -1.241559 -0.200000
v 5.447867 -1.237704 0.200000
v 5.447867 -1.237704 -0.200000
v 5.448150 -1.233725 0.200000
v 5.448150 -1.233725 -0.200000
v 5.448150 -1.229623 0.200000
v 5.448150 -1.229623 -0.200000
v 5.447867 -1.225397 0.200000
v 5.447867 -1.225397 -0.200000
v 5.447303 -1.221047 0.200000
v 5.447303 -1.221047 -0.200000
v 5.446456 -1.216574 0.200000
v 5.446456 -1.216574 -0.200000
v 5.445327 -1.211978 0.200000
v 5.445327 -1.211978 -0.200000
v 4.853312 1.748095 0.200000
v 4.853312 1.748095 -0.200001
v 4.849131 1.767583 0.200000
v 4.849131 1.767583 -0.200001
v 4.844208 1.786242 0.200000
v 4.844208 1.786242 -0.200001
v 4.838544 1.804072 0.200000
v 4.838544 1.804072 -0.200001
v 4.832139 1.821073 0.200000
v 4.832139 1.821073 -0.200001
v 4.824993 1.837244 0.200000
v 4.824993 1.837244 -0.200001
v 4.817105 1.852586 0.200000
v 4.817105 1.852586 -0.200001
v 4.808477 1.867099 0.200000
v 4.808477 1.867099 -0.200001
v 4.799108 1.880783 0.200000
v 4.799108 1.880783 -0.200001
v 4.788997 1.893637 0.200000
v 4.788997 1.893637 -0.200001
v 4.778146 1.905662 0.200000
v 4.778146 1.905662 -0.200001
v 4.766553 1.916857 0.200000
v 4.766553 1.916857 -0.200001
v 4.754220 1.927223 0.200000
v 4.754220 1.927223 -0.200001
v 4.741268 1.936760 0.200000
v 4.741268 1.936760 -0.200001
v 4.727823 1.945468 0.200000
v 4.727823 1.945468 -0.200001
v 4.713884 1.953346 0.200000
v 4.713884 1.953346 -0.200001
v 4.699450 1.960396 0.200000
v 4.699450 1.960396 -0.200001
v 4.684523 1.966615 0.200000
v 4.684523 1.966615 -0.200001
v 4.669102 1.972006 0.200000
v 4.669102 1.972006 -0.200001
v 4.653186 1.976567 0.200000
v 4.653186 1.976567 -0.200001
v 4.636777 1.980299 0.200000
v 4.636777 1.980299 -0.200001
v 4.619874 1.983201 0.200000
v 4.619874 1.983201 -0.200001
v 4.602476 1.985275 0.200000
v 4.602476 1.985275 -0.200001
v 4.584584 1.986519 0.200000
v 4.584584 1.986519 -0.200001
v 4.566198 1.986933 0.200000
v 4.566198 1.986933 -0.200001
v 3.847142 1.986933 0.200000
v 3.847142 1.986933 -0.200000
v 3.825315 1.986871 0.200000
v 3.825315 1.986871 -0.200000
v 3.803877 1.986686 0.200000
v 3.803877 1.986686 -0.200000
v 3.782827 1.986377 0.200000
v 3.782827 1.986377 -0.200000
v 3.762165 1.985945 0.200000
v 3.762165 1.985945 -0.200000
v 3.741891 1.985389 0.200000
v 3.741891 1.985389 -0.200000
v 3.722006 1.984710 0.200000
v 3.722006 1.984710 -0.200000
v 3.702508 1.983907 0.200000
v 3.702508 1.983907 -0.200000
v 3.683399 1.982981 0.200000
v 3.683399 1.982981 -0.200000
v 3.664678 1.981931 0.200000
v 3.664678 1.981931 -0.200000
v 3.646345 1.980757 0.200000
v 3.646345 1.980757 -0.200000
v 3.628400 1.979461 0.200000
v 3.628400 1.979461 -0.200000
v 3.610844 1.978040 0.200000
v 3.610844 1.978040 -0.200000
v 3.593499 1.976479 0.200000
v 3.593499 1.976479 -0.200000
v 3.576190 1.974758 0.200000
v 3.576190 1.974758 -0.200000
v 3.558916 1.972879 0.200000
v 3.558916 1.972879 -0.200000
v 3.541677 1.970841 0.200000
v 3.541677 1.970841 -0.200000
v 3.524473 1.968644 0.200000
v 3.524473 1.968644 -0.200000
v 3.507305 1.966289 0.200000
v 3.507305 1.966289 -0.200000
v 3.490172 1.963774 0.200000
v 3.490172 1.963774 -0.200000
v 3.473074 1.961101 0.200000
v 3.473074 1.961101 -0.200000
v 3.456012 1.958269 0.200000
v 3.456012 1.958269 -0.200000
v 3.438985 1.955279 0.200000
v 3.438985 1.955279 -0.200000
v 3.421993 1.952129 0.200000
v 3.421993 1.952129 -0.200000
v 3.405036 1.948820 0.200000
v 3.405036 1.948820 -0.200000
v 3.379425 1.943510 0.200000
v 3.379425 1.943510 -0.200000
v 3.354255 1.937740 0.200000
v 3.354255 1.937740 -0.200000
v 3.329526 1.931511 0.200000
v 3.329526 1.931511 -0.200000
v 3.305238 1.924824 0.200000
v 3.305238 1.924824 -0.200000
v 3.281391 1.917678 0.200000
v 3.281391 1.917678 -0.200000
v 3.257986 1.910073 0.200000
v 3.257986 1.910073 -0.200000
v 3.235021 1.902009 0.200000
v 3.235021 1.902009 -0.200000
v 3.212498 1.893487 0.200000
v 3.212498 1.893487 -0.200000
v 3.190416 1.884506 0.200000
v 3.190416 1.884506 -0.200000
v 3.168774 1.875066 0.200000
v 3.168774 1.875066 -0.200000
v 3.147574 1.865167 0.200000
v 3.147574 1.865167 -0.200000
v 3.126815 1.854810 0.200000
v 3.126815 1.854810 -0.200000
v 3.106533 1.844002 0.200000
v 3.106533 1.844002 -0.200000
v 3.086762 1.832754 0.200000
v 3.086762 1.832754 -0.200000
v 3.067502 1.821064 0.200000
v 3.067502 1.821064 -0.200000
v 3.048755 1.808934 0.200000
v 3.048755 1.808934 -0.200000
v 3.030519 1.796362 0.200000
v 3.030519 1.796362 -0.200000
v 3.012795 1.783349 0.200000
v 3.012795 1.783349 -0.200000
v 2.995583 1.769895 0.200000
v 2.995583 1.769895 -0.200000
v 2.978882 1.756000 0.200000
v 2.978882 1.756000 -0.200000
v 2.962693 1.741663 0.200000
v 2.962693 1.741663 -0.200000
v 2.947016 1.726886 0.200000
v 2.947016 1.726886 -0.200000
v 2.931850 1.711668 0.200000
v 2.931850 1.711668 -0.200000
v 2.917196 1.696007 0.200000
v 2.917196 1.696007 -0.200000
v 2.903080 1.679898 0.200000
v 2.903080 1.679898 -0.200000
v 2.889529 1.663330 0.200000
v 2.889529 1.663330 -0.200000
v 2.876543 1.646302 0.200000
v 2.876543 1.646302 -0.200000
v 2.864121 1.628817 0.200000
v 2.864121 1.628817 -0.200000
v 2.852264 1.610872 0.200000
v 2.852264 1.610872 -0.200000
v 2.840971 1.592469 0.200000
v 2.840971 1.592469 -0.200000
v 2.830243 1.573606 0.200000
v 2.830243 1.573606 -0.200000
v 2.820080 1.554286 0.200000
v 2.820080 1.554286 -0.200000
v 2.810481 1.534506 0.200000
v 2.810481 1.534506 -0.200000
v 2.801447 1.514267 0.200000
v 2.801447 1.514267 -0.200000
v 2.792978 1.493570 0.200000
v 2.792978 1.493570 -0.200000
v 3.458394 0.941379 0.200000
v 3.458394 0.941379 -0.200000
v 3.455959 0.955522 0.200000
v 3.455959 0.955522 -0.200000
v 3.453736 0.969576 0.200000
v 3.453736 0.969576 -0.200000
v 3.451724 0.983542 0.200000
v 3.451724 0.983542 -0.200000
v 3.449924 0.997419 0.200000
v 3.449924 0.997419 -0.200000
v 3.448337 1.011209 0.200000
v 3.448337 1.011209 -0.200000
v 3.446960 1.024909 0.200000
v 3.446960 1.024909 -0.200000
v 3.445796 1.038522 0.200000
v 3.445796 1.038522 -0.200000
v 3.444843 1.052047 0.200000
v 3.444843 1.052047 -0.200000
v 3.444102 1.065484 0.200000
v 3.444102 1.065484 -0.200000
v 3.443573 1.078832 0.200000
v 3.443573 1.078832 -0.200000
v 3.443255 1.092092 0.200000
v 3.443255 1.092092 -0.200000
v 3.443149 1.105263 0.200000
v 3.443149 1.105263 -0.200000
v 3.443555 1.125361 0.200000
v 3.443555 1.125361 -0.200000
v 3.444772 1.144999 0.200000
v 3.444772 1.144999 -0.200000
v 3.446801 1.164179 0.200000
v 3.446801 1.164179 -0.200000
v 3.449642 1.182900 0.200000
v 3.449642 1.182900 -0.200000
v 3.453295 1.201162 0.200000
v 3.453295 1.201162 -0.200000
v 3.457759 1.218966 0.200000
v 3.457759 1.218966 -0.200000
v 3.463034 1.236310 0.200000
v 3.463034 1.236310 -0.200000
v 3.469122 1.253196 0.200000
v 3.469122 1.253196 -0.200000
v 3.476021 1.269624 0.200000
v 3.476021 1.269624 -0.200000
v 3.483732 1.285592 0.200000
v 3.483732 1.285592 -0.200000
v 3.492254 1.301102 0.200000
v 3.492254 1.301102 -0.200000
v 3.501588 1.316153 0.200000
v 3.501588 1.316153 -0.200000
v 3.511769 1.330604 0.200000
v 3.511769 1.330604 -0.200000
v 3.522832 1.344314 0.200000
v 3.522832 1.344314 -0.200000
v 3.534778 1.357283 0.200000
v 3.534778 1.357283 -0.200000
v 3.547606 1.369510 0.200000
v 3.547606 1.369510 -0.200000
v 3.561315 1.380997 0.200000
v 3.561315 1.380997 -0.200000
v 3.575907 1.391743 0.200000
v 3.575907 1.391743 -0.200000
v 3.591382 1.401747 0.200000
v 3.591382 1.401747 -0.200000
v 3.607738 1.411011 0.200000
v 3.607738 1.411011 -0.200000
v 3.624977 1.419533 0.200000
v 3.624977 1.419533 -0.200000
v 3.643099 1.427314 0.200000
v 3.643099 1.427314 -0.200000
v 3.662102 1.434355 0.200000
v 3.662102 1.434355 -0.200000
v 3.681988 1.440654 0.200000
v 3.681988 1.440654 -0.200000
v 3.690969 1.443539 0.200000
v 3.690969 1.443539 -0.200000
v 3.700126 1.446265 0.200000
v 3.700126 1.446265 -0.200000
v 3.709460 1.448832 0.200000
v 3.709460 1.448832 -0.200000
v 3.718970 1.451240 0.200000
v 3.718970 1.451240 -0.200000
v 3.728657 1.453490 0.200000
v 3.728657 1.453490 -0.200000
v 3.738521 1.455581 0.200000
v 3.738521 1.455581 -0.200000
v 3.748560 1.457513 0.200000
v 3.748560 1.457513 -0.200000
v 3.758777 1.459286 0.200000
v 3.758777 1.459286 -0.200000
v 3.769170 1.460901 0.200000
v 3.769170 1.460901 -0.200000
v 3.779739 1.462357 0.200000
v 3.779739 1.462357 -0.200000
v 3.790484 1.463653 0.200000
v 3.790484 1.463653 -0.200000
v 3.801407 1.464792 0.200000
v 3.801407 1.464792 -0.200000
v 3.812523 1.465806 0.200000
v 3.812523 1.465806 -0.200000
v 3.823851 1.466732 0.200000
v 3.823851 1.466732 -0.200000
v 3.835391 1.467571 0.200000
v 3.835391 1.467571 -0.200000
v 3.847142 1.468320 0.200000
v 3.847142 1.468320 -0.200000
v 3.859105 1.468982 0.200000
v 3.859105 1.468982 -0.200000
v 3.871280 1.469556 0.200000
v 3.871280 1.469556 -0.200000
v 3.883666 1.470041 0.200000
v 3.883666 1.470041 -0.200000
v 3.896265 1.470438 0.200000
v 3.896265 1.470438 -0.200000
v 3.909074 1.470747 0.200000
v 3.909074 1.470747 -0.200000
v 3.922096 1.470967 0.200000
v 3.922096 1.470967 -0.200000
v 3.935329 1.471099 0.200000
v 3.935329 1.471099 -0.200000
v 3.948775 1.471143 0.200000
v 3.948775 1.471143 -0.200000
v 4.243512 1.471143 0.200000
v 4.243512 1.471143 -0.200000
v 4.462024 0.355717 0.200000
v 4.462024 0.355717 -0.200000
v 4.157124 0.355717 0.200000
v 4.157124 0.355717 -0.200000
v 4.133277 0.355955 0.200000
v 4.133277 0.355955 -0.200000
v 4.110012 0.356670 0.200000
v 4.110012 0.356670 -0.200000
v 4.087330 0.357861 0.200000
v 4.087330 0.357861 -0.200000
v 4.065230 0.359528 0.200000
v 4.065230 0.359528 -0.200000
v 4.043713 0.361672 0.200000
v 4.043713 0.361672 -0.200000
v 4.022777 0.364292 0.200000
v 4.022777 0.364292 -0.200000
v 4.002424 0.367389 0.200000
v 4.002424 0.367389 -0.200000
v 3.982653 0.370962 0.200000
v 3.982653 0.370962 -0.200000
v 3.963464 0.375012 0.200000
v 3.963464 0.375012 -0.200000
v 3.944858 0.379537 0.200000
v 3.944858 0.379537 -0.200000
v 3.926834 0.384540 0.200000
v 3.926834 0.384540 -0.200000
v 3.909392 0.390018 0.200000
v 3.909392 0.390018 -0.200000
v 3.892418 0.395885 0.200000
v 3.892418 0.395885 -0.200000
v 3.875797 0.402052 0.200000
v 3.875797 0.402052 -0.200000
v 3.859529 0.408519 0.200000
v 3.859529 0.408519 -0.200000
v 3.843613 0.415286 0.200000
v 3.843613 0.415286 -0.200000
v 3.828050 0.422352 0.200000
v 3.828050 0.422352 -0.200000
v 3.812840 0.429719 0.200000
v 3.812840 0.429719 -0.200000
v 3.797984 0.437385 0.200000
v 3.797984 0.437385 -0.200000
v 3.783480 0.445352 0.200000
v 3.783480 0.445352 -0.200000
v 3.769329 0.453619 0.200000
v 3.769329 0.453619 -0.200000
v 3.755531 0.462185 0.200000
v 3.755531 0.462185 -0.200000
v 3.742085 0.471051 0.200000
v 3.742085 0.471051 -0.200000
v 3.728993 0.480218 0.200000
v 3.728993 0.480218 -0.200000
v 3.716236 0.489675 0.200000
v 3.716236 0.489675 -0.200000
v 3.703797 0.499415 0.200000
v 3.703797 0.499415 -0.200000
v 3.691675 0.509438 0.200000
v 3.691675 0.509438 -0.200000
v 3.679871 0.519742 0.200000
v 3.679871 0.519742 -0.200000
v 3.668384 0.530329 0.200000
v 3.668384 0.530329 -0.200000
v 3.657215 0.541198 0.200000
v 3.657215 0.541198 -0.200000
v 3.646363 0.552349 0.200000
v 3.646363 0.552349 -0.200000
v 3.635830 0.563783 0.200000
v 3.635830 0.563783 -0.200000
v 3.625613 0.575499 0.200000
v 3.625613 0.575499 -0.200000
v 3.615715 0.587498 0.200000
v 3.615715 0.587498 -0.200000
v 3.606133 0.599778 0.200000
v 3.606133 0.599778 -0.200000
v 3.596870 0.612341 0.200000
v 3.596870 0.612341 -0.200000
v 3.587906 0.625098 0.200000
v 3.587906 0.625098 -0.200000
v 3.579225 0.637961 0.200000
v 3.579225 0.637961 -0.200000
v 3.570826 0.650930 0.200000
v 3.570826 0.650930 -0.200000
v 3.562710 0.664005 0.200000
v 3.562710 0.664005 -0.200000
v 3.554875 0.677186 0.200000
v 3.554875 0.677186 -0.200000
v 3.547323 0.690472 0.200000
v 3.547323 0.690472 -0.200000
v 3.540054 0.703864 0.200000
v 3.540054 0.703864 -0.200000
v 3.533067 0.717363 0.200000
v 3.533067 0.717363 -0.200000
v 3.526361 0.730967 0.200000
v 3.526361 0.730967 -0.200000
v 3.519939 0.744677 0.200000
v 3.519939 0.744677 -0.200000
v 3.513799 0.758492 0.200000
v 3.513799 0.758492 -0.200000
v 3.507940 0.772414 0.200000
v 3.507940 0.772414 -0.200000
v 3.502356 0.786397 0.200000
v 3.502356 0.786397 -0.200000
v 3.497036 0.800398 0.200000
v 3.497036 0.800398 -0.200000
v 3.491981 0.814417 0.200000
v 3.491981 0.814417 -0.200000
v 3.487190 0.828453 0.200000
v 3.487190 0.828453 -0.200000
v 3.482664 0.842507 0.200000
v 3.482664 0.842507 -0.200000
v 3.478403 0.856579 0.200000
v 3.478403 0.856579 -0.200000
v 3.474406 0.870668 0.200000
v 3.474406 0.870668 -0.200000
v 3.470675 0.884775 0.200000
v 3.470675 0.884775 -0.200000
v 3.467207 0.898900 0.200000
v 3.467207 0.898900 -0.200000
v 3.464005 0.913042 0.200000
v 3.464005 0.913042 -0.200000
v 3.461067 0.927202 0.200000
v 3.461067 0.927202 -0.200000
v -0.075272 0.677133 0.200000
v -0.075272 0.677133 -0.200000
v -0.085012 0.648628 0.200000
v -0.085012 0.648628 -0.200000
v -0.093905 0.619435 0.200000
v -0.093905 0.619435 -0.200000
v -0.101951 0.589553 0.200000
v -0.101951 0.589553 -0.200000
v -0.109150 0.558984 0.200000
v -0.109150 0.558984 -0.200000
v -0.115502 0.527726 0.200000
v -0.115502 0.527726 -0.200000
v -0.121007 0.495781 0.200000
v -0.121007 0.495781 -0.200000
v -0.125665 0.463147 0.200000
v -0.125665 0.463147 -0.200000
v -0.129476 0.429825 0.200000
v -0.129477 0.429825 -0.200000
v -0.132441 0.395815 0.200000
v -0.132441 0.395815 -0.200000
v -0.134558 0.361116 0.200000
v -0.134558 0.361116 -0.200000
v -0.135829 0.325730 0.200000
v -0.135829 0.325730 -0.200000
v -0.136252 0.289655 0.200000
v -0.136252 0.289655 -0.200000
v -0.136014 0.259095 0.200000
v -0.136014 0.259095 -0.200000
v -0.135299 0.228393 0.200000
v -0.135299 0.228393 -0.200000
v -0.134108 0.197550 0.200000
v -0.134108 0.197550 -0.200000
v -0.132441 0.166566 0.200000
v -0.132441 0.166566 -0.200000
v -0.130297 0.135441 0.200000
v -0.130297 0.135441 -0.200000
v -0.127677 0.104174 0.200000
v -0.127677 0.104174 -0.200000
v -0.124580 0.072767 0.200000
v -0.124580 0.072767 -0.200000
v -0.121007 0.041218 0.200000
v -0.121007 0.041218 -0.200000
v -0.116958 0.009528 0.200000
v -0.116958 0.009528 -0.200000
v -0.112432 -0.022303 0.200000
v -0.112432 -0.022303 -0.200000
v -0.107429 -0.054275 0.200000
v -0.107429 -0.054275 -0.200000
v -0.101951 -0.086388 0.200000
v -0.101951 -0.086388 -0.200000
v -0.095960 -0.118510 0.200000
v -0.095960 -0.118510 -0.200000
v -0.089423 -0.150509 0.200000
v -0.089423 -0.150509 -0.200000
v -0.082339 -0.182384 0.200000
v -0.082339 -0.182384 -0.200000
v -0.074707 -0.214136 0.200000
v -0.074707 -0.214136 -0.200000
v -0.066529 -0.245764 0.200000
v -0.066529 -0.245764 -0.200000
v -0.057804 -0.277268 0.200000
v -0.057804 -0.277268 -0.200000
v -0.048531 -0.308649 0.200000
v -0.048531 -0.308649 -0.200000
v -0.038712 -0.339907 0.200000
v -0.038712 -0.339907 -0.200000
v -0.028346 -0.371041 0.200000
v -0.028346 -0.371041 -0.200000
v -0.017433 -0.402052 0.200000
v -0.017433 -0.402052 -0.200000
v -0.005973 -0.432939 0.200000
v -0.005973 -0.432939 -0.200000
v 0.006035 -0.463702 0.200000
v 0.006035 -0.463702 -0.200000
v 0.018607 -0.494245 0.200000
v 0.018607 -0.494245 -0.200000
v 0.031761 -0.524470 0.200000
v 0.031761 -0.524470 -0.200000
v 0.045497 -0.554378 0.200000
v 0.045497 -0.554378 -0.200000
v 0.059816 -0.583968 0.200000
v 0.059816 -0.583968 -0.200000
v 0.074717 -0.613241 0.200000
v 0.074717 -0.613241 -0.200000
v 0.090200 -0.642196 0.200000
v 0.090200 -0.642196 -0.200000
v 0.106265 -0.670833 0.200000
v 0.106265 -0.670833 -0.200000
v 0.122913 -0.699153 0.200000
v 0.122913 -0.699153 -0.200000
v 0.140143 -0.727155 0.200000
v 0.140143 -0.727155 -0.200000
v 0.157955 -0.754839 0.200000
v 0.157955 -0.754839 -0.200000
v 0.176350 -0.782206 0.200000
v 0.176350 -0.782206 -0.200000
v 0.195327 -0.809256 0.200000
v 0.195327 -0.809256 -0.200000
v 0.214912 -0.835882 0.200000
v 0.214912 -0.835882 -0.200000
v 0.235133 -0.861978 0.200000
v 0.235133 -0.861978 -0.200000
v 0.255989 -0.887545 0.200000
v 0.255989 -0.887545 -0.200000
v 0.277480 -0.912583 0.200000
v 0.277480 -0.912583 -0.200000
v 0.299607 -0.937091 0.200000
v 0.299607 -0.937091 -0.200000
v 0.322369 -0.961070 0.200000
v 0.322369 -0.961070 -0.200000
v 0.345765 -0.984520 0.200000
v 0.345765 -0.984520 -0.200000
v 0.369797 -1.007441 0.200000
v 0.369797 -1.007441 -0.200000
v 0.394465 -1.029832 0.200000
v 0.394465 -1.029832 -0.200000
v 0.419767 -1.051694 0.200000
v 0.419767 -1.051694 -0.200000
v 0.445705 -1.073026 0.200000
v 0.445705 -1.073026 -0.200000
v 0.472278 -1.093829 0.200000
v 0.472278 -1.093829 -0.200000
v 0.499495 -1.114006 0.200000
v 0.499495 -1.114006 -0.200000
v 0.527364 -1.133459 0.200000
v 0.527364 -1.133459 -0.200000
v 0.555887 -1.152189 0.200000
v 0.555887 -1.152189 -0.200000
v 0.585063 -1.170195 0.200000
v 0.585063 -1.170195 -0.200000
v 0.614891 -1.187478 0.200000
v 0.614891 -1.187478 -0.200000
v 0.645372 -1.204038 0.200000
v 0.645372 -1.204038 -0.200000
v 0.676506 -1.219874 0.200000
v 0.676506 -1.219874 -0.200000
v 0.708293 -1.234986 0.200000
v 0.708293 -1.234986 -0.200000
v 0.740733 -1.249376 0.200000
v 0.740733 -1.249376 -0.200000
v 0.773826 -1.263041 0.200000
v 0.773826 -1.263041 -0.200000
v 0.807571 -1.275984 0.200000
v 0.807571 -1.275984 -0.200000
v 0.841969 -1.288203 0.200000
v 0.841969 -1.288203 -0.200000
v 0.877065 -1.299566 0.200000
v 0.877065 -1.299566 -0.200000
v 0.912901 -1.309941 0.200000
v 0.912901 -1.309941 -0.200000
v 0.949478 -1.319328 0.200000
v 0.949478 -1.319328 -0.200000
v 0.986797 -1.327727 0.200000
v 0.986797 -1.327727 -0.200000
v 1.024857 -1.335138 0.200000
v 1.024857 -1.335138 -0.200000
v 1.063657 -1.341561 0.200000
v 1.063657 -1.341561 -0.200000
v 1.103199 -1.346995 0.200000
v 1.103199 -1.346995 -0.200000
v 1.143482 -1.351442 0.200000
v 1.143482 -1.351442 -0.200000
v 1.184506 -1.354900 0.200000
v 1.184506 -1.354900 -0.200000
v 1.226271 -1.357370 0.200000
v 1.226271 -1.357370 -0.200000
v 1.268777 -1.358852 0.200000
v 1.268777 -1.358852 -0.200000
v 1.312024 -1.359346 0.200000
v 1.312024 -1.359346 -0.200000
v 1.354309 -1.358932 0.200000
v 1.354309 -1.358932 -0.200000
v 1.395624 -1.357688 0.200000
v 1.395624 -1.357688 -0.200000
v 1.435969 -1.355615 0.200000
v 1.435969 -1.355615 -0.200000
v 1.475343 -1.352712 0.200000
v 1.475343 -1.352712 -0.200000
v 1.513747 -1.348980 0.200000
v 1.513747 -1.348980 -0.200000
v 1.551180 -1.344419 0.200000
v 1.551180 -1.344419 -0.200000
v 1.587643 -1.339029 0.200000
v 1.587643 -1.339029 -0.200000
v 1.623135 -1.332809 0.200000
v 1.623135 -1.332809 -0.200000
v 1.657657 -1.325760 0.200000
v 1.657657 -1.325760 -0.200000
v 1.691208 -1.317881 0.200000
v 1.691208 -1.317881 -0.200000
v 1.723789 -1.309174 0.200000
v 1.723789 -1.309174 -0.200000
v 1.755399 -1.299637 0.200000
v 1.755399 -1.299637 -0.200000
v 1.786092 -1.289297 0.200000
v 1.786092 -1.289297 -0.200000
v 1.815921 -1.278181 0.200000
v 1.815921 -1.278181 -0.200000
v 1.844884 -1.266289 0.200000
v 1.844884 -1.266289 -0.200000
v 1.872983 -1.253620 0.200000
v 1.872983 -1.253620 -0.200000
v 1.900218 -1.240174 0.200000
v 1.900218 -1.240174 -0.200000
v 1.926588 -1.225953 0.200000
v 1.926588 -1.225953 -0.200000
v 1.952093 -1.210955 0.200000
v 1.952093 -1.210955 -0.200000
v 1.976734 -1.195181 0.200000
v 1.976734 -1.195181 -0.200000
v 2.000510 -1.178630 0.200000
v 2.000510 -1.178630 -0.200000
v 2.023422 -1.161303 0.200000
v 2.023422 -1.161303 -0.200000
v 2.045469 -1.143199 0.200000
v 2.045469 -1.143199 -0.200000
v 2.066652 -1.124319 0.200000
v 2.066652 -1.124319 -0.200000
v 2.086961 -1.104681 0.200000
v 2.086961 -1.104681 -0.200000
v 2.106388 -1.084301 0.200000
v 2.106388 -1.084301 -0.200000
v 2.124932 -1.063180 0.200000
v 2.124932 -1.063180 -0.200000
v 2.142594 -1.041319 0.200000
v 2.142594 -1.041319 -0.200000
v 2.159374 -1.018716 0.200000
v 2.159374 -1.018716 -0.200000
v 2.175272 -0.995372 0.200000
v 2.175272 -0.995372 -0.200000
v 2.190288 -0.971287 0.200000
v 2.190288 -0.971287 -0.200000
v 2.204421 -0.946461 0.200000
v 2.204421 -0.946461 -0.200000
v 2.217672 -0.920894 0.200000
v 2.217672 -0.920894 -0.200000
v 2.230041 -0.894585 0.200000
v 2.230041 -0.894585 -0.200000
v 2.241528 -0.867536 0.200000
v 2.241528 -0.867536 -0.200000
v 2.252133 -0.839746 0.200000
v 2.252133 -0.839746 -0.200000
v 2.261873 -0.811241 0.200000
v 2.261873 -0.811241 -0.200000
v 2.270765 -0.782048 0.200000
v 2.270765 -0.782048 -0.200000
v 2.278811 -0.752166 0.200000
v 2.278811 -0.752166 -0.200000
v 2.286010 -0.721597 0.200000
v 2.286010 -0.721597 -0.200000
v 2.292362 -0.690339 0.200000
v 2.292362 -0.690339 -0.200000
v 2.297868 -0.658394 0.200000
v 2.297868 -0.658394 -0.200000
v 2.302526 -0.625760 0.200000
v 2.302526 -0.625760 -0.200000
v 2.306337 -0.592438 0.200000
v 2.306337 -0.592438 -0.200000
v 2.309301 -0.558428 0.200000
v 2.309301 -0.558428 -0.200000
v 2.311419 -0.523729 0.200000
v 2.311419 -0.523729 -0.200000
v 2.312689 -0.488343 0.200000
v 2.312689 -0.488343 -0.200000
v 2.313113 -0.452268 0.200000
v 2.313113 -0.452268 -0.200000
v 2.312874 -0.421708 0.200000
v 2.312874 -0.421708 -0.200000
v 2.312160 -0.391006 0.200000
v 2.312160 -0.391006 -0.200000
v 2.310969 -0.360163 0.200000
v 2.310969 -0.360163 -0.200000
v 2.309301 -0.329179 0.200000
v 2.309301 -0.329179 -0.200000
v 2.307158 -0.298054 0.200000
v 2.307158 -0.298054 -0.200000
v 2.304538 -0.266787 0.200000
v 2.304538 -0.266787 -0.200000
v 2.301441 -0.235380 0.200000
v 2.301441 -0.235380 -0.200000
v 2.297868 -0.203831 0.200000
v 2.297868 -0.203831 -0.200000
v 2.293818 -0.172141 0.200000
v 2.293818 -0.172141 -0.200000
v 2.289292 -0.140310 0.200000
v 2.289292 -0.140310 -0.200000
v 2.284290 -0.108338 0.200000
v 2.284290 -0.108338 -0.200000
v 2.278811 -0.076225 0.200000
v 2.278811 -0.076225 -0.200000
v 2.272821 -0.044111 0.200000
v 2.272821 -0.044112 -0.200000
v 2.266284 -0.012139 0.200000
v 2.266284 -0.012139 -0.200000
v 2.259199 0.019692 0.200000
v 2.259199 0.019692 -0.200000
v 2.251568 0.051382 0.200000
v 2.251568 0.051382 -0.200000
v 2.243389 0.082930 0.200000
v 2.243389 0.082930 -0.200000
v 2.234664 0.114338 0.200000
v 2.234664 0.114338 -0.200000
v 2.225392 0.145604 0.200000
v 2.225392 0.145604 -0.200000
v 2.215572 0.176729 0.200000
v 2.215572 0.176729 -0.200000
v 2.205206 0.207713 0.200000
v 2.205206 0.207713 -0.200000
v 2.194293 0.238556 0.200000
v 2.194293 0.238556 -0.200000
v 2.182833 0.269258 0.200000
v 2.182833 0.269258 -0.200000
v 2.170826 0.299819 0.200000
v 2.170826 0.299819 -0.200000
v 2.158254 0.330176 0.200000
v 2.158254 0.330176 -0.200000
v 2.145100 0.360269 0.200000
v 2.145100 0.360269 -0.200000
v 2.131364 0.390098 0.200000
v 2.131364 0.390098 -0.200000
v 2.117045 0.419661 0.200000
v 2.117045 0.419661 -0.200000
v 2.102144 0.448960 0.200000
v 2.102144 0.448960 -0.200000
v 2.086661 0.477995 0.200000
v 2.086661 0.477995 -0.200000
v 2.070595 0.506764 0.200000
v 2.070595 0.506764 -0.200000
v 2.053947 0.535269 0.200000
v 2.053947 0.535269 -0.200000
v 2.036717 0.563510 0.200000
v 2.036717 0.563510 -0.200000
v 2.018905 0.591485 0.200000
v 2.018905 0.591485 -0.200000
v 2.000511 0.619196 0.200000
v 2.000511 0.619196 -0.200000
v 1.981534 0.646643 0.200000
v 1.981534 0.646643 -0.200000
v 1.961948 0.673666 0.200000
v 1.961948 0.673666 -0.200000
v 1.941727 0.700106 0.200000
v 1.941727 0.700106 -0.200000
v 1.920871 0.725964 0.200000
v 1.920871 0.725964 -0.200000
v 1.899380 0.751240 0.200000
v 1.899380 0.751240 -0.200000
v 1.877254 0.775934 0.200000
v 1.877254 0.775934 -0.200000
v 1.854492 0.800046 0.200000
v 1.854492 0.800046 -0.200000
v 1.831095 0.823575 0.200000
v 1.831095 0.823575 -0.200000
v 1.807063 0.846522 0.200000
v 1.807063 0.846522 -0.200000
v 1.782396 0.868886 0.200000
v 1.782396 0.868886 -0.200000
v 1.757093 0.890669 0.200000
v 1.757093 0.890669 -0.200000
v 1.731156 0.911869 0.200000
v 1.731156 0.911869 -0.200000
v 1.704583 0.932487 0.200000
v 1.704583 0.932487 -0.200000
v 1.677366 0.952460 0.200000
v 1.677366 0.952460 -0.200000
v 1.649496 0.971728 0.200000
v 1.649496 0.971728 -0.200000
v 1.620973 0.990291 0.200000
v 1.620973 0.990291 -0.200000
v 1.591798 1.008147 0.200000
v 1.591798 1.008147 -0.200000
v 1.561970 1.025298 0.200000
v 1.561970 1.025298 -0.200000
v 1.531488 1.041742 0.200000
v 1.531488 1.041742 -0.200000
v 1.500354 1.057482 0.200000
v 1.500354 1.057482 -0.200000
v 1.468567 1.072515 0.200000
v 1.468567 1.072515 -0.200000
v 1.436128 1.086842 0.200000
v 1.436128 1.086842 -0.200000
v 1.403035 1.100464 0.200000
v 1.403035 1.100464 -0.200000
v 1.369290 1.113380 0.200000
v 1.369290 1.113380 -0.200000
v 1.334891 1.125590 0.200000
v 1.334891 1.125590 -0.200000
v 1.299796 1.136953 0.200000
v 1.299796 1.136953 -0.200000
v 1.263960 1.147328 0.200000
v 1.263960 1.147328 -0.200000
v 1.227382 1.156715 0.200000
v 1.227382 1.156715 -0.200000
v 1.190064 1.165114 0.200000
v 1.190064 1.165114 -0.200000
v 1.152004 1.172525 0.200000
v 1.152004 1.172525 -0.200000
v 1.113203 1.178948 0.200000
v 1.113203 1.178948 -0.200000
v 1.073662 1.184382 0.200000
v 1.073662 1.184382 -0.200000
v 1.033379 1.188829 0.200000
v 1.033379 1.188829 -0.200000
v 0.992355 1.192287 0.200000
v 0.992355 1.192287 -0.200000
v 0.950590 1.194757 0.200000
v 0.950590 1.194757 -0.200000
v 0.908084 1.196239 0.200000
v 0.908084 1.196239 -0.200000
v 0.864837 1.196733 0.200000
v 0.864837 1.196733 -0.200000
v 0.822551 1.196319 0.200000
v 0.822551 1.196319 -0.200000
v 0.781236 1.195075 0.200000
v 0.781236 1.195075 -0.200000
v 0.740892 1.193002 0.200000
v 0.740892 1.193002 -0.200000
v 0.701518 1.190099 0.200000
v 0.701518 1.190099 -0.200000
v 0.663114 1.186367 0.200000
v 0.663114 1.186367 -0.200000
v 0.625681 1.181806 0.200000
v 0.625681 1.181806 -0.200000
v 0.589218 1.176416 0.200000
v 0.589218 1.176416 -0.200000
v 0.553726 1.170196 0.200000
v 0.553726 1.170196 -0.200000
v 0.519204 1.163147 0.200000
v 0.519204 1.163147 -0.200000
v 0.485653 1.155268 0.200000
v 0.485653 1.155268 -0.200000
v 0.453072 1.146561 0.200000
v 0.453072 1.146561 -0.200000
v 0.421461 1.137024 0.200000
v 0.421461 1.137024 -0.200000
v 0.390768 1.126684 0.200000
v 0.390768 1.126684 -0.200000
v 0.360940 1.115568 0.200000
v 0.360940 1.115568 -0.200000
v 0.331976 1.103675 0.200000
v 0.331976 1.103675 -0.200000
v 0.303877 1.091007 0.200000
v 0.303877 1.091007 -0.200000
v 0.276642 1.077561 0.200000
v 0.276642 1.077561 -0.200000
v 0.250272 1.063340 0.200000
v 0.250272 1.063340 -0.200000
v 0.224767 1.048342 0.200000
v 0.224767 1.048342 -0.200000
v 0.200126 1.032568 0.200000
v 0.200126 1.032568 -0.200000
v 0.176350 1.016017 0.200000
v 0.176350 1.016017 -0.200000
v 0.153438 0.998690 0.200000
v 0.153438 0.998690 -0.200000
v 0.131391 0.980586 0.200000
v 0.131391 0.980586 -0.200000
v 0.110209 0.961706 0.200000
v 0.110209 0.961706 -0.200000
v 0.089900 0.942068 0.200000
v 0.089900 0.942068 -0.200000
v 0.070473 0.921688 0.200000
v 0.070473 0.921688 -0.200000
v 0.051928 0.900567 0.200000
v 0.051928 0.900567 -0.200000
v 0.034266 0.878706 0.200000
v 0.034266 0.878706 -0.200000
v 0.017486 0.856103 0.200000
v 0.017486 0.856103 -0.200000
v 0.001588 0.832759 0.200000
v 0.001588 0.832759 -0.200000
v -0.013428 0.808674 0.200000
v -0.013428 0.808674 -0.200000
v -0.027561 0.783848 0.200000
v -0.027561 0.783848 -0.200000
v -0.040812 0.758281 0.200000
v -0.040812 0.758281 -0.200000
v -0.053181 0.731972 0.200000
v -0.053181 0.731972 -0.200000
v -0.064668 0.704923 0.200000
v -0.064668 0.704923 -0.200000
v 0.542151 0.007623 0.200000
v 0.542151 0.007623 -0.200000
v 0.539310 0.028302 0.200000
v 0.539310 0.028302 -0.200000
v 0.536716 0.048841 0.200000
v 0.536716 0.048841 -0.200000
v 0.534369 0.069238 0.200000
v 0.534369 0.069238 -0.200000
v 0.532270 0.089494 0.200000
v 0.532270 0.089494 -0.200000
v 0.530417 0.109609 0.200000
v 0.530417 0.109609 -0.200000
v 0.528811 0.129583 0.200000
v 0.528811 0.129583 -0.200000
v 0.527453 0.149415 0.200000
v 0.527453 0.149415 -0.200000
v 0.526341 0.169107 0.200000
v 0.526341 0.169107 -0.200000
v 0.525477 0.188657 0.200000
v 0.525477 0.188657 -0.200000
v 0.524859 0.208066 0.200000
v 0.524859 0.208066 -0.200000
v 0.524488 0.227334 0.200000
v 0.524488 0.227334 -0.200000
v 0.524365 0.246461 0.200000
v 0.524365 0.246461 -0.200000
v 0.524515 0.264079 0.200000
v 0.524515 0.264079 -0.200000
v 0.524965 0.281362 0.200000
v 0.524965 0.281362 -0.200000
v 0.525715 0.298310 0.200000
v 0.525715 0.298310 -0.200000
v 0.526765 0.314923 0.200000
v 0.526765 0.314923 -0.200000
v 0.528114 0.331200 0.200000
v 0.528114 0.331200 -0.200000
v 0.529764 0.347142 0.200000
v 0.529764 0.347142 -0.200000
v 0.531714 0.362749 0.200000
v 0.531714 0.362749 -0.200000
v 0.533964 0.378020 0.200000
v 0.533964 0.378020 -0.200000
v 0.536513 0.392956 0.200000
v 0.536513 0.392956 -0.200000
v 0.539363 0.407557 0.200000
v 0.539363 0.407557 -0.200000
v 0.542513 0.421823 0.200000
v 0.542513 0.421823 -0.200000
v 0.545962 0.435753 0.200000
v 0.545962 0.435753 -0.200000
v 0.549756 0.449340 0.200000
v 0.549756 0.449340 -0.200000
v 0.553937 0.462573 0.200000
v 0.553937 0.462573 -0.200000
v 0.558507 0.475454 0.200000
v 0.558507 0.475454 -0.200000
v 0.563466 0.487982 0.200000
v 0.563466 0.487982 -0.200000
v 0.568812 0.500156 0.200000
v 0.568812 0.500156 -0.200000
v 0.574546 0.511978 0.200000
v 0.574546 0.511978 -0.200000
v 0.580669 0.523447 0.200000
v 0.580669 0.523447 -0.200000
v 0.587180 0.534564 0.200000
v 0.587180 0.534564 -0.200000
v 0.594079 0.545327 0.200000
v 0.594079 0.545327 -0.200000
v 0.601366 0.555737 0.200000
v 0.601366 0.555737 -0.200000
v 0.609042 0.565795 0.200000
v 0.609042 0.565795 -0.200000
v 0.617105 0.575499 0.200000
v 0.617105 0.575499 -0.200000
v 0.625557 0.584842 0.200000
v 0.625557 0.584842 -0.200000
v 0.634397 0.593814 0.200000
v 0.634397 0.593814 -0.200000
v 0.643625 0.602416 0.200000
v 0.643625 0.602416 -0.200000
v 0.653242 0.610647 0.200000
v 0.653242 0.610647 -0.200000
v 0.663246 0.618508 0.200000
v 0.663246 0.618508 -0.200000
v 0.673639 0.625998 0.200000
v 0.673639 0.625998 -0.200000
v 0.684420 0.633118 0.200000
v 0.684420 0.633118 -0.200000
v 0.695589 0.639867 0.200000
v 0.695589 0.639867 -0.200000
v 0.707146 0.646246 0.200000
v 0.707146 0.646246 -0.200000
v 0.719092 0.652254 0.200000
v 0.719092 0.652254 -0.200000
v 0.731425 0.657891 0.200000
v 0.731425 0.657891 -0.200000
v 0.744147 0.663158 0.200000
v 0.744147 0.663158 -0.200000
v 0.757301 0.668028 0.200000
v 0.757301 0.668028 -0.200000
v 0.770932 0.672474 0.200000
v 0.770932 0.672474 -0.200000
v 0.785039 0.676497 0.200000
v 0.785039 0.676497 -0.200000
v 0.799622 0.680097 0.200000
v 0.799622 0.680097 -0.200000
v 0.814682 0.683273 0.200000
v 0.814682 0.683273 -0.200000
v 0.830218 0.686026 0.200000
v 0.830218 0.686026 -0.200000
v 0.846230 0.688355 0.200000
v 0.846230 0.688355 -0.200000
v 0.862719 0.690260 0.200000
v 0.862719 0.690260 -0.200000
v 0.879685 0.691742 0.200000
v 0.879685 0.691742 -0.200000
v 0.897127 0.692801 0.200000
v 0.897127 0.692801 -0.200000
v 0.915045 0.693436 0.200000
v 0.915045 0.693436 -0.200000
v 0.933439 0.693648 0.200000
v 0.933439 0.693648 -0.200000
v 0.954437 0.693304 0.200000
v 0.954437 0.693304 -0.200000
v 0.975081 0.692272 0.200000
v 0.975081 0.692272 -0.200000
v 0.995372 0.690551 0.200000
v 0.995372 0.690551 -0.200000
v 1.015311 0.688143 0.200000
v 1.015311 0.688143 -0.200000
v 1.034896 0.685046 0.200000
v 1.034896 0.685046 -0.200000
v 1.054129 0.681261 0.200000
v 1.054129 0.681261 -0.200000
v 1.073009 0.676789 0.200000
v 1.073009 0.676789 -0.200000
v 1.091536 0.671628 0.200000
v 1.091536 0.671628 -0.200000
v 1.109710 0.665778 0.200000
v 1.109710 0.665778 -0.200000
v 1.127531 0.659241 0.200000
v 1.127531 0.659241 -0.200000
v 1.144999 0.652016 0.200000
v 1.144999 0.652016 -0.200000
v 1.162115 0.644102 0.200000
v 1.162115 0.644102 -0.200000
v 1.178903 0.635606 0.200000
v 1.178903 0.635606 -0.200000
v 1.195392 0.626634 0.200000
v 1.195392 0.626634 -0.200000
v 1.211581 0.617185 0.200000
v 1.211581 0.617185 -0.200000
v 1.227470 0.607260 0.200000
v 1.227470 0.607260 -0.200000
v 1.243060 0.596858 0.200000
v 1.243060 0.596858 -0.200000
v 1.258349 0.585980 0.200000
v 1.258349 0.585980 -0.200000
v 1.273338 0.574626 0.200000
v 1.273338 0.574626 -0.200000
v 1.288027 0.562795 0.200000
v 1.288027 0.562795 -0.200000
v 1.302416 0.550488 0.200000
v 1.302416 0.550488 -0.200000
v 1.316505 0.537704 0.200000
v 1.316505 0.537704 -0.200000
v 1.330295 0.524444 0.200000
v 1.330295 0.524444 -0.200000
v 1.343784 0.510708 0.200000
v 1.343784 0.510708 -0.200000
v 1.356974 0.496548 0.200000
v 1.356974 0.496548 -0.200000
v 1.369863 0.482018 0.200000
v 1.369863 0.482018 -0.200000
v 1.382452 0.467117 0.200000
v 1.382452 0.467117 -0.200000
v 1.394742 0.451845 0.200000
v 1.394742 0.451845 -0.200000
v 1.406732 0.436203 0.200000
v 1.406732 0.436203 -0.200000
v 1.418421 0.420191 0.200000
v 1.418421 0.420191 -0.200000
v 1.429811 0.403808 0.200000
v 1.429811 0.403808 -0.200000
v 1.440900 0.387054 0.200000
v 1.440900 0.387054 -0.200000
v 1.451690 0.369930 0.200000
v 1.451690 0.369930 -0.200000
v 1.462180 0.352435 0.200000
v 1.462180 0.352435 -0.200000
v 1.472370 0.334570 0.200000
v 1.472370 0.334570 -0.200000
v 1.482260 0.316334 0.200000
v 1.482260 0.316334 -0.200000
v 1.491858 0.297834 0.200000
v 1.491858 0.297834 -0.200000
v 1.501175 0.279174 0.200000
v 1.501175 0.279174 -0.200000
v 1.510209 0.260356 0.200000
v 1.510209 0.260356 -0.200000
v 1.518961 0.241380 0.200000
v 1.518961 0.241379 -0.200000
v 1.527430 0.222244 0.200000
v 1.527430 0.222244 -0.200000
v 1.535617 0.202949 0.200000
v 1.535617 0.202949 -0.200000
v 1.543522 0.183496 0.200000
v 1.543522 0.183496 -0.200000
v 1.551144 0.163884 0.200000
v 1.551144 0.163884 -0.200000
v 1.558485 0.144113 0.200000
v 1.558485 0.144113 -0.200000
v 1.565543 0.124184 0.200000
v 1.565543 0.124183 -0.200000
v 1.572318 0.104095 0.200000
v 1.572318 0.104095 -0.200000
v 1.578811 0.083848 0.200000
v 1.578811 0.083848 -0.200000
v 1.585022 0.063495 0.200000
v 1.585022 0.063495 -0.200000
v 1.590951 0.043089 0.200000
v 1.590951 0.043089 -0.200000
v 1.596597 0.022630 0.200000
v 1.596597 0.022630 -0.200000
v 1.601961 0.002118 0.200000
v 1.601961 0.002118 -0.200000
v 1.607043 -0.018447 0.200000
v 1.607043 -0.018447 -0.200000
v 1.611842 -0.039065 0.200000
v 1.611842 -0.039065 -0.200000
v 1.616359 -0.059736 0.200000
v 1.616359 -0.059736 -0.200000
v 1.620594 -0.080460 0.200000
v 1.620594 -0.080460 -0.200000
v 1.624546 -0.101236 0.200000
v 1.624546 -0.101236 -0.200000
v 1.628217 -0.122066 0.200000
v 1.628217 -0.122066 -0.200000
v 1.631604 -0.142948 0.200000
v 1.631604 -0.142948 -0.200000
v 1.634710 -0.163884 0.200000
v 1.634710 -0.163884 -0.200000
v 1.637550 -0.184766 0.200000
v 1.637550 -0.184766 -0.200000
v 1.640144 -0.205490 0.200000
v 1.640144 -0.205490 -0.200000
v 1.642491 -0.226055 0.200000
v 1.642491 -0.226055 -0.200000
v 1.644591 -0.246461 0.200000
v 1.644591 -0.246461 -0.200000
v 1.646443 -0.266708 0.200000
v 1.646443 -0.266708 -0.200000
v 1.648049 -0.286797 0.200000
v 1.648049 -0.286797 -0.200000
v 1.649408 -0.306726 0.200000
v 1.649408 -0.306726 -0.200000
v 1.650519 -0.326497 0.200000
v 1.650519 -0.326497 -0.200000
v 1.651384 -0.346109 0.200000
v 1.651384 -0.346109 -0.200000
v 1.652002 -0.365562 0.200000
v 1.652002 -0.365562 -0.200000
v 1.652372 -0.384857 0.200000
v 1.652372 -0.384857 -0.200000
v 1.652496 -0.403992 0.200000
v 1.652496 -0.403992 -0.200000
v 1.652346 -0.421620 0.200000
v 1.652346 -0.421620 -0.200000
v 1.651896 -0.438929 0.200000
v 1.651896 -0.438929 -0.200000
v 1.651146 -0.455921 0.200000
v 1.651146 -0.455921 -0.200000
v 1.650096 -0.472595 0.200000
v 1.650096 -0.472595 -0.200000
v 1.648746 -0.488952 0.200000
v 1.648746 -0.488952 -0.200000
v 1.647096 -0.504991 0.200000
v 1.647096 -0.504991 -0.200000
v 1.645147 -0.520712 0.200000
v 1.645147 -0.520712 -0.200000
v 1.642897 -0.536116 0.200000
v 1.642897 -0.536116 -0.200000
v 1.640347 -0.551202 0.200000
v 1.640347 -0.551202 -0.200000
v 1.637498 -0.565971 0.200000
v 1.637498 -0.565971 -0.200000
v 1.634348 -0.580422 0.200000
v 1.634348 -0.580422 -0.200000
v 1.630898 -0.594555 0.200000
v 1.630898 -0.594555 -0.200000
v 1.627105 -0.608344 0.200000
v 1.627105 -0.608344 -0.200000
v 1.622923 -0.621763 0.200000
v 1.622923 -0.621763 -0.200000
v 1.618353 -0.634812 0.200000
v 1.618353 -0.634812 -0.200000
v 1.613395 -0.647489 0.200000
v 1.613395 -0.647489 -0.200000
v 1.608049 -0.659796 0.200000
v 1.608049 -0.659796 -0.200000
v 1.602314 -0.671733 0.200000
v 1.602314 -0.671733 -0.200000
v 1.596191 -0.683299 0.200000
v 1.596191 -0.683299 -0.200000
v 1.589680 -0.694495 0.200000
v 1.589680 -0.694495 -0.200000
v 1.582781 -0.705320 0.200000
v 1.582781 -0.705320 -0.200000
v 1.575494 -0.715774 0.200000
v 1.575494 -0.715774 -0.200000
v 1.567819 -0.725858 0.200000
v 1.567819 -0.725858 -0.200000
v 1.559755 -0.735572 0.200000
v 1.559755 -0.735572 -0.200000
v 1.551303 -0.744914 0.200000
v 1.551303 -0.744914 -0.200000
v 1.542463 -0.753887 0.200000
v 1.542463 -0.753887 -0.200000
v 1.533235 -0.762488 0.200000
v 1.533235 -0.762488 -0.200000
v 1.523619 -0.770720 0.200000
v 1.523619 -0.770720 -0.200000
v 1.513614 -0.778580 0.200000
v 1.513614 -0.778580 -0.200000
v 1.503222 -0.786071 0.200000
v 1.503222 -0.786071 -0.200000
v 1.492441 -0.793190 0.200000
v 1.492441 -0.793190 -0.200000
v 1.481272 -0.799939 0.200000
v 1.481272 -0.799939 -0.200000
v 1.469714 -0.806318 0.200000
v 1.469714 -0.806318 -0.200000
v 1.457769 -0.812326 0.200000
v 1.457769 -0.812326 -0.200000
v 1.445435 -0.817963 0.200000
v 1.445435 -0.817963 -0.200000
v 1.432713 -0.823230 0.200000
v 1.432713 -0.823230 -0.200000
v 1.419559 -0.828100 0.200000
v 1.419559 -0.828100 -0.200000
v 1.405929 -0.832547 0.200000
v 1.405929 -0.832547 -0.200000
v 1.391822 -0.836570 0.200000
v 1.391822 -0.836570 -0.200000
v 1.377239 -0.840169 0.200000
v 1.377239 -0.840169 -0.200000
v 1.362179 -0.843345 0.200000
v 1.362179 -0.843345 -0.200000
v 1.346643 -0.846098 0.200000
v 1.346643 -0.846098 -0.200000
v 1.330630 -0.848427 0.200000
v 1.330630 -0.848427 -0.200000
v 1.314141 -0.850332 0.200000
v 1.314141 -0.850332 -0.200000
v 1.297176 -0.851815 0.200000
v 1.297176 -0.851815 -0.200000
v 1.279734 -0.852873 0.200000
v 1.279734 -0.852873 -0.200000
v 1.261816 -0.853509 0.200000
v 1.261816 -0.853509 -0.200000
v 1.243421 -0.853720 0.200000
v 1.243421 -0.853720 -0.200000
v 1.222424 -0.853376 0.200000
v 1.222424 -0.853376 -0.200000
v 1.201780 -0.852344 0.200000
v 1.201780 -0.852344 -0.200000
v 1.181488 -0.850624 0.200000
v 1.181488 -0.850624 -0.200000
v 1.161550 -0.848215 0.200000
v 1.161550 -0.848215 -0.200000
v 1.141964 -0.845118 0.200000
v 1.141964 -0.845118 -0.200000
v 1.122731 -0.841334 0.200000
v 1.122731 -0.841334 -0.200000
v 1.103852 -0.836861 0.200000
v 1.103852 -0.836861 -0.200000
v 1.085325 -0.831700 0.200000
v 1.085325 -0.831700 -0.200000
v 1.067151 -0.825850 0.200000
v 1.067151 -0.825850 -0.200000
v 1.049330 -0.819313 0.200000
v 1.049330 -0.819313 -0.200000
v 1.031861 -0.812088 0.200000
v 1.031861 -0.812088 -0.200000
v 1.014746 -0.804174 0.200000
v 1.014746 -0.804174 -0.200000
v 0.997957 -0.795669 0.200000
v 0.997957 -0.795669 -0.200000
v 0.981468 -0.786671 0.200000
v 0.981468 -0.786671 -0.200000
v 0.965279 -0.777178 0.200000
v 0.965279 -0.777178 -0.200000
v 0.949390 -0.767191 0.200000
v 0.949390 -0.767191 -0.200000
v 0.933801 -0.756710 0.200000
v 0.933801 -0.756710 -0.200000
v 0.918512 -0.745735 0.200000
v 0.918512 -0.745735 -0.200000
v 0.903523 -0.734266 0.200000
v 0.903523 -0.734266 -0.200000
v 0.888834 -0.722303 0.200000
v 0.888834 -0.722303 -0.200000
v 0.874444 -0.709846 0.200000
v 0.874444 -0.709846 -0.200000
v 0.860355 -0.696894 0.200000
v 0.860355 -0.696894 -0.200000
v 0.846566 -0.683449 0.200000
v 0.846566 -0.683449 -0.200000
v 0.833076 -0.669510 0.200000
v 0.833076 -0.669510 -0.200000
v 0.819887 -0.655147 0.200000
v 0.819887 -0.655147 -0.200000
v 0.806998 -0.640431 0.200000
v 0.806998 -0.640431 -0.200000
v 0.794408 -0.625363 0.200000
v 0.794408 -0.625363 -0.200000
v 0.782119 -0.609941 0.200000
v 0.782119 -0.609941 -0.200000
v 0.770129 -0.594167 0.200000
v 0.770129 -0.594167 -0.200000
v 0.758439 -0.578040 0.200000
v 0.758439 -0.578040 -0.200000
v 0.747050 -0.561560 0.200000
v 0.747050 -0.561560 -0.200000
v 0.735960 -0.544727 0.200000
v 0.735960 -0.544727 -0.200000
v 0.725170 -0.527541 0.200000
v 0.725170 -0.527541 -0.200000
v 0.714681 -0.510002 0.200000
v 0.714681 -0.510002 -0.200000
v 0.704491 -0.492110 0.200000
v 0.704491 -0.492110 -0.200000
v 0.694601 -0.473865 0.200000
v 0.694601 -0.473865 -0.200000
v 0.685002 -0.455356 0.200000
v 0.685002 -0.455356 -0.200000
v 0.675686 -0.436670 0.200000
v 0.675686 -0.436670 -0.200000
v 0.666652 -0.417808 0.200000
v 0.666652 -0.417808 -0.200000
v 0.657900 -0.398770 0.200000
v 0.657900 -0.398770 -0.200000
v 0.649431 -0.379555 0.200000
v 0.649431 -0.379555 -0.200000
v 0.641243 -0.360163 0.200000
v 0.641243 -0.360163 -0.200000
v 0.633339 -0.340595 0.200000
v 0.633339 -0.340595 -0.200000
v 0.625716 -0.320851 0.200000
v 0.625716 -0.320851 -0.200000
v 0.618376 -0.300930 0.200000
v 0.618376 -0.300930 -0.200000
v 0.611318 -0.280833 0.200000
v 0.611318 -0.280833 -0.200000
v 0.604542 -0.260559 0.200000
v 0.604542 -0.260559 -0.200000
v 0.598049 -0.240109 0.200000
v 0.598049 -0.240109 -0.200000
v 0.591838 -0.219561 0.200000
v 0.591838 -0.219561 -0.200000
v 0.585910 -0.198997 0.200000
v 0.585910 -0.198997 -0.200000
v 0.580263 -0.178414 0.200000
v 0.580263 -0.178414 -0.200000
v 0.574899 -0.157814 0.200000
v 0.574899 -0.157814 -0.200000
v 0.569818 -0.137196 0.200000
v 0.569818 -0.137196 -0.200000
v 0.565018 -0.116561 0.200000
v 0.565018 -0.116561 -0.200000
v 0.560501 -0.095908 0.200000
v 0.560501 -0.095908 -0.200000
v 0.556267 -0.075237 0.200000
v 0.556267 -0.075237 -0.200000
v 0.552314 -0.054548 0.200000
v 0.552314 -0.054548 -0.200000
v 0.548644 -0.033842 0.200000
v 0.548644 -0.033842 -0.200000
v 0.545256 -0.013119 0.200000
v 0.545256 -0.013119 -0.200000
v -2.569737 1.039202 0.200000
v -2.569737 1.039202 -0.200000
v -2.574201 1.034720 0.200000
v -2.574201 1.034720 -0.200000
v -2.578277 1.029744 0.200000
v -2.578277 1.029744 -0.200000
v -2.581965 1.024274 0.200000
v -2.581965 1.024274 -0.200000
v -2.585264 1.018310 0.200000
v -2.585264 1.018310 -0.200000
v -2.588176 1.011853 0.200000
v -2.588176 1.011853 -0.200000
v -2.590699 1.004900 0.200000
v -2.590699 1.004900 -0.200000
v -2.592834 0.997454 0.200000
v -2.592834 0.997454 -0.200000
v -2.594581 0.989514 0.200000
v -2.594581 0.989514 -0.200000
v -2.595939 0.981080 0.200000
v -2.595939 0.981080 -0.200000
v -2.596910 0.972152 0.200000
v -2.596910 0.972152 -0.200000
v -2.597492 0.962730 0.200000
v -2.597492 0.962730 -0.200000
v -2.597686 0.952813 0.200000
v -2.597686 0.952813 -0.200000
v -2.597624 0.947529 0.200000
v -2.597624 0.947529 -0.200000
v -2.597439 0.941838 0.200000
v -2.597439 0.941838 -0.200000
v -2.597130 0.935742 0.200000
v -2.597130 0.935742 -0.200000
v -2.596698 0.929240 0.200000
v -2.596698 0.929240 -0.200000
v -2.596142 0.922332 0.200000
v -2.596142 0.922332 -0.200000
v -2.595463 0.915018 0.200000
v -2.595463 0.915018 -0.200000
v -2.594660 0.907299 0.200000
v -2.594660 0.907299 -0.200000
v -2.593734 0.899173 0.200000
v -2.593734 0.899173 -0.200000
v -2.592684 0.890642 0.200000
v -2.592684 0.890642 -0.200000
v -2.591511 0.881705 0.200000
v -2.591511 0.881705 -0.200000
v -2.590214 0.872362 0.200000
v -2.590214 0.872362 -0.200000
v -2.588793 0.862614 0.200000
v -2.588793 0.862614 -0.200000
v -2.587249 0.852653 0.200000
v -2.587249 0.852653 -0.200000
v -2.585582 0.842675 0.200000
v -2.585582 0.842675 -0.200000
v -2.583791 0.832680 0.200000
v -2.583791 0.832680 -0.200000
v -2.581876 0.822666 0.200000
v -2.581876 0.822666 -0.200000
v -2.579838 0.812635 0.200000
v -2.579838 0.812635 -0.200000
v -2.577677 0.802586 0.200000
v -2.577677 0.802586 -0.200000
v -2.575392 0.792520 0.200000
v -2.575392 0.792520 -0.200000
v -2.572984 0.782436 0.200000
v -2.572984 0.782436 -0.200000
v -2.570451 0.772335 0.200000
v -2.570451 0.772335 -0.200000
v -2.567796 0.762215 0.200000
v -2.567796 0.762215 -0.200000
v -2.565017 0.752078 0.200000
v -2.565017 0.752078 -0.200000
v -2.562114 0.741924 0.200000
v -2.562114 0.741924 -0.200000
v -2.559106 0.731875 0.200000
v -2.559106 0.731875 -0.200000
v -2.556009 0.722056 0.200000
v -2.556009 0.722056 -0.200000
v -2.552824 0.712466 0.200000
v -2.552824 0.712466 -0.200000
v -2.549551 0.703106 0.200000
v -2.549551 0.703106 -0.200000
v -2.546190 0.693974 0.200000
v -2.546190 0.693974 -0.200000
v -2.542740 0.685073 0.200000
v -2.542740 0.685073 -0.200000
v -2.539203 0.676400 0.200000
v -2.539203 0.676400 -0.200000
v -2.535577 0.667957 0.200000
v -2.535577 0.667957 -0.200000
v -2.531862 0.659744 0.200000
v -2.531862 0.659744 -0.200000
v -2.528060 0.651760 0.200000
v -2.528060 0.651760 -0.200000
v -2.524169 0.644005 0.200000
v -2.524169 0.644005 -0.200000
v -2.520190 0.636479 0.200000
v -2.520190 0.636479 -0.200000
v -2.516123 0.629377 0.200000
v -2.516123 0.629377 -0.200000
v -2.511968 0.622893 0.200000
v -2.511968 0.622893 -0.200000
v -2.507725 0.617026 0.200000
v -2.507725 0.617026 -0.200000
v -2.503393 0.611777 0.200000
v -2.503393 0.611777 -0.200000
v -2.498973 0.607145 0.200000
v -2.498973 0.607145 -0.200000
v -2.494465 0.603131 0.200000
v -2.494465 0.603131 -0.200000
v -2.489868 0.599734 0.200000
v -2.489868 0.599734 -0.200000
v -2.485183 0.596955 0.200000
v -2.485183 0.596955 -0.200000
v -2.480411 0.594794 0.200000
v -2.480411 0.594794 -0.200000
v -2.475549 0.593250 0.200000
v -2.475549 0.593250 -0.200000
v -2.470600 0.592324 0.200000
v -2.470600 0.592324 -0.200000
v -2.465563 0.592015 0.200000
v -2.465563 0.592015 -0.200000
v -2.459978 0.592182 0.200000
v -2.459978 0.592182 -0.200000
v -2.454235 0.592685 0.200000
v -2.454235 0.592685 -0.200000
v -2.448333 0.593523 0.200000
v -2.448333 0.593523 -0.200000
v -2.442271 0.594697 0.200000
v -2.442271 0.594697 -0.200000
v -2.436052 0.596205 0.200000
v -2.436052 0.596205 -0.200000
v -2.429673 0.598049 0.200000
v -2.429673 0.598049 -0.200000
v -2.423136 0.600228 0.200000
v -2.423136 0.600228 -0.200000
v -2.416440 0.602743 0.200000
v -2.416440 0.602743 -0.200000
v -2.409585 0.605592 0.200000
v -2.409585 0.605592 -0.200000
v -2.402571 0.608777 0.200000
v -2.402571 0.608777 -0.200000
v -2.395399 0.612297 0.200000
v -2.395399 0.612297 -0.200000
v -2.388067 0.616153 0.200000
v -2.388067 0.616153 -0.200000
v -2.380524 0.620211 0.200000
v -2.380524 0.620211 -0.200000
v -2.372716 0.624340 0.200000
v -2.372716 0.624340 -0.200000
v -2.364644 0.628539 0.200000
v -2.364644 0.628539 -0.200000
v -2.356307 0.632809 0.200000
v -2.356307 0.632809 -0.200000
v -2.347705 0.637150 0.200000
v -2.347705 0.637150 -0.200000
v -2.338838 0.641561 0.200000
v -2.338838 0.641561 -0.200000
v -2.329707 0.646043 0.200000
v -2.329707 0.646043 -0.200000
v -2.320311 0.650595 0.200000
v -2.320311 0.650595 -0.200000
v -2.310651 0.655218 0.200000
v -2.310651 0.655218 -0.200000
v -2.300726 0.659912 0.200000
v -2.300726 0.659912 -0.200000
v -2.290536 0.664676 0.200000
v -2.290536 0.664676 -0.200000
v -2.280082 0.669510 0.200000
v -2.280082 0.669510 -0.200000
v -2.269345 0.674336 0.200000
v -2.269345 0.674336 -0.200000
v -2.258308 0.679074 0.200000
v -2.258308 0.679074 -0.200000
v -2.246971 0.683723 0.200000
v -2.246971 0.683723 -0.200000
v -2.235335 0.688284 0.200000
v -2.235335 0.688284 -0.200000
v -2.223398 0.692757 0.200000
v -2.223398 0.692757 -0.200000
v -2.211161 0.697142 0.200000
v -2.211161 0.697142 -0.200000
v -2.198625 0.701438 0.200000
v -2.198625 0.701438 -0.200000
v -2.185788 0.705647 0.200000
v -2.185788 0.705647 -0.200000
v -2.172652 0.709767 0.200000
v -2.172652 0.709767 -0.200000
v -2.159215 0.713798 0.200000
v -2.159215 0.713798 -0.200000
v -2.145479 0.717742 0.200000
v -2.145479 0.717742 -0.200000
v -2.131443 0.721597 0.200000
v -2.131443 0.721597 -0.200000
v -2.117054 0.725250 0.200000
v -2.117054 0.725250 -0.200000
v -2.102258 0.728585 0.200000
v -2.102258 0.728585 -0.200000
v -2.087058 0.731602 0.200000
v -2.087058 0.731602 -0.200000
v -2.071451 0.734302 0.200000
v -2.071451 0.734302 -0.200000
v -2.055438 0.736684 0.200000
v -2.055438 0.736684 -0.200000
v -2.039020 0.738748 0.200000
v -2.039020 0.738748 -0.200000
v -2.022196 0.740495 0.200000
v -2.022196 0.740495 -0.200000
v -2.004966 0.741924 0.200000
v -2.004966 0.741924 -0.200000
v -1.987330 0.743036 0.200000
v -1.987330 0.743036 -0.200000
v -1.969288 0.743830 0.200000
v -1.969288 0.743830 -0.200000
v -1.950840 0.744306 0.200000
v -1.950840 0.744306 -0.200000
v -1.931987 0.744465 0.200000
v -1.931987 0.744465 -0.200000
v -1.917298 0.744306 0.200000
v -1.917298 0.744306 -0.200000
v -1.902873 0.743830 0.200000
v -1.902873 0.743830 -0.200000
v -1.888714 0.743036 0.200000
v -1.888714 0.743036 -0.200000
v -1.874818 0.741924 0.200000
v -1.874818 0.741924 -0.200000
v -1.861188 0.740495 0.200000
v -1.861188 0.740495 -0.200000
v -1.847822 0.738748 0.200000
v -1.847822 0.738748 -0.200000
v -1.834721 0.736684 0.200000
v -1.834721 0.736684 -0.200000
v -1.821884 0.734302 0.200000
v -1.821884 0.734302 -0.200000
v -1.809313 0.731602 0.200000
v -1.809313 0.731602 -0.200000
v -1.797005 0.728585 0.200000
v -1.797005 0.728585 -0.200000
v -1.784963 0.725250 0.200000
v -1.784963 0.725250 -0.200000
v -1.773185 0.721597 0.200000
v -1.773185 0.721597 -0.200000
v -1.761707 0.717671 0.200000
v -1.761707 0.717671 -0.200000
v -1.750565 0.713516 0.200000
v -1.750565 0.713516 -0.200000
v -1.739757 0.709131 0.200000
v -1.739757 0.709131 -0.200000
v -1.729285 0.704517 0.200000
v -1.729285 0.704517 -0.200000
v -1.719148 0.699674 0.200000
v -1.719148 0.699674 -0.200000
v -1.709347 0.694601 0.200000
v -1.709347 0.694601 -0.200000
v -1.699880 0.689299 0.200000
v -1.699880 0.689299 -0.200000
v -1.690749 0.683767 0.200000
v -1.690749 0.683767 -0.200000
v -1.681953 0.678006 0.200000
v -1.681953 0.678006 -0.200000
v -1.673493 0.672016 0.200000
v -1.673493 0.672016 -0.200000
v -1.665367 0.665796 0.200000
v -1.665367 0.665796 -0.200000
v -1.657577 0.659347 0.200000
v -1.657577 0.659347 -0.200000
v -1.650105 0.652686 0.200000
v -1.650105 0.652686 -0.200000
v -1.642932 0.645831 0.200000
v -1.642932 0.645831 -0.200000
v -1.636060 0.638782 0.200000
v -1.636060 0.638782 -0.200000
v -1.629487 0.631539 0.200000
v -1.629487 0.631539 -0.200000
v -1.623214 0.624102 0.200000
v -1.623214 0.624102 -0.200000
v -1.617242 0.616470 0.200000
v -1.617242 0.616470 -0.200000
v -1.611569 0.608645 0.200000
v -1.611569 0.608645 -0.200000
v -1.606196 0.600625 0.200000
v -1.606196 0.600625 -0.200000
v -1.601123 0.592412 0.200000
v -1.601123 0.592412 -0.200000
v -1.596350 0.584004 0.200000
v -1.596350 0.584004 -0.200000
v -1.591877 0.575402 0.200000
v -1.591877 0.575402 -0.200000
v -1.587704 0.566606 0.200000
v -1.587704 0.566606 -0.200000
v -1.583849 0.557660 0.200000
v -1.583849 0.557660 -0.200000
v -1.580329 0.548609 0.200000
v -1.580329 0.548609 -0.200000
v -1.577144 0.539451 0.200000
v -1.577144 0.539451 -0.200000
v -1.574294 0.530188 0.200000
v -1.574294 0.530188 -0.200000
v -1.571780 0.520818 0.200000
v -1.571780 0.520818 -0.200000
v -1.569601 0.511343 0.200000
v -1.569601 0.511343 -0.200000
v -1.567757 0.501762 0.200000
v -1.567757 0.501762 -0.200000
v -1.566248 0.492075 0.200000
v -1.566248 0.492075 -0.200000
v -1.565075 0.482282 0.200000
v -1.565075 0.482282 -0.200000
v -1.564237 0.472384 0.200000
v -1.564237 0.472384 -0.200000
v -1.563734 0.462379 0.200000
v -1.563734 0.462379 -0.200000
v -1.563566 0.452269 0.200000
v -1.563566 0.452269 -0.200000
v -1.564016 0.439318 0.200000
v -1.564016 0.439318 -0.200000
v -1.565366 0.426719 0.200000
v -1.565366 0.426719 -0.200000
v -1.567616 0.414474 0.200000
v -1.567616 0.414474 -0.200000
v -1.570765 0.402581 0.200000
v -1.570765 0.402581 -0.200000
v -1.574815 0.391042 0.200000
v -1.574815 0.391042 -0.200000
v -1.579764 0.379855 0.200000
v -1.579764 0.379855 -0.200000
v -1.585613 0.369021 0.200000
v -1.585613 0.369021 -0.200000
v -1.592362 0.358540 0.200000
v -1.592362 0.358540 -0.200000
v -1.600011 0.348412 0.200000
v -1.600011 0.348412 -0.200000
v -1.608560 0.338637 0.200000
v -1.608560 0.338637 -0.200000
v -1.618009 0.329215 0.200000
v -1.618009 0.329215 -0.200000
v -1.628358 0.320145 0.200000
v -1.628358 0.320145 -0.200000
v -1.639377 0.311297 0.200000
v -1.639377 0.311297 -0.200000
v -1.650837 0.302536 0.200000
v -1.650837 0.302536 -0.200000
v -1.662738 0.293864 0.200000
v -1.662738 0.293864 -0.200000
v -1.675081 0.285280 0.200000
v -1.675081 0.285280 -0.200000
v -1.687864 0.276784 0.200000
v -1.687864 0.276784 -0.200000
v -1.701089 0.268376 0.200000
v -1.701089 0.268376 -0.200000
v -1.714755 0.260056 0.200000
v -1.714755 0.260056 -0.200000
v -1.728862 0.251825 0.200000
v -1.728862 0.251825 -0.200000
v -1.743410 0.243682 0.200000
v -1.743410 0.243682 -0.200000
v -1.758399 0.235627 0.200000
v -1.758399 0.235627 -0.200000
v -1.773829 0.227661 0.200000
v -1.773829 0.227661 -0.200000
v -1.789701 0.219782 0.200000
v -1.789701 0.219782 -0.200000
v -1.805898 0.211922 0.200000
v -1.805898 0.211922 -0.200000
v -1.822308 0.204008 0.200000
v -1.822308 0.204008 -0.200000
v -1.838929 0.196042 0.200000
v -1.838929 0.196041 -0.200000
v -1.855762 0.188022 0.200000
v -1.855762 0.188022 -0.200000
v -1.872807 0.179950 0.200000
v -1.872807 0.179950 -0.200000
v -1.890064 0.171824 0.200000
v -1.890064 0.171824 -0.200000
v -1.907532 0.163646 0.200000
v -1.907532 0.163646 -0.200000
v -1.925212 0.155415 0.200000
v -1.925212 0.155415 -0.200000
v -1.943104 0.147130 0.200000
v -1.943104 0.147130 -0.200000
v -1.961207 0.138793 0.200000
v -1.961207 0.138793 -0.200000
v -1.979522 0.130403 0.200000
v -1.979522 0.130403 -0.200000
v -1.998049 0.121960 0.200000
v -1.998049 0.121960 -0.200000
v -2.016576 0.113314 0.200000
v -2.016576 0.113314 -0.200000
v -2.034891 0.104316 0.200000
v -2.034891 0.104316 -0.200000
v -2.052995 0.094964 0.200000
v -2.052995 0.094964 -0.200000
v -2.070886 0.085259 0.200000
v -2.070886 0.085259 -0.200000
v -2.088567 0.075202 0.200000
v -2.088567 0.075202 -0.200000
v -2.106035 0.064791 0.200000
v -2.106035 0.064791 -0.200000
v -2.123291 0.054028 0.200000
v -2.123291 0.054028 -0.200000
v -2.140336 0.042912 0.200000
v -2.140336 0.042912 -0.200000
v -2.157169 0.031443 0.200000
v -2.157169 0.031443 -0.200000
v -2.173790 0.019621 0.200000
v -2.173790 0.019621 -0.200000
v -2.190200 0.007446 0.200000
v -2.190200 0.007446 -0.200000
v -2.206398 -0.005081 0.200000
v -2.206398 -0.005081 -0.200000
v -2.222260 -0.018015 0.200000
v -2.222260 -0.018015 -0.200000
v -2.237664 -0.031407 0.200000
v -2.237664 -0.031407 -0.200000
v -2.252609 -0.045258 0.200000
v -2.252609 -0.045258 -0.200000
v -2.267095 -0.059568 0.200000
v -2.267095 -0.059568 -0.200000
v -2.281123 -0.074337 0.200000
v -2.281123 -0.074337 -0.200000
v -2.294692 -0.089564 0.200000
v -2.294692 -0.089564 -0.200000
v -2.307802 -0.105250 0.200000
v -2.307802 -0.105250 -0.200000
v -2.320453 -0.121395 0.200000
v -2.320453 -0.121395 -0.200000
v -2.332646 -0.137999 0.200000
v -2.332646 -0.137999 -0.200000
v -2.344379 -0.155061 0.200000
v -2.344379 -0.155061 -0.200000
v -2.355654 -0.172582 0.200000
v -2.355654 -0.172582 -0.200000
v -2.366470 -0.190562 0.200000
v -2.366470 -0.190562 -0.200000
v -2.376616 -0.209160 0.200000
v -2.376616 -0.209160 -0.200000
v -2.385879 -0.228534 0.200000
v -2.385879 -0.228534 -0.200000
v -2.394260 -0.248684 0.200000
v -2.394260 -0.248684 -0.200000
v -2.401759 -0.269611 0.200000
v -2.401759 -0.269611 -0.200000
v -2.408376 -0.291314 0.200000
v -2.408376 -0.291314 -0.200000
v -2.414110 -0.313793 0.200000
v -2.414110 -0.313793 -0.200000
v -2.418963 -0.337049 0.200000
v -2.418963 -0.337049 -0.200000
v -2.422933 -0.361081 0.200000
v -2.422933 -0.361081 -0.200000
v -2.426020 -0.385889 0.200000
v -2.426020 -0.385889 -0.200000
v -2.428226 -0.411474 0.200000
v -2.428226 -0.411474 -0.200000
v -2.429549 -0.437835 0.200000
v -2.429549 -0.437835 -0.200000
v -2.429991 -0.464973 0.200000
v -2.429991 -0.464973 -0.200000
v -2.429479 -0.496954 0.200000
v -2.429479 -0.496954 -0.200000
v -2.427944 -0.528529 0.200000
v -2.427944 -0.528529 -0.200000
v -2.425386 -0.559698 0.200000
v -2.425386 -0.559698 -0.200000
v -2.421804 -0.590461 0.200000
v -2.421804 -0.590461 -0.200000
v -2.417199 -0.620819 0.200000
v -2.417199 -0.620819 -0.200000
v -2.411570 -0.650771 0.200000
v -2.411570 -0.650771 -0.200000
v -2.404918 -0.680317 0.200000
v -2.404918 -0.680317 -0.200000
v -2.397243 -0.709457 0.200000
v -2.397243 -0.709457 -0.200000
v -2.388544 -0.738192 0.200000
v -2.388544 -0.738192 -0.200000
v -2.378822 -0.766520 0.200000
v -2.378822 -0.766520 -0.200000
v -2.368076 -0.794443 0.200000
v -2.368076 -0.794443 -0.200000
v -2.356307 -0.821960 0.200000
v -2.356307 -0.821960 -0.200000
v -2.343559 -0.848965 0.200000
v -2.343559 -0.848965 -0.200000
v -2.329875 -0.875353 0.200000
v -2.329875 -0.875353 -0.200000
v -2.315256 -0.901123 0.200000
v -2.315256 -0.901123 -0.200000
v -2.299703 -0.926275 0.200000
v -2.299703 -0.926275 -0.200000
v -2.283214 -0.950810 0.200000
v -2.283214 -0.950810 -0.200000
v -2.265789 -0.974728 0.200000
v -2.265789 -0.974728 -0.200000
v -2.247430 -0.998027 0.200000
v -2.247430 -0.998027 -0.200000
v -2.228136 -1.020710 0.200000
v -2.228136 -1.020710 -0.200000
v -2.207906 -1.042774 0.200000
v -2.207906 -1.042774 -0.200000
v -2.186741 -1.064221 0.200000
v -2.186741 -1.064221 -0.200000
v -2.164641 -1.085051 0.200000
v -2.164641 -1.085051 -0.200000
v -2.141606 -1.105263 0.200000
v -2.141606 -1.105263 -0.200000
v -2.117680 -1.124804 0.200000
v -2.117680 -1.124804 -0.200000
v -2.092907 -1.143622 0.200000
v -2.092907 -1.143622 -0.200000
v -2.067286 -1.161717 0.200000
v -2.067286 -1.161717 -0.200000
v -2.040820 -1.179088 0.200000
v -2.040820 -1.179088 -0.200000
v -2.013506 -1.195736 0.200000
v -2.013506 -1.195736 -0.200000
v -1.985345 -1.211660 0.200000
v -1.985345 -1.211660 -0.200000
v -1.956337 -1.226861 0.200000
v -1.956337 -1.226861 -0.200000
v -1.926482 -1.241339 0.200000
v -1.926482 -1.241339 -0.200000
v -1.895780 -1.255093 0.200000
v -1.895780 -1.255093 -0.200000
v -1.864232 -1.268123 0.200000
v -1.864232 -1.268123 -0.200000
v -1.831836 -1.280431 0.200000
v -1.831836 -1.280431 -0.200000
v -1.798593 -1.292014 0.200000
v -1.798593 -1.292014 -0.200000
v -1.764566 -1.302769 0.200000
v -1.764566 -1.302769 -0.200000
v -1.729814 -1.312588 0.200000
v -1.729814 -1.312588 -0.200000
v -1.694340 -1.321472 0.200000
v -1.694340 -1.321472 -0.200000
v -1.658142 -1.329421 0.200000
v -1.658142 -1.329421 -0.200000
v -1.621220 -1.336435 0.200000
v -1.621220 -1.336435 -0.200000
v -1.583575 -1.342513 0.200000
v -1.583575 -1.342513 -0.200000
v -1.545207 -1.347657 0.200000
v -1.545207 -1.347657 -0.200000
v -1.506115 -1.351865 0.200000
v -1.506115 -1.351865 -0.200000
v -1.466300 -1.355138 0.200000
v -1.466300 -1.355138 -0.200000
v -1.425761 -1.357476 0.200000
v -1.425761 -1.357476 -0.200000
v -1.384499 -1.358879 0.200000
v -1.384499 -1.358879 -0.200000
v -1.342514 -1.359346 0.200000
v -1.342514 -1.359346 -0.200000
v -1.322266 -1.359223 0.200000
v -1.322266 -1.359223 -0.200000
v -1.302178 -1.358852 0.200000
v -1.302178 -1.358852 -0.200000
v -1.282248 -1.358235 0.200000
v -1.282248 -1.358235 -0.200000
v -1.262477 -1.357370 0.200000
v -1.262477 -1.357370 -0.200000
v -1.242865 -1.356259 0.200000
v -1.242865 -1.356259 -0.200000
v -1.223412 -1.354900 0.200000
v -1.223412 -1.354900 -0.200000
v -1.204118 -1.353294 0.200000
v -1.204118 -1.353294 -0.200000
v -1.184982 -1.351442 0.200000
v -1.184982 -1.351442 -0.200000
v -1.166005 -1.349342 0.200000
v -1.166005 -1.349342 -0.200000
v -1.147187 -1.346995 0.200000
v -1.147187 -1.346995 -0.200000
v -1.128528 -1.344401 0.200000
v -1.128528 -1.344401 -0.200000
v -1.110027 -1.341561 0.200000
v -1.110027 -1.341561 -0.200000
v -1.091765 -1.338543 0.200000
v -1.091765 -1.338543 -0.200000
v -1.073820 -1.335420 0.200000
v -1.073820 -1.335420 -0.200000
v -1.056193 -1.332191 0.200000
v -1.056193 -1.332191 -0.200000
v -1.038884 -1.328856 0.200000
v -1.038884 -1.328856 -0.200000
v -1.021892 -1.325416 0.200000
v -1.021892 -1.325416 -0.200000
v -1.005218 -1.321869 0.200000
v -1.005218 -1.321869 -0.200000
v -0.988861 -1.318217 0.200000
v -0.988861 -1.318217 -0.200000
v -0.972822 -1.314458 0.200000
v -0.972822 -1.314458 -0.200000
v -0.957101 -1.310594 0.200000
v -0.957101 -1.310594 -0.200000
v -0.941697 -1.306624 0.200000
v -0.941697 -1.306624 -0.200000
v -0.926611 -1.302548 0.200000
v -0.926611 -1.302548 -0.200000
v -0.911842 -1.298366 0.200000
v -0.911842 -1.298366 -0.200000
v -0.897418 -1.294079 0.200000
v -0.897418 -1.294079 -0.200000
v -0.883364 -1.289685 0.200000
v -0.883364 -1.289685 -0.200000
v -0.869680 -1.285186 0.200000
v -0.869680 -1.285186 -0.200000
v -0.856367 -1.280580 0.200000
v -0.856367 -1.280580 -0.200000
v -0.843425 -1.275869 0.200000
v -0.843425 -1.275869 -0.200000
v -0.830853 -1.271052 0.200000
v -0.830853 -1.271052 -0.200000
v -0.818652 -1.266129 0.200000
v -0.818652 -1.266129 -0.200000
v -0.806821 -1.261101 0.200000
v -0.806821 -1.261101 -0.200000
v -0.795361 -1.255966 0.200000
v -0.795361 -1.255966 -0.200000
v -0.784271 -1.250726 0.200000
v -0.784271 -1.250726 -0.200000
v -0.773552 -1.245379 0.200000
v -0.773552 -1.245379 -0.200000
v -0.763203 -1.239927 0.200000
v -0.763203 -1.239927 -0.200000
v -0.753252 -1.234457 0.200000
v -0.753252 -1.234457 -0.200000
v -0.743724 -1.229058 0.200000
v -0.743724 -1.229058 -0.200000
v -0.734619 -1.223729 0.200000
v -0.734619 -1.223729 -0.200000
v -0.725938 -1.218471 0.200000
v -0.725938 -1.218471 -0.200000
v -0.717680 -1.213284 0.200000
v -0.717680 -1.213284 -0.200000
v -0.709846 -1.208167 0.200000
v -0.709846 -1.208167 -0.200000
v -0.702435 -1.203120 0.200000
v -0.702435 -1.203120 -0.200000
v -0.695448 -1.198144 0.200000
v -0.695448 -1.198144 -0.200000
v -0.688884 -1.193239 0.200000
v -0.688884 -1.193239 -0.200000
v -0.682744 -1.188405 0.200000
v -0.682744 -1.188405 -0.200000
v -0.677027 -1.183641 0.200000
v -0.677027 -1.183641 -0.200000
v -0.671733 -1.178947 0.200000
v -0.671733 -1.178947 -0.200000
v -0.668425 -1.175542 0.200000
v -0.668425 -1.175542 -0.200000
v -0.665275 -1.172101 0.200000
v -0.665275 -1.172101 -0.200000
v -0.662285 -1.168625 0.200000
v -0.662285 -1.168625 -0.200000
v -0.659453 -1.165114 0.200000
v -0.659453 -1.165114 -0.200000
v -0.656779 -1.161567 0.200000
v -0.656779 -1.161567 -0.200000
v -0.654265 -1.157985 0.200000
v -0.654265 -1.157985 -0.200000
v -0.651909 -1.154368 0.200000
v -0.651909 -1.154368 -0.200000
v -0.649713 -1.150716 0.200000
v -0.649713 -1.150716 -0.200000
v -0.647675 -1.147028 0.200000
v -0.647675 -1.147028 -0.200000
v -0.645796 -1.143305 0.200000
v -0.645796 -1.143305 -0.200000
v -0.644075 -1.139547 0.200000
v -0.644075 -1.139547 -0.200000
v -0.642514 -1.135753 0.200000
v -0.642514 -1.135753 -0.200000
v -0.641093 -1.131853 0.200000
v -0.641093 -1.131853 -0.200000
v -0.639796 -1.127777 0.200000
v -0.639796 -1.127777 -0.200000
v -0.638623 -1.123525 0.200000
v -0.638623 -1.123525 -0.200000
v -0.637573 -1.119096 0.200000
v -0.637573 -1.119096 -0.200000
v -0.636647 -1.114491 0.200000
v -0.636647 -1.114491 -0.200000
v -0.635844 -1.109709 0.200000
v -0.635844 -1.109709 -0.200000
v -0.635165 -1.104751 0.200000
v -0.635165 -1.104751 -0.200000
v -0.634609 -1.099617 0.200000
v -0.634609 -1.099617 -0.200000
v -0.634177 -1.094306 0.200000
v -0.634177 -1.094306 -0.200000
v -0.633868 -1.088818 0.200000
v -0.633868 -1.088818 -0.200000
v -0.633682 -1.083154 0.200000
v -0.633682 -1.083154 -0.200000
v -0.633621 -1.077314 0.200000
v -0.633621 -1.077314 -0.200000
v -0.633647 -1.073414 0.200000
v -0.633647 -1.073414 -0.200000
v -0.633727 -1.069338 0.200000
v -0.633727 -1.069338 -0.200000
v -0.633859 -1.065086 0.200000
v -0.633859 -1.065086 -0.200000
v -0.634044 -1.060657 0.200000
v -0.634044 -1.060657 -0.200000
v -0.634282 -1.056052 0.200000
v -0.634282 -1.056052 -0.200000
v -0.634573 -1.051270 0.200000
v -0.634573 -1.051270 -0.200000
v -0.634917 -1.046312 0.200000
v -0.634917 -1.046312 -0.200000
v -0.635315 -1.041178 0.200000
v -0.635315 -1.041178 -0.200000
v -0.635764 -1.035866 0.200000
v -0.635764 -1.035866 -0.200000
v -0.636267 -1.030379 0.200000
v -0.636267 -1.030379 -0.200000
v -0.636823 -1.024715 0.200000
v -0.636823 -1.024715 -0.200000
v -0.637432 -1.018875 0.200000
v -0.637432 -1.018875 -0.200000
v -0.638103 -1.012893 0.200000
v -0.638103 -1.012893 -0.200000
v -0.638844 -1.006806 0.200000
v -0.638844 -1.006806 -0.200000
v -0.639655 -1.000612 0.200000
v -0.639655 -1.000612 -0.200000
v -0.640538 -0.994313 0.200000
v -0.640538 -0.994313 -0.200000
v -0.641490 -0.987908 0.200000
v -0.641490 -0.987908 -0.200000
v -0.642514 -0.981397 0.200000
v -0.642514 -0.981397 -0.200000
v -0.643608 -0.974780 0.200000
v -0.643608 -0.974780 -0.200000
v -0.644772 -0.968058 0.200000
v -0.644772 -0.968058 -0.200000
v -0.646007 -0.961229 0.200000
v -0.646007 -0.961229 -0.200000
v -0.647313 -0.954295 0.200000
v -0.647313 -0.954295 -0.200000
v -0.648689 -0.947255 0.200000
v -0.648689 -0.947255 -0.200000
v -0.650136 -0.940109 0.200000
v -0.650136 -0.940109 -0.200000
v -0.651636 -0.932910 0.200000
v -0.651636 -0.932910 -0.200000
v -0.653171 -0.925711 0.200000
v -0.653171 -0.925711 -0.200000
v -0.654741 -0.918512 0.200000
v -0.654741 -0.918512 -0.200000
v -0.656347 -0.911313 0.200000
v -0.656347 -0.911313 -0.200000
v -0.657988 -0.904114 0.200000
v -0.657988 -0.904114 -0.200000
v -0.659664 -0.896914 0.200000
v -0.659664 -0.896914 -0.200000
v -0.661376 -0.889715 0.200000
v -0.661376 -0.889715 -0.200000
v -0.663123 -0.882516 0.200000
v -0.663123 -0.882516 -0.200000
v -0.664905 -0.875317 0.200000
v -0.664905 -0.875317 -0.200000
v -0.666722 -0.868118 0.200000
v -0.666722 -0.868118 -0.200000
v -0.668575 -0.860919 0.200000
v -0.668575 -0.860919 -0.200000
v -0.670463 -0.853720 0.200000
v -0.670463 -0.853720 -0.200000
v -0.672395 -0.846574 0.200000
v -0.672395 -0.846574 -0.200000
v -0.674380 -0.839534 0.200000
v -0.674380 -0.839534 -0.200000
v -0.676418 -0.832600 0.200000
v -0.676418 -0.832600 -0.200000
v -0.678509 -0.825771 0.200000
v -0.678509 -0.825771 -0.200000
v -0.680653 -0.819049 0.200000
v -0.680653 -0.819049 -0.200000
v -0.682850 -0.812432 0.200000
v -0.682850 -0.812432 -0.200000
v -0.685099 -0.805921 0.200000
v -0.685099 -0.805921 -0.200000
v -0.687402 -0.799516 0.200000
v -0.687402 -0.799516 -0.200000
v -0.689757 -0.793217 0.200000
v -0.689757 -0.793217 -0.200000
v -0.692166 -0.787023 0.200000
v -0.692166 -0.787023 -0.200000
v -0.694627 -0.780936 0.200000
v -0.694627 -0.780936 -0.200000
v -0.697142 -0.774954 0.200000
v -0.697142 -0.774954 -0.200000
v -0.699700 -0.769123 0.200000
v -0.699700 -0.769123 -0.200000
v -0.702294 -0.763485 0.200000
v -0.702294 -0.763485 -0.200000
v -0.704923 -0.758042 0.200000
v -0.704923 -0.758042 -0.200000
v -0.707587 -0.752793 0.200000
v -0.707587 -0.752793 -0.200000
v -0.710287 -0.747737 0.200000
v -0.710287 -0.747737 -0.200000
v -0.713022 -0.742876 0.200000
v -0.713022 -0.742876 -0.200000
v -0.715792 -0.738209 0.200000
v -0.715792 -0.738209 -0.200000
v -0.718598 -0.733736 0.200000
v -0.718598 -0.733736 -0.200000
v -0.721438 -0.729458 0.200000
v -0.721438 -0.729458 -0.200000
v -0.724314 -0.725373 0.200000
v -0.724314 -0.725373 -0.200000
v -0.727226 -0.721482 0.200000
v -0.727226 -0.721482 -0.200000
v -0.730173 -0.717786 0.200000
v -0.730173 -0.717786 -0.200000
v -0.733154 -0.714336 0.200000
v -0.733154 -0.714336 -0.200000
v -0.736172 -0.711186 0.200000
v -0.736172 -0.711186 -0.200000
v -0.739224 -0.708337 0.200000
v -0.739224 -0.708337 -0.200000
v -0.742312 -0.705787 0.200000
v -0.742312 -0.705787 -0.200000
v -0.745435 -0.703538 0.200000
v -0.745435 -0.703538 -0.200000
v -0.748594 -0.701588 0.200000
v -0.748594 -0.701588 -0.200000
v -0.751787 -0.699938 0.200000
v -0.751787 -0.699938 -0.200000
v -0.755016 -0.698588 0.200000
v -0.755016 -0.698588 -0.200000
v -0.758280 -0.697538 0.200000
v -0.758280 -0.697538 -0.200000
v -0.761580 -0.696788 0.200000
v -0.761580 -0.696788 -0.200000
v -0.764915 -0.696339 0.200000
v -0.764915 -0.696339 -0.200000
v -0.768285 -0.696189 0.200000
v -0.768285 -0.696189 -0.200000
v -0.774267 -0.696400 0.200000
v -0.774267 -0.696400 -0.200000
v -0.780354 -0.697035 0.200000
v -0.780354 -0.697035 -0.200000
v -0.786547 -0.698094 0.200000
v -0.786547 -0.698094 -0.200000
v -0.792846 -0.699576 0.200000
v -0.792846 -0.699576 -0.200000
v -0.799251 -0.701482 0.200000
v -0.799251 -0.701482 -0.200000
v -0.805762 -0.703811 0.200000
v -0.805762 -0.703811 -0.200000
v -0.812379 -0.706564 0.200000
v -0.812379 -0.706564 -0.200000
v -0.819102 -0.709740 0.200000
v -0.819102 -0.709740 -0.200000
v -0.825930 -0.713339 0.200000
v -0.825930 -0.713339 -0.200000
v -0.832865 -0.717362 0.200000
v -0.832865 -0.717362 -0.200000
v -0.839905 -0.721809 0.200000
v -0.839905 -0.721809 -0.200000
v -0.847051 -0.726679 0.200000
v -0.847051 -0.726679 -0.200000
v -0.854426 -0.731804 0.200000
v -0.854426 -0.731804 -0.200000
v -0.862155 -0.737018 0.200000
v -0.862155 -0.737018 -0.200000
v -0.870236 -0.742321 0.200000
v -0.870236 -0.742321 -0.200000
v -0.878670 -0.747711 0.200000
v -0.878670 -0.747711 -0.200000
v -0.887457 -0.753190 0.200000
v -0.887457 -0.753190 -0.200000
v -0.896597 -0.758757 0.200000
v -0.896597 -0.758757 -0.200000
v -0.906090 -0.764412 0.200000
v -0.906090 -0.764412 -0.200000
v -0.915936 -0.770155 0.200000
v -0.915936 -0.770155 -0.200000
v -0.926134 -0.775987 0.200000
v -0.926134 -0.775987 -0.200000
v -0.936686 -0.781906 0.200000
v -0.936686 -0.781906 -0.200000
v -0.947590 -0.787914 0.200000
v -0.947590 -0.787914 -0.200000
v -0.958848 -0.794011 0.200000
v -0.958848 -0.794011 -0.200000
v -0.970502 -0.800116 0.200000
v -0.970502 -0.800116 -0.200000
v -0.982597 -0.806150 0.200000
v -0.982597 -0.806150 -0.200000
v -0.995134 -0.812114 0.200000
v -0.995134 -0.812114 -0.200000
v -1.008112 -0.818007 0.200000
v -1.008112 -0.818007 -0.200000
v -1.021531 -0.823830 0.200000
v -1.021531 -0.823830 -0.200000
v -1.035390 -0.829582 0.200000
v -1.035390 -0.829582 -0.200000
v -1.049691 -0.835264 0.200000
v -1.049691 -0.835264 -0.200000
v -1.064434 -0.840875 0.200000
v -1.064434 -0.840875 -0.200000
v -1.079617 -0.846415 0.200000
v -1.079617 -0.846415 -0.200000
v -1.095241 -0.851885 0.200000
v -1.095241 -0.851885 -0.200000
v -1.111307 -0.857284 0.200000
v -1.111307 -0.857284 -0.200000
v -1.127813 -0.862613 0.200000
v -1.127813 -0.862613 -0.200000
v -1.144884 -0.867686 0.200000
v -1.144884 -0.867686 -0.200000
v -1.162644 -0.872318 0.200000
v -1.162644 -0.872318 -0.200000
v -1.181091 -0.876508 0.200000
v -1.181091 -0.876508 -0.200000
v -1.200227 -0.880258 0.200000
v -1.200227 -0.880258 -0.200000
v -1.220051 -0.883566 0.200000
v -1.220051 -0.883566 -0.200000
v -1.240563 -0.886433 0.200000
v -1.240563 -0.886433 -0.200000
v -1.261763 -0.888860 0.200000
v -1.261763 -0.888860 -0.200000
v -1.283651 -0.890845 0.200000
v -1.283651 -0.890845 -0.200000
v -1.306227 -0.892388 0.200000
v -1.306227 -0.892388 -0.200000
v -1.329492 -0.893491 0.200000
v -1.329492 -0.893491 -0.200000
v -1.353445 -0.894153 0.200000
v -1.353445 -0.894153 -0.200000
v -1.378085 -0.894374 0.200000
v -1.378085 -0.894374 -0.200000
v -1.395262 -0.894206 0.200000
v -1.395262 -0.894206 -0.200000
v -1.412069 -0.893703 0.200000
v -1.412069 -0.893703 -0.200000
v -1.428505 -0.892865 0.200000
v -1.428505 -0.892865 -0.200000
v -1.444570 -0.891692 0.200000
v -1.444570 -0.891692 -0.200000
v -1.460265 -0.890183 0.200000
v -1.460265 -0.890183 -0.200000
v -1.475590 -0.888339 0.200000
v -1.475590 -0.888339 -0.200000
v -1.490544 -0.886160 0.200000
v -1.490544 -0.886160 -0.200000
v -1.505127 -0.883646 0.200000
v -1.505127 -0.883646 -0.200000
v -1.519340 -0.880796 0.200000
v -1.519340 -0.880796 -0.200000
v -1.533182 -0.877611 0.200000
v -1.533182 -0.877611 -0.200000
v -1.546654 -0.874091 0.200000
v -1.546654 -0.874091 -0.200000
v -1.559755 -0.870236 0.200000
v -1.559755 -0.870236 -0.200000
v -1.572486 -0.866080 0.200000
v -1.572486 -0.866080 -0.200000
v -1.584846 -0.861660 0.200000
v -1.584846 -0.861660 -0.200000
v -1.596835 -0.856976 0.200000
v -1.596835 -0.856976 -0.200000
v -1.608454 -0.852026 0.200000
v -1.608454 -0.852026 -0.200000
v -1.619703 -0.846812 0.200000
v -1.619703 -0.846812 -0.200000
v -1.630581 -0.841334 0.200000
v -1.630581 -0.841334 -0.200000
v -1.641088 -0.835590 0.200000
v -1.641088 -0.835590 -0.200000
v -1.651225 -0.829582 0.200000
v -1.651225 -0.829582 -0.200000
v -1.660991 -0.823310 0.200000
v -1.660991 -0.823310 -0.200000
v -1.670387 -0.816772 0.200000
v -1.670387 -0.816772 -0.200000
v -1.679412 -0.809970 0.200000
v -1.679412 -0.809970 -0.200000
v -1.688067 -0.802904 0.200000
v -1.688067 -0.802904 -0.200000
v -1.696351 -0.795616 0.200000
v -1.696351 -0.795616 -0.200000
v -1.704265 -0.788153 0.200000
v -1.704265 -0.788153 -0.200000
v -1.711808 -0.780512 0.200000
v -1.711808 -0.780512 -0.200000
v -1.718981 -0.772696 0.200000
v -1.718981 -0.772696 -0.200000
v -1.725783 -0.764703 0.200000
v -1.725783 -0.764703 -0.200000
v -1.732214 -0.756533 0.200000
v -1.732214 -0.756533 -0.200000
v -1.738275 -0.748187 0.200000
v -1.738275 -0.748187 -0.200000
v -1.743966 -0.739665 0.200000
v -1.743966 -0.739665 -0.200000
v -1.749285 -0.730966 0.200000
v -1.749285 -0.730966 -0.200000
v -1.754235 -0.722091 0.200000
v -1.754235 -0.722091 -0.200000
v -1.758813 -0.713039 0.200000
v -1.758813 -0.713039 -0.200000
v -1.763022 -0.703811 0.200000
v -1.763022 -0.703811 -0.200000
v -1.766877 -0.694442 0.200000
v -1.766877 -0.694442 -0.200000
v -1.770397 -0.684967 0.200000
v -1.770397 -0.684967 -0.200000
v -1.773582 -0.675385 0.200000
v -1.773582 -0.675385 -0.200000
v -1.776432 -0.665698 0.200000
v -1.776432 -0.665698 -0.200000
v -1.778947 -0.655906 0.200000
v -1.778947 -0.655906 -0.200000
v -1.781126 -0.646007 0.200000
v -1.781126 -0.646007 -0.200000
v -1.782970 -0.636002 0.200000
v -1.782970 -0.636002 -0.200000
v -1.784478 -0.625892 0.200000
v -1.784478 -0.625892 -0.200000
v -1.785652 -0.615676 0.200000
v -1.785652 -0.615676 -0.200000
v -1.786490 -0.605354 0.200000
v -1.786490 -0.605354 -0.200000
v -1.786993 -0.594926 0.200000
v -1.786993 -0.594926 -0.200000
v -1.787160 -0.584392 0.200000
v -1.787160 -0.584392 -0.200000
v -1.786728 -0.569800 0.200000
v -1.786728 -0.569800 -0.200000
v -1.785431 -0.555666 0.200000
v -1.785431 -0.555666 -0.200000
v -1.783269 -0.541992 0.200000
v -1.783269 -0.541992 -0.200000
v -1.780243 -0.528776 0.200000
v -1.780243 -0.528776 -0.200000
v -1.776352 -0.516019 0.200000
v -1.776352 -0.516019 -0.200000
v -1.771597 -0.503720 0.200000
v -1.771597 -0.503720 -0.200000
v -1.765977 -0.491881 0.200000
v -1.765977 -0.491881 -0.200000
v -1.759493 -0.480500 0.200000
v -1.759493 -0.480500 -0.200000
v -1.752144 -0.469578 0.200000
v -1.752144 -0.469578 -0.200000
v -1.743930 -0.459115 0.200000
v -1.743930 -0.459115 -0.200000
v -1.734852 -0.449110 0.200000
v -1.734852 -0.449110 -0.200000
v -1.724909 -0.439564 0.200000
v -1.724909 -0.439564 -0.200000
v -1.714314 -0.430301 0.200000
v -1.714314 -0.430301 -0.200000
v -1.703277 -0.421143 0.200000
v -1.703277 -0.421143 -0.200000
v -1.691799 -0.412091 0.200000
v -1.691799 -0.412091 -0.200000
v -1.679880 -0.403146 0.200000
v -1.679880 -0.403146 -0.200000
v -1.667520 -0.394306 0.200000
v -1.667520 -0.394306 -0.200000
v -1.654719 -0.385571 0.200000
v -1.654719 -0.385571 -0.200000
v -1.641477 -0.376943 0.200000
v -1.641477 -0.376943 -0.200000
v -1.627793 -0.368421 0.200000
v -1.627793 -0.368421 -0.200000
v -1.613668 -0.360004 0.200000
v -1.613668 -0.360004 -0.200000
v -1.599103 -0.351694 0.200000
v -1.599103 -0.351694 -0.200000
v -1.584096 -0.343489 0.200000
v -1.584096 -0.343489 -0.200000
v -1.568648 -0.335390 0.200000
v -1.568648 -0.335390 -0.200000
v -1.552865 -0.327326 0.200000
v -1.552865 -0.327326 -0.200000
v -1.536852 -0.319227 0.200000
v -1.536852 -0.319227 -0.200000
v -1.520610 -0.311093 0.200000
v -1.520610 -0.311093 -0.200000
v -1.504139 -0.302924 0.200000
v -1.504139 -0.302924 -0.200000
v -1.487438 -0.294719 0.200000
v -1.487438 -0.294719 -0.200000
v -1.470508 -0.286479 0.200000
v -1.470508 -0.286479 -0.200000
v -1.453349 -0.278204 0.200000
v -1.453349 -0.278204 -0.200000
v -1.435960 -0.269893 0.200000
v -1.435960 -0.269893 -0.200000
v -1.418342 -0.261547 0.200000
v -1.418342 -0.261547 -0.200000
v -1.400494 -0.253166 0.200000
v -1.400494 -0.253166 -0.200000
v -1.382417 -0.244749 0.200000
v -1.382417 -0.244749 -0.200000
v -1.364111 -0.236297 0.200000
v -1.364111 -0.236297 -0.200000
v -1.345804 -0.227669 0.200000
v -1.345804 -0.227669 -0.200000
v -1.327727 -0.218723 0.200000
v -1.327727 -0.218723 -0.200000
v -1.309880 -0.209460 0.200000
v -1.309880 -0.209460 -0.200000
v -1.292261 -0.199879 0.200000
v -1.292261 -0.199879 -0.200000
v -1.274873 -0.189980 0.200000
v -1.274873 -0.189980 -0.200000
v -1.257713 -0.179764 0.200000
v -1.257713 -0.179764 -0.200000
v -1.240783 -0.169230 0.200000
v -1.240783 -0.169230 -0.200000
v -1.224082 -0.158378 0.200000
v -1.224082 -0.158379 -0.200000
v -1.207611 -0.147209 0.200000
v -1.207611 -0.147209 -0.200000
v -1.191369 -0.135723 0.200000
v -1.191369 -0.135723 -0.200000
v -1.175357 -0.123918 0.200000
v -1.175357 -0.123918 -0.200000
v -1.159574 -0.111797 0.200000
v -1.159574 -0.111797 -0.200000
v -1.144126 -0.099269 0.200000
v -1.144126 -0.099269 -0.200000
v -1.129119 -0.086247 0.200000
v -1.129119 -0.086247 -0.200000
v -1.114553 -0.072731 0.200000
v -1.114553 -0.072731 -0.200000
v -1.100429 -0.058721 0.200000
v -1.100429 -0.058721 -0.200000
v -1.086745 -0.044217 0.200000
v -1.086745 -0.044217 -0.200000
v -1.073503 -0.029219 0.200000
v -1.073503 -0.029219 -0.200000
v -1.060701 -0.013727 0.200000
v -1.060701 -0.013727 -0.200000
v -1.048341 0.002259 0.200000
v -1.048341 0.002259 -0.200000
v -1.036422 0.018739 0.200000
v -1.036422 0.018739 -0.200000
v -1.024945 0.035713 0.200000
v -1.024945 0.035713 -0.200000
v -1.013908 0.053181 0.200000
v -1.013908 0.053181 -0.200000
v -1.003312 0.071144 0.200000
v -1.003312 0.071144 -0.200000
v -0.993369 0.089741 0.200000
v -0.993369 0.089741 -0.200000
v -0.984291 0.109115 0.200000
v -0.984291 0.109115 -0.200000
v -0.976078 0.129265 0.200000
v -0.976078 0.129265 -0.200000
v -0.968729 0.150192 0.200000
v -0.968729 0.150192 -0.200000
v -0.962244 0.171895 0.200000
v -0.962244 0.171895 -0.200000
v -0.956624 0.194374 0.200000
v -0.956624 0.194374 -0.200000
v -0.951869 0.217630 0.200000
v -0.951869 0.217630 -0.200000
v -0.947978 0.241662 0.200000
v -0.947978 0.241662 -0.200000
v -0.944952 0.266470 0.200000
v -0.944952 0.266470 -0.200000
v -0.942791 0.292055 0.200000
v -0.942791 0.292055 -0.200000
v -0.941494 0.318416 0.200000
v -0.941494 0.318416 -0.200000
v -0.941062 0.345554 0.200000
v -0.941062 0.345554 -0.200000
v -0.941538 0.375444 0.200000
v -0.941538 0.375444 -0.200000
v -0.942967 0.404981 0.200000
v -0.942967 0.404981 -0.200000
v -0.945349 0.434165 0.200000
v -0.945349 0.434165 -0.200000
v -0.948684 0.462997 0.200000
v -0.948684 0.462997 -0.200000
v -0.952972 0.491475 0.200000
v -0.952972 0.491475 -0.200000
v -0.958212 0.519601 0.200000
v -0.958212 0.519601 -0.200000
v -0.964406 0.547374 0.200000
v -0.964406 0.547374 -0.200000
v -0.971552 0.574793 0.200000
v -0.971552 0.574793 -0.200000
v -0.979651 0.601860 0.200000
v -0.979651 0.601860 -0.200000
v -0.988702 0.628574 0.200000
v -0.988702 0.628574 -0.200000
v -0.998707 0.654936 0.200000
v -0.998707 0.654936 -0.200000
v -1.009664 0.680944 0.200000
v -1.009664 0.680944 -0.200000
v -1.021539 0.706502 0.200000
v -1.021539 0.706502 -0.200000
v -1.034296 0.731514 0.200000
v -1.034296 0.731514 -0.200000
v -1.047936 0.755978 0.200000
v -1.047936 0.755978 -0.200000
v -1.062457 0.779895 0.200000
v -1.062457 0.779895 -0.200000
v -1.077861 0.803266 0.200000
v -1.077861 0.803266 -0.200000
v -1.094147 0.826089 0.200000
v -1.094147 0.826089 -0.200000
v -1.111315 0.848366 0.200000
v -1.111315 0.848366 -0.200000
v -1.129366 0.870095 0.200000
v -1.129366 0.870095 -0.200000
v -1.148299 0.891277 0.200000
v -1.148299 0.891277 -0.200000
v -1.168114 0.911913 0.200000
v -1.168114 0.911913 -0.200000
v -1.188811 0.932001 0.200000
v -1.188811 0.932001 -0.200000
v -1.210390 0.951543 0.200000
v -1.210390 0.951543 -0.200000
v -1.232799 0.970458 0.200000
v -1.232799 0.970458 -0.200000
v -1.255984 0.988667 0.200000
v -1.255984 0.988667 -0.200000
v -1.279945 1.006171 0.200000
v -1.279945 1.006171 -0.200000
v -1.304683 1.022969 0.200000
v -1.304683 1.022969 -0.200000
v -1.330198 1.039060 0.200000
v -1.330198 1.039060 -0.200000
v -1.356488 1.054447 0.200000
v -1.356488 1.054447 -0.200000
v -1.383555 1.069127 0.200000
v -1.383555 1.069127 -0.200000
v -1.411398 1.083102 0.200000
v -1.411398 1.083102 -0.200000
v -1.440018 1.096370 0.200000
v -1.440018 1.096370 -0.200000
v -1.469414 1.108933 0.200000
v -1.469414 1.108933 -0.200000
v -1.499586 1.120790 0.200000
v -1.499586 1.120790 -0.200000
v -1.530535 1.131942 0.200000
v -1.530535 1.131942 -0.200000
v -1.562225 1.142291 0.200000
v -1.562225 1.142291 -0.200000
v -1.594621 1.151739 0.200000
v -1.594621 1.151739 -0.200000
v -1.627722 1.160288 0.200000
v -1.627722 1.160288 -0.200000
v -1.661530 1.167937 0.200000
v -1.661530 1.167937 -0.200000
v -1.696043 1.174686 0.200000
v -1.696043 1.174686 -0.200000
v -1.731261 1.180536 0.200000
v -1.731261 1.180536 -0.200000
v -1.767186 1.185485 0.200000
v -1.767186 1.185485 -0.200000
v -1.803816 1.189534 0.200000
v -1.803816 1.189534 -0.200000
v -1.841153 1.192684 0.200000
v -1.841153 1.192684 -0.200000
v -1.879195 1.194934 0.200000
v -1.879195 1.194934 -0.200000
v -1.917942 1.196284 0.200000
v -1.917942 1.196284 -0.200000
v -1.957396 1.196733 0.200000
v -1.957396 1.196733 -0.200000
v -1.975137 1.196636 0.200000
v -1.975137 1.196636 -0.200000
v -1.992791 1.196345 0.200000
v -1.992791 1.196345 -0.200000
v -2.010356 1.195860 0.200000
v -2.010356 1.195860 -0.200000
v -2.027833 1.195181 0.200000
v -2.027833 1.195181 -0.200000
v -2.045222 1.194307 0.200000
v -2.045222 1.194307 -0.200000
v -2.062523 1.193240 0.200000
v -2.062523 1.193240 -0.200000
v -2.079735 1.191978 0.200000
v -2.079735 1.191978 -0.200000
v -2.096859 1.190522 0.200000
v -2.096859 1.190522 -0.200000
v -2.113895 1.188873 0.200000
v -2.113895 1.188873 -0.200000
v -2.130843 1.187029 0.200000
v -2.130843 1.187029 -0.200000
v -2.147702 1.184991 0.200000
v -2.147702 1.184991 -0.200000
v -2.164474 1.182759 0.200000
v -2.164474 1.182759 -0.200000
v -2.181060 1.180368 0.200000
v -2.181060 1.180368 -0.200000
v -2.197364 1.177854 0.200000
v -2.197364 1.177854 -0.200000
v -2.213385 1.175216 0.200000
v -2.213385 1.175216 -0.200000
v -2.229124 1.172454 0.200000
v -2.229124 1.172454 -0.200000
v -2.244581 1.169570 0.200000
v -2.244581 1.169570 -0.200000
v -2.259755 1.166561 0.200000
v -2.259755 1.166561 -0.200000
v -2.274647 1.163429 0.200000
v -2.274647 1.163429 -0.200000
v -2.289257 1.160174 0.200000
v -2.289257 1.160174 -0.200000
v -2.303585 1.156795 0.200000
v -2.303585 1.156795 -0.200000
v -2.317630 1.153292 0.200000
v -2.317630 1.153292 -0.200000
v -2.331393 1.149666 0.200000
v -2.331393 1.149666 -0.200000
v -2.344873 1.145917 0.200000
v -2.344873 1.145917 -0.200000
v -2.358071 1.142070 0.200000
v -2.358071 1.142070 -0.200000
v -2.370987 1.138153 0.200000
v -2.370987 1.138153 -0.200000
v -2.383621 1.134165 0.200000
v -2.383621 1.134165 -0.200000
v -2.395972 1.130107 0.200000
v -2.395972 1.130107 -0.200000
v -2.408041 1.125978 0.200000
v -2.408041 1.125978 -0.200000
v -2.419827 1.121779 0.200000
v -2.419827 1.121779 -0.200000
v -2.431332 1.117509 0.200000
v -2.431332 1.117509 -0.200000
v -2.442554 1.113168 0.200000
v -2.442554 1.113168 -0.200000
v -2.453494 1.108757 0.200000
v -2.453494 1.108757 -0.200000
v -2.464151 1.104275 0.200000
v -2.464151 1.104275 -0.200000
v -2.474526 1.099723 0.200000
v -2.474526 1.099723 -0.200000
v -2.484619 1.095100 0.200000
v -2.484619 1.095100 -0.200000
v -2.494332 1.090442 0.200000
v -2.494332 1.090442 -0.200000
v -2.503569 1.085784 0.200000
v -2.503569 1.085784 -0.200000
v -2.512330 1.081125 0.200000
v -2.512330 1.081125 -0.200000
v -2.520614 1.076467 0.200000
v -2.520614 1.076467 -0.200000
v -2.528422 1.071809 0.200000
v -2.528422 1.071809 -0.200000
v -2.535753 1.067151 0.200000
v -2.535753 1.067151 -0.200000
v -2.542608 1.062493 0.200000
v -2.542608 1.062493 -0.200000
v -2.548987 1.057834 0.200000
v -2.548987 1.057834 -0.200000
v -2.554889 1.053176 0.200000
v -2.554889 1.053176 -0.200000
v -2.560315 1.048518 0.200000
v -2.560315 1.048518 -0.200000
v -2.565264 1.043860 0.200000
v -2.565264 1.043860 -0.200000
v -5.438974 0.791470 0.200000
v -5.438974 0.791470 -0.200000
v -5.447294 0.772158 0.200000
v -5.447294 0.772158 -0.200000
v -5.454890 0.752758 0.200000
v -5.454890 0.752758 -0.200000
v -5.461763 0.733269 0.200000
v -5.461763 0.733269 -0.200000
v -5.467912 0.713692 0.200000
v -5.467912 0.713692 -0.200000
v -5.473338 0.694027 0.200000
v -5.473338 0.694027 -0.200000
v -5.478040 0.674274 0.200000
v -5.478040 0.674274 -0.200000
v -5.482019 0.654433 0.200000
v -5.482019 0.654433 -0.200000
v -5.485274 0.634503 0.200000
v -5.485274 0.634503 -0.200000
v -5.487807 0.614485 0.200000
v -5.487807 0.614485 -0.200000
v -5.489615 0.594379 0.200000
v -5.489615 0.594379 -0.200000
v -5.490701 0.574185 0.200000
v -5.490701 0.574185 -0.200000
v -5.491062 0.553902 0.200000
v -5.491062 0.553902 -0.200000
v -5.490489 0.523668 0.200000
v -5.490489 0.523668 -0.200000
v -5.488769 0.493946 0.200000
v -5.488769 0.493946 -0.200000
v -5.485901 0.464735 0.200000
v -5.485901 0.464735 -0.200000
v -5.481887 0.436036 0.200000
v -5.481887 0.436036 -0.200000
v -5.476726 0.407848 0.200000
v -5.476726 0.407848 -0.200000
v -5.470417 0.380173 0.200000
v -5.470417 0.380173 -0.200000
v -5.462963 0.353009 0.200000
v -5.462963 0.353009 -0.200000
v -5.454361 0.326356 0.200000
v -5.454361 0.326356 -0.200000
v -5.444613 0.300216 0.200000
v -5.444613 0.300216 -0.200000
v -5.433717 0.274587 0.200000
v -5.433717 0.274587 -0.200000
v -5.421675 0.249470 0.200000
v -5.421675 0.249470 -0.200000
v -5.408485 0.224864 0.200000
v -5.408485 0.224864 -0.200000
v -5.394087 0.200797 0.200000
v -5.394087 0.200797 -0.200000
v -5.378419 0.177294 0.200000
v -5.378419 0.177294 -0.200000
v -5.361480 0.154356 0.200000
v -5.361480 0.154356 -0.200000
v -5.343271 0.131983 0.200000
v -5.343271 0.131982 -0.200000
v -5.323791 0.110174 0.200000
v -5.323791 0.110174 -0.200000
v -5.303041 0.088929 0.200000
v -5.303041 0.088929 -0.200000
v -5.281020 0.068250 0.200000
v -5.281020 0.068250 -0.200000
v -5.257729 0.048135 0.200000
v -5.257729 0.048135 -0.200000
v -5.233167 0.028585 0.200000
v -5.233167 0.028585 -0.200000
v -5.207335 0.009599 0.200000
v -5.207335 0.009599 -0.200000
v -5.180233 -0.008822 0.200000
v -5.180233 -0.008822 -0.200000
v -5.151860 -0.026679 0.200000
v -5.151860 -0.026679 -0.200000
v -5.122200 -0.043909 0.200000
v -5.122200 -0.043909 -0.200000
v -5.091233 -0.060450 0.200000
v -5.091233 -0.060450 -0.200000
v -5.058961 -0.076304 0.200000
v -5.058961 -0.076304 -0.200000
v -5.025383 -0.091470 0.200000
v -5.025383 -0.091470 -0.200000
v -4.990499 -0.105947 0.200000
v -4.990499 -0.105947 -0.200000
v -4.954310 -0.119737 0.200000
v -4.954310 -0.119737 -0.200000
v -4.916816 -0.132838 0.200000
v -4.916816 -0.132838 -0.200000
v -4.878015 -0.145251 0.200000
v -4.878015 -0.145251 -0.200000
v -4.837909 -0.156976 0.200000
v -4.837909 -0.156976 -0.200000
v -4.796496 -0.168012 0.200000
v -4.796496 -0.168013 -0.200000
v -4.753778 -0.178361 0.200000
v -4.753778 -0.178361 -0.200000
v -4.709755 -0.188022 0.200000
v -4.709755 -0.188022 -0.200000
v -4.664364 -0.196950 0.200000
v -4.664364 -0.196950 -0.200000
v -4.617544 -0.205102 0.200000
v -4.617544 -0.205102 -0.200000
v -4.569294 -0.212477 0.200000
v -4.569294 -0.212477 -0.200000
v -4.519616 -0.219076 0.200000
v -4.519616 -0.219076 -0.200000
v -4.468508 -0.224899 0.200000
v -4.468508 -0.224899 -0.200000
v -4.415971 -0.229945 0.200000
v -4.415971 -0.229945 -0.200000
v -4.362005 -0.234215 0.200000
v -4.362005 -0.234215 -0.200000
v -4.306609 -0.237709 0.200000
v -4.306609 -0.237709 -0.200000
v -4.249785 -0.240426 0.200000
v -4.249785 -0.240426 -0.200000
v -4.191531 -0.242367 0.200000
v -4.191531 -0.242367 -0.200000
v -4.131848 -0.243532 0.200000
v -4.131848 -0.243532 -0.200000
v -4.070735 -0.243920 0.200000
v -4.070735 -0.243920 -0.200000
v -3.836978 -0.243920 0.200000
v -3.836978 -0.243920 -0.200000
v -3.835320 -0.253651 0.200000
v -3.835320 -0.253651 -0.200000
v -3.833732 -0.263364 0.200000
v -3.833732 -0.263364 -0.200000
v -3.832214 -0.273060 0.200000
v -3.832214 -0.273060 -0.200000
v -3.830767 -0.282738 0.200000
v -3.830767 -0.282738 -0.200000
v -3.829391 -0.292399 0.200000
v -3.829391 -0.292399 -0.200000
v -3.828085 -0.302042 0.200000
v -3.828085 -0.302042 -0.200000
v -3.826850 -0.311667 0.200000
v -3.826850 -0.311667 -0.200000
v -3.825686 -0.321274 0.200000
v -3.825686 -0.321274 -0.200000
v -3.824592 -0.330864 0.200000
v -3.824592 -0.330864 -0.200000
v -3.823568 -0.340436 0.200000
v -3.823568 -0.340436 -0.200000
v -3.822615 -0.349991 0.200000
v -3.822615 -0.349991 -0.200000
v -3.821733 -0.359528 0.200000
v -3.821733 -0.359528 -0.200000
v -3.820922 -0.368994 0.200000
v -3.820922 -0.368994 -0.200000
v -3.820181 -0.378337 0.200000
v -3.820181 -0.378337 -0.200000
v -3.819510 -0.387556 0.200000
v -3.819510 -0.387556 -0.200000
v -3.818910 -0.396652 0.200000
v -3.818910 -0.396652 -0.200000
v -3.818381 -0.405625 0.200000
v -3.818381 -0.405625 -0.200000
v -3.817922 -0.414473 0.200000
v -3.817922 -0.414473 -0.200000
v -3.817534 -0.423199 0.200000
v -3.817534 -0.423199 -0.200000
v -3.817216 -0.431801 0.200000
v -3.817216 -0.431801 -0.200000
v -3.816969 -0.440279 0.200000
v -3.816969 -0.440279 -0.200000
v -3.816793 -0.448634 0.200000
v -3.816793 -0.448634 -0.200000
v -3.816687 -0.456865 0.200000
v -3.816687 -0.456865 -0.200000
v -3.816652 -0.464973 0.200000
v -3.816652 -0.464973 -0.200000
v -3.817393 -0.498568 0.200000
v -3.817393 -0.498568 -0.200000
v -3.819616 -0.530752 0.200000
v -3.819616 -0.530752 -0.200000
v -3.823321 -0.561524 0.200000
v -3.823321 -0.561524 -0.200000
v -3.828509 -0.590885 0.200000
v -3.828509 -0.590885 -0.200000
v -3.835179 -0.618834 0.200000
v -3.835179 -0.618834 -0.200000
v -3.843331 -0.645372 0.200000
v -3.843331 -0.645372 -0.200000
v -3.852964 -0.670498 0.200000
v -3.852964 -0.670498 -0.200000
v -3.864081 -0.694212 0.200000
v -3.864081 -0.694212 -0.200000
v -3.876679 -0.716515 0.200000
v -3.876679 -0.716515 -0.200000
v -3.890759 -0.737406 0.200000
v -3.890759 -0.737406 -0.200000
v -3.906322 -0.756886 0.200000
v -3.906322 -0.756886 -0.200000
v -3.923367 -0.774954 0.200000
v -3.923367 -0.774954 -0.200000
v -3.942052 -0.791593 0.200000
v -3.942052 -0.791593 -0.200000
v -3.962538 -0.806785 0.200000
v -3.962538 -0.806785 -0.200000
v -3.984823 -0.820531 0.200000
v -3.984823 -0.820531 -0.200000
v -4.008908 -0.832829 0.200000
v -4.008908 -0.832829 -0.200000
v -4.034793 -0.843680 0.200000
v -4.034793 -0.843680 -0.200000
v -4.062478 -0.853085 0.200000
v -4.062478 -0.853085 -0.200000
v -4.091962 -0.861043 0.200000
v -4.091962 -0.861043 -0.200000
v -4.123246 -0.867554 0.200000
v -4.123246 -0.867554 -0.200000
v -4.156330 -0.872618 0.200000
v -4.156330 -0.872618 -0.200000
v -4.191213 -0.876235 0.200000
v -4.191213 -0.876235 -0.200000
v -4.227896 -0.878405 0.200000
v -4.227896 -0.878405 -0.200000
v -4.266379 -0.879129 0.200000
v -4.266379 -0.879129 -0.200000
v -4.294090 -0.878961 0.200000
v -4.294090 -0.878961 -0.200000
v -4.321325 -0.878458 0.200000
v -4.321325 -0.878458 -0.200000
v -4.348083 -0.877620 0.200000
v -4.348083 -0.877620 -0.200000
v -4.374365 -0.876447 0.200000
v -4.374365 -0.876447 -0.200000
v -4.400170 -0.874938 0.200000
v -4.400170 -0.874938 -0.200000
v -4.425499 -0.873094 0.200000
v -4.425499 -0.873094 -0.200000
v -4.450352 -0.870915 0.200000
v -4.450352 -0.870915 -0.200000
v -4.474728 -0.868401 0.200000
v -4.474728 -0.868401 -0.200000
v -4.498628 -0.865551 0.200000
v -4.498628 -0.865551 -0.200000
v -4.522051 -0.862366 0.200000
v -4.522051 -0.862366 -0.200000
v -4.544998 -0.858846 0.200000
v -4.544998 -0.858846 -0.200000
v -4.567469 -0.854991 0.200000
v -4.567469 -0.854991 -0.200000
v -4.589471 -0.850932 0.200000
v -4.589471 -0.850932 -0.200000
v -4.611015 -0.846804 0.200000
v -4.611015 -0.846804 -0.200000
v -4.632101 -0.842604 0.200000
v -4.632101 -0.842604 -0.200000
v -4.652728 -0.838334 0.200000
v -4.652728 -0.838334 -0.200000
v -4.672895 -0.833994 0.200000
v -4.672895 -0.833994 -0.200000
v -4.692605 -0.829582 0.200000
v -4.692605 -0.829582 -0.200000
v -4.711855 -0.825101 0.200000
v -4.711855 -0.825101 -0.200000
v -4.730647 -0.820548 0.200000
v -4.730647 -0.820548 -0.200000
v -4.748979 -0.815925 0.200000
v -4.748979 -0.815925 -0.200000
v -4.766853 -0.811232 0.200000
v -4.766853 -0.811232 -0.200000
v -4.784269 -0.806468 0.200000
v -4.784269 -0.806468 -0.200000
v -4.801225 -0.801633 0.200000
v -4.801225 -0.801633 -0.200000
v -4.817714 -0.796799 0.200000
v -4.817714 -0.796799 -0.200000
v -4.833727 -0.792034 0.200000
v -4.833727 -0.792034 -0.200000
v -4.849263 -0.787341 0.200000
v -4.849263 -0.787341 -0.200000
v -4.864322 -0.782718 0.200000
v -4.864322 -0.782718 -0.200000
v -4.878906 -0.778166 0.200000
v -4.878906 -0.778166 -0.200000
v -4.893013 -0.773684 0.200000
v -4.893013 -0.773684 -0.200000
v -4.906643 -0.769273 0.200000
v -4.906643 -0.769273 -0.200000
v -4.919797 -0.764932 0.200000
v -4.919797 -0.764932 -0.200000
v -4.932475 -0.760662 0.200000
v -4.932475 -0.760662 -0.200000
v -4.944676 -0.756463 0.200000
v -4.944676 -0.756463 -0.200000
v -4.956401 -0.752334 0.200000
v -4.956401 -0.752334 -0.200000
v -4.967649 -0.748276 0.200000
v -4.967649 -0.748276 -0.200000
v -4.978413 -0.744420 0.200000
v -4.978413 -0.744420 -0.200000
v -4.988682 -0.740900 0.200000
v -4.988682 -0.740900 -0.200000
v -4.998457 -0.737715 0.200000
v -4.998457 -0.737715 -0.200000
v -5.007739 -0.734866 0.200000
v -5.007739 -0.734866 -0.200000
v -5.016525 -0.732351 0.200000
v -5.016525 -0.732351 -0.200000
v -5.024818 -0.730172 0.200000
v -5.024818 -0.730172 -0.200000
v -5.032617 -0.728328 0.200000
v -5.032617 -0.728328 -0.200000
v -5.039922 -0.726820 0.200000
v -5.039922 -0.726820 -0.200000
v -5.046733 -0.725646 0.200000
v -5.046733 -0.725646 -0.200000
v -5.053050 -0.724808 0.200000
v -5.053050 -0.724808 -0.200000
v -5.058873 -0.724305 0.200000
v -5.058873 -0.724305 -0.200000
v -5.064201 -0.724138 0.200000
v -5.064201 -0.724138 -0.200000
v -5.069160 -0.724261 0.200000
v -5.069160 -0.724261 -0.200000
v -5.073870 -0.724632 0.200000
v -5.073870 -0.724632 -0.200000
v -5.078334 -0.725249 0.200000
v -5.078334 -0.725249 -0.200000
v -5.082551 -0.726114 0.200000
v -5.082551 -0.726114 -0.200000
v -5.086521 -0.727226 0.200000
v -5.086521 -0.727226 -0.200000
v -5.090244 -0.728584 0.200000
v -5.090244 -0.728584 -0.200000
v -5.093720 -0.730190 0.200000
v -5.093720 -0.730190 -0.200000
v -5.096949 -0.732043 0.200000
v -5.096949 -0.732043 -0.200000
v -5.099931 -0.734142 0.200000
v -5.099931 -0.734142 -0.200000
v -5.102666 -0.736489 0.200000
v -5.102666 -0.736489 -0.200000
v -5.105154 -0.739083 0.200000
v -5.105154 -0.739083 -0.200000
v -5.107396 -0.741924 0.200000
v -5.107396 -0.741924 -0.200000
v -5.109425 -0.745029 0.200000
v -5.109425 -0.745029 -0.200000
v -5.111277 -0.748417 0.200000
v -5.111277 -0.748417 -0.200000
v -5.112953 -0.752087 0.200000
v -5.112953 -0.752087 -0.200000
v -5.114453 -0.756039 0.200000
v -5.114453 -0.756039 -0.200000
v -5.115777 -0.760274 0.200000
v -5.115777 -0.760274 -0.200000
v -5.116924 -0.764791 0.200000
v -5.116924 -0.764791 -0.200000
v -5.117894 -0.769590 0.200000
v -5.117894 -0.769590 -0.200000
v -5.118688 -0.774672 0.200000
v -5.118688 -0.774672 -0.200000
v -5.119306 -0.780036 0.200000
v -5.119306 -0.780036 -0.200000
v -5.119747 -0.785682 0.200000
v -5.119747 -0.785682 -0.200000
v -5.120011 -0.791611 0.200000
v -5.120011 -0.791611 -0.200000
v -5.120100 -0.797822 0.200000
v -5.120100 -0.797822 -0.200000
v -5.120047 -0.805109 0.200000
v -5.120047 -0.805109 -0.200000
v -5.119888 -0.812573 0.200000
v -5.119888 -0.812573 -0.200000
v -5.119623 -0.820213 0.200000
v -5.119623 -0.820213 -0.200000
v -5.119253 -0.828030 0.200000
v -5.119253 -0.828030 -0.200000
v -5.118776 -0.836023 0.200000
v -5.118776 -0.836023 -0.200000
v -5.118194 -0.844192 0.200001
v -5.118194 -0.844192 -0.200000
v -5.117506 -0.852538 0.200001
v -5.117506 -0.852538 -0.200000
v -5.116712 -0.861061 0.200001
v -5.116712 -0.861061 -0.200000
v -5.115812 -0.869759 0.200001
v -5.115812 -0.869759 -0.200000
v -5.114806 -0.878635 0.200001
v -5.114806 -0.878635 -0.200000
v -5.113695 -0.887686 0.200001
v -5.113695 -0.887686 -0.200000
v -5.112478 -0.896914 0.200001
v -5.112478 -0.896914 -0.200000
v -5.111163 -0.906222 0.200001
v -5.111163 -0.906222 -0.200000
v -5.109760 -0.915512 0.200001
v -5.109760 -0.915512 -0.200000
v -5.108269 -0.924784 0.200001
v -5.108269 -0.924784 -0.200000
v -5.106690 -0.934039 0.200001
v -5.106690 -0.934039 -0.200000
v -5.105022 -0.943276 0.200001
v -5.105022 -0.943276 -0.200000
v -5.103267 -0.952495 0.200001
v -5.103267 -0.952495 -0.200000
v -5.101423 -0.961697 0.200001
v -5.101423 -0.961697 -0.200000
v -5.099491 -0.970881 0.200001
v -5.099491 -0.970881 -0.200000
v -5.097471 -0.980047 0.200001
v -5.097471 -0.980047 -0.200000
v -5.095362 -0.989196 0.200001
v -5.095362 -0.989196 -0.200000
v -5.093165 -0.998327 0.200001
v -5.093165 -0.998327 -0.200000
v -5.090880 -1.007441 0.200001
v -5.090880 -1.007441 -0.200000
v -5.088498 -1.016501 0.200001
v -5.088498 -1.016501 -0.200000
v -5.086010 -1.025474 0.200001
v -5.086010 -1.025474 -0.200000
v -5.083416 -1.034358 0.200001
v -5.083416 -1.034358 -0.200000
v -5.080717 -1.043154 0.200001
v -5.080717 -1.043154 -0.200000
v -5.077911 -1.051861 0.200001
v -5.077911 -1.051861 -0.200000
v -5.075000 -1.060481 0.200001
v -5.075000 -1.060481 -0.200000
v -5.071982 -1.069012 0.200001
v -5.071982 -1.069012 -0.200000
v -5.068859 -1.077455 0.200001
v -5.068859 -1.077455 -0.200000
v -5.065630 -1.085810 0.200001
v -5.065630 -1.085810 -0.200000
v -5.062295 -1.094076 0.200001
v -5.062295 -1.094076 -0.200000
v -5.058855 -1.102255 0.200001
v -5.058855 -1.102255 -0.200000
v -5.055308 -1.110345 0.200001
v -5.055308 -1.110345 -0.200000
v -5.051665 -1.118232 0.200001
v -5.051665 -1.118232 -0.200000
v -5.047933 -1.125801 0.200001
v -5.047933 -1.125801 -0.200000
v -5.044113 -1.133053 0.200001
v -5.044113 -1.133053 -0.200000
v -5.040205 -1.139988 0.200001
v -5.040205 -1.139988 -0.200000
v -5.036208 -1.146604 0.200001
v -5.036208 -1.146604 -0.200000
v -5.032123 -1.152904 0.200001
v -5.032123 -1.152904 -0.200000
v -5.027950 -1.158885 0.200001
v -5.027950 -1.158885 -0.200000
v -5.023689 -1.164549 0.200001
v -5.023689 -1.164549 -0.200000
v -5.019340 -1.169895 0.200001
v -5.019340 -1.169895 -0.200000
v -5.014902 -1.174924 0.200001
v -5.014902 -1.174924 -0.200000
v -5.010376 -1.179635 0.200001
v -5.010376 -1.179635 -0.200000
v -5.005762 -1.184029 0.200001
v -5.005762 -1.184029 -0.200000
v -5.000328 -1.189111 0.200001
v -5.000328 -1.189111 -0.200000
v -4.994187 -1.194192 0.200001
v -4.994187 -1.194192 -0.200000
v -4.987341 -1.199274 0.200001
v -4.987341 -1.199274 -0.200000
v -4.979789 -1.204355 0.200001
v -4.979789 -1.204355 -0.200000
v -4.971531 -1.209437 0.200001
v -4.971531 -1.209437 -0.200000
v -4.962568 -1.214519 0.200001
v -4.962568 -1.214519 -0.200000
v -4.952899 -1.219601 0.200001
v -4.952899 -1.219601 -0.200000
v -4.942524 -1.224682 0.200001
v -4.942524 -1.224682 -0.200000
v -4.931443 -1.229764 0.200001
v -4.931443 -1.229764 -0.200000
v -4.919656 -1.234846 0.200000
v -4.919656 -1.234846 -0.200000
v -4.907164 -1.239927 0.200000
v -4.907164 -1.239927 -0.200000
v -4.893966 -1.245009 0.200000
v -4.893966 -1.245009 -0.200000
v -4.880185 -1.250055 0.200000
v -4.880185 -1.250055 -0.200000
v -4.865946 -1.255031 0.200000
v -4.865946 -1.255031 -0.200000
v -4.851248 -1.259936 0.200000
v -4.851248 -1.259936 -0.200000
v -4.836091 -1.264771 0.200000
v -4.836091 -1.264771 -0.200000
v -4.820476 -1.269535 0.200000
v -4.820476 -1.269535 -0.200000
v -4.804401 -1.274228 0.200000
v -4.804401 -1.274228 -0.200000
v -4.787868 -1.278851 0.200000
v -4.787868 -1.278851 -0.200000
v -4.770876 -1.283404 0.200000
v -4.770876 -1.283404 -0.200000
v -4.753426 -1.287885 0.200000
v -4.753426 -1.287885 -0.200000
v -4.735517 -1.292297 0.200000
v -4.735517 -1.292297 -0.200000
v -4.717148 -1.296637 0.200000
v -4.717148 -1.296637 -0.200000
v -4.698321 -1.300907 0.200000
v -4.698321 -1.300907 -0.200000
v -4.679071 -1.305080 0.200000
v -4.679071 -1.305080 -0.200000
v -4.659432 -1.309130 0.200000
v -4.659432 -1.309130 -0.200000
v -4.639406 -1.313056 0.200000
v -4.639406 -1.313056 -0.200000
v -4.618991 -1.316858 0.200000
v -4.618991 -1.316858 -0.200000
v -4.598187 -1.320537 0.200000
v -4.598187 -1.320537 -0.200000
v -4.576996 -1.324092 0.200000
v -4.576996 -1.324092 -0.200000
v -4.555417 -1.327524 0.200000
v -4.555417 -1.327524 -0.200000
v -4.533450 -1.330833 0.200000
v -4.533450 -1.330833 -0.200000
v -4.511094 -1.334017 0.200000
v -4.511094 -1.334017 -0.200000
v -4.488349 -1.337079 0.200000
v -4.488349 -1.337079 -0.200000
v -4.465218 -1.340017 0.200000
v -4.465218 -1.340017 -0.200000
v -4.441697 -1.342831 0.200000
v -4.441697 -1.342831 -0.200000
v -4.417947 -1.345469 0.200000
v -4.417947 -1.345469 -0.200000
v -4.394127 -1.347877 0.200000
v -4.394127 -1.347877 -0.200000
v -4.370236 -1.350056 0.200000
v -4.370236 -1.350056 -0.200000
v -4.346275 -1.352006 0.200000
v -4.346275 -1.352006 -0.200000
v -4.322243 -1.353726 0.200000
v -4.322243 -1.353726 -0.200000
v -4.298140 -1.355217 0.200000
v -4.298140 -1.355217 -0.200000
v -4.273967 -1.356479 0.200000
v -4.273967 -1.356479 -0.200000
v -4.249723 -1.357511 0.200000
v -4.249723 -1.357511 -0.200000
v -4.225409 -1.358314 0.200000
v -4.225409 -1.358314 -0.200000
v -4.201024 -1.358888 0.200000
v -4.201024 -1.358888 -0.200000
v -4.176568 -1.359232 0.200000
v -4.176568 -1.359232 -0.200000
v -4.152042 -1.359346 0.200000
v -4.152042 -1.359346 -0.200000
v -4.111821 -1.358994 0.200000
v -4.111821 -1.358994 -0.200000
v -4.072464 -1.357935 0.200000
v -4.072464 -1.357935 -0.200000
v -4.033973 -1.356170 0.200000
v -4.033973 -1.356170 -0.200000
v -3.996345 -1.353700 0.200000
v -3.996345 -1.353700 -0.200000
v -3.959582 -1.350524 0.200000
v -3.959582 -1.350524 -0.200000
v -3.923684 -1.346642 0.200000
v -3.923684 -1.346642 -0.200000
v -3.888651 -1.342055 0.200000
v -3.888651 -1.342055 -0.200000
v -3.854482 -1.336761 0.200000
v -3.854482 -1.336761 -0.200000
v -3.821178 -1.330762 0.200000
v -3.821178 -1.330762 -0.200000
v -3.788738 -1.324057 0.200000
v -3.788738 -1.324057 -0.200000
v -3.757163 -1.316646 0.200000
v -3.757163 -1.316646 -0.200000
v -3.726452 -1.308530 0.200000
v -3.726452 -1.308530 -0.200000
v -3.696588 -1.299690 0.200000
v -3.696588 -1.299690 -0.200000
v -3.667554 -1.290109 0.200000
v -3.667554 -1.290109 -0.200000
v -3.639349 -1.279786 0.200000
v -3.639349 -1.279786 -0.200000
v -3.611973 -1.268723 0.200000
v -3.611973 -1.268723 -0.200000
v -3.585427 -1.256919 0.200000
v -3.585427 -1.256919 -0.200000
v -3.559710 -1.244374 0.200000
v -3.559710 -1.244374 -0.200000
v -3.534822 -1.231087 0.200000
v -3.534822 -1.231087 -0.200000
v -3.510763 -1.217059 0.200000
v -3.510763 -1.217059 -0.200000
v -3.487534 -1.202291 0.200000
v -3.487534 -1.202291 -0.200000
v -3.465134 -1.186781 0.200000
v -3.465134 -1.186781 -0.200000
v -3.443563 -1.170530 0.200000
v -3.443563 -1.170530 -0.200000
v -3.422822 -1.153539 0.200000
v -3.422822 -1.153539 -0.200000
v -3.402919 -1.135779 0.200000
v -3.402919 -1.135779 -0.200000
v -3.383863 -1.117226 0.200000
v -3.383863 -1.117226 -0.200000
v -3.365654 -1.097879 0.200000
v -3.365654 -1.097879 -0.200000
v -3.348291 -1.077737 0.200000
v -3.348291 -1.077737 -0.200000
v -3.331776 -1.056802 0.200000
v -3.331776 -1.056802 -0.200000
v -3.316107 -1.035072 0.200000
v -3.316107 -1.035072 -0.200000
v -3.301286 -1.012549 0.200000
v -3.301286 -1.012549 -0.200000
v -3.287311 -0.989231 0.200000
v -3.287311 -0.989231 -0.200000
v -3.274184 -0.965120 0.200000
v -3.274184 -0.965120 -0.200000
v -3.261903 -0.940215 0.200000
v -3.261903 -0.940215 -0.200000
v -3.250469 -0.914515 0.200000
v -3.250469 -0.914515 -0.200000
v -3.239882 -0.888022 0.200000
v -3.239882 -0.888022 -0.200000
v -3.230142 -0.860716 0.200000
v -3.230142 -0.860716 -0.200000
v -3.221250 -0.832582 0.200000
v -3.221250 -0.832582 -0.200000
v -3.213203 -0.803618 0.200000
v -3.213203 -0.803618 -0.200000
v -3.206004 -0.773825 0.200000
v -3.206004 -0.773825 -0.200000
v -3.199652 -0.743203 0.200000
v -3.199652 -0.743203 -0.200000
v -3.194147 -0.711751 0.200000
v -3.194147 -0.711751 -0.200000
v -3.189489 -0.679470 0.200000
v -3.189489 -0.679470 -0.200000
v -3.185678 -0.646360 0.200000
v -3.185678 -0.646360 -0.200000
v -3.182714 -0.612420 0.200000
v -3.182714 -0.612420 -0.200000
v -3.180596 -0.577651 0.200000
v -3.180596 -0.577651 -0.200000
v -3.179326 -0.542053 0.200000
v -3.179326 -0.542053 -0.200000
v -3.178902 -0.505626 0.200000
v -3.178902 -0.505626 -0.200000
v -3.179123 -0.477086 0.200000
v -3.179123 -0.477086 -0.200000
v -3.179785 -0.448210 0.200000
v -3.179785 -0.448210 -0.200000
v -3.180887 -0.418999 0.200000
v -3.180887 -0.418999 -0.200000
v -3.182431 -0.389453 0.200000
v -3.182431 -0.389453 -0.200000
v -3.184416 -0.359572 0.200000
v -3.184416 -0.359572 -0.200000
v -3.186842 -0.329356 0.200000
v -3.186842 -0.329356 -0.200000
v -3.189710 -0.298804 0.200000
v -3.189710 -0.298804 -0.200000
v -3.193018 -0.267917 0.200000
v -3.193018 -0.267917 -0.200000
v -3.196768 -0.236694 0.200000
v -3.196768 -0.236694 -0.200000
v -3.200958 -0.205137 0.200000
v -3.200958 -0.205137 -0.200000
v -3.205590 -0.173244 0.200000
v -3.205590 -0.173244 -0.200000
v -3.210663 -0.141016 0.200000
v -3.210663 -0.141016 -0.200000
v -3.216229 -0.108656 0.200000
v -3.216229 -0.108656 -0.200000
v -3.222343 -0.076366 0.200000
v -3.222343 -0.076366 -0.200000
v -3.229004 -0.044147 0.200000
v -3.229004 -0.044147 -0.200000
v -3.236212 -0.011998 0.200000
v -3.236212 -0.011998 -0.200000
v -3.243967 0.020080 0.200000
v -3.243967 0.020080 -0.200000
v -3.252269 0.052087 0.200000
v -3.252269 0.052087 -0.200000
v -3.261118 0.084024 0.200000
v -3.261118 0.084024 -0.200000
v -3.270514 0.115890 0.200000
v -3.270514 0.115890 -0.200000
v -3.280457 0.147686 0.200000
v -3.280457 0.147686 -0.200000
v -3.290946 0.179411 0.200000
v -3.290946 0.179411 -0.200000
v -3.301983 0.211066 0.200000
v -3.301983 0.211066 -0.200000
v -3.313566 0.242650 0.200000
v -3.313566 0.242650 -0.200000
v -3.325706 0.274084 0.200000
v -3.325706 0.274084 -0.200000
v -3.338410 0.305289 0.200000
v -3.338410 0.305289 -0.200000
v -3.351679 0.336264 0.200000
v -3.351679 0.336264 -0.200000
v -3.365512 0.367010 0.200000
v -3.365512 0.367010 -0.200000
v -3.379910 0.397526 0.200000
v -3.379910 0.397526 -0.200000
v -3.394873 0.427813 0.200000
v -3.394873 0.427813 -0.200000
v -3.410401 0.457871 0.200000
v -3.410401 0.457871 -0.200000
v -3.426493 0.487699 0.200000
v -3.426493 0.487699 -0.200000
v -3.443149 0.517298 0.200000
v -3.443149 0.517298 -0.200000
v -3.460371 0.546668 0.200000
v -3.460371 0.546668 -0.200000
v -3.478156 0.575808 0.200000
v -3.478156 0.575808 -0.200000
v -3.496506 0.604719 0.200000
v -3.496506 0.604719 -0.200000
v -3.515465 0.633224 0.200000
v -3.515465 0.633224 -0.200000
v -3.535078 0.661147 0.200000
v -3.535078 0.661147 -0.200000
v -3.555343 0.688487 0.200000
v -3.555343 0.688487 -0.200000
v -3.576261 0.715245 0.200000
v -3.576261 0.715245 -0.200000
v -3.597831 0.741421 0.200000
v -3.597831 0.741421 -0.200000
v -3.620054 0.767015 0.200000
v -3.620054 0.767015 -0.200000
v -3.642931 0.792026 0.200000
v -3.642931 0.792026 -0.200000
v -3.666460 0.816455 0.200000
v -3.666460 0.816455 -0.200000
v -3.690642 0.840302 0.200000
v -3.690642 0.840302 -0.200000
v -3.715477 0.863566 0.200000
v -3.715477 0.863566 -0.200000
v -3.740965 0.886249 0.200000
v -3.740965 0.886249 -0.200000
v -3.767106 0.908349 0.200000
v -3.767106 0.908349 -0.200000
v -3.793916 0.929796 0.200000
v -3.793916 0.929796 -0.200000
v -3.821416 0.950519 0.200000
v -3.821416 0.950519 -0.200000
v -3.849603 0.970520 0.200000
v -3.849603 0.970520 -0.200000
v -3.878479 0.989797 0.200000
v -3.878479 0.989797 -0.200000
v -3.908042 1.008350 0.200000
v -3.908042 1.008350 -0.200000
v -3.938294 1.026180 0.200000
v -3.938294 1.026180 -0.200000
v -3.969234 1.043286 0.200000
v -3.969234 1.043286 -0.200000
v -4.000863 1.059669 0.200000
v -4.000863 1.059669 -0.200000
v -4.033179 1.075329 0.200000
v -4.033179 1.075329 -0.200000
v -4.066183 1.090265 0.200000
v -4.066183 1.090265 -0.200000
v -4.099875 1.104478 0.200000
v -4.099875 1.104478 -0.200000
v -4.134256 1.117967 0.200000
v -4.134256 1.117967 -0.200000
v -4.169386 1.130548 0.200000
v -4.169386 1.130548 -0.200000
v -4.205328 1.142035 0.200000
v -4.205328 1.142035 -0.200000
v -4.242083 1.152428 0.200000
v -4.242083 1.152428 -0.200000
v -4.279648 1.161726 0.200000
v -4.279648 1.161726 -0.200000
v -4.318025 1.169931 0.200000
v -4.318025 1.169931 -0.200000
v -4.357214 1.177042 0.200000
v -4.357214 1.177042 -0.200000
v -4.397215 1.183059 0.200000
v -4.397215 1.183059 -0.200000
v -4.438027 1.187982 0.200000
v -4.438027 1.187982 -0.200000
v -4.479650 1.191811 0.200000
v -4.479650 1.191811 -0.200000
v -4.522086 1.194546 0.200000
v -4.522086 1.194546 -0.200000
v -4.565333 1.196187 0.200000
v -4.565333 1.196187 -0.200000
v -4.609392 1.196733 0.200000
v -4.609392 1.196733 -0.200000
v -4.647478 1.196354 0.200000
v -4.647478 1.196354 -0.200000
v -4.684665 1.195216 0.200000
v -4.684665 1.195216 -0.200000
v -4.720951 1.193319 0.200000
v -4.720951 1.193319 -0.200000
v -4.756337 1.190664 0.200000
v -4.756337 1.190664 -0.200000
v -4.790824 1.187249 0.200000
v -4.790824 1.187249 -0.200000
v -4.824411 1.183076 0.200000
v -4.824411 1.183076 -0.200000
v -4.857098 1.178145 0.200000
v -4.857098 1.178145 -0.200000
v -4.888885 1.172454 0.200000
v -4.888885 1.172454 -0.200000
v -4.919771 1.166005 0.200000
v -4.919771 1.166005 -0.200000
v -4.949759 1.158797 0.200000
v -4.949759 1.158797 -0.200000
v -4.978846 1.150831 0.200000
v -4.978846 1.150831 -0.200000
v -5.007033 1.142105 0.200000
v -5.007033 1.142105 -0.200000
v -5.034356 1.132754 0.200000
v -5.034356 1.132754 -0.200000
v -5.060849 1.122908 0.200000
v -5.060849 1.122908 -0.200000
v -5.086514 1.112568 0.200000
v -5.086514 1.112568 -0.200000
v -5.111349 1.101734 0.200000
v -5.111349 1.101734 -0.200000
v -5.135354 1.090407 0.200000
v -5.135354 1.090407 -0.200000
v -5.158531 1.078585 0.200000
v -5.158531 1.078585 -0.200000
v -5.180878 1.066269 0.200000
v -5.180878 1.066269 -0.200000
v -5.202395 1.053459 0.200000
v -5.202395 1.053459 -0.200000
v -5.223083 1.040154 0.200000
v -5.223083 1.040154 -0.200000
v -5.242942 1.026356 0.200000
v -5.242942 1.026356 -0.200000
v -5.261972 1.012064 0.200000
v -5.261972 1.012064 -0.200000
v -5.280172 0.997278 0.200000
v -5.280172 0.997278 -0.200000
v -5.297579 0.982068 0.200000
v -5.297579 0.982068 -0.200000
v -5.314227 0.966506 0.200000
v -5.314227 0.966506 -0.200000
v -5.330116 0.950590 0.200000
v -5.330116 0.950590 -0.200000
v -5.345246 0.934322 0.200000
v -5.345246 0.934322 -0.200000
v -5.359618 0.917700 0.200000
v -5.359618 0.917700 -0.200000
v -5.373231 0.900726 0.200000
v -5.373231 0.900726 -0.200000
v -5.386085 0.883399 0.200000
v -5.386085 0.883399 -0.200000
v -5.398180 0.865719 0.200000
v -5.398180 0.865719 -0.200000
v -5.409517 0.847686 0.200000
v -5.409517 0.847686 -0.200000
v -5.420095 0.829301 0.200000
v -5.420095 0.829301 -0.200000
v -5.429914 0.810562 0.200000
v -5.429914 0.810562 -0.200000
v -4.825363 0.372233 0.200000
v -4.825363 0.372233 -0.200000
v -4.831450 0.382669 0.200000
v -4.831450 0.382669 -0.200000
v -4.837008 0.393230 0.200000
v -4.837008 0.393230 -0.200000
v -4.842037 0.403914 0.200000
v -4.842037 0.403914 -0.200000
v -4.846537 0.414721 0.200000
v -4.846537 0.414721 -0.200000
v -4.850507 0.425652 0.200000
v -4.850507 0.425652 -0.200000
v -4.853948 0.436706 0.200000
v -4.853948 0.436706 -0.200000
v -4.856859 0.447884 0.200000
v -4.856859 0.447884 -0.200000
v -4.859241 0.459186 0.200000
v -4.859241 0.459186 -0.200000
v -4.861094 0.470610 0.200000
v -4.861094 0.470610 -0.200000
v -4.862417 0.482159 0.200000
v -4.862417 0.482159 -0.200000
v -4.863211 0.493831 0.200000
v -4.863211 0.493831 -0.200000
v -4.863476 0.505626 0.200000
v -4.863476 0.505626 -0.200000
v -4.862920 0.522327 0.200000
v -4.862920 0.522327 -0.200000
v -4.861253 0.538551 0.200000
v -4.861253 0.538551 -0.200000
v -4.858474 0.554299 0.200000
v -4.858474 0.554299 -0.200000
v -4.854583 0.569571 0.200000
v -4.854583 0.569571 -0.200000
v -4.849581 0.584366 0.200000
v -4.849581 0.584366 -0.200000
v -4.843467 0.598684 0.200000
v -4.843467 0.598684 -0.200000
v -4.836241 0.612527 0.200000
v -4.836241 0.612527 -0.200000
v -4.827904 0.625893 0.200000
v -4.827904 0.625893 -0.200000
v -4.818456 0.638782 0.200000
v -4.818456 0.638782 -0.200000
v -4.807895 0.651195 0.200000
v -4.807895 0.651195 -0.200000
v -4.796223 0.663132 0.200000
v -4.796223 0.663132 -0.200000
v -4.783439 0.674592 0.200000
v -4.783439 0.674592 -0.200000
v -4.769597 0.685346 0.200000
v -4.769597 0.685346 -0.200000
v -4.754749 0.695165 0.200000
v -4.754749 0.695165 -0.200000
v -4.738895 0.704050 0.200000
v -4.738895 0.704050 -0.200000
v -4.722036 0.711998 0.200000
v -4.722036 0.711998 -0.200000
v -4.704171 0.719012 0.200000
v -4.704171 0.719012 -0.200000
v -4.685300 0.725091 0.200000
v -4.685300 0.725091 -0.200000
v -4.665423 0.730234 0.200000
v -4.665423 0.730234 -0.200000
v -4.644541 0.734443 0.200000
v -4.644541 0.734443 -0.200000
v -4.622652 0.737716 0.200000
v -4.622652 0.737716 -0.200000
v -4.599758 0.740054 0.200000
v -4.599758 0.740054 -0.200000
v -4.575858 0.741456 0.200000
v -4.575858 0.741456 -0.200000
v -4.550953 0.741924 0.200000
v -4.550953 0.741924 -0.200000
v -4.529964 0.741606 0.200000
v -4.529964 0.741606 -0.200000
v -4.509346 0.740653 0.200000
v -4.509346 0.740653 -0.200000
v -4.489099 0.739065 0.200000
v -4.489099 0.739065 -0.200000
v -4.469223 0.736842 0.200000
v -4.469223 0.736842 -0.200000
v -4.449717 0.733984 0.200000
v -4.449717 0.733984 -0.200000
v -4.430581 0.730490 0.200000
v -4.430581 0.730490 -0.200000
v -4.411816 0.726361 0.200000
v -4.411816 0.726361 -0.200000
v -4.393421 0.721597 0.200000
v -4.393421 0.721597 -0.200000
v -4.375397 0.716198 0.200000
v -4.375397 0.716198 -0.200000
v -4.357744 0.710164 0.200000
v -4.357744 0.710164 -0.200000
v -4.340461 0.703494 0.200000
v -4.340461 0.703494 -0.200000
v -4.323548 0.696189 0.200000
v -4.323548 0.696189 -0.200000
v -4.306989 0.688346 0.200000
v -4.306989 0.688346 -0.200000
v -4.290764 0.680062 0.200000
v -4.290764 0.680062 -0.200000
v -4.274876 0.671336 0.200000
v -4.274876 0.671336 -0.200000
v -4.259322 0.662170 0.200000
v -4.259322 0.662170 -0.200000
v -4.244103 0.652562 0.200000
v -4.244103 0.652562 -0.200000
v -4.229220 0.642514 0.200000
v -4.229220 0.642514 -0.200000
v -4.214672 0.632024 0.200000
v -4.214672 0.632024 -0.200000
v -4.200459 0.621093 0.200000
v -4.200459 0.621093 -0.200000
v -4.186582 0.609721 0.200000
v -4.186582 0.609721 -0.200000
v -4.173040 0.597908 0.200000
v -4.173040 0.597908 -0.200000
v -4.159833 0.585654 0.200000
v -4.159833 0.585654 -0.200000
v -4.146960 0.572958 0.200000
v -4.146960 0.572958 -0.200000
v -4.134406 0.559848 0.200000
v -4.134406 0.559848 -0.200000
v -4.122152 0.546350 0.200000
v -4.122152 0.546350 -0.200000
v -4.110198 0.532464 0.200000
v -4.110198 0.532464 -0.200000
v -4.098544 0.518189 0.200000
v -4.098544 0.518189 -0.200000
v -4.087190 0.503527 0.200000
v -4.087190 0.503527 -0.200000
v -4.076135 0.488476 0.200000
v -4.076135 0.488476 -0.200000
v -4.065381 0.473037 0.200000
v -4.065381 0.473037 -0.200000
v -4.054926 0.457209 0.200000
v -4.054926 0.457209 -0.200000
v -4.044771 0.440994 0.200000
v -4.044771 0.440994 -0.200000
v -4.034917 0.424390 0.200000
v -4.034917 0.424390 -0.200000
v -4.025362 0.407398 0.200000
v -4.025362 0.407398 -0.200000
v -4.016108 0.390018 0.200000
v -4.016108 0.390018 -0.200000
v -4.007153 0.372347 0.200000
v -4.007153 0.372347 -0.200000
v -3.998498 0.354482 0.200000
v -3.998498 0.354482 -0.200000
v -3.990144 0.336423 0.200000
v -3.990144 0.336423 -0.200000
v -3.982089 0.318169 0.200000
v -3.982089 0.318169 -0.200000
v -3.974334 0.299722 0.200000
v -3.974334 0.299722 -0.200000
v -3.966879 0.281080 0.200000
v -3.966879 0.281080 -0.200000
v -3.959724 0.262244 0.200000
v -3.959724 0.262244 -0.200000
v -3.952869 0.243215 0.200000
v -3.952869 0.243215 -0.200000
v -3.946314 0.223991 0.200000
v -3.946314 0.223991 -0.200000
v -3.940059 0.204573 0.200000
v -3.940059 0.204573 -0.200000
v -3.934104 0.184961 0.200000
v -3.934104 0.184961 -0.200000
v -3.928449 0.165155 0.200000
v -3.928449 0.165154 -0.200000
v -4.141879 0.165155 0.200000
v -4.141879 0.165154 -0.200000
v -4.175298 0.165340 0.200000
v -4.175298 0.165340 -0.200000
v -4.207799 0.165896 0.200000
v -4.207799 0.165896 -0.200000
v -4.239383 0.166822 0.200000
v -4.239383 0.166822 -0.200000
v -4.270050 0.168119 0.200000
v -4.270050 0.168119 -0.200000
v -4.299799 0.169786 0.200000
v -4.299799 0.169786 -0.200000
v -4.328630 0.171824 0.200000
v -4.328630 0.171824 -0.200000
v -4.356544 0.174233 0.200000
v -4.356544 0.174233 -0.200000
v -4.383541 0.177012 0.200000
v -4.383541 0.177012 -0.200000
v -4.409619 0.180161 0.200000
v -4.409619 0.180161 -0.200000
v -4.434781 0.183681 0.200000
v -4.434781 0.183681 -0.200000
v -4.459024 0.187572 0.200000
v -4.459024 0.187572 -0.200000
v -4.482350 0.191833 0.200000
v -4.482350 0.191833 -0.200000
v -4.504848 0.196412 0.200000
v -4.504848 0.196412 -0.200000
v -4.526603 0.201255 0.200000
v -4.526603 0.201255 -0.200000
v -4.547618 0.206364 0.200000
v -4.547618 0.206364 -0.200000
v -4.567892 0.211736 0.200000
v -4.567892 0.211736 -0.200000
v -4.587424 0.217374 0.200000
v -4.587424 0.217374 -0.200000
v -4.606216 0.223276 0.200000
v -4.606216 0.223276 -0.200000
v -4.624267 0.229443 0.200000
v -4.624267 0.229443 -0.200000
v -4.641576 0.235874 0.200000
v -4.641576 0.235874 -0.200000
v -4.658144 0.242571 0.200000
v -4.658144 0.242570 -0.200000
v -4.673971 0.249531 0.200000
v -4.673971 0.249531 -0.200000
v -4.689057 0.256757 0.200000
v -4.689057 0.256757 -0.200000
v -4.703403 0.264247 0.200000
v -4.703403 0.264247 -0.200000
v -4.717060 0.271984 0.200000
v -4.717060 0.271984 -0.200000
v -4.730082 0.279951 0.200000
v -4.730082 0.279951 -0.200000
v -4.742468 0.288147 0.200000
v -4.742468 0.288147 -0.200000
v -4.754219 0.296572 0.200000
v -4.754219 0.296572 -0.200000
v -4.765336 0.305227 0.200000
v -4.765336 0.305227 -0.200000
v -4.775816 0.314111 0.200000
v -4.775816 0.314111 -0.200000
v -4.785662 0.323224 0.200000
v -4.785662 0.323224 -0.200000
v -4.794873 0.332567 0.200000
v -4.794873 0.332567 -0.200000
v -4.803448 0.342140 0.200000
v -4.803448 0.342140 -0.200000
v -4.811388 0.351941 0.200000
v -4.811388 0.351941 -0.200000
v -4.818693 0.361972 0.200000
v -4.818693 0.361972 -0.200000
vn -0.0000 -0.0000 -1.0000
vn -0.0000 -0.0000 1.0000
vn -0.9422 0.3351 -0.0000
vn -0.9525 0.3045 -0.0000
vn -0.9618 0.2736 -0.0000
vn -0.9700 0.2432 -0.0000
vn -0.9770 0.2133 -0.0000
vn -0.9829 0.1840 -0.0000
vn -0.9879 0.1554 -0.0000
vn -0.9918 0.1275 -0.0000
vn -0.9949 0.1004 -0.0000
vn -0.9972 0.0741 -0.0000
vn -0.9988 0.0486 -0.0000
vn -0.9997 0.0240 -0.0000
vn -1.0000 0.0013 -0.0000
vn -0.9998 -0.0184 -0.0000
vn -0.9993 -0.0366 -0.0000
vn -0.9985 -0.0545 -0.0000
vn -0.9974 -0.0720 -0.0000
vn -0.9960 -0.0893 -0.0000
vn -0.9943 -0.1062 -0.0000
vn -0.9924 -0.1228 -0.0000
vn -0.9903 -0.1390 -0.0000
vn -0.9879 -0.1550 -0.0000
vn -0.9853 -0.1706 -0.0000
vn -0.9826 -0.1858 -0.0000
vn -0.9793 -0.2022 -0.0000
vn -0.9752 -0.2212 -0.0000
vn -0.9704 -0.2416 -0.0000
vn -0.9651 -0.2618 -0.0000
vn -0.9595 -0.2817 -0.0000
vn -0.9535 -0.3015 -0.0000
vn -0.9471 -0.3210 -0.0000
vn -0.9404 -0.3402 -0.0000
vn -0.9333 -0.3591 -0.0000
vn -0.9259 -0.3778 -0.0000
vn -0.9182 -0.3961 -0.0000
vn -0.9102 -0.4141 -0.0000
vn -0.9017 -0.4324 -0.0000
vn -0.8921 -0.4518 -0.0000
vn -0.8818 -0.4716 -0.0000
vn -0.8712 -0.4910 -0.0000
vn -0.8602 -0.5100 -0.0000
vn -0.8489 -0.5286 -0.0000
vn -0.8372 -0.5468 -0.0000
vn -0.8254 -0.5646 -0.0000
vn -0.8132 -0.5819 -0.0000
vn -0.8009 -0.5988 -0.0000
vn -0.7884 -0.6152 -0.0000
vn -0.7757 -0.6311 -0.0000
vn -0.7616 -0.6481 -0.0000
vn -0.7446 -0.6675 -0.0000
vn -0.7260 -0.6876 -0.0000
vn -0.7071 -0.7071 -0.0000
vn -0.6880 -0.7257 -0.0000
vn -0.6686 -0.7436 -0.0000
vn -0.6491 -0.7607 -0.0000
vn -0.6295 -0.7770 -0.0000
vn -0.6099 -0.7925 -0.0000
vn -0.5902 -0.8072 -0.0000
vn -0.5707 -0.8212 -0.0000
vn -0.5512 -0.8344 -0.0000
vn -0.5308 -0.8475 -0.0000
vn -0.5084 -0.8611 -0.0000
vn -0.4851 -0.8745 -0.0000
vn -0.4619 -0.8869 -0.0000
vn -0.4389 -0.8986 -0.0000
vn -0.4161 -0.9093 -0.0000
vn -0.3936 -0.9193 -0.0000
vn -0.3715 -0.9284 -0.0000
vn -0.3497 -0.9369 -0.0000
vn -0.3282 -0.9446 -0.0000
vn -0.3072 -0.9516 -0.0000
vn -0.2867 -0.9580 -0.0000
vn -0.2646 -0.9644 -0.0000
vn -0.2392 -0.9710 -0.0000
vn -0.2128 -0.9771 -0.0000
vn -0.1873 -0.9823 -0.0000
vn -0.1628 -0.9867 -0.0000
vn -0.1394 -0.9902 -0.0000
vn -0.1168 -0.9932 -0.0000
vn -0.0952 -0.9955 -0.0000
vn -0.0745 -0.9972 -0.0000
vn -0.0547 -0.9985 -0.0000
vn -0.0357 -0.9994 -0.0000
vn -0.0175 -0.9998 -0.0000
vn -0.0043 -1.0000 -0.0000
vn -0.6338 -0.7735 -0.0000
vn -0.9779 -0.2089 -0.0000
vn -0.9692 -0.2465 -0.0000
vn -0.9551 -0.2964 -0.0000
vn -0.9383 -0.3457 -0.0000
vn -0.9192 -0.3939 -0.0000
vn -0.8977 -0.4406 -0.0000
vn -0.8742 -0.4856 -0.0000
vn -0.8490 -0.5285 -0.0000
vn -0.8223 -0.5691 -0.0000
vn -0.7945 -0.6073 -0.0000
vn -0.7658 -0.6430 -0.0000
vn -0.7367 -0.6762 -0.0000
vn -0.7037 -0.7105 -0.0000
vn -0.6634 -0.7483 -0.0000
vn -0.6200 -0.7846 -0.0000
vn -0.5779 -0.8161 -0.0000
vn -0.5373 -0.8434 -0.0000
vn -0.4985 -0.8669 -0.0000
vn -0.4617 -0.8870 -0.0000
vn -0.4269 -0.9043 -0.0000
vn -0.3942 -0.9190 -0.0000
vn -0.3635 -0.9316 -0.0000
vn -0.3347 -0.9423 -0.0000
vn -0.3077 -0.9515 -0.0000
vn -0.2830 -0.9591 -0.0000
vn -0.2608 -0.9654 -0.0000
vn -0.2407 -0.9706 -0.0000
vn -0.2218 -0.9751 -0.0000
vn -0.2041 -0.9789 -0.0000
vn -0.1875 -0.9823 -0.0000
vn -0.1719 -0.9851 -0.0000
vn -0.1573 -0.9875 -0.0000
vn -0.1435 -0.9896 -0.0000
vn -0.1305 -0.9914 -0.0000
vn -0.1183 -0.9930 -0.0000
vn -0.1067 -0.9943 -0.0000
vn -0.0956 -0.9954 -0.0000
vn -0.0847 -0.9964 -0.0000
vn -0.0743 -0.9972 -0.0000
vn -0.0646 -0.9979 -0.0000
vn -0.0555 -0.9985 -0.0000
vn -0.0471 -0.9989 -0.0000
vn -0.0391 -0.9992 -0.0000
vn -0.0316 -0.9995 -0.0000
vn -0.0246 -0.9997 -0.0000
vn -0.0179 -0.9998 -0.0000
vn -0.0116 -0.9999 -0.0000
vn -0.0057 -1.0000 -0.0000
vn -0.0000 -1.0000 -0.0000
vn 0.0058 -1.0000 -0.0000
vn 0.0120 -0.9999 -0.0000
vn 0.0185 -0.9998 -0.0000
vn 0.0254 -0.9997 -0.0000
vn 0.0328 -0.9995 -0.0000
vn 0.0407 -0.9992 -0.0000
vn 0.0491 -0.9988 -0.0000
vn 0.0581 -0.9983 -0.0000
vn 0.0678 -0.9977 -0.0000
vn 0.0782 -0.9969 -0.0000
vn 0.0895 -0.9960 -0.0000
vn 0.1015 -0.9948 -0.0000
vn 0.1140 -0.9935 -0.0000
vn 0.1273 -0.9919 -0.0000
vn 0.1416 -0.9899 -0.0000
vn 0.1569 -0.9876 -0.0000
vn 0.1735 -0.9848 -0.0000
vn 0.1914 -0.9815 -0.0000
vn 0.2108 -0.9775 -0.0000
vn 0.2319 -0.9728 -0.0000
vn 0.2548 -0.9670 -0.0000
vn 0.2797 -0.9601 -0.0000
vn 0.3070 -0.9517 -0.0000
vn 0.3360 -0.9419 -0.0000
vn 0.3662 -0.9305 -0.0000
vn 0.3980 -0.9174 -0.0000
vn 0.4322 -0.9018 -0.0000
vn 0.4689 -0.8832 -0.0000
vn 0.5082 -0.8612 -0.0000
vn 0.5501 -0.8351 -0.0000
vn 0.5944 -0.8042 -0.0000
vn 0.6407 -0.7678 -0.0000
vn 0.6886 -0.7252 -0.0000
vn 0.7372 -0.6756 -0.0000
vn 0.7856 -0.6187 -0.0000
vn 0.8319 -0.5549 -0.0000
vn 0.8740 -0.4859 -0.0000
vn 0.9107 -0.4130 -0.0000
vn 0.9414 -0.3373 -0.0000
vn 0.9655 -0.2603 -0.0000
vn 0.9831 -0.1832 -0.0000
vn 0.9942 -0.1079 -0.0000
vn 0.9994 -0.0355 -0.0000
vn 0.9994 0.0334 -0.0000
vn 0.9952 0.0977 -0.0000
vn 0.9875 0.1574 -0.0000
vn 0.9772 0.2124 -0.0000
vn 0.9761 0.2174 -0.0000
vn 0.9792 0.2030 -0.0000
vn 0.9726 0.2325 -0.0000
vn 0.9603 0.2790 -0.0000
vn 0.9448 0.3278 -0.0000
vn 0.9256 0.3785 -0.0000
vn 0.9024 0.4309 -0.0000
vn 0.8749 0.4844 -0.0000
vn 0.8428 0.5383 -0.0000
vn 0.8060 0.5919 -0.0000
vn 0.7646 0.6445 -0.0000
vn 0.7190 0.6950 -0.0000
vn 0.6694 0.7429 -0.0000
vn 0.6185 0.7858 -0.0000
vn 0.5685 0.8227 -0.0000
vn 0.5181 0.8553 -0.0000
vn 0.4657 0.8850 -0.0000
vn 0.4119 0.9112 -0.0000
vn 0.3574 0.9339 -0.0000
vn 0.3029 0.9530 -0.0000
vn 0.2487 0.9686 -0.0000
vn 0.1956 0.9807 -0.0000
vn 0.1438 0.9896 -0.0000
vn 0.0939 0.9956 -0.0000
vn 0.0460 0.9989 -0.0000
vn 0.0113 0.9999 -0.0000
vn -0.0014 1.0000 -0.0000
vn -0.0057 1.0000 -0.0000
vn -0.0117 0.9999 -0.0000
vn -0.0178 0.9998 -0.0000
vn -0.0242 0.9997 -0.0000
vn -0.0308 0.9995 -0.0000
vn -0.0376 0.9993 -0.0000
vn -0.0448 0.9990 -0.0000
vn -0.0522 0.9986 -0.0000
vn -0.0599 0.9982 -0.0000
vn -0.0680 0.9977 -0.0000
vn -0.0764 0.9971 -0.0000
vn -0.0852 0.9964 -0.0000
vn -0.0943 0.9955 -0.0000
vn -0.1035 0.9946 -0.0000
vn -0.1128 0.9936 -0.0000
vn -0.1220 0.9925 -0.0000
vn -0.1313 0.9913 -0.0000
vn -0.1406 0.9901 -0.0000
vn -0.1498 0.9887 -0.0000
vn -0.1591 0.9873 -0.0000
vn -0.1684 0.9857 -0.0000
vn -0.1776 0.9841 -0.0000
vn -0.1869 0.9824 -0.0000
vn -0.1973 0.9803 -0.0000
vn -0.2133 0.9770 -0.0000
vn -0.2339 0.9723 -0.0000
vn -0.2549 0.9670 -0.0000
vn -0.2763 0.9611 -0.0000
vn -0.2981 0.9545 -0.0000
vn -0.3202 0.9474 -0.0000
vn -0.3426 0.9395 -0.0000
vn -0.3653 0.9309 -0.0000
vn -0.3883 0.9215 -0.0000
vn -0.4115 0.9114 -0.0000
vn -0.4348 0.9005 -0.0000
vn -0.4584 0.8888 -0.0000
vn -0.4824 0.8759 -0.0000
vn -0.5067 0.8621 -0.0000
vn -0.5311 0.8473 -0.0000
vn -0.5555 0.8315 -0.0000
vn -0.5798 0.8148 -0.0000
vn -0.6039 0.7971 -0.0000
vn -0.6278 0.7784 -0.0000
vn -0.6514 0.7588 -0.0000
vn -0.6745 0.7383 -0.0000
vn -0.6972 0.7169 -0.0000
vn -0.7193 0.6947 -0.0000
vn -0.7412 0.6712 -0.0000
vn -0.7632 0.6462 -0.0000
vn -0.7847 0.6199 -0.0000
vn -0.8053 0.5929 -0.0000
vn -0.8249 0.5653 -0.0000
vn -0.8434 0.5372 -0.0000
vn -0.8609 0.5088 -0.0000
vn -0.8773 0.4800 -0.0000
vn -0.8925 0.4511 -0.0000
vn -0.9065 0.4222 -0.0000
vn -0.9194 0.3932 -0.0000
vn -0.9312 0.3644 -0.0000
vn 0.9841 0.1775 -0.0000
vn 0.9866 0.1630 -0.0000
vn 0.9888 0.1494 -0.0000
vn 0.9908 0.1356 -0.0000
vn 0.9926 0.1215 -0.0000
vn 0.9942 0.1072 -0.0000
vn 0.9957 0.0926 -0.0000
vn 0.9970 0.0778 -0.0000
vn 0.9980 0.0627 -0.0000
vn 0.9989 0.0473 -0.0000
vn 0.9995 0.0318 -0.0000
vn 0.9999 0.0160 -0.0000
vn 1.0000 -0.0061 -0.0000
vn 0.9992 -0.0410 -0.0000
vn 0.9965 -0.0836 -0.0000
vn 0.9918 -0.1276 -0.0000
vn 0.9849 -0.1731 -0.0000
vn 0.9756 -0.2197 -0.0000
vn 0.9636 -0.2672 -0.0000
vn 0.9490 -0.3152 -0.0000
vn 0.9317 -0.3633 -0.0000
vn 0.9116 -0.4112 -0.0000
vn 0.8888 -0.4584 -0.0000
vn 0.8634 -0.5045 -0.0000
vn 0.8340 -0.5517 -0.0000
vn 0.7983 -0.6023 -0.0000
vn 0.7573 -0.6531 -0.0000
vn 0.7131 -0.7010 -0.0000
vn 0.6664 -0.7456 -0.0000
vn 0.6179 -0.7863 -0.0000
vn 0.5682 -0.8229 -0.0000
vn 0.5181 -0.8553 -0.0000
vn 0.4682 -0.8836 -0.0000
vn 0.4190 -0.9080 -0.0000
vn 0.3711 -0.9286 -0.0000
vn 0.3248 -0.9458 -0.0000
vn 0.3039 -0.9527 -0.0000
vn 0.2956 -0.9553 -0.0000
vn 0.2753 -0.9614 -0.0000
vn 0.2554 -0.9668 -0.0000
vn 0.2359 -0.9718 -0.0000
vn 0.2168 -0.9762 -0.0000
vn 0.1982 -0.9802 -0.0000
vn 0.1800 -0.9837 -0.0000
vn 0.1623 -0.9867 -0.0000
vn 0.1450 -0.9894 -0.0000
vn 0.1281 -0.9918 -0.0000
vn 0.1117 -0.9937 -0.0000
vn 0.0973 -0.9953 -0.0000
vn 0.0862 -0.9963 -0.0000
vn 0.0770 -0.9970 -0.0000
vn 0.0681 -0.9977 -0.0000
vn 0.0595 -0.9982 -0.0000
vn 0.0511 -0.9987 -0.0000
vn 0.0431 -0.9991 -0.0000
vn 0.0353 -0.9994 -0.0000
vn 0.0278 -0.9996 -0.0000
vn 0.0205 -0.9998 -0.0000
vn 0.0135 -0.9999 -0.0000
vn 0.0066 -1.0000 -0.0000
vn 0.0016 -1.0000 -0.0000
vn -0.6355 -0.7721 -0.0000
vn -0.7721 0.6355 -0.0000
vn 0.0050 1.0000 -0.0000
vn 0.0203 0.9998 -0.0000
vn 0.0416 0.9991 -0.0000
vn 0.0638 0.9980 -0.0000
vn 0.0872 0.9962 -0.0000
vn 0.1117 0.9937 -0.0000
vn 0.1373 0.9905 -0.0000
vn 0.1641 0.9864 -0.0000
vn 0.1922 0.9814 -0.0000
vn 0.2214 0.9752 -0.0000
vn 0.2519 0.9677 -0.0000
vn 0.2836 0.9589 -0.0000
vn 0.3132 0.9497 -0.0000
vn 0.3373 0.9414 -0.0000
vn 0.3586 0.9335 -0.0000
vn 0.3804 0.9248 -0.0000
vn 0.4024 0.9155 -0.0000
vn 0.4247 0.9053 -0.0000
vn 0.4473 0.8944 -0.0000
vn 0.4700 0.8826 -0.0000
vn 0.4930 0.8701 -0.0000
vn 0.5160 0.8566 -0.0000
vn 0.5390 0.8423 -0.0000
vn 0.5621 0.8271 -0.0000
vn 0.5846 0.8113 -0.0000
vn 0.6061 0.7954 -0.0000
vn 0.6269 0.7791 -0.0000
vn 0.6475 0.7621 -0.0000
vn 0.6677 0.7444 -0.0000
vn 0.6876 0.7261 -0.0000
vn 0.7071 0.7071 -0.0000
vn 0.7261 0.6876 -0.0000
vn 0.7446 0.6675 -0.0000
vn 0.7626 0.6469 -0.0000
vn 0.7800 0.6258 -0.0000
vn 0.7967 0.6044 -0.0000
vn 0.8116 0.5842 -0.0000
vn 0.8236 0.5672 -0.0000
vn 0.8342 0.5515 -0.0000
vn 0.8445 0.5355 -0.0000
vn 0.8547 0.5192 -0.0000
vn 0.8645 0.5026 -0.0000
vn 0.8742 0.4856 -0.0000
vn 0.8835 0.4684 -0.0000
vn 0.8926 0.4509 -0.0000
vn 0.9013 0.4332 -0.0000
vn 0.9097 0.4152 -0.0000
vn 0.9178 0.3970 -0.0000
vn 0.9252 0.3794 -0.0000
vn 0.9318 0.3631 -0.0000
vn 0.9378 0.3472 -0.0000
vn 0.9436 0.3311 -0.0000
vn 0.9492 0.3148 -0.0000
vn 0.9545 0.2982 -0.0000
vn 0.9596 0.2814 -0.0000
vn 0.9644 0.2643 -0.0000
vn 0.9690 0.2471 -0.0000
vn 0.9733 0.2296 -0.0000
vn 0.9773 0.2120 -0.0000
vn 0.9810 0.1942 -0.0000
vn -0.9404 0.3400 -0.0000
vn -0.9516 0.3074 -0.0000
vn -0.9612 0.2757 -0.0000
vn -0.9696 0.2446 -0.0000
vn -0.9768 0.2142 -0.0000
vn -0.9828 0.1845 -0.0000
vn -0.9878 0.1556 -0.0000
vn -0.9950 0.1002 -0.0000
vn -0.9973 0.0739 -0.0000
vn -0.9988 0.0484 -0.0000
vn -0.9997 0.0238 -0.0000
vn -1.0000 0.0020 -0.0000
vn -0.9999 -0.0155 -0.0000
vn -0.9995 -0.0309 -0.0000
vn -0.9989 -0.0462 -0.0000
vn -0.9981 -0.0612 -0.0000
vn -0.9971 -0.0761 -0.0000
vn -0.9959 -0.0908 -0.0000
vn -0.9944 -0.1053 -0.0000
vn -0.9928 -0.1196 -0.0000
vn -0.9910 -0.1338 -0.0000
vn -0.9890 -0.1477 -0.0000
vn -0.9869 -0.1614 -0.0000
vn -0.9844 -0.1758 -0.0000
vn -0.9814 -0.1918 -0.0000
vn -0.9780 -0.2086 -0.0000
vn -0.9743 -0.2253 -0.0000
vn -0.9703 -0.2420 -0.0000
vn -0.9660 -0.2586 -0.0000
vn -0.9614 -0.2751 -0.0000
vn -0.9566 -0.2915 -0.0000
vn -0.9514 -0.3078 -0.0000
vn -0.9461 -0.3239 -0.0000
vn -0.9405 -0.3399 -0.0000
vn -0.9346 -0.3557 -0.0000
vn -0.9282 -0.3721 -0.0000
vn -0.9209 -0.3899 -0.0000
vn -0.9129 -0.4082 -0.0000
vn -0.9045 -0.4265 -0.0000
vn -0.8957 -0.4446 -0.0000
vn -0.8866 -0.4626 -0.0000
vn -0.8770 -0.4804 -0.0000
vn -0.8672 -0.4980 -0.0000
vn -0.8569 -0.5154 -0.0000
vn -0.8464 -0.5326 -0.0000
vn -0.8355 -0.5495 -0.0000
vn -0.8243 -0.5661 -0.0000
vn -0.8121 -0.5835 -0.0000
vn -0.7981 -0.6026 -0.0000
vn -0.7827 -0.6223 -0.0000
vn -0.7669 -0.6418 -0.0000
vn -0.7506 -0.6608 -0.0000
vn -0.7338 -0.6793 -0.0000
vn -0.7166 -0.6974 -0.0000
vn -0.6991 -0.7150 -0.0000
vn -0.6812 -0.7321 -0.0000
vn -0.6630 -0.7486 -0.0000
vn -0.6445 -0.7646 -0.0000
vn -0.6259 -0.7799 -0.0000
vn -0.6060 -0.7954 -0.0000
vn -0.5840 -0.8117 -0.0000
vn -0.5607 -0.8280 -0.0000
vn -0.5371 -0.8435 -0.0000
vn -0.5133 -0.8582 -0.0000
vn -0.4894 -0.8721 -0.0000
vn -0.4654 -0.8851 -0.0000
vn -0.4414 -0.8973 -0.0000
vn -0.4175 -0.9087 -0.0000
vn -0.3699 -0.9291 -0.0000
vn -0.3464 -0.9381 -0.0000
vn -0.3214 -0.9469 -0.0000
vn -0.2931 -0.9561 -0.0000
vn -0.2634 -0.9647 -0.0000
vn -0.2341 -0.9722 -0.0000
vn -0.2054 -0.9787 -0.0000
vn -0.1772 -0.9842 -0.0000
vn -0.1497 -0.9887 -0.0000
vn -0.1229 -0.9924 -0.0000
vn -0.0969 -0.9953 -0.0000
vn -0.0715 -0.9974 -0.0000
vn -0.0469 -0.9989 -0.0000
vn -0.0231 -0.9997 -0.0000
vn -0.0008 -1.0000 -0.0000
vn 0.0200 -0.9998 -0.0000
vn 0.0624 -0.9980 -0.0000
vn 0.0851 -0.9964 -0.0000
vn 0.1088 -0.9941 -0.0000
vn 0.1336 -0.9910 -0.0000
vn 0.1594 -0.9872 -0.0000
vn 0.1864 -0.9825 -0.0000
vn 0.2144 -0.9768 -0.0000
vn 0.2434 -0.9699 -0.0000
vn 0.2736 -0.9619 -0.0000
vn 0.3041 -0.9526 -0.0000
vn 0.3343 -0.9425 -0.0000
vn 0.3646 -0.9312 -0.0000
vn 0.3955 -0.9185 -0.0000
vn 0.4269 -0.9043 -0.0000
vn 0.4588 -0.8886 -0.0000
vn 0.4909 -0.8712 -0.0000
vn 0.5231 -0.8523 -0.0000
vn 0.5553 -0.8316 -0.0000
vn 0.5874 -0.8093 -0.0000
vn 0.6190 -0.7854 -0.0000
vn 0.6501 -0.7598 -0.0000
vn 0.6804 -0.7328 -0.0000
vn 0.7096 -0.7046 -0.0000
vn 0.7378 -0.6750 -0.0000
vn 0.7648 -0.6443 -0.0000
vn 0.7906 -0.6124 -0.0000
vn 0.8149 -0.5796 -0.0000
vn 0.8377 -0.5461 -0.0000
vn 0.8590 -0.5120 -0.0000
vn 0.8786 -0.4775 -0.0000
vn 0.8966 -0.4429 -0.0000
vn 0.9129 -0.4082 -0.0000
vn 0.9275 -0.3738 -0.0000
vn 0.9404 -0.3400 -0.0000
vn 0.9516 -0.3074 -0.0000
vn 0.9612 -0.2757 -0.0000
vn 0.9696 -0.2446 -0.0000
vn 0.9768 -0.2142 -0.0000
vn 0.9828 -0.1845 -0.0000
vn 0.9878 -0.1556 -0.0000
vn 0.9918 -0.1275 -0.0000
vn 0.9950 -0.1002 -0.0000
vn 0.9973 -0.0739 -0.0000
vn 0.9988 -0.0484 -0.0000
vn 0.9997 -0.0238 -0.0000
vn 1.0000 -0.0020 -0.0000
vn 0.9999 0.0155 -0.0000
vn 0.9995 0.0309 -0.0000
vn 0.9989 0.0462 -0.0000
vn 0.9981 0.0612 -0.0000
vn 0.9971 0.0761 -0.0000
vn 0.9959 0.0908 -0.0000
vn 0.9944 0.1053 -0.0000
vn 0.9928 0.1196 -0.0000
vn 0.9910 0.1338 -0.0000
vn 0.9890 0.1477 -0.0000
vn 0.9869 0.1614 -0.0000
vn 0.9844 0.1758 -0.0000
vn 0.9814 0.1919 -0.0000
vn 0.9780 0.2088 -0.0000
vn 0.9742 0.2257 -0.0000
vn 0.9701 0.2425 -0.0000
vn 0.9658 0.2593 -0.0000
vn 0.9612 0.2760 -0.0000
vn 0.9562 0.2926 -0.0000
vn 0.9510 0.3091 -0.0000
vn 0.9456 0.3254 -0.0000
vn 0.9398 0.3416 -0.0000
vn 0.9338 0.3577 -0.0000
vn 0.9274 0.3742 -0.0000
vn 0.9201 0.3916 -0.0000
vn 0.9123 0.4094 -0.0000
vn 0.9042 0.4271 -0.0000
vn 0.8957 0.4446 -0.0000
vn 0.8869 0.4620 -0.0000
vn 0.8778 0.4791 -0.0000
vn 0.8683 0.4960 -0.0000
vn 0.8586 0.5126 -0.0000
vn 0.8486 0.5290 -0.0000
vn 0.8384 0.5451 -0.0000
vn 0.8279 0.5609 -0.0000
vn 0.8162 0.5778 -0.0000
vn 0.8021 0.5972 -0.0000
vn 0.7864 0.6177 -0.0000
vn 0.7702 0.6378 -0.0000
vn 0.7534 0.6576 -0.0000
vn 0.7360 0.6770 -0.0000
vn 0.7182 0.6958 -0.0000
vn 0.6999 0.7142 -0.0000
vn 0.6812 0.7321 -0.0000
vn 0.6621 0.7494 -0.0000
vn 0.6427 0.7661 -0.0000
vn 0.6230 0.7822 -0.0000
vn 0.6024 0.7982 -0.0000
vn 0.5802 0.8145 -0.0000
vn 0.5571 0.8304 -0.0000
vn 0.5338 0.8456 -0.0000
vn 0.5103 0.8600 -0.0000
vn 0.4867 0.8736 -0.0000
vn 0.4630 0.8863 -0.0000
vn 0.4394 0.8983 -0.0000
vn 0.4158 0.9095 -0.0000
vn 0.3924 0.9198 -0.0000
vn 0.3691 0.9294 -0.0000
vn 0.3460 0.9382 -0.0000
vn 0.3213 0.9470 -0.0000
vn 0.2931 0.9561 -0.0000
vn 0.2634 0.9647 -0.0000
vn 0.2341 0.9722 -0.0000
vn 0.2054 0.9787 -0.0000
vn 0.1772 0.9842 -0.0000
vn 0.1497 0.9887 -0.0000
vn 0.1229 0.9924 -0.0000
vn 0.0969 0.9953 -0.0000
vn 0.0715 0.9974 -0.0000
vn 0.0469 0.9989 -0.0000
vn 0.0231 0.9997 -0.0000
vn 0.0008 1.0000 -0.0000
vn -0.0200 0.9998 -0.0000
vn -0.0407 0.9992 -0.0000
vn -0.0624 0.9980 -0.0000
vn -0.0851 0.9964 -0.0000
vn -0.1088 0.9941 -0.0000
vn -0.1336 0.9910 -0.0000
vn -0.1594 0.9872 -0.0000
vn -0.1864 0.9825 -0.0000
vn -0.2144 0.9768 -0.0000
vn -0.2434 0.9699 -0.0000
vn -0.2736 0.9619 -0.0000
vn -0.3041 0.9526 -0.0000
vn -0.3343 0.9425 -0.0000
vn -0.3646 0.9312 -0.0000
vn -0.3955 0.9185 -0.0000
vn -0.4269 0.9043 -0.0000
vn -0.4588 0.8886 -0.0000
vn -0.4909 0.8712 -0.0000
vn -0.5231 0.8523 -0.0000
vn -0.5553 0.8316 -0.0000
vn -0.5874 0.8093 -0.0000
vn -0.6190 0.7854 -0.0000
vn -0.6501 0.7598 -0.0000
vn -0.6804 0.7328 -0.0000
vn -0.7096 0.7046 -0.0000
vn -0.7378 0.6750 -0.0000
vn -0.7648 0.6443 -0.0000
vn -0.7906 0.6124 -0.0000
vn -0.8149 0.5796 -0.0000
vn -0.8377 0.5461 -0.0000
vn -0.8590 0.5120 -0.0000
vn -0.8786 0.4775 -0.0000
vn -0.8966 0.4429 -0.0000
vn -0.9129 0.4082 -0.0000
vn -0.9275 0.3738 -0.0000
vn 0.9899 0.1421 -0.0000
vn 0.9914 0.1307 -0.0000
vn 0.9928 0.1198 -0.0000
vn 0.9941 0.1087 -0.0000
vn 0.9952 0.0974 -0.0000
vn 0.9963 0.0859 -0.0000
vn 0.9972 0.0742 -0.0000
vn 0.9981 0.0624 -0.0000
vn 0.9987 0.0503 -0.0000
vn 0.9993 0.0380 -0.0000
vn 0.9997 0.0255 -0.0000
vn 0.9999 0.0128 -0.0000
vn 1.0000 -0.0010 -0.0000
vn 0.9999 -0.0173 -0.0000
vn 0.9994 -0.0351 -0.0000
vn 0.9986 -0.0536 -0.0000
vn 0.9973 -0.0729 -0.0000
vn 0.9957 -0.0928 -0.0000
vn 0.9935 -0.1135 -0.0000
vn 0.9909 -0.1349 -0.0000
vn 0.9876 -0.1570 -0.0000
vn 0.9837 -0.1799 -0.0000
vn 0.9791 -0.2036 -0.0000
vn 0.9737 -0.2280 -0.0000
vn 0.9670 -0.2547 -0.0000
vn 0.9585 -0.2852 -0.0000
vn 0.9481 -0.3179 -0.0000
vn 0.9363 -0.3512 -0.0000
vn 0.9229 -0.3851 -0.0000
vn 0.9078 -0.4193 -0.0000
vn 0.8911 -0.4538 -0.0000
vn 0.8727 -0.4883 -0.0000
vn 0.8526 -0.5226 -0.0000
vn 0.8307 -0.5567 -0.0000
vn 0.8073 -0.5902 -0.0000
vn 0.7822 -0.6230 -0.0000
vn 0.7555 -0.6551 -0.0000
vn 0.7271 -0.6865 -0.0000
vn 0.6972 -0.7168 -0.0000
vn 0.6662 -0.7458 -0.0000
vn 0.6342 -0.7732 -0.0000
vn 0.6014 -0.7990 -0.0000
vn 0.5680 -0.8230 -0.0000
vn 0.5342 -0.8453 -0.0000
vn 0.5003 -0.8659 -0.0000
vn 0.4663 -0.8846 -0.0000
vn 0.4326 -0.9016 -0.0000
vn 0.3992 -0.9169 -0.0000
vn 0.3649 -0.9310 -0.0000
vn 0.3287 -0.9444 -0.0000
vn 0.2922 -0.9563 -0.0000
vn 0.2570 -0.9664 -0.0000
vn 0.2230 -0.9748 -0.0000
vn 0.1904 -0.9817 -0.0000
vn 0.1592 -0.9872 -0.0000
vn 0.1294 -0.9916 -0.0000
vn 0.1009 -0.9949 -0.0000
vn 0.0738 -0.9973 -0.0000
vn 0.0480 -0.9988 -0.0000
vn 0.0235 -0.9997 -0.0000
vn -0.0024 -1.0000 -0.0000
vn -0.0332 -0.9994 -0.0000
vn -0.0672 -0.9977 -0.0000
vn -0.1022 -0.9948 -0.0000
vn -0.1381 -0.9904 -0.0000
vn -0.1747 -0.9846 -0.0000
vn -0.2118 -0.9773 -0.0000
vn -0.2495 -0.9684 -0.0000
vn -0.2874 -0.9578 -0.0000
vn -0.3254 -0.9456 -0.0000
vn -0.3634 -0.9316 -0.0000
vn -0.4010 -0.9161 -0.0000
vn -0.4357 -0.9001 -0.0000
vn -0.4648 -0.8854 -0.0000
vn -0.4911 -0.8711 -0.0000
vn -0.5170 -0.8560 -0.0000
vn -0.5425 -0.8401 -0.0000
vn -0.5674 -0.8234 -0.0000
vn -0.5918 -0.8061 -0.0000
vn -0.6156 -0.7881 -0.0000
vn -0.6387 -0.7695 -0.0000
vn -0.6610 -0.7503 -0.0000
vn -0.6826 -0.7308 -0.0000
vn -0.7034 -0.7108 -0.0000
vn -0.7227 -0.6912 -0.0000
vn -0.7400 -0.6726 -0.0000
vn -0.7560 -0.6545 -0.0000
vn -0.7715 -0.6362 -0.0000
vn -0.7864 -0.6177 -0.0000
vn -0.8007 -0.5990 -0.0000
vn -0.8144 -0.5803 -0.0000
vn -0.8275 -0.5614 -0.0000
vn -0.8400 -0.5426 -0.0000
vn -0.8519 -0.5237 -0.0000
vn -0.8632 -0.5049 -0.0000
vn -0.8739 -0.4861 -0.0000
vn -0.8834 -0.4687 -0.0000
vn -0.8912 -0.4536 -0.0000
vn -0.8981 -0.4398 -0.0000
vn -0.9048 -0.4258 -0.0000
vn -0.9113 -0.4118 -0.0000
vn -0.9175 -0.3977 -0.0000
vn -0.9235 -0.3835 -0.0000
vn -0.9293 -0.3694 -0.0000
vn -0.9348 -0.3552 -0.0000
vn -0.9401 -0.3409 -0.0000
vn -0.9451 -0.3267 -0.0000
vn -0.9499 -0.3125 -0.0000
vn -0.9544 -0.2986 -0.0000
vn -0.9584 -0.2854 -0.0000
vn -0.9621 -0.2725 -0.0000
vn -0.9657 -0.2595 -0.0000
vn -0.9692 -0.2464 -0.0000
vn -0.9724 -0.2333 -0.0000
vn -0.9755 -0.2201 -0.0000
vn -0.9784 -0.2069 -0.0000
vn -0.9811 -0.1935 -0.0000
vn -0.9836 -0.1802 -0.0000
vn -0.9860 -0.1668 -0.0000
vn -0.9882 -0.1534 -0.0000
vn -0.9900 -0.1408 -0.0000
vn -0.9916 -0.1295 -0.0000
vn -0.9929 -0.1188 -0.0000
vn -0.9942 -0.1079 -0.0000
vn -0.9953 -0.0967 -0.0000
vn -0.9963 -0.0854 -0.0000
vn -0.9973 -0.0738 -0.0000
vn -0.9981 -0.0621 -0.0000
vn -0.9987 -0.0501 -0.0000
vn -0.9993 -0.0379 -0.0000
vn -0.9997 -0.0255 -0.0000
vn -0.9999 -0.0128 -0.0000
vn -1.0000 0.0010 -0.0000
vn -0.9999 0.0172 -0.0000
vn -0.9994 0.0350 -0.0000
vn -0.9986 0.0535 -0.0000
vn -0.9974 0.0725 -0.0000
vn -0.9957 0.0923 -0.0000
vn -0.9936 0.1127 -0.0000
vn -0.9910 0.1338 -0.0000
vn -0.9840 0.1781 -0.0000
vn -0.9795 0.2012 -0.0000
vn -0.9743 0.2250 -0.0000
vn -0.9679 0.2512 -0.0000
vn -0.9596 0.2814 -0.0000
vn -0.9494 0.3141 -0.0000
vn -0.9377 0.3474 -0.0000
vn -0.9244 0.3814 -0.0000
vn -0.9095 0.4158 -0.0000
vn -0.8928 0.4505 -0.0000
vn -0.8743 0.4854 -0.0000
vn -0.8540 0.5202 -0.0000
vn -0.8320 0.5548 -0.0000
vn -0.8082 0.5889 -0.0000
vn -0.7827 0.6223 -0.0000
vn -0.7557 0.6549 -0.0000
vn -0.7271 0.6865 -0.0000
vn -0.6973 0.7168 -0.0000
vn -0.6662 0.7458 -0.0000
vn -0.6342 0.7732 -0.0000
vn -0.6014 0.7990 -0.0000
vn -0.5680 0.8230 -0.0000
vn -0.5342 0.8453 -0.0000
vn -0.5003 0.8659 -0.0000
vn -0.4663 0.8846 -0.0000
vn -0.4326 0.9016 -0.0000
vn -0.3992 0.9169 -0.0000
vn -0.3649 0.9310 -0.0000
vn -0.3287 0.9444 -0.0000
vn -0.2922 0.9563 -0.0000
vn -0.2570 0.9664 -0.0000
vn -0.2230 0.9748 -0.0000
vn -0.1904 0.9817 -0.0000
vn -0.1592 0.9872 -0.0000
vn -0.1294 0.9916 -0.0000
vn -0.1009 0.9949 -0.0000
vn -0.0738 0.9973 -0.0000
vn -0.0480 0.9988 -0.0000
vn -0.0235 0.9997 -0.0000
vn 0.0024 1.0000 -0.0000
vn 0.0332 0.9994 -0.0000
vn 0.0672 0.9977 -0.0000
vn 0.1022 0.9948 -0.0000
vn 0.1381 0.9904 -0.0000
vn 0.1747 0.9846 -0.0000
vn 0.2118 0.9773 -0.0000
vn 0.2495 0.9684 -0.0000
vn 0.2874 0.9578 -0.0000
vn 0.3254 0.9456 -0.0000
vn 0.3634 0.9316 -0.0000
vn 0.4010 0.9161 -0.0000
vn 0.4359 0.9000 -0.0000
vn 0.4655 0.8850 -0.0000
vn 0.4925 0.8703 -0.0000
vn 0.5190 0.8547 -0.0000
vn 0.5451 0.8384 -0.0000
vn 0.5706 0.8212 -0.0000
vn 0.5955 0.8034 -0.0000
vn 0.6197 0.7849 -0.0000
vn 0.6431 0.7658 -0.0000
vn 0.6657 0.7462 -0.0000
vn 0.6875 0.7262 -0.0000
vn 0.7084 0.7058 -0.0000
vn 0.7276 0.6860 -0.0000
vn 0.7444 0.6677 -0.0000
vn 0.7599 0.6501 -0.0000
vn 0.7748 0.6322 -0.0000
vn 0.7891 0.6142 -0.0000
vn 0.8030 0.5960 -0.0000
vn 0.8162 0.5777 -0.0000
vn 0.8289 0.5594 -0.0000
vn 0.8410 0.5410 -0.0000
vn 0.8526 0.5225 -0.0000
vn 0.8636 0.5041 -0.0000
vn 0.8741 0.4858 -0.0000
vn 0.8835 0.4685 -0.0000
vn 0.8914 0.4533 -0.0000
vn 0.8984 0.4391 -0.0000
vn 0.9053 0.4248 -0.0000
vn 0.9119 0.4105 -0.0000
vn 0.9182 0.3962 -0.0000
vn 0.9243 0.3818 -0.0000
vn 0.9301 0.3674 -0.0000
vn 0.9356 0.3530 -0.0000
vn 0.9409 0.3386 -0.0000
vn 0.9460 0.3242 -0.0000
vn 0.9508 0.3098 -0.0000
vn 0.9552 0.2960 -0.0000
vn 0.9591 0.2832 -0.0000
vn 0.9626 0.2708 -0.0000
vn 0.9661 0.2583 -0.0000
vn 0.9694 0.2457 -0.0000
vn 0.9725 0.2329 -0.0000
vn 0.9755 0.2201 -0.0000
vn 0.9783 0.2072 -0.0000
vn 0.9835 0.1811 -0.0000
vn 0.9858 0.1679 -0.0000
vn 0.9880 0.1547 -0.0000
vn -0.7149 0.6992 -0.0000
vn -0.7419 0.6705 -0.0000
vn -0.8022 0.5970 -0.0000
vn -0.8529 0.5221 -0.0000
vn -0.8941 0.4479 -0.0000
vn -0.9265 0.3764 -0.0000
vn -0.9512 0.3086 -0.0000
vn -0.9694 0.2453 -0.0000
vn -0.9824 0.1870 -0.0000
vn -0.9910 0.1336 -0.0000
vn -0.9964 0.0849 -0.0000
vn -0.9992 0.0406 -0.0000
vn -1.0000 0.0039 -0.0000
vn -0.9998 -0.0221 -0.0000
vn -0.9991 -0.0416 -0.0000
vn -0.9983 -0.0585 -0.0000
vn -0.9973 -0.0733 -0.0000
vn -0.9963 -0.0863 -0.0000
vn -0.9952 -0.0980 -0.0000
vn -0.9941 -0.1083 -0.0000
vn -0.9930 -0.1177 -0.0000
vn -0.9920 -0.1262 -0.0000
vn -0.9900 -0.1409 -0.0000
vn -0.9889 -0.1487 -0.0000
vn -0.9873 -0.1590 -0.0000
vn -0.9833 -0.1821 -0.0000
vn -0.9788 -0.2047 -0.0000
vn -0.9764 -0.2158 -0.0000
vn -0.9739 -0.2268 -0.0000
vn -0.9713 -0.2377 -0.0000
vn -0.9686 -0.2485 -0.0000
vn -0.9658 -0.2591 -0.0000
vn -0.9630 -0.2696 -0.0000
vn -0.9598 -0.2808 -0.0000
vn -0.9559 -0.2938 -0.0000
vn -0.9514 -0.3080 -0.0000
vn -0.9465 -0.3226 -0.0000
vn -0.9412 -0.3378 -0.0000
vn -0.9355 -0.3534 -0.0000
vn -0.9292 -0.3695 -0.0000
vn -0.9224 -0.3862 -0.0000
vn -0.9151 -0.4033 -0.0000
vn -0.9071 -0.4210 -0.0000
vn -0.8984 -0.4392 -0.0000
vn -0.8890 -0.4579 -0.0000
vn -0.8760 -0.4823 -0.0000
vn -0.8551 -0.5184 -0.0000
vn -0.8264 -0.5630 -0.0000
vn -0.7912 -0.6116 -0.0000
vn -0.7479 -0.6639 -0.0000
vn -0.6948 -0.7192 -0.0000
vn -0.6303 -0.7763 -0.0000
vn -0.5530 -0.8332 -0.0000
vn -0.4621 -0.8868 -0.0000
vn -0.3582 -0.9336 -0.0000
vn -0.2438 -0.9698 -0.0000
vn -0.1228 -0.9924 -0.0000
vn -0.0156 -0.9999 -0.0000
vn 0.0586 -0.9983 -0.0000
vn 0.1139 -0.9935 -0.0000
vn 0.1654 -0.9862 -0.0000
vn 0.2130 -0.9771 -0.0000
vn 0.2568 -0.9665 -0.0000
vn 0.2970 -0.9549 -0.0000
vn 0.3339 -0.9426 -0.0000
vn 0.3677 -0.9299 -0.0000
vn 0.3987 -0.9171 -0.0000
vn 0.4271 -0.9042 -0.0000
vn 0.4531 -0.8915 -0.0000
vn 0.4696 -0.8829 -0.0000
vn 0.4706 -0.8823 -0.0000
vn 0.4645 -0.8856 -0.0000
vn 0.4587 -0.8886 -0.0000
vn 0.4532 -0.8914 -0.0000
vn 0.4480 -0.8940 -0.0000
vn 0.4430 -0.8965 -0.0000
vn 0.4383 -0.8988 -0.0000
vn 0.4338 -0.9010 -0.0000
vn 0.4296 -0.9030 -0.0000
vn 0.4255 -0.9050 -0.0000
vn 0.4216 -0.9068 -0.0000
vn 0.4149 -0.9099 -0.0000
vn 0.4022 -0.9155 -0.0000
vn 0.3870 -0.9221 -0.0000
vn 0.3722 -0.9282 -0.0000
vn 0.3579 -0.9338 -0.0000
vn 0.3441 -0.9389 -0.0000
vn 0.3308 -0.9437 -0.0000
vn 0.3179 -0.9481 -0.0000
vn 0.3054 -0.9522 -0.0000
vn 0.2933 -0.9560 -0.0000
vn 0.2817 -0.9595 -0.0000
vn 0.2704 -0.9627 -0.0000
vn 0.2555 -0.9668 -0.0000
vn 0.2330 -0.9725 -0.0000
vn 0.2073 -0.9783 -0.0000
vn 0.1826 -0.9832 -0.0000
vn 0.1588 -0.9873 -0.0000
vn 0.1360 -0.9907 -0.0000
vn 0.0930 -0.9957 -0.0000
vn 0.0728 -0.9973 -0.0000
vn 0.0534 -0.9986 -0.0000
vn 0.0349 -0.9994 -0.0000
vn 0.0171 -0.9999 -0.0000
vn -0.0012 -1.0000 -0.0000
vn -0.0219 -0.9998 -0.0000
vn -0.0445 -0.9990 -0.0000
vn -0.0679 -0.9977 -0.0000
vn -0.0920 -0.9958 -0.0000
vn -0.1169 -0.9931 -0.0000
vn -0.1426 -0.9898 -0.0000
vn -0.1691 -0.9856 -0.0000
vn -0.1962 -0.9806 -0.0000
vn -0.2241 -0.9746 -0.0000
vn -0.2525 -0.9676 -0.0000
vn -0.2816 -0.9595 -0.0000
vn -0.3100 -0.9508 -0.0000
vn -0.3366 -0.9417 -0.0000
vn -0.3627 -0.9319 -0.0000
vn -0.3896 -0.9210 -0.0000
vn -0.4172 -0.9088 -0.0000
vn -0.4454 -0.8953 -0.0000
vn -0.4742 -0.8804 -0.0000
vn -0.5035 -0.8640 -0.0000
vn -0.5331 -0.8461 -0.0000
vn -0.5630 -0.8265 -0.0000
vn -0.5929 -0.8052 -0.0000
vn -0.6229 -0.7823 -0.0000
vn -0.6517 -0.7585 -0.0000
vn -0.6783 -0.7348 -0.0000
vn -0.7036 -0.7106 -0.0000
vn -0.7284 -0.6852 -0.0000
vn -0.7526 -0.6585 -0.0000
vn -0.7761 -0.6306 -0.0000
vn -0.7987 -0.6017 -0.0000
vn -0.8203 -0.5719 -0.0000
vn -0.8409 -0.5411 -0.0000
vn -0.8604 -0.5097 -0.0000
vn -0.8786 -0.4776 -0.0000
vn -0.8955 -0.4451 -0.0000
vn -0.9111 -0.4123 -0.0000
vn -0.9253 -0.3792 -0.0000
vn -0.9384 -0.3455 -0.0000
vn -0.9503 -0.3113 -0.0000
vn -0.9610 -0.2766 -0.0000
vn -0.9704 -0.2417 -0.0000
vn -0.9784 -0.2066 -0.0000
vn -0.9852 -0.1715 -0.0000
vn -0.9906 -0.1364 -0.0000
vn -0.9948 -0.1017 -0.0000
vn -0.9977 -0.0673 -0.0000
vn -0.9994 -0.0334 -0.0000
vn -1.0000 0.0091 -0.0000
vn -0.9975 0.0707 -0.0000
vn -0.9896 0.1437 -0.0000
vn -0.9758 0.2185 -0.0000
vn -0.9559 0.2938 -0.0000
vn -0.9298 0.3681 -0.0000
vn -0.8979 0.4402 -0.0000
vn -0.8610 0.5086 -0.0000
vn -0.8200 0.5724 -0.0000
vn -0.7759 0.6309 -0.0000
vn -0.7299 0.6836 -0.0000
vn -0.6830 0.7305 -0.0000
vn -0.6428 0.7661 -0.0000
vn -0.6168 0.7871 -0.0000
vn -0.5982 0.8014 -0.0000
vn -0.5800 0.8146 -0.0000
vn -0.5623 0.8270 -0.0000
vn -0.5450 0.8384 -0.0000
vn -0.5283 0.8491 -0.0000
vn -0.5120 0.8590 -0.0000
vn -0.4962 0.8682 -0.0000
vn -0.4809 0.8768 -0.0000
vn -0.4661 0.8847 -0.0000
vn -0.4517 0.8922 -0.0000
vn -0.4406 0.8977 -0.0000
vn -0.4355 0.9002 -0.0000
vn -0.4333 0.9012 -0.0000
vn -0.4312 0.9023 -0.0000
vn -0.4291 0.9033 -0.0000
vn -0.4270 0.9042 -0.0000
vn -0.4250 0.9052 -0.0000
vn -0.4230 0.9061 -0.0000
vn -0.4211 0.9070 -0.0000
vn -0.4192 0.9079 -0.0000
vn -0.4174 0.9087 -0.0000
vn -0.4156 0.9096 -0.0000
vn -0.4188 0.9081 -0.0000
vn -0.4320 0.9019 -0.0000
vn -0.4500 0.8930 -0.0000
vn -0.4679 0.8838 -0.0000
vn -0.4856 0.8742 -0.0000
vn -0.5032 0.8642 -0.0000
vn -0.5206 0.8538 -0.0000
vn -0.5378 0.8431 -0.0000
vn -0.5547 0.8321 -0.0000
vn -0.5714 0.8207 -0.0000
vn -0.5878 0.8090 -0.0000
vn -0.6219 0.7831 -0.0000
vn -0.6441 0.7649 -0.0000
vn -0.6680 0.7441 -0.0000
vn -0.6913 0.7225 -0.0000
vn -0.7140 0.7001 -0.0000
vn -0.7359 0.6771 -0.0000
vn -0.7570 0.6534 -0.0000
vn -0.7773 0.6291 -0.0000
vn -0.7967 0.6044 -0.0000
vn -0.8151 0.5793 -0.0000
vn -0.8325 0.5540 -0.0000
vn -0.8490 0.5284 -0.0000
vn -0.8676 0.4973 -0.0000
vn -0.8903 0.4553 -0.0000
vn -0.9131 0.4078 -0.0000
vn -0.9326 0.3608 -0.0000
vn -0.9492 0.3146 -0.0000
vn -0.9630 0.2695 -0.0000
vn -0.9742 0.2258 -0.0000
vn -0.9830 0.1837 -0.0000
vn -0.9897 0.1433 -0.0000
vn -0.9945 0.1047 -0.0000
vn -0.9977 0.0680 -0.0000
vn -0.9994 0.0332 -0.0000
vn -1.0000 0.0001 -0.0000
vn -0.9995 -0.0323 -0.0000
vn -0.9979 -0.0652 -0.0000
vn -0.9951 -0.0987 -0.0000
vn -0.9911 -0.1328 -0.0000
vn -0.9859 -0.1674 -0.0000
vn -0.9715 -0.2372 -0.0000
vn -0.9622 -0.2723 -0.0000
vn -0.9516 -0.3072 -0.0000
vn -0.9397 -0.3419 -0.0000
vn -0.9265 -0.3763 -0.0000
vn -0.9120 -0.4101 -0.0000
vn -0.8962 -0.4437 -0.0000
vn -0.8789 -0.4770 -0.0000
vn -0.8603 -0.5098 -0.0000
vn -0.8404 -0.5420 -0.0000
vn -0.8193 -0.5734 -0.0000
vn -0.7970 -0.6040 -0.0000
vn -0.7737 -0.6335 -0.0000
vn -0.7495 -0.6620 -0.0000
vn -0.7246 -0.6892 -0.0000
vn -0.6989 -0.7152 -0.0000
vn -0.6728 -0.7398 -0.0000
vn -0.6462 -0.7632 -0.0000
vn -0.6188 -0.7855 -0.0000
vn -0.5910 -0.8067 -0.0000
vn -0.5629 -0.8265 -0.0000
vn -0.5347 -0.8451 -0.0000
vn -0.5064 -0.8623 -0.0000
vn -0.4783 -0.8782 -0.0000
vn -0.4503 -0.8929 -0.0000
vn -0.4226 -0.9063 -0.0000
vn -0.3953 -0.9185 -0.0000
vn -0.3685 -0.9296 -0.0000
vn -0.3421 -0.9397 -0.0000
vn -0.3152 -0.9490 -0.0000
vn -0.2575 -0.9663 -0.0000
vn -0.2287 -0.9735 -0.0000
vn -0.2006 -0.9797 -0.0000
vn -0.1730 -0.9849 -0.0000
vn -0.1461 -0.9893 -0.0000
vn -0.1200 -0.9928 -0.0000
vn -0.0945 -0.9955 -0.0000
vn -0.0698 -0.9976 -0.0000
vn -0.0458 -0.9990 -0.0000
vn -0.0226 -0.9997 -0.0000
vn -0.0025 -1.0000 -0.0000
vn 0.0123 -0.9999 -0.0000
vn 0.0247 -0.9997 -0.0000
vn 0.0373 -0.9993 -0.0000
vn 0.0501 -0.9987 -0.0000
vn 0.0631 -0.9980 -0.0000
vn 0.0763 -0.9971 -0.0000
vn 0.0897 -0.9960 -0.0000
vn 0.1032 -0.9947 -0.0000
vn 0.1169 -0.9931 -0.0000
vn 0.1307 -0.9914 -0.0000
vn 0.1447 -0.9895 -0.0000
vn 0.1574 -0.9875 -0.0000
vn 0.1672 -0.9859 -0.0000
vn 0.1758 -0.9844 -0.0000
vn 0.1847 -0.9828 -0.0000
vn 0.1938 -0.9810 -0.0000
vn 0.2033 -0.9791 -0.0000
vn 0.2334 -0.9724 -0.0000
vn 0.2441 -0.9697 -0.0000
vn 0.2552 -0.9669 -0.0000
vn 0.2666 -0.9638 -0.0000
vn 0.2787 -0.9604 -0.0000
vn 0.2917 -0.9565 -0.0000
vn 0.3197 -0.9475 -0.0000
vn 0.3345 -0.9424 -0.0000
vn 0.3499 -0.9368 -0.0000
vn 0.3660 -0.9306 -0.0000
vn 0.3827 -0.9239 -0.0000
vn 0.4000 -0.9165 -0.0000
vn 0.4181 -0.9084 -0.0000
vn 0.4368 -0.8996 -0.0000
vn 0.4563 -0.8899 -0.0000
vn 0.4739 -0.8806 -0.0000
vn 0.4874 -0.8732 -0.0000
vn 0.4991 -0.8666 -0.0000
vn 0.5116 -0.8592 -0.0000
vn 0.5250 -0.8511 -0.0000
vn 0.5394 -0.8420 -0.0000
vn 0.5549 -0.8319 -0.0000
vn 0.5715 -0.8206 -0.0000
vn 0.5894 -0.8079 -0.0000
vn 0.6087 -0.7934 -0.0000
vn 0.6295 -0.7770 -0.0000
vn 0.6519 -0.7583 -0.0000
vn 0.6908 -0.7230 -0.0000
vn 0.7275 -0.6861 -0.0000
vn 0.7479 -0.6638 -0.0000
vn 0.7683 -0.6401 -0.0000
vn 0.7886 -0.6149 -0.0000
vn 0.8086 -0.5883 -0.0000
vn 0.8283 -0.5602 -0.0000
vn 0.8476 -0.5306 -0.0000
vn 0.8662 -0.4996 -0.0000
vn 0.8841 -0.4672 -0.0000
vn 0.9012 -0.4335 -0.0000
vn 0.9172 -0.3985 -0.0000
vn 0.9324 -0.3615 -0.0000
vn 0.9465 -0.3228 -0.0000
vn 0.9586 -0.2846 -0.0000
vn 0.9687 -0.2484 -0.0000
vn 0.9768 -0.2140 -0.0000
vn 0.9834 -0.1814 -0.0000
vn 0.9886 -0.1507 -0.0000
vn 0.9926 -0.1217 -0.0000
vn 0.9955 -0.0944 -0.0000
vn 0.9976 -0.0687 -0.0000
vn 0.9990 -0.0444 -0.0000
vn 0.9998 -0.0216 -0.0000
vn 1.0000 -0.0019 -0.0000
vn 0.9999 0.0131 -0.0000
vn 0.9997 0.0253 -0.0000
vn 0.9993 0.0364 -0.0000
vn 0.9989 0.0467 -0.0000
vn 0.9984 0.0562 -0.0000
vn 0.9979 0.0650 -0.0000
vn 0.9973 0.0732 -0.0000
vn 0.9967 0.0808 -0.0000
vn 0.9961 0.0878 -0.0000
vn 0.9955 0.0945 -0.0000
vn 0.9949 0.1007 -0.0000
vn 0.9942 0.1075 -0.0000
vn 0.9932 0.1161 -0.0000
vn 0.9921 0.1254 -0.0000
vn 0.9909 0.1343 -0.0000
vn 0.9897 0.1429 -0.0000
vn 0.9885 0.1512 -0.0000
vn 0.9872 0.1592 -0.0000
vn 0.9860 0.1669 -0.0000
vn 0.9847 0.1743 -0.0000
vn 0.9834 0.1815 -0.0000
vn 0.9821 0.1885 -0.0000
vn 0.9808 0.1952 -0.0000
vn 0.9796 0.2012 -0.0000
vn 0.9785 0.2062 -0.0000
vn 0.9775 0.2108 -0.0000
vn 0.9765 0.2154 -0.0000
vn 0.9755 0.2200 -0.0000
vn 0.9745 0.2245 -0.0000
vn 0.9734 0.2290 -0.0000
vn 0.9723 0.2336 -0.0000
vn 0.9713 0.2381 -0.0000
vn 0.9690 0.2470 -0.0000
vn 0.9679 0.2515 -0.0000
vn 0.9663 0.2573 -0.0000
vn 0.9639 0.2662 -0.0000
vn 0.9610 0.2767 -0.0000
vn 0.9578 0.2874 -0.0000
vn 0.9545 0.2983 -0.0000
vn 0.9509 0.3095 -0.0000
vn 0.9471 0.3208 -0.0000
vn 0.9431 0.3325 -0.0000
vn 0.9389 0.3443 -0.0000
vn 0.9343 0.3564 -0.0000
vn 0.9296 0.3687 -0.0000
vn 0.9245 0.3812 -0.0000
vn 0.9188 0.3946 -0.0000
vn 0.9121 0.4099 -0.0000
vn 0.9045 0.4265 -0.0000
vn 0.8961 0.4438 -0.0000
vn 0.8870 0.4619 -0.0000
vn 0.8769 0.4807 -0.0000
vn 0.8658 0.5004 -0.0000
vn 0.8536 0.5209 -0.0000
vn 0.8402 0.5423 -0.0000
vn 0.8255 0.5645 -0.0000
vn 0.8092 0.5875 -0.0000
vn 0.7914 0.6113 -0.0000
vn 0.7694 0.6388 -0.0000
vn 0.7396 0.6731 -0.0000
vn 0.7025 0.7117 -0.0000
vn 0.6599 0.7514 -0.0000
vn 0.6109 0.7917 -0.0000
vn 0.5552 0.8317 -0.0000
vn 0.4227 0.9063 -0.0000
vn 0.3462 0.9381 -0.0000
vn 0.2641 0.9645 -0.0000
vn 0.1778 0.9841 -0.0000
vn 0.0892 0.9960 -0.0000
vn 0.0045 1.0000 -0.0000
vn -0.0696 0.9976 -0.0000
vn -0.1362 0.9907 -0.0000
vn -0.1989 0.9800 -0.0000
vn -0.2572 0.9664 -0.0000
vn -0.3111 0.9504 -0.0000
vn -0.3606 0.9327 -0.0000
vn -0.4057 0.9140 -0.0000
vn -0.4468 0.8946 -0.0000
vn -0.4842 0.8750 -0.0000
vn -0.5180 0.8554 -0.0000
vn -0.5487 0.8360 -0.0000
vn -0.5669 0.8238 -0.0000
vn -0.5650 0.8251 -0.0000
vn -0.5539 0.8326 -0.0000
vn -0.5436 0.8394 -0.0000
vn -0.5338 0.8456 -0.0000
vn -0.5246 0.8513 -0.0000
vn -0.5160 0.8566 -0.0000
vn -0.5078 0.8615 -0.0000
vn -0.5001 0.8659 -0.0000
vn -0.4928 0.8701 -0.0000
vn -0.4859 0.8740 -0.0000
vn -0.4794 0.8776 -0.0000
vn -0.4701 0.8826 -0.0000
vn -0.4553 0.8904 -0.0000
vn -0.4380 0.8990 -0.0000
vn -0.4215 0.9068 -0.0000
vn -0.4058 0.9140 -0.0000
vn -0.3907 0.9205 -0.0000
vn -0.3763 0.9265 -0.0000
vn -0.3625 0.9320 -0.0000
vn -0.3493 0.9370 -0.0000
vn -0.3366 0.9416 -0.0000
vn -0.3245 0.9459 -0.0000
vn -0.3129 0.9498 -0.0000
vn -0.2961 0.9552 -0.0000
vn -0.2686 0.9632 -0.0000
vn -0.2370 0.9715 -0.0000
vn -0.2069 0.9784 -0.0000
vn -0.1785 0.9839 -0.0000
vn -0.1515 0.9885 -0.0000
vn -0.1261 0.9920 -0.0000
vn -0.1020 0.9948 -0.0000
vn -0.0793 0.9969 -0.0000
vn -0.0578 0.9983 -0.0000
vn -0.0375 0.9993 -0.0000
vn -0.0183 0.9998 -0.0000
vn 0.0004 1.0000 -0.0000
vn 0.0198 0.9998 -0.0000
vn 0.0404 0.9992 -0.0000
vn 0.0619 0.9981 -0.0000
vn 0.0843 0.9964 -0.0000
vn 0.1076 0.9942 -0.0000
vn 0.1318 0.9913 -0.0000
vn 0.1571 0.9876 -0.0000
vn 0.1833 0.9831 -0.0000
vn 0.2104 0.9776 -0.0000
vn 0.2385 0.9711 -0.0000
vn 0.2676 0.9635 -0.0000
vn 0.2963 0.9551 -0.0000
vn 0.3235 0.9462 -0.0000
vn 0.3504 0.9366 -0.0000
vn 0.3780 0.9258 -0.0000
vn 0.4063 0.9138 -0.0000
vn 0.4352 0.9003 -0.0000
vn 0.4648 0.8854 -0.0000
vn 0.4948 0.8690 -0.0000
vn 0.5252 0.8510 -0.0000
vn 0.5559 0.8313 -0.0000
vn 0.5866 0.8099 -0.0000
vn 0.6173 0.7867 -0.0000
vn 0.6466 0.7628 -0.0000
vn 0.6734 0.7393 -0.0000
vn 0.6990 0.7151 -0.0000
vn 0.7243 0.6895 -0.0000
vn 0.7493 0.6622 -0.0000
vn 0.7738 0.6334 -0.0000
vn 0.7976 0.6032 -0.0000
vn 0.8206 0.5716 -0.0000
vn 0.8425 0.5386 -0.0000
vn 0.8634 0.5045 -0.0000
vn 0.8830 0.4693 -0.0000
vn 0.9013 0.4333 -0.0000
vn 0.9175 0.3978 -0.0000
vn 0.9312 0.3645 -0.0000
vn 0.9433 0.3319 -0.0000
vn 0.9543 0.2989 -0.0000
vn 0.9641 0.2655 -0.0000
vn 0.9727 0.2319 -0.0000
vn 0.9802 0.1982 -0.0000
vn 0.9864 0.1644 -0.0000
vn 0.9914 0.1309 -0.0000
vn 0.9952 0.0975 -0.0000
vn 0.9979 0.0646 -0.0000
vn 0.9995 0.0320 -0.0000
vn 1.0000 -0.0069 -0.0000
vn 0.9982 -0.0605 -0.0000
vn 0.9923 -0.1238 -0.0000
vn 0.9818 -0.1898 -0.0000
vn 0.9662 -0.2576 -0.0000
vn 0.9452 -0.3264 -0.0000
vn 0.9187 -0.3950 -0.0000
vn 0.8867 -0.4623 -0.0000
vn 0.8499 -0.5270 -0.0000
vn 0.8087 -0.5883 -0.0000
vn 0.7641 -0.6451 -0.0000
vn 0.7170 -0.6971 -0.0000
vn 0.6756 -0.7373 -0.0000
vn 0.6484 -0.7613 -0.0000
vn 0.6289 -0.7775 -0.0000
vn 0.6098 -0.7926 -0.0000
vn 0.5910 -0.8066 -0.0000
vn 0.5727 -0.8198 -0.0000
vn 0.5548 -0.8320 -0.0000
vn 0.5373 -0.8434 -0.0000
vn 0.5203 -0.8540 -0.0000
vn 0.5038 -0.8638 -0.0000
vn 0.4877 -0.8730 -0.0000
vn 0.4720 -0.8816 -0.0000
vn 0.4596 -0.8881 -0.0000
vn 0.4496 -0.8932 -0.0000
vn 0.4461 -0.8950 -0.0000
vn 0.4426 -0.8967 -0.0000
vn 0.4393 -0.8983 -0.0000
vn 0.4360 -0.8999 -0.0000
vn 0.4328 -0.9015 -0.0000
vn 0.4297 -0.9030 -0.0000
vn 0.4266 -0.9044 -0.0000
vn 0.4236 -0.9059 -0.0000
vn 0.4206 -0.9072 -0.0000
vn 0.4228 -0.9062 -0.0000
vn 0.4350 -0.9005 -0.0000
vn 0.4521 -0.8920 -0.0000
vn 0.4692 -0.8831 -0.0000
vn 0.4863 -0.8738 -0.0000
vn 0.5032 -0.8642 -0.0000
vn 0.5200 -0.8542 -0.0000
vn 0.5366 -0.8438 -0.0000
vn 0.5531 -0.8331 -0.0000
vn 0.5694 -0.8221 -0.0000
vn 0.5854 -0.8107 -0.0000
vn 0.6013 -0.7990 -0.0000
vn 0.6195 -0.7850 -0.0000
vn 0.6427 -0.7661 -0.0000
vn 0.6679 -0.7443 -0.0000
vn 0.6923 -0.7216 -0.0000
vn 0.7159 -0.6982 -0.0000
vn 0.7386 -0.6741 -0.0000
vn 0.7603 -0.6495 -0.0000
vn 0.7811 -0.6244 -0.0000
vn 0.8008 -0.5989 -0.0000
vn 0.8194 -0.5732 -0.0000
vn 0.8370 -0.5472 -0.0000
vn 0.8535 -0.5212 -0.0000
vn 0.8718 -0.4899 -0.0000
vn 0.8940 -0.4480 -0.0000
vn 0.9161 -0.4010 -0.0000
vn 0.9351 -0.3545 -0.0000
vn 0.9511 -0.3089 -0.0000
vn 0.9644 -0.2645 -0.0000
vn 0.9752 -0.2215 -0.0000
vn 0.9836 -0.1801 -0.0000
vn 0.9901 -0.1405 -0.0000
vn 0.9947 -0.1026 -0.0000
vn 0.9978 -0.0667 -0.0000
vn 0.9995 -0.0325 -0.0000
vn 1.0000 -0.0000 -0.0000
vn 0.9995 0.0321 -0.0000
vn 0.9979 0.0648 -0.0000
vn 0.9952 0.0981 -0.0000
vn 0.9913 0.1319 -0.0000
vn 0.9861 0.1660 -0.0000
vn 0.9797 0.2004 -0.0000
vn 0.9720 0.2350 -0.0000
vn 0.9630 0.2695 -0.0000
vn 0.9527 0.3038 -0.0000
vn 0.9412 0.3379 -0.0000
vn 0.9284 0.3716 -0.0000
vn 0.9144 0.4049 -0.0000
vn 0.8990 0.4379 -0.0000
vn 0.8823 0.4707 -0.0000
vn 0.8643 0.5031 -0.0000
vn 0.8450 0.5347 -0.0000
vn 0.8246 0.5657 -0.0000
vn 0.8032 0.5957 -0.0000
vn 0.7808 0.6248 -0.0000
vn 0.7575 0.6528 -0.0000
vn 0.7336 0.6796 -0.0000
vn 0.7090 0.7052 -0.0000
vn 0.6840 0.7295 -0.0000
vn 0.6582 0.7528 -0.0000
vn 0.6314 0.7754 -0.0000
vn 0.6039 0.7971 -0.0000
vn 0.5759 0.8175 -0.0000
vn 0.5477 0.8367 -0.0000
vn 0.5194 0.8546 -0.0000
vn 0.4910 0.8712 -0.0000
vn 0.4627 0.8865 -0.0000
vn 0.4346 0.9006 -0.0000
vn 0.4068 0.9135 -0.0000
vn 0.3794 0.9252 -0.0000
vn 0.3524 0.9358 -0.0000
vn 0.3247 0.9458 -0.0000
vn 0.2953 0.9554 -0.0000
vn 0.2651 0.9642 -0.0000
vn 0.2354 0.9719 -0.0000
vn 0.2063 0.9785 -0.0000
vn 0.1779 0.9840 -0.0000
vn 0.1502 0.9887 -0.0000
vn 0.1232 0.9924 -0.0000
vn 0.0970 0.9953 -0.0000
vn 0.0716 0.9974 -0.0000
vn 0.0030 1.0000 -0.0000
vn -0.0110 0.9999 -0.0000
vn -0.0221 0.9998 -0.0000
vn -0.0332 0.9994 -0.0000
vn -0.0445 0.9990 -0.0000
vn -0.0559 0.9984 -0.0000
vn -0.0673 0.9977 -0.0000
vn -0.0789 0.9969 -0.0000
vn -0.0905 0.9959 -0.0000
vn -0.1023 0.9948 -0.0000
vn -0.1141 0.9935 -0.0000
vn -0.1260 0.9920 -0.0000
vn -0.1373 0.9905 -0.0000
vn -0.1475 0.9891 -0.0000
vn -0.1574 0.9875 -0.0000
vn -0.1676 0.9858 -0.0000
vn -0.1781 0.9840 -0.0000
vn -0.1890 0.9820 -0.0000
vn -0.2001 0.9798 -0.0000
vn -0.2117 0.9773 -0.0000
vn -0.2235 0.9747 -0.0000
vn -0.2358 0.9718 -0.0000
vn -0.2484 0.9687 -0.0000
vn -0.2614 0.9652 -0.0000
vn -0.2739 0.9618 -0.0000
vn -0.2850 0.9585 -0.0000
vn -0.2956 0.9553 -0.0000
vn -0.3066 0.9518 -0.0000
vn -0.3179 0.9481 -0.0000
vn -0.3297 0.9441 -0.0000
vn -0.3418 0.9398 -0.0000
vn -0.3544 0.9351 -0.0000
vn -0.3674 0.9301 -0.0000
vn -0.3808 0.9246 -0.0000
vn -0.3947 0.9188 -0.0000
vn -0.4091 0.9125 -0.0000
vn -0.4244 0.9055 -0.0000
vn -0.4414 0.8973 -0.0000
vn -0.4599 0.8880 -0.0000
vn -0.4798 0.8774 -0.0000
vn -0.5013 0.8653 -0.0000
vn -0.5244 0.8515 -0.0000
vn -0.5492 0.8357 -0.0000
vn -0.5760 0.8175 -0.0000
vn -0.6047 0.7964 -0.0000
vn -0.6356 0.7720 -0.0000
vn -0.6686 0.7437 -0.0000
vn -0.7036 0.7106 -0.0000
vn -0.9111 0.4123 -0.0000
vn -0.9249 0.3802 -0.0000
vn -0.9373 0.3486 -0.0000
vn -0.9487 0.3162 -0.0000
vn -0.9592 0.2829 -0.0000
vn -0.9686 0.2488 -0.0000
vn -0.9768 0.2141 -0.0000
vn -0.9839 0.1789 -0.0000
vn -0.9897 0.1434 -0.0000
vn -0.9942 0.1076 -0.0000
vn -0.9974 0.0716 -0.0000
vn -0.9994 0.0357 -0.0000
vn -1.0000 -0.0006 -0.0000
vn -0.9993 -0.0384 -0.0000
vn -0.9970 -0.0777 -0.0000
vn -0.9930 -0.1181 -0.0000
vn -0.9872 -0.1594 -0.0000
vn -0.9795 -0.2012 -0.0000
vn -0.9699 -0.2435 -0.0000
vn -0.9582 -0.2860 -0.0000
vn -0.9446 -0.3284 -0.0000
vn -0.9289 -0.3704 -0.0000
vn -0.9112 -0.4119 -0.0000
vn -0.8918 -0.4525 -0.0000
vn -0.8700 -0.4930 -0.0000
vn -0.8454 -0.5342 -0.0000
vn -0.8185 -0.5745 -0.0000
vn -0.7902 -0.6128 -0.0000
vn -0.7609 -0.6489 -0.0000
vn -0.7308 -0.6826 -0.0000
vn -0.7001 -0.7140 -0.0000
vn -0.6692 -0.7431 -0.0000
vn -0.6383 -0.7698 -0.0000
vn -0.6076 -0.7942 -0.0000
vn -0.5773 -0.8165 -0.0000
vn -0.5475 -0.8368 -0.0000
vn -0.5176 -0.8557 -0.0000
vn -0.4868 -0.8735 -0.0000
vn -0.4561 -0.8899 -0.0000
vn -0.4263 -0.9046 -0.0000
vn -0.3975 -0.9176 -0.0000
vn -0.3697 -0.9291 -0.0000
vn -0.3430 -0.9393 -0.0000
vn -0.3173 -0.9483 -0.0000
vn -0.2927 -0.9562 -0.0000
vn -0.2691 -0.9631 -0.0000
vn -0.2465 -0.9691 -0.0000
vn -0.2249 -0.9744 -0.0000
vn -0.2037 -0.9790 -0.0000
vn -0.1823 -0.9832 -0.0000
vn -0.1613 -0.9869 -0.0000
vn -0.1414 -0.9900 -0.0000
vn -0.1224 -0.9925 -0.0000
vn -0.1044 -0.9945 -0.0000
vn -0.0872 -0.9962 -0.0000
vn -0.0709 -0.9975 -0.0000
vn -0.0554 -0.9985 -0.0000
vn -0.0405 -0.9992 -0.0000
vn -0.0264 -0.9997 -0.0000
vn -0.0129 -0.9999 -0.0000
vn -0.0032 -1.0000 -0.0000
vn -0.6450 -0.7642 -0.0000
vn -0.9863 -0.1647 -0.0000
vn -0.9874 -0.1580 -0.0000
vn -0.9885 -0.1512 -0.0000
vn -0.9895 -0.1445 -0.0000
vn -0.9905 -0.1376 -0.0000
vn -0.9914 -0.1307 -0.0000
vn -0.9923 -0.1238 -0.0000
vn -0.9932 -0.1168 -0.0000
vn -0.9940 -0.1098 -0.0000
vn -0.9947 -0.1028 -0.0000
vn -0.9954 -0.0957 -0.0000
vn -0.9961 -0.0887 -0.0000
vn -0.9966 -0.0822 -0.0000
vn -0.9971 -0.0758 -0.0000
vn -0.9976 -0.0692 -0.0000
vn -0.9981 -0.0624 -0.0000
vn -0.9985 -0.0553 -0.0000
vn -0.9988 -0.0481 -0.0000
vn -0.9992 -0.0407 -0.0000
vn -0.9995 -0.0330 -0.0000
vn -0.9997 -0.0251 -0.0000
vn -0.9999 -0.0170 -0.0000
vn -1.0000 -0.0086 -0.0000
vn -1.0000 0.0088 -0.0000
vn -0.9990 0.0455 -0.0000
vn -0.9955 0.0943 -0.0000
vn -0.9892 0.1468 -0.0000
vn -0.9791 0.2031 -0.0000
vn -0.9648 0.2630 -0.0000
vn -0.9454 0.3260 -0.0000
vn -0.9202 0.3915 -0.0000
vn -0.8887 0.4585 -0.0000
vn -0.8506 0.5258 -0.0000
vn -0.8059 0.5920 -0.0000
vn -0.7550 0.6557 -0.0000
vn -0.6969 0.7172 -0.0000
vn -0.6310 0.7758 -0.0000
vn -0.5608 0.8279 -0.0000
vn -0.4903 0.8716 -0.0000
vn -0.4210 0.9071 -0.0000
vn -0.2913 0.9566 -0.0000
vn -0.2323 0.9727 -0.0000
vn -0.1273 0.9919 -0.0000
vn -0.0811 0.9967 -0.0000
vn -0.0389 0.9992 -0.0000
vn -0.0064 1.0000 -0.0000
vn 0.0123 0.9999 -0.0000
vn 0.0249 0.9997 -0.0000
vn 0.0380 0.9993 -0.0000
vn 0.0515 0.9987 -0.0000
vn 0.0655 0.9979 -0.0000
vn 0.0800 0.9968 -0.0000
vn 0.0950 0.9955 -0.0000
vn 0.1105 0.9939 -0.0000
vn 0.1266 0.9920 -0.0000
vn 0.1432 0.9897 -0.0000
vn 0.1604 0.9871 -0.0000
vn 0.1753 0.9845 -0.0000
vn 0.1848 0.9828 -0.0000
vn 0.1918 0.9814 -0.0000
vn 0.1990 0.9800 -0.0000
vn 0.2066 0.9784 -0.0000
vn 0.2144 0.9767 -0.0000
vn 0.2226 0.9749 -0.0000
vn 0.2311 0.9729 -0.0000
vn 0.2400 0.9708 -0.0000
vn 0.2492 0.9684 -0.0000
vn 0.2589 0.9659 -0.0000
vn 0.2690 0.9631 -0.0000
vn 0.2778 0.9606 -0.0000
vn 0.2833 0.9590 -0.0000
vn 0.2872 0.9579 -0.0000
vn 0.2913 0.9566 -0.0000
vn 0.2957 0.9553 -0.0000
vn 0.3004 0.9538 -0.0000
vn 0.3053 0.9522 -0.0000
vn 0.3106 0.9505 -0.0000
vn 0.3163 0.9487 -0.0000
vn 0.3223 0.9466 -0.0000
vn 0.3288 0.9444 -0.0000
vn 0.3358 0.9419 -0.0000
vn 0.3383 0.9410 -0.0000
vn 0.3307 0.9437 -0.0000
vn 0.3170 0.9484 -0.0000
vn 0.3017 0.9534 -0.0000
vn 0.2843 0.9587 -0.0000
vn 0.2646 0.9643 -0.0000
vn 0.2421 0.9702 -0.0000
vn 0.2162 0.9764 -0.0000
vn 0.1860 0.9825 -0.0000
vn 0.1507 0.9886 -0.0000
vn 0.1088 0.9941 -0.0000
vn 0.0588 0.9983 -0.0000
vn 0.0033 1.0000 -0.0000
vn -0.0517 0.9987 -0.0000
vn -0.1078 0.9942 -0.0000
vn -0.1690 0.9856 -0.0000
vn -0.2354 0.9719 -0.0000
vn -0.3065 0.9519 -0.0000
vn -0.3814 0.9244 -0.0000
vn -0.4590 0.8885 -0.0000
vn -0.5373 0.8434 -0.0000
vn -0.6141 0.7892 -0.0000
vn -0.6873 0.7264 -0.0000
vn -0.7542 0.6566 -0.0000
vn -0.8119 0.5838 -0.0000
vn -0.8579 0.5137 -0.0000
vn -0.9228 0.3853 -0.0000
vn -0.9451 0.3267 -0.0000
vn -0.9622 0.2723 -0.0000
vn -0.9750 0.2222 -0.0000
vn -0.9843 0.1764 -0.0000
vn -0.9909 0.1344 -0.0000
vn -0.9954 0.0961 -0.0000
vn -0.9981 0.0612 -0.0000
vn -0.9996 0.0294 -0.0000
vn -1.0000 0.0035 -0.0000
vn -0.9999 -0.0143 -0.0000
vn -0.9996 -0.0279 -0.0000
vn -0.9992 -0.0410 -0.0000
vn -0.9986 -0.0534 -0.0000
vn -0.9979 -0.0653 -0.0000
vn -0.9971 -0.0766 -0.0000
vn -0.9962 -0.0875 -0.0000
vn -0.9952 -0.0978 -0.0000
vn -0.9942 -0.1078 -0.0000
vn -0.9931 -0.1172 -0.0000
vn -0.9920 -0.1263 -0.0000
vn -0.9908 -0.1353 -0.0000
vn -0.9895 -0.1446 -0.0000
vn -0.9881 -0.1541 -0.0000
vn -0.9865 -0.1635 -0.0000
vn -0.9849 -0.1729 -0.0000
vn -0.9832 -0.1823 -0.0000
vn -0.9796 -0.2012 -0.0000
vn -0.9776 -0.2106 -0.0000
vn -0.9755 -0.2199 -0.0000
vn -0.9734 -0.2292 -0.0000
vn -0.9711 -0.2386 -0.0000
vn -0.9686 -0.2487 -0.0000
vn -0.9654 -0.2607 -0.0000
vn -0.9618 -0.2737 -0.0000
vn -0.9580 -0.2869 -0.0000
vn -0.9539 -0.3000 -0.0000
vn -0.9496 -0.3133 -0.0000
vn -0.9354 -0.3537 -0.0000
vn -0.9301 -0.3673 -0.0000
vn -0.9246 -0.3810 -0.0000
vn -0.9188 -0.3946 -0.0000
vn -0.9119 -0.4105 -0.0000
vn -0.9024 -0.4308 -0.0000
vn -0.8909 -0.4542 -0.0000
vn -0.8781 -0.4786 -0.0000
vn -0.8637 -0.5041 -0.0000
vn -0.8476 -0.5306 -0.0000
vn -0.8297 -0.5582 -0.0000
vn -0.8097 -0.5868 -0.0000
vn -0.7876 -0.6162 -0.0000
vn -0.7629 -0.6465 -0.0000
vn -0.7356 -0.6774 -0.0000
vn -0.7056 -0.7086 -0.0000
vn -0.6863 -0.7273 -0.0000
vn -0.6606 -0.7508 -0.0000
vn -0.6170 -0.7870 -0.0000
vn -0.5413 -0.8408 -0.0000
vn -0.5087 -0.8609 -0.0000
vn -0.4793 -0.8777 -0.0000
vn -0.4526 -0.8917 -0.0000
vn -0.4284 -0.9036 -0.0000
vn -0.4064 -0.9137 -0.0000
vn -0.3864 -0.9223 -0.0000
vn -0.3681 -0.9298 -0.0000
vn -0.3516 -0.9362 -0.0000
vn -0.3369 -0.9415 -0.0000
vn -0.3232 -0.9463 -0.0000
vn -0.3102 -0.9507 -0.0000
vn -0.2979 -0.9546 -0.0000
vn -0.2861 -0.9582 -0.0000
vn -0.2748 -0.9615 -0.0000
vn -0.2640 -0.9645 -0.0000
vn -0.2538 -0.9673 -0.0000
vn -0.2440 -0.9698 -0.0000
vn -0.2346 -0.9721 -0.0000
vn -0.2256 -0.9742 -0.0000
vn -0.2165 -0.9763 -0.0000
vn -0.2069 -0.9784 -0.0000
vn -0.1972 -0.9804 -0.0000
vn -0.1877 -0.9822 -0.0000
vn -0.1786 -0.9839 -0.0000
vn -0.1698 -0.9855 -0.0000
vn -0.1530 -0.9882 -0.0000
vn -0.1450 -0.9894 -0.0000
vn -0.1372 -0.9905 -0.0000
vn -0.1297 -0.9916 -0.0000
vn -0.1146 -0.9934 -0.0000
vn -0.1055 -0.9944 -0.0000
vn -0.0957 -0.9954 -0.0000
vn -0.0860 -0.9963 -0.0000
vn -0.0763 -0.9971 -0.0000
vn -0.0666 -0.9978 -0.0000
vn -0.0569 -0.9984 -0.0000
vn -0.0473 -0.9989 -0.0000
vn -0.0378 -0.9993 -0.0000
vn -0.0283 -0.9996 -0.0000
vn -0.0188 -0.9998 -0.0000
vn -0.0094 -1.0000 -0.0000
vn 0.0020 -1.0000 -0.0000
vn 0.0178 -0.9998 -0.0000
vn 0.0363 -0.9993 -0.0000
vn 0.0557 -0.9985 -0.0000
vn 0.0758 -0.9971 -0.0000
vn 0.0968 -0.9953 -0.0000
vn 0.1187 -0.9929 -0.0000
vn 0.1415 -0.9899 -0.0000
vn 0.1652 -0.9863 -0.0000
vn 0.1899 -0.9818 -0.0000
vn 0.2155 -0.9765 -0.0000
vn 0.2420 -0.9703 -0.0000
vn 0.2697 -0.9629 -0.0000
vn 0.2986 -0.9544 -0.0000
vn 0.3286 -0.9445 -0.0000
vn 0.3592 -0.9332 -0.0000
vn 0.3906 -0.9206 -0.0000
vn 0.4224 -0.9064 -0.0000
vn 0.4548 -0.8906 -0.0000
vn 0.5202 -0.8540 -0.0000
vn 0.5530 -0.8332 -0.0000
vn 0.5856 -0.8106 -0.0000
vn 0.6178 -0.7863 -0.0000
vn 0.6499 -0.7600 -0.0000
vn 0.6818 -0.7315 -0.0000
vn 0.7131 -0.7011 -0.0000
vn 0.7430 -0.6693 -0.0000
vn 0.7715 -0.6363 -0.0000
vn 0.8234 -0.5674 -0.0000
vn 0.8467 -0.5320 -0.0000
vn 0.8682 -0.4962 -0.0000
vn 0.8878 -0.4603 -0.0000
vn 0.9055 -0.4244 -0.0000
vn 0.9213 -0.3889 -0.0000
vn 0.9354 -0.3536 -0.0000
vn 0.9478 -0.3187 -0.0000
vn 0.9587 -0.2846 -0.0000
vn 0.9679 -0.2513 -0.0000
vn 0.9757 -0.2190 -0.0000
vn 0.9822 -0.1878 -0.0000
vn 0.9875 -0.1576 -0.0000
vn 0.9917 -0.1286 -0.0000
vn 0.9949 -0.1007 -0.0000
vn 0.9988 -0.0482 -0.0000
vn 0.9997 -0.0236 -0.0000
vn 0.9999 0.0153 -0.0000
vn 0.9995 0.0303 -0.0000
vn 0.9990 0.0450 -0.0000
vn 0.9982 0.0592 -0.0000
vn 0.9962 0.0867 -0.0000
vn 0.9950 0.1000 -0.0000
vn 0.9936 0.1129 -0.0000
vn 0.9905 0.1377 -0.0000
vn 0.9887 0.1496 -0.0000
vn 0.9867 0.1625 -0.0000
vn 0.9841 0.1778 -0.0000
vn 0.9810 0.1943 -0.0000
vn 0.9776 0.2106 -0.0000
vn 0.9739 0.2269 -0.0000
vn 0.9700 0.2430 -0.0000
vn 0.9659 0.2591 -0.0000
vn 0.9615 0.2749 -0.0000
vn 0.9568 0.2906 -0.0000
vn 0.9520 0.3062 -0.0000
vn 0.9469 0.3216 -0.0000
vn 0.9416 0.3368 -0.0000
vn 0.9359 0.3523 -0.0000
vn 0.9227 0.3854 -0.0000
vn 0.9156 0.4021 -0.0000
vn 0.9082 0.4185 -0.0000
vn 0.9005 0.4348 -0.0000
vn 0.8925 0.4510 -0.0000
vn 0.8843 0.4669 -0.0000
vn 0.8758 0.4826 -0.0000
vn 0.8671 0.4981 -0.0000
vn 0.8581 0.5134 -0.0000
vn 0.8490 0.5285 -0.0000
vn 0.8385 0.5449 -0.0000
vn 0.8256 0.5643 -0.0000
vn 0.8109 0.5852 -0.0000
vn 0.7957 0.6057 -0.0000
vn 0.7798 0.6260 -0.0000
vn 0.7635 0.6459 -0.0000
vn 0.7465 0.6653 -0.0000
vn 0.7291 0.6844 -0.0000
vn 0.7113 0.7029 -0.0000
vn 0.6930 0.7210 -0.0000
vn 0.6743 0.7385 -0.0000
vn 0.6553 0.7554 -0.0000
vn 0.6352 0.7723 -0.0000
vn 0.6133 0.7898 -0.0000
vn 0.5903 0.8072 -0.0000
vn 0.5670 0.8237 -0.0000
vn 0.5435 0.8394 -0.0000
vn 0.5197 0.8543 -0.0000
vn 0.4959 0.8684 -0.0000
vn 0.4719 0.8816 -0.0000
vn 0.4480 0.8940 -0.0000
vn 0.4242 0.9056 -0.0000
vn 0.4005 0.9163 -0.0000
vn 0.3770 0.9262 -0.0000
vn 0.3512 0.9363 -0.0000
vn 0.3208 0.9471 -0.0000
vn 0.2883 0.9575 -0.0000
vn 0.2562 0.9666 -0.0000
vn 0.2247 0.9744 -0.0000
vn 0.1938 0.9810 -0.0000
vn 0.1637 0.9865 -0.0000
vn 0.1343 0.9909 -0.0000
vn 0.1057 0.9944 -0.0000
vn 0.0780 0.9970 -0.0000
vn 0.0511 0.9987 -0.0000
vn 0.0252 0.9997 -0.0000
vn 0.0012 1.0000 -0.0000
vn -0.0203 0.9998 -0.0000
vn -0.0414 0.9991 -0.0000
vn -0.0635 0.9980 -0.0000
vn -0.0867 0.9962 -0.0000
vn -0.1109 0.9938 -0.0000
vn -0.1363 0.9907 -0.0000
vn -0.1627 0.9867 -0.0000
vn -0.1903 0.9817 -0.0000
vn -0.2191 0.9757 -0.0000
vn -0.2490 0.9685 -0.0000
vn -0.2800 0.9600 -0.0000
vn -0.3098 0.9508 -0.0000
vn -0.3361 0.9418 -0.0000
vn -0.3611 0.9325 -0.0000
vn -0.3868 0.9222 -0.0000
vn -0.4133 0.9106 -0.0000
vn -0.4686 0.8834 -0.0000
vn -0.4972 0.8676 -0.0000
vn -0.5263 0.8503 -0.0000
vn -0.5558 0.8313 -0.0000
vn -0.5857 0.8106 -0.0000
vn -0.6157 0.7880 -0.0000
vn -0.6444 0.7647 -0.0000
vn -0.6705 0.7419 -0.0000
vn -0.6954 0.7186 -0.0000
vn -0.7201 0.6939 -0.0000
vn -0.7445 0.6677 -0.0000
vn -0.7684 0.6400 -0.0000
vn -0.7918 0.6108 -0.0000
vn -0.8144 0.5803 -0.0000
vn -0.8361 0.5485 -0.0000
vn -0.8568 0.5156 -0.0000
vn -0.8764 0.4815 -0.0000
vn -0.8948 0.4465 -0.0000
vn 0.8514 0.5246 -0.0000
vn 0.8746 0.4849 -0.0000
vn 0.8951 0.4459 -0.0000
vn 0.9142 0.4052 -0.0000
vn 0.9318 0.3630 -0.0000
vn 0.9476 0.3194 -0.0000
vn 0.9615 0.2747 -0.0000
vn 0.9734 0.2292 -0.0000
vn 0.9831 0.1832 -0.0000
vn 0.9906 0.1370 -0.0000
vn 0.9959 0.0909 -0.0000
vn 0.9990 0.0451 -0.0000
vn 1.0000 -0.0054 -0.0000
vn 0.9977 -0.0678 -0.0000
vn 0.9904 -0.1381 -0.0000
vn 0.9776 -0.2105 -0.0000
vn 0.9589 -0.2838 -0.0000
vn 0.9342 -0.3567 -0.0000
vn 0.9038 -0.4280 -0.0000
vn 0.8681 -0.4964 -0.0000
vn 0.8281 -0.5606 -0.0000
vn 0.7846 -0.6200 -0.0000
vn 0.7388 -0.6740 -0.0000
vn 0.6916 -0.7223 -0.0000
vn 0.6409 -0.7676 -0.0000
vn 0.5830 -0.8125 -0.0000
vn 0.5206 -0.8538 -0.0000
vn 0.4579 -0.8890 -0.0000
vn 0.3962 -0.9182 -0.0000
vn 0.3362 -0.9418 -0.0000
vn 0.2241 -0.9746 -0.0000
vn 0.1728 -0.9850 -0.0000
vn 0.1248 -0.9922 -0.0000
vn 0.0801 -0.9968 -0.0000
vn 0.0387 -0.9993 -0.0000
vn 0.0018 -1.0000 -0.0000
vn -0.0307 -0.9995 -0.0000
vn -0.0622 -0.9981 -0.0000
vn -0.0947 -0.9955 -0.0000
vn -0.1281 -0.9918 -0.0000
vn -0.1623 -0.9867 -0.0000
vn -0.1973 -0.9803 -0.0000
vn -0.2328 -0.9725 -0.0000
vn -0.2689 -0.9632 -0.0000
vn -0.3053 -0.9523 -0.0000
vn -0.3418 -0.9398 -0.0000
vn -0.3783 -0.9257 -0.0000
vn -0.4123 -0.9110 -0.0000
vn -0.4415 -0.8973 -0.0000
vn -0.4681 -0.8837 -0.0000
vn -0.4946 -0.8691 -0.0000
vn -0.5208 -0.8537 -0.0000
vn -0.5468 -0.8373 -0.0000
vn -0.5723 -0.8201 -0.0000
vn -0.5973 -0.8020 -0.0000
vn -0.6218 -0.7832 -0.0000
vn -0.6457 -0.7636 -0.0000
vn -0.6688 -0.7434 -0.0000
vn -0.6913 -0.7226 -0.0000
vn -0.7123 -0.7019 -0.0000
vn -0.7314 -0.6820 -0.0000
vn -0.7492 -0.6623 -0.0000
vn -0.7663 -0.6425 -0.0000
vn -0.7827 -0.6224 -0.0000
vn -0.7984 -0.6022 -0.0000
vn -0.8133 -0.5818 -0.0000
vn -0.8410 -0.5410 -0.0000
vn -0.8538 -0.5206 -0.0000
vn -0.8659 -0.5003 -0.0000
vn -0.8772 -0.4801 -0.0000
vn -0.8874 -0.4610 -0.0000
vn -0.8960 -0.4440 -0.0000
vn -0.9038 -0.4279 -0.0000
vn -0.9184 -0.3956 -0.0000
vn -0.9252 -0.3794 -0.0000
vn -0.9317 -0.3632 -0.0000
vn -0.9379 -0.3470 -0.0000
vn -0.9437 -0.3308 -0.0000
vn -0.9492 -0.3147 -0.0000
vn -0.9592 -0.2826 -0.0000
vn -0.7983 0.6023 -0.0000
vn 0.0028 1.0000 -0.0000
vn 0.0232 0.9997 -0.0000
vn 0.0358 0.9994 -0.0000
vn 0.0491 0.9988 -0.0000
vn 0.0632 0.9980 -0.0000
vn 0.0782 0.9969 -0.0000
vn 0.0942 0.9956 -0.0000
vn 0.1112 0.9938 -0.0000
vn 0.1292 0.9916 -0.0000
vn 0.1485 0.9889 -0.0000
vn 0.1691 0.9856 -0.0000
vn 0.1896 0.9819 -0.0000
vn 0.2084 0.9780 -0.0000
vn 0.2268 0.9739 -0.0000
vn 0.2462 0.9692 -0.0000
vn 0.2668 0.9638 -0.0000
vn 0.2885 0.9575 -0.0000
vn 0.3115 0.9502 -0.0000
vn 0.3615 0.9324 -0.0000
vn 0.3887 0.9214 -0.0000
vn 0.4173 0.9088 -0.0000
vn 0.4475 0.8943 -0.0000
vn 0.4780 0.8784 -0.0000
vn 0.5075 0.8617 -0.0000
vn 0.5369 0.8436 -0.0000
vn 0.5674 0.8235 -0.0000
vn 0.5986 0.8010 -0.0000
vn 0.6306 0.7761 -0.0000
vn 0.6631 0.7485 -0.0000
vn 0.6959 0.7181 -0.0000
vn 0.7287 0.6849 -0.0000
vn 0.7612 0.6486 -0.0000
vn 0.7930 0.6093 -0.0000
vn 0.8237 0.5671 -0.0000
vt 0.716094 0.000000
vt 0.719711 0.000000
vt 0.717902 0.000000
vt 0.721519 0.000000
vt 0.714286 0.000000
vt 0.723327 0.000000
vt 0.712477 0.000000
vt 0.725136 0.000000
vt 0.710669 0.000000
vt 0.726944 0.000000
vt 0.708861 0.000000
vt 0.728752 0.000000
vt 0.730561 0.000000
vt 0.707052 0.000000
vt 0.732369 0.000000
vt 0.705244 0.000000
vt 0.734177 0.000000
vt 0.703436 0.000000
vt 0.735986 0.000000
vt 0.701627 0.000000
vt 0.737794 0.000000
vt 0.699819 0.000000
vt 0.739602 0.000000
vt 0.741410 0.000000
vt 0.698011 0.000000
vt 0.743219 0.000000
vt 0.696203 0.000000
vt 0.745027 0.000000
vt 0.694394 0.000000
vt 0.746835 0.000000
vt 0.692586 0.000000
vt 0.748644 0.000000
vt 0.750452 0.000000
vt 0.690778 0.000000
vt 0.752260 0.000000
vt 0.688969 0.000000
vt 0.754069 0.000000
vt 0.687161 0.000000
vt 0.755877 0.000000
vt 0.685353 0.000000
vt 0.757685 0.000000
vt 0.759494 0.000000
vt 0.683544 0.000000
vt 0.761302 0.000000
vt 0.681736 0.000000
vt 0.763110 0.000000
vt 0.679928 0.000000
vt 0.764919 0.000000
vt 0.678119 0.000000
vt 0.766727 0.000000
vt 0.768535 0.000000
vt 0.676311 0.000000
vt 0.770344 0.000000
vt 0.674503 0.000000
vt 0.772152 0.000000
vt 0.672694 0.000000
vt 0.773960 0.000000
vt 0.670886 0.000000
vt 0.775769 0.000000
vt 0.777577 0.000000
vt 0.669078 0.000000
vt 0.779385 0.000000
vt 0.667269 0.000000
vt 0.781193 0.000000
vt 0.665461 0.000000
vt 0.000000 0.000000
vt 0.663653 0.000000
vt 0.001808 0.000000
vt 0.003617 0.000000
vt 0.661844 0.000000
vt 0.848101 0.000000
vt 0.005425 0.000000
vt 0.849910 0.000000
vt 0.846293 0.000000
vt 0.851718 0.000000
vt 0.844485 0.000000
vt 0.660036 0.000000
vt 0.853526 0.000000
vt 0.842676 0.000000
vt 0.855335 0.000000
vt 0.840868 0.000000
vt 0.857143 0.000000
vt 0.839060 0.000000
vt 0.858951 0.000000
vt 0.007233 0.000000
vt 0.860759 0.000000
vt 0.837251 0.000000
vt 0.862568 0.000000
vt 0.835443 0.000000
vt 0.864376 0.000000
vt 0.833635 0.000000
vt 0.866184 0.000000
vt 0.658228 0.000000
vt 0.009042 0.000000
vt 0.831826 0.000000
vt 0.867993 0.000000
vt 0.830018 0.000000
vt 0.869801 0.000000
vt 0.871609 0.000000
vt 0.828210 0.000000
vt 0.010850 0.000000
vt 0.656420 0.000000
vt 0.873418 0.000000
vt 0.826401 0.000000
vt 0.875226 0.000000
vt 0.824593 0.000000
vt 0.012658 0.000000
vt 0.877034 0.000000
vt 0.822785 0.000000
vt 0.878843 0.000000
vt 0.654611 0.000000
vt 0.014467 0.000000
vt 0.880651 0.000000
vt 0.820976 0.000000
vt 0.882459 0.000000
vt 0.819168 0.000000
vt 0.016275 0.000000
vt 0.652803 0.000000
vt 0.884268 0.000000
vt 0.817360 0.000000
vt 0.886076 0.000000
vt 0.018083 0.000000
vt 0.815552 0.000000
vt 0.887884 0.000000
vt 0.650995 0.000000
vt 0.813743 0.000000
vt 0.889693 0.000000
vt 0.019892 0.000000
vt 0.891501 0.000000
vt 0.811935 0.000000
vt 0.649186 0.000000
vt 0.021700 0.000000
vt 0.893309 0.000000
vt 0.810127 0.000000
vt 0.895118 0.000000
vt 0.808318 0.000000
vt 0.023508 0.000000
vt 0.647378 0.000000
vt 0.896926 0.000000
vt 0.806510 0.000000
vt 0.898734 0.000000
vt 0.025316 0.000000
vt 0.804702 0.000000
vt 0.900542 0.000000
vt 0.645570 0.000000
vt 0.802893 0.000000
vt 0.902351 0.000000
vt 0.027125 0.000000
vt 0.801085 0.000000
vt 0.904159 0.000000
vt 0.643761 0.000000
vt 0.799277 0.000000
vt 0.905967 0.000000
vt 0.797468 0.000000
vt 0.028933 0.000000
vt 0.795660 0.000000
vt 0.641953 0.000000
vt 0.907776 0.000000
vt 0.793852 0.000000
vt 0.909584 0.000000
vt 0.792043 0.000000
vt 0.030741 0.000000
vt 0.640145 0.000000
vt 0.790235 0.000000
vt 0.911392 0.000000
vt 0.788427 0.000000
vt 0.032550 0.000000
vt 0.913201 0.000000
vt 0.786618 0.000000
vt 0.638336 0.000000
vt 0.784810 0.000000
vt 0.915009 0.000000
vt 0.783002 0.000000
vt 0.034358 0.000000
vt 0.916817 0.000000
vt 1.000000 0.000000
vt 0.636528 0.000000
vt 0.998192 0.000000
vt 0.918626 0.000000
vt 0.036166 0.000000
vt 0.996383 0.000000
vt 0.994575 0.000000
vt 0.920434 0.000000
vt 0.634720 0.000000
vt 0.992767 0.000000
vt 0.037975 0.000000
vt 0.990958 0.000000
vt 0.922242 0.000000
vt 0.989150 0.000000
vt 0.632911 0.000000
vt 0.987342 0.000000
vt 0.039783 0.000000
vt 0.924051 0.000000
vt 0.985533 0.000000
vt 0.983725 0.000000
vt 0.925859 0.000000
vt 0.981917 0.000000
vt 0.041591 0.000000
vt 0.631103 0.000000
vt 0.980108 0.000000
vt 0.978300 0.000000
vt 0.927667 0.000000
vt 0.976492 0.000000
vt 0.974684 0.000000
vt 0.043400 0.000000
vt 0.929476 0.000000
vt 0.629295 0.000000
vt 0.972875 0.000000
vt 0.971067 0.000000
vt 0.969259 0.000000
vt 0.045208 0.000000
vt 0.931284 0.000000
vt 0.967450 0.000000
vt 0.965642 0.000000
vt 0.963834 0.000000
vt 0.627486 0.000000
vt 0.962025 0.000000
vt 0.933092 0.000000
vt 0.960217 0.000000
vt 0.047016 0.000000
vt 0.958409 0.000000
vt 0.956600 0.000000
vt 0.954792 0.000000
vt 0.934901 0.000000
vt 0.952984 0.000000
vt 0.951175 0.000000
vt 0.625678 0.000000
vt 0.048825 0.000000
vt 0.949367 0.000000
vt 0.947559 0.000000
vt 0.945750 0.000000
vt 0.943942 0.000000
vt 0.942134 0.000000
vt 0.940325 0.000000
vt 0.938517 0.000000
vt 0.936709 0.000000
vt 0.050633 0.000000
vt 0.623870 0.000000
vt 0.052441 0.000000
vt 0.622061 0.000000
vt 0.054250 0.000000
vt 0.056058 0.000000
vt 0.620253 0.000000
vt 0.057866 0.000000
vt 0.618445 0.000000
vt 0.059675 0.000000
vt 0.061483 0.000000
vt 0.616637 0.000000
vt 0.063291 0.000000
vt 0.065099 0.000000
vt 0.614828 0.000000
vt 0.066908 0.000000
vt 0.068716 0.000000
vt 0.613020 0.000000
vt 0.070524 0.000000
vt 0.072333 0.000000
vt 0.611212 0.000000
vt 0.074141 0.000000
vt 0.075949 0.000000
vt 0.609403 0.000000
vt 0.077758 0.000000
vt 0.079566 0.000000
vt 0.607595 0.000000
vt 0.081374 0.000000
vt 0.083183 0.000000
vt 0.084991 0.000000
vt 0.605787 0.000000
vt 0.086799 0.000000
vt 0.088608 0.000000
vt 0.090416 0.000000
vt 0.092224 0.000000
vt 0.603978 0.000000
vt 0.094033 0.000000
vt 0.095841 0.000000
vt 0.097649 0.000000
vt 0.099458 0.000000
vt 0.101266 0.000000
vt 0.602170 0.000000
vt 0.110307 0.000000
vt 0.103074 0.000000
vt 0.104882 0.000000
vt 0.106691 0.000000
vt 0.108499 0.000000
vt 0.112116 0.000000
vt 0.113924 0.000000
vt 0.115732 0.000000
vt 0.600362 0.000000
vt 0.117541 0.000000
vt 0.119349 0.000000
vt 0.121157 0.000000
vt 0.598553 0.000000
vt 0.122966 0.000000
vt 0.124774 0.000000
vt 0.126582 0.000000
vt 0.596745 0.000000
vt 0.128391 0.000000
vt 0.130199 0.000000
vt 0.132007 0.000000
vt 0.133816 0.000000
vt 0.594937 0.000000
vt 0.135624 0.000000
vt 0.137432 0.000000
vt 0.139241 0.000000
vt 0.593128 0.000000
vt 0.141049 0.000000
vt 0.142857 0.000000
vt 0.144665 0.000000
vt 0.591320 0.000000
vt 0.146474 0.000000
vt 0.148282 0.000000
vt 0.150090 0.000000
vt 0.589512 0.000000
vt 0.151899 0.000000
vt 0.153707 0.000000
vt 0.155515 0.000000
vt 0.587703 0.000000
vt 0.157324 0.000000
vt 0.585895 0.000000
vt 0.159132 0.000000
vt 0.584087 0.000000
vt 0.160940 0.000000
vt 0.582278 0.000000
vt 0.162749 0.000000
vt 0.580470 0.000000
vt 0.164557 0.000000
vt 0.166365 0.000000
vt 0.578662 0.000000
vt 0.168174 0.000000
vt 0.576854 0.000000
vt 0.169982 0.000000
vt 0.575045 0.000000
vt 0.171790 0.000000
vt 0.282098 0.000000
vt 0.285714 0.000000
vt 0.283906 0.000000
vt 0.287523 0.000000
vt 0.280289 0.000000
vt 0.289331 0.000000
vt 0.278481 0.000000
vt 0.291139 0.000000
vt 0.276673 0.000000
vt 0.292948 0.000000
vt 0.274864 0.000000
vt 0.294756 0.000000
vt 0.273056 0.000000
vt 0.296564 0.000000
vt 0.271248 0.000000
vt 0.298373 0.000000
vt 0.300181 0.000000
vt 0.269439 0.000000
vt 0.301989 0.000000
vt 0.267631 0.000000
vt 0.303797 0.000000
vt 0.173599 0.000000
vt 0.265823 0.000000
vt 0.305606 0.000000
vt 0.264014 0.000000
vt 0.307414 0.000000
vt 0.573237 0.000000
vt 0.262206 0.000000
vt 0.309222 0.000000
vt 0.260398 0.000000
vt 0.311031 0.000000
vt 0.312839 0.000000
vt 0.258590 0.000000
vt 0.314647 0.000000
vt 0.256781 0.000000
vt 0.175407 0.000000
vt 0.316456 0.000000
vt 0.254973 0.000000
vt 0.318264 0.000000
vt 0.253165 0.000000
vt 0.251356 0.000000
vt 0.320072 0.000000
vt 0.249548 0.000000
vt 0.571429 0.000000
vt 0.321881 0.000000
vt 0.177215 0.000000
vt 0.247740 0.000000
vt 0.323689 0.000000
vt 0.245931 0.000000
vt 0.325497 0.000000
vt 0.244123 0.000000
vt 0.179024 0.000000
vt 0.327306 0.000000
vt 0.242315 0.000000
vt 0.240506 0.000000
vt 0.329114 0.000000
vt 0.238698 0.000000
vt 0.569620 0.000000
vt 0.330922 0.000000
vt 0.236890 0.000000
vt 0.180832 0.000000
vt 0.235081 0.000000
vt 0.332731 0.000000
vt 0.233273 0.000000
vt 0.334539 0.000000
vt 0.182640 0.000000
vt 0.231465 0.000000
vt 0.229656 0.000000
vt 0.336347 0.000000
vt 0.227848 0.000000
vt 0.567812 0.000000
vt 0.184448 0.000000
vt 0.226040 0.000000
vt 0.338156 0.000000
vt 0.224231 0.000000
vt 0.222423 0.000000
vt 0.186257 0.000000
vt 0.339964 0.000000
vt 0.220615 0.000000
vt 0.218807 0.000000
vt 0.341772 0.000000
vt 0.188065 0.000000
vt 0.216998 0.000000
vt 0.215190 0.000000
vt 0.566004 0.000000
vt 0.189873 0.000000
vt 0.343580 0.000000
vt 0.213382 0.000000
vt 0.211573 0.000000
vt 0.191682 0.000000
vt 0.209765 0.000000
vt 0.345389 0.000000
vt 0.207957 0.000000
vt 0.193490 0.000000
vt 0.206148 0.000000
vt 0.204340 0.000000
vt 0.195298 0.000000
vt 0.202532 0.000000
vt 0.200723 0.000000
vt 0.197107 0.000000
vt 0.198915 0.000000
vt 0.347197 0.000000
vt 0.349005 0.000000
vt 0.564195 0.000000
vt 0.350814 0.000000
vt 0.352622 0.000000
vt 0.562387 0.000000
vt 0.354430 0.000000
vt 0.356239 0.000000
vt 0.358047 0.000000
vt 0.560579 0.000000
vt 0.359855 0.000000
vt 0.361664 0.000000
vt 0.363472 0.000000
vt 0.558770 0.000000
vt 0.365280 0.000000
vt 0.367089 0.000000
vt 0.368897 0.000000
vt 0.556962 0.000000
vt 0.370705 0.000000
vt 0.372514 0.000000
vt 0.555154 0.000000
vt 0.374322 0.000000
vt 0.376130 0.000000
vt 0.377939 0.000000
vt 0.553345 0.000000
vt 0.379747 0.000000
vt 0.381555 0.000000
vt 0.551537 0.000000
vt 0.383363 0.000000
vt 0.385172 0.000000
vt 0.386980 0.000000
vt 0.549729 0.000000
vt 0.388788 0.000000
vt 0.390597 0.000000
vt 0.547920 0.000000
vt 0.392405 0.000000
vt 0.394213 0.000000
vt 0.546112 0.000000
vt 0.396022 0.000000
vt 0.397830 0.000000
vt 0.399638 0.000000
vt 0.544304 0.000000
vt 0.401447 0.000000
vt 0.403255 0.000000
vt 0.405063 0.000000
vt 0.542495 0.000000
vt 0.406872 0.000000
vt 0.408680 0.000000
vt 0.410488 0.000000
vt 0.540687 0.000000
vt 0.412297 0.000000
vt 0.414105 0.000000
vt 0.415913 0.000000
vt 0.538879 0.000000
vt 0.417722 0.000000
vt 0.419530 0.000000
vt 0.421338 0.000000
vt 0.537071 0.000000
vt 0.423146 0.000000
vt 0.424955 0.000000
vt 0.426763 0.000000
vt 0.535262 0.000000
vt 0.428571 0.000000
vt 0.430380 0.000000
vt 0.432188 0.000000
vt 0.533454 0.000000
vt 0.433996 0.000000
vt 0.435805 0.000000
vt 0.531646 0.000000
vt 0.437613 0.000000
vt 0.439421 0.000000
vt 0.441230 0.000000
vt 0.529837 0.000000
vt 0.443038 0.000000
vt 0.444846 0.000000
vt 0.528029 0.000000
vt 0.446655 0.000000
vt 0.448463 0.000000
vt 0.450271 0.000000
vt 0.526221 0.000000
vt 0.452080 0.000000
vt 0.453888 0.000000
vt 0.524412 0.000000
vt 0.455696 0.000000
vt 0.457505 0.000000
vt 0.522604 0.000000
vt 0.459313 0.000000
vt 0.461121 0.000000
vt 0.520796 0.000000
vt 0.462929 0.000000
vt 0.464738 0.000000
vt 0.518987 0.000000
vt 0.466546 0.000000
vt 0.468354 0.000000
vt 0.517179 0.000000
vt 0.470163 0.000000
vt 0.471971 0.000000
vt 0.515371 0.000000
vt 0.473779 0.000000
vt 0.475588 0.000000
vt 0.513562 0.000000
vt 0.477396 0.000000
vt 0.479204 0.000000
vt 0.511754 0.000000
vt 0.481013 0.000000
vt 0.482821 0.000000
vt 0.509946 0.000000
vt 0.484629 0.000000
vt 0.486438 0.000000
vt 0.508137 0.000000
vt 0.488246 0.000000
vt 0.506329 0.000000
vt 0.490054 0.000000
vt 0.491863 0.000000
vt 0.504521 0.000000
vt 0.493671 0.000000
vt 0.495479 0.000000
vt 0.502712 0.000000
vt 0.497288 0.000000
vt 0.499096 0.000000
vt 0.500904 0.000000
vt 0.929722 0.000000
vt 0.932650 0.000000
vt 0.931186 0.000000
vt 0.934114 0.000000
vt 0.935578 0.000000
vt 0.928258 0.000000
vt 0.937042 0.000000
vt 0.938507 0.000000
vt 0.926794 0.000000
vt 0.939971 0.000000
vt 0.941435 0.000000
vt 0.925329 0.000000
vt 0.942899 0.000000
vt 0.944363 0.000000
vt 0.923865 0.000000
vt 0.945827 0.000000
vt 0.947291 0.000000
vt 0.922401 0.000000
vt 0.948756 0.000000
vt 0.950220 0.000000
vt 0.920937 0.000000
vt 0.951684 0.000000
vt 0.953148 0.000000
vt 0.954612 0.000000
vt 0.919473 0.000000
vt 0.956076 0.000000
vt 0.957540 0.000000
vt 0.918009 0.000000
vt 0.959004 0.000000
vt 0.960469 0.000000
vt 0.916545 0.000000
vt 0.961933 0.000000
vt 0.963397 0.000000
vt 0.964861 0.000000
vt 0.915081 0.000000
vt 0.966325 0.000000
vt 0.967789 0.000000
vt 0.913616 0.000000
vt 0.969253 0.000000
vt 0.970717 0.000000
vt 0.972182 0.000000
vt 0.912152 0.000000
vt 0.973646 0.000000
vt 0.975110 0.000000
vt 0.976574 0.000000
vt 0.910688 0.000000
vt 0.978038 0.000000
vt 0.979502 0.000000
vt 0.909224 0.000000
vt 0.980966 0.000000
vt 0.982430 0.000000
vt 0.983895 0.000000
vt 0.907760 0.000000
vt 0.985359 0.000000
vt 0.986823 0.000000
vt 0.988287 0.000000
vt 0.906296 0.000000
vt 0.989751 0.000000
vt 0.991215 0.000000
vt 0.992679 0.000000
vt 0.904832 0.000000
vt 0.994143 0.000000
vt 0.995608 0.000000
vt 0.997072 0.000000
vt 0.903368 0.000000
vt 0.998536 0.000000
vt 0.001464 0.000000
vt 0.901903 0.000000
vt 0.002928 0.000000
vt 0.004392 0.000000
vt 0.005857 0.000000
vt 0.900439 0.000000
vt 0.007321 0.000000
vt 0.008785 0.000000
vt 0.898975 0.000000
vt 0.010249 0.000000
vt 0.011713 0.000000
vt 0.013177 0.000000
vt 0.897511 0.000000
vt 0.014641 0.000000
vt 0.016105 0.000000
vt 0.896047 0.000000
vt 0.017570 0.000000
vt 0.019034 0.000000
vt 0.894583 0.000000
vt 0.020498 0.000000
vt 0.021962 0.000000
vt 0.023426 0.000000
vt 0.893119 0.000000
vt 0.024890 0.000000
vt 0.026354 0.000000
vt 0.027818 0.000000
vt 0.891654 0.000000
vt 0.029283 0.000000
vt 0.030747 0.000000
vt 0.890190 0.000000
vt 0.032211 0.000000
vt 0.033675 0.000000
vt 0.035139 0.000000
vt 0.888726 0.000000
vt 0.036603 0.000000
vt 0.038067 0.000000
vt 0.887262 0.000000
vt 0.039531 0.000000
vt 0.040996 0.000000
vt 0.885798 0.000000
vt 0.042460 0.000000
vt 0.043924 0.000000
vt 0.884334 0.000000
vt 0.045388 0.000000
vt 0.046852 0.000000
vt 0.048316 0.000000
vt 0.882870 0.000000
vt 0.049780 0.000000
vt 0.051245 0.000000
vt 0.881406 0.000000
vt 0.159590 0.000000
vt 0.158126 0.000000
vt 0.052709 0.000000
vt 0.156662 0.000000
vt 0.161054 0.000000
vt 0.155198 0.000000
vt 0.162518 0.000000
vt 0.153734 0.000000
vt 0.163982 0.000000
vt 0.152269 0.000000
vt 0.165447 0.000000
vt 0.150805 0.000000
vt 0.054173 0.000000
vt 0.166911 0.000000
vt 0.149341 0.000000
vt 0.168375 0.000000
vt 0.147877 0.000000
vt 0.169839 0.000000
vt 0.146413 0.000000
vt 0.171303 0.000000
vt 0.144949 0.000000
vt 0.055637 0.000000
vt 0.172767 0.000000
vt 0.143485 0.000000
vt 0.879941 0.000000
vt 0.174231 0.000000
vt 0.142020 0.000000
vt 0.175695 0.000000
vt 0.140556 0.000000
vt 0.057101 0.000000
vt 0.177160 0.000000
vt 0.139092 0.000000
vt 0.137628 0.000000
vt 0.178624 0.000000
vt 0.136164 0.000000
vt 0.180088 0.000000
vt 0.058565 0.000000
vt 0.134700 0.000000
vt 0.181552 0.000000
vt 0.878477 0.000000
vt 0.133236 0.000000
vt 0.183016 0.000000
vt 0.060029 0.000000
vt 0.131772 0.000000
vt 0.184480 0.000000
vt 0.130307 0.000000
vt 0.185944 0.000000
vt 0.061493 0.000000
vt 0.128843 0.000000
vt 0.187408 0.000000
vt 0.127379 0.000000
vt 0.062958 0.000000
vt 0.188873 0.000000
vt 0.125915 0.000000
vt 0.877013 0.000000
vt 0.124451 0.000000
vt 0.190337 0.000000
vt 0.064422 0.000000
vt 0.122987 0.000000
vt 0.191801 0.000000
vt 0.121523 0.000000
vt 0.065886 0.000000
vt 0.193265 0.000000
vt 0.120059 0.000000
vt 0.118594 0.000000
vt 0.067350 0.000000
vt 0.194729 0.000000
vt 0.117130 0.000000
vt 0.875549 0.000000
vt 0.196193 0.000000
vt 0.068814 0.000000
vt 0.115666 0.000000
vt 0.114202 0.000000
vt 0.197657 0.000000
vt 0.070278 0.000000
vt 0.112738 0.000000
vt 0.199122 0.000000
vt 0.111274 0.000000
vt 0.071742 0.000000
vt 0.109810 0.000000
vt 0.200586 0.000000
vt 0.073206 0.000000
vt 0.874085 0.000000
vt 0.108346 0.000000
vt 0.106881 0.000000
vt 0.202050 0.000000
vt 0.074671 0.000000
vt 0.105417 0.000000
vt 0.076135 0.000000
vt 0.203514 0.000000
vt 0.103953 0.000000
vt 0.102489 0.000000
vt 0.077599 0.000000
vt 0.101025 0.000000
vt 0.204978 0.000000
vt 0.079063 0.000000
vt 0.099561 0.000000
vt 0.080527 0.000000
vt 0.098097 0.000000
vt 0.872621 0.000000
vt 0.206442 0.000000
vt 0.096633 0.000000
vt 0.081991 0.000000
vt 0.095168 0.000000
vt 0.083455 0.000000
vt 0.093704 0.000000
vt 0.084919 0.000000
vt 0.092240 0.000000
vt 0.090776 0.000000
vt 0.086384 0.000000
vt 0.089312 0.000000
vt 0.207906 0.000000
vt 0.087848 0.000000
vt 0.209370 0.000000
vt 0.210835 0.000000
vt 0.871157 0.000000
vt 0.212299 0.000000
vt 0.213763 0.000000
vt 0.215227 0.000000
vt 0.869693 0.000000
vt 0.216691 0.000000
vt 0.218155 0.000000
vt 0.219619 0.000000
vt 0.868228 0.000000
vt 0.221083 0.000000
vt 0.222548 0.000000
vt 0.224012 0.000000
vt 0.866764 0.000000
vt 0.225476 0.000000
vt 0.226940 0.000000
vt 0.865300 0.000000
vt 0.228404 0.000000
vt 0.229868 0.000000
vt 0.231332 0.000000
vt 0.863836 0.000000
vt 0.232796 0.000000
vt 0.234261 0.000000
vt 0.862372 0.000000
vt 0.235725 0.000000
vt 0.237189 0.000000
vt 0.238653 0.000000
vt 0.860908 0.000000
vt 0.240117 0.000000
vt 0.241581 0.000000
vt 0.243045 0.000000
vt 0.859444 0.000000
vt 0.244510 0.000000
vt 0.245974 0.000000
vt 0.247438 0.000000
vt 0.857979 0.000000
vt 0.248902 0.000000
vt 0.250366 0.000000
vt 0.251830 0.000000
vt 0.856515 0.000000
vt 0.253294 0.000000
vt 0.254758 0.000000
vt 0.256223 0.000000
vt 0.855051 0.000000
vt 0.257687 0.000000
vt 0.259151 0.000000
vt 0.260615 0.000000
vt 0.853587 0.000000
vt 0.262079 0.000000
vt 0.263543 0.000000
vt 0.265007 0.000000
vt 0.852123 0.000000
vt 0.266471 0.000000
vt 0.267936 0.000000
vt 0.269400 0.000000
vt 0.850659 0.000000
vt 0.270864 0.000000
vt 0.272328 0.000000
vt 0.849195 0.000000
vt 0.273792 0.000000
vt 0.275256 0.000000
vt 0.276720 0.000000
vt 0.847731 0.000000
vt 0.278184 0.000000
vt 0.279649 0.000000
vt 0.281113 0.000000
vt 0.846266 0.000000
vt 0.282577 0.000000
vt 0.284041 0.000000
vt 0.844802 0.000000
vt 0.285505 0.000000
vt 0.286969 0.000000
vt 0.843338 0.000000
vt 0.288433 0.000000
vt 0.289898 0.000000
vt 0.841874 0.000000
vt 0.291362 0.000000
vt 0.292826 0.000000
vt 0.840410 0.000000
vt 0.294290 0.000000
vt 0.838946 0.000000
vt 0.295754 0.000000
vt 0.297218 0.000000
vt 0.837482 0.000000
vt 0.298682 0.000000
vt 0.836018 0.000000
vt 0.300146 0.000000
vt 0.834553 0.000000
vt 0.301611 0.000000
vt 0.833089 0.000000
vt 0.303075 0.000000
vt 0.831625 0.000000
vt 0.304539 0.000000
vt 0.830161 0.000000
vt 0.306003 0.000000
vt 0.828697 0.000000
vt 0.307467 0.000000
vt 0.827233 0.000000
vt 0.308931 0.000000
vt 0.825769 0.000000
vt 0.310395 0.000000
vt 0.824305 0.000000
vt 0.311859 0.000000
vt 0.822840 0.000000
vt 0.821376 0.000000
vt 0.313324 0.000000
vt 0.819912 0.000000
vt 0.314788 0.000000
vt 0.818448 0.000000
vt 0.816984 0.000000
vt 0.316252 0.000000
vt 0.815520 0.000000
vt 0.814056 0.000000
vt 0.317716 0.000000
vt 0.812591 0.000000
vt 0.319180 0.000000
vt 0.811127 0.000000
vt 0.809663 0.000000
vt 0.808199 0.000000
vt 0.320644 0.000000
vt 0.806735 0.000000
vt 0.805271 0.000000
vt 0.322108 0.000000
vt 0.803807 0.000000
vt 0.802343 0.000000
vt 0.323572 0.000000
vt 0.800878 0.000000
vt 0.799414 0.000000
vt 0.797950 0.000000
vt 0.325037 0.000000
vt 0.796486 0.000000
vt 0.795022 0.000000
vt 0.793558 0.000000
vt 0.326501 0.000000
vt 0.792094 0.000000
vt 0.790630 0.000000
vt 0.789165 0.000000
vt 0.327965 0.000000
vt 0.787701 0.000000
vt 0.786237 0.000000
vt 0.784773 0.000000
vt 0.329429 0.000000
vt 0.783309 0.000000
vt 0.781845 0.000000
vt 0.780381 0.000000
vt 0.330893 0.000000
vt 0.778917 0.000000
vt 0.777452 0.000000
vt 0.332357 0.000000
vt 0.775988 0.000000
vt 0.774524 0.000000
vt 0.773060 0.000000
vt 0.333821 0.000000
vt 0.771596 0.000000
vt 0.770132 0.000000
vt 0.768668 0.000000
vt 0.335286 0.000000
vt 0.767204 0.000000
vt 0.765739 0.000000
vt 0.764275 0.000000
vt 0.336750 0.000000
vt 0.762811 0.000000
vt 0.761347 0.000000
vt 0.338214 0.000000
vt 0.759883 0.000000
vt 0.758419 0.000000
vt 0.756955 0.000000
vt 0.339678 0.000000
vt 0.755490 0.000000
vt 0.754026 0.000000
vt 0.341142 0.000000
vt 0.752562 0.000000
vt 0.751098 0.000000
vt 0.749634 0.000000
vt 0.342606 0.000000
vt 0.748170 0.000000
vt 0.746706 0.000000
vt 0.745242 0.000000
vt 0.344070 0.000000
vt 0.743777 0.000000
vt 0.742313 0.000000
vt 0.740849 0.000000
vt 0.345534 0.000000
vt 0.739385 0.000000
vt 0.737921 0.000000
vt 0.613470 0.000000
vt 0.616398 0.000000
vt 0.614934 0.000000
vt 0.612006 0.000000
vt 0.617862 0.000000
vt 0.610542 0.000000
vt 0.619326 0.000000
vt 0.609078 0.000000
vt 0.620791 0.000000
vt 0.607613 0.000000
vt 0.622255 0.000000
vt 0.606149 0.000000
vt 0.623719 0.000000
vt 0.604685 0.000000
vt 0.603221 0.000000
vt 0.625183 0.000000
vt 0.736457 0.000000
vt 0.601757 0.000000
vt 0.626647 0.000000
vt 0.600293 0.000000
vt 0.346999 0.000000
vt 0.628111 0.000000
vt 0.598829 0.000000
vt 0.734993 0.000000
vt 0.629575 0.000000
vt 0.597365 0.000000
vt 0.631040 0.000000
vt 0.595900 0.000000
vt 0.594436 0.000000
vt 0.632504 0.000000
vt 0.733529 0.000000
vt 0.592972 0.000000
vt 0.633968 0.000000
vt 0.591508 0.000000
vt 0.732064 0.000000
vt 0.635432 0.000000
vt 0.590044 0.000000
vt 0.636896 0.000000
vt 0.348463 0.000000
vt 0.588580 0.000000
vt 0.730600 0.000000
vt 0.638360 0.000000
vt 0.587116 0.000000
vt 0.639824 0.000000
vt 0.585652 0.000000
vt 0.729136 0.000000
vt 0.584187 0.000000
vt 0.641288 0.000000
vt 0.727672 0.000000
vt 0.582723 0.000000
vt 0.642753 0.000000
vt 0.581259 0.000000
vt 0.644217 0.000000
vt 0.726208 0.000000
vt 0.349927 0.000000
vt 0.579795 0.000000
vt 0.645681 0.000000
vt 0.724744 0.000000
vt 0.578331 0.000000
vt 0.647145 0.000000
vt 0.723280 0.000000
vt 0.576867 0.000000
vt 0.648609 0.000000
vt 0.575403 0.000000
vt 0.650073 0.000000
vt 0.721816 0.000000
vt 0.573938 0.000000
vt 0.651537 0.000000
vt 0.351391 0.000000
vt 0.720351 0.000000
vt 0.572474 0.000000
vt 0.653001 0.000000
vt 0.718887 0.000000
vt 0.571010 0.000000
vt 0.654466 0.000000
vt 0.717423 0.000000
vt 0.655930 0.000000
vt 0.569546 0.000000
vt 0.715959 0.000000
vt 0.657394 0.000000
vt 0.568082 0.000000
vt 0.352855 0.000000
vt 0.714495 0.000000
vt 0.658858 0.000000
vt 0.566618 0.000000
vt 0.660322 0.000000
vt 0.713031 0.000000
vt 0.565154 0.000000
vt 0.661786 0.000000
vt 0.711567 0.000000
vt 0.563690 0.000000
vt 0.663250 0.000000
vt 0.710102 0.000000
vt 0.664715 0.000000
vt 0.562225 0.000000
vt 0.708638 0.000000
vt 0.354319 0.000000
vt 0.666179 0.000000
vt 0.707174 0.000000
vt 0.560761 0.000000
vt 0.705710 0.000000
vt 0.667643 0.000000
vt 0.559297 0.000000
vt 0.704246 0.000000
vt 0.669107 0.000000
vt 0.702782 0.000000
vt 0.670571 0.000000
vt 0.557833 0.000000
vt 0.701318 0.000000
vt 0.672035 0.000000
vt 0.699854 0.000000
vt 0.556369 0.000000
vt 0.355783 0.000000
vt 0.673499 0.000000
vt 0.698389 0.000000
vt 0.674963 0.000000
vt 0.696925 0.000000
vt 0.554905 0.000000
vt 0.676428 0.000000
vt 0.695461 0.000000
vt 0.693997 0.000000
vt 0.677892 0.000000
vt 0.692533 0.000000
vt 0.679356 0.000000
vt 0.553441 0.000000
vt 0.691069 0.000000
vt 0.680820 0.000000
vt 0.689605 0.000000
vt 0.682284 0.000000
vt 0.688141 0.000000
vt 0.683748 0.000000
vt 0.686676 0.000000
vt 0.685212 0.000000
vt 0.551977 0.000000
vt 0.357247 0.000000
vt 0.550512 0.000000
vt 0.549048 0.000000
vt 0.547584 0.000000
vt 0.546120 0.000000
vt 0.358712 0.000000
vt 0.544656 0.000000
vt 0.543192 0.000000
vt 0.541728 0.000000
vt 0.360176 0.000000
vt 0.540264 0.000000
vt 0.538799 0.000000
vt 0.537335 0.000000
vt 0.361640 0.000000
vt 0.535871 0.000000
vt 0.534407 0.000000
vt 0.532943 0.000000
vt 0.531479 0.000000
vt 0.363104 0.000000
vt 0.530015 0.000000
vt 0.528551 0.000000
vt 0.527086 0.000000
vt 0.525622 0.000000
vt 0.364568 0.000000
vt 0.524158 0.000000
vt 0.522694 0.000000
vt 0.521230 0.000000
vt 0.519766 0.000000
vt 0.366032 0.000000
vt 0.518302 0.000000
vt 0.516837 0.000000
vt 0.515373 0.000000
vt 0.513909 0.000000
vt 0.367496 0.000000
vt 0.512445 0.000000
vt 0.510981 0.000000
vt 0.509517 0.000000
vt 0.508053 0.000000
vt 0.506589 0.000000
vt 0.368960 0.000000
vt 0.505124 0.000000
vt 0.503660 0.000000
vt 0.502196 0.000000
vt 0.500732 0.000000
vt 0.370425 0.000000
vt 0.499268 0.000000
vt 0.497804 0.000000
vt 0.496340 0.000000
vt 0.494876 0.000000
vt 0.371889 0.000000
vt 0.493411 0.000000
vt 0.491947 0.000000
vt 0.490483 0.000000
vt 0.489019 0.000000
vt 0.487555 0.000000
vt 0.373353 0.000000
vt 0.486091 0.000000
vt 0.484627 0.000000
vt 0.483163 0.000000
vt 0.481698 0.000000
vt 0.480234 0.000000
vt 0.374817 0.000000
vt 0.478770 0.000000
vt 0.477306 0.000000
vt 0.475842 0.000000
vt 0.474378 0.000000
vt 0.472914 0.000000
vt 0.376281 0.000000
vt 0.471449 0.000000
vt 0.469985 0.000000
vt 0.468521 0.000000
vt 0.377745 0.000000
vt 0.467057 0.000000
vt 0.465593 0.000000
vt 0.464129 0.000000
vt 0.379209 0.000000
vt 0.462665 0.000000
vt 0.461201 0.000000
vt 0.459736 0.000000
vt 0.380673 0.000000
vt 0.458272 0.000000
vt 0.456808 0.000000
vt 0.455344 0.000000
vt 0.382138 0.000000
vt 0.453880 0.000000
vt 0.452416 0.000000
vt 0.383602 0.000000
vt 0.450952 0.000000
vt 0.449488 0.000000
vt 0.448023 0.000000
vt 0.385066 0.000000
vt 0.446559 0.000000
vt 0.445095 0.000000
vt 0.386530 0.000000
vt 0.443631 0.000000
vt 0.442167 0.000000
vt 0.440703 0.000000
vt 0.387994 0.000000
vt 0.439239 0.000000
vt 0.437775 0.000000
vt 0.436310 0.000000
vt 0.389458 0.000000
vt 0.434846 0.000000
vt 0.433382 0.000000
vt 0.390922 0.000000
vt 0.431918 0.000000
vt 0.430454 0.000000
vt 0.392387 0.000000
vt 0.428990 0.000000
vt 0.427526 0.000000
vt 0.426061 0.000000
vt 0.393851 0.000000
vt 0.424597 0.000000
vt 0.423133 0.000000
vt 0.395315 0.000000
vt 0.421669 0.000000
vt 0.420205 0.000000
vt 0.396779 0.000000
vt 0.418741 0.000000
vt 0.417277 0.000000
vt 0.398243 0.000000
vt 0.415813 0.000000
vt 0.414348 0.000000
vt 0.399707 0.000000
vt 0.412884 0.000000
vt 0.411420 0.000000
vt 0.401171 0.000000
vt 0.409956 0.000000
vt 0.408492 0.000000
vt 0.402635 0.000000
vt 0.407028 0.000000
vt 0.405564 0.000000
vt 0.404100 0.000000
vt 0.423800 0.000000
vt 0.427975 0.000000
vt 0.425887 0.000000
vt 0.430063 0.000000
vt 0.421712 0.000000
vt 0.432150 0.000000
vt 0.419624 0.000000
vt 0.434238 0.000000
vt 0.417537 0.000000
vt 0.436326 0.000000
vt 0.415449 0.000000
vt 0.438413 0.000000
vt 0.413361 0.000000
vt 0.440501 0.000000
vt 0.411273 0.000000
vt 0.442589 0.000000
vt 0.409186 0.000000
vt 0.444676 0.000000
vt 0.407098 0.000000
vt 0.446764 0.000000
vt 0.405010 0.000000
vt 0.448852 0.000000
vt 0.402923 0.000000
vt 0.450939 0.000000
vt 0.453027 0.000000
vt 0.400835 0.000000
vt 0.455115 0.000000
vt 0.398747 0.000000
vt 0.457202 0.000000
vt 0.396660 0.000000
vt 0.459290 0.000000
vt 0.394572 0.000000
vt 0.461378 0.000000
vt 0.392484 0.000000
vt 0.463466 0.000000
vt 0.390397 0.000000
vt 0.465553 0.000000
vt 0.388309 0.000000
vt 0.467641 0.000000
vt 0.386221 0.000000
vt 0.469729 0.000000
vt 0.384134 0.000000
vt 0.471816 0.000000
vt 0.382046 0.000000
vt 0.473904 0.000000
vt 0.379958 0.000000
vt 0.475992 0.000000
vt 0.377871 0.000000
vt 0.478079 0.000000
vt 0.375783 0.000000
vt 0.480167 0.000000
vt 0.373695 0.000000
vt 0.482255 0.000000
vt 0.371608 0.000000
vt 0.484342 0.000000
vt 0.369520 0.000000
vt 0.486430 0.000000
vt 0.367432 0.000000
vt 0.488518 0.000000
vt 0.365344 0.000000
vt 0.490605 0.000000
vt 0.363257 0.000000
vt 0.492693 0.000000
vt 0.361169 0.000000
vt 0.494781 0.000000
vt 0.359081 0.000000
vt 0.496868 0.000000
vt 0.356994 0.000000
vt 0.498956 0.000000
vt 0.354906 0.000000
vt 0.626305 0.000000
vt 0.624217 0.000000
vt 0.352818 0.000000
vt 0.628392 0.000000
vt 0.622129 0.000000
vt 0.630480 0.000000
vt 0.620042 0.000000
vt 0.632568 0.000000
vt 0.617954 0.000000
vt 0.634656 0.000000
vt 0.615866 0.000000
vt 0.613779 0.000000
vt 0.636743 0.000000
vt 0.611691 0.000000
vt 0.638831 0.000000
vt 0.609603 0.000000
vt 0.640919 0.000000
vt 0.607516 0.000000
vt 0.002088 0.000000
vt 0.643006 0.000000
vt 0.605428 0.000000
vt 0.350731 0.000000
vt 0.603340 0.000000
vt 0.645094 0.000000
vt 0.601253 0.000000
vt 0.647182 0.000000
vt 0.599165 0.000000
vt 0.649269 0.000000
vt 0.597077 0.000000
vt 0.594990 0.000000
vt 0.651357 0.000000
vt 0.004175 0.000000
vt 0.348643 0.000000
vt 0.592902 0.000000
vt 0.653445 0.000000
vt 0.590814 0.000000
vt 0.655532 0.000000
vt 0.588727 0.000000
vt 0.657620 0.000000
vt 0.586639 0.000000
vt 0.006263 0.000000
vt 0.346555 0.000000
vt 0.584551 0.000000
vt 0.659708 0.000000
vt 0.582463 0.000000
vt 0.661795 0.000000
vt 0.580376 0.000000
vt 0.663883 0.000000
vt 0.578288 0.000000
vt 0.344468 0.000000
vt 0.008351 0.000000
vt 0.665971 0.000000
vt 0.576200 0.000000
vt 0.574113 0.000000
vt 0.668058 0.000000
vt 0.572025 0.000000
vt 0.342380 0.000000
vt 0.670146 0.000000
vt 0.010438 0.000000
vt 0.569937 0.000000
vt 0.672234 0.000000
vt 0.567850 0.000000
vt 0.674322 0.000000
vt 0.340292 0.000000
vt 0.565762 0.000000
vt 0.012526 0.000000
vt 0.676409 0.000000
vt 0.563674 0.000000
vt 0.561587 0.000000
vt 0.678497 0.000000
vt 0.338205 0.000000
vt 0.559499 0.000000
vt 0.680585 0.000000
vt 0.014614 0.000000
vt 0.557411 0.000000
vt 0.682672 0.000000
vt 0.336117 0.000000
vt 0.555324 0.000000
vt 0.684760 0.000000
vt 0.016701 0.000000
vt 0.553236 0.000000
vt 0.686848 0.000000
vt 0.551148 0.000000
vt 0.334029 0.000000
vt 0.688935 0.000000
vt 0.549061 0.000000
vt 0.018789 0.000000
vt 0.546973 0.000000
vt 0.691023 0.000000
vt 0.331942 0.000000
vt 0.544885 0.000000
vt 0.693111 0.000000
vt 0.020877 0.000000
vt 0.542798 0.000000
vt 0.329854 0.000000
vt 0.695198 0.000000
vt 0.540710 0.000000
vt 0.697286 0.000000
vt 0.538622 0.000000
vt 0.022965 0.000000
vt 0.327766 0.000000
vt 0.699374 0.000000
vt 0.536534 0.000000
vt 0.701461 0.000000
vt 0.534447 0.000000
vt 0.325678 0.000000
vt 0.025052 0.000000
vt 0.703549 0.000000
vt 0.532359 0.000000
vt 0.323591 0.000000
vt 0.530271 0.000000
vt 0.705637 0.000000
vt 0.027140 0.000000
vt 0.528184 0.000000
vt 0.707724 0.000000
vt 0.321503 0.000000
vt 0.526096 0.000000
vt 0.709812 0.000000
vt 0.029228 0.000000
vt 0.524008 0.000000
vt 0.711900 0.000000
vt 0.319415 0.000000
vt 0.031315 0.000000
vt 0.521921 0.000000
vt 0.713987 0.000000
vt 0.519833 0.000000
vt 0.317328 0.000000
vt 0.716075 0.000000
vt 0.033403 0.000000
vt 0.517745 0.000000
vt 0.718163 0.000000
vt 0.315240 0.000000
vt 0.515658 0.000000
vt 0.035491 0.000000
vt 0.720251 0.000000
vt 0.513570 0.000000
vt 0.313152 0.000000
vt 0.722338 0.000000
vt 0.037578 0.000000
vt 0.511482 0.000000
vt 0.724426 0.000000
vt 0.311065 0.000000
vt 0.509395 0.000000
vt 0.039666 0.000000
vt 0.726514 0.000000
vt 0.507307 0.000000
vt 0.728601 0.000000
vt 0.308977 0.000000
vt 0.041754 0.000000
vt 0.505219 0.000000
vt 0.730689 0.000000
vt 0.306889 0.000000
vt 0.503132 0.000000
vt 0.732777 0.000000
vt 0.043841 0.000000
vt 0.501044 0.000000
vt 0.734864 0.000000
vt 0.304802 0.000000
vt 0.045929 0.000000
vt 0.736952 0.000000
vt 0.302714 0.000000
vt 0.997912 0.000000
vt 0.739040 0.000000
vt 0.048017 0.000000
vt 0.995825 0.000000
vt 0.741127 0.000000
vt 0.300626 0.000000
vt 0.050104 0.000000
vt 0.993737 0.000000
vt 0.743215 0.000000
vt 0.991649 0.000000
vt 0.298539 0.000000
vt 0.745303 0.000000
vt 0.052192 0.000000
vt 0.989562 0.000000
vt 0.747390 0.000000
vt 0.296451 0.000000
vt 0.987474 0.000000
vt 0.054280 0.000000
vt 0.749478 0.000000
vt 0.985386 0.000000
vt 0.294363 0.000000
vt 0.751566 0.000000
vt 0.056367 0.000000
vt 0.983299 0.000000
vt 0.753653 0.000000
vt 0.292276 0.000000
vt 0.981211 0.000000
vt 0.058455 0.000000
vt 0.755741 0.000000
vt 0.979123 0.000000
vt 0.290188 0.000000
vt 0.757829 0.000000
vt 0.060543 0.000000
vt 0.977035 0.000000
vt 0.759916 0.000000
vt 0.288100 0.000000
vt 0.974948 0.000000
vt 0.062630 0.000000
vt 0.762004 0.000000
vt 0.972860 0.000000
vt 0.764092 0.000000
vt 0.286013 0.000000
vt 0.064718 0.000000
vt 0.970772 0.000000
vt 0.766180 0.000000
vt 0.283925 0.000000
vt 0.968685 0.000000
vt 0.768267 0.000000
vt 0.066806 0.000000
vt 0.966597 0.000000
vt 0.770355 0.000000
vt 0.281837 0.000000
vt 0.068894 0.000000
vt 0.964509 0.000000
vt 0.772443 0.000000
vt 0.279749 0.000000
vt 0.962422 0.000000
vt 0.774530 0.000000
vt 0.070981 0.000000
vt 0.960334 0.000000
vt 0.776618 0.000000
vt 0.277662 0.000000
vt 0.958246 0.000000
vt 0.073069 0.000000
vt 0.778706 0.000000
vt 0.956159 0.000000
vt 0.780793 0.000000
vt 0.275574 0.000000
vt 0.075157 0.000000
vt 0.954071 0.000000
vt 0.782881 0.000000
vt 0.273486 0.000000
vt 0.951983 0.000000
vt 0.784969 0.000000
vt 0.077244 0.000000
vt 0.787056 0.000000
vt 0.949896 0.000000
vt 0.271399 0.000000
vt 0.789144 0.000000
vt 0.947808 0.000000
vt 0.079332 0.000000
vt 0.791232 0.000000
vt 0.945720 0.000000
vt 0.793319 0.000000
vt 0.269311 0.000000
vt 0.081420 0.000000
vt 0.943633 0.000000
vt 0.795407 0.000000
vt 0.941545 0.000000
vt 0.797495 0.000000
vt 0.083507 0.000000
vt 0.267223 0.000000
vt 0.939457 0.000000
vt 0.799582 0.000000
vt 0.937370 0.000000
vt 0.801670 0.000000
vt 0.085595 0.000000
vt 0.265136 0.000000
vt 0.935282 0.000000
vt 0.803758 0.000000
vt 0.805845 0.000000
vt 0.933194 0.000000
vt 0.087683 0.000000
vt 0.807933 0.000000
vt 0.931106 0.000000
vt 0.263048 0.000000
vt 0.810021 0.000000
vt 0.929019 0.000000
vt 0.089770 0.000000
vt 0.812109 0.000000
vt 0.926931 0.000000
vt 0.260960 0.000000
vt 0.814196 0.000000
vt 0.924843 0.000000
vt 0.091858 0.000000
vt 0.816284 0.000000
vt 0.818372 0.000000
vt 0.922756 0.000000
vt 0.258873 0.000000
vt 0.820459 0.000000
vt 0.920668 0.000000
vt 0.093946 0.000000
vt 0.822547 0.000000
vt 0.918580 0.000000
vt 0.824635 0.000000
vt 0.256785 0.000000
vt 0.916493 0.000000
vt 0.826722 0.000000
vt 0.096033 0.000000
vt 0.914405 0.000000
vt 0.828810 0.000000
vt 0.830898 0.000000
vt 0.912317 0.000000
vt 0.254697 0.000000
vt 0.832985 0.000000
vt 0.098121 0.000000
vt 0.910230 0.000000
vt 0.835073 0.000000
vt 0.908142 0.000000
vt 0.837161 0.000000
vt 0.906054 0.000000
vt 0.839248 0.000000
vt 0.252610 0.000000
vt 0.100209 0.000000
vt 0.841336 0.000000
vt 0.903967 0.000000
vt 0.843424 0.000000
vt 0.901879 0.000000
vt 0.845511 0.000000
vt 0.899791 0.000000
vt 0.847599 0.000000
vt 0.102296 0.000000
vt 0.250522 0.000000
vt 0.897704 0.000000
vt 0.849687 0.000000
vt 0.851775 0.000000
vt 0.895616 0.000000
vt 0.853862 0.000000
vt 0.893528 0.000000
vt 0.855950 0.000000
vt 0.891441 0.000000
vt 0.858038 0.000000
vt 0.104384 0.000000
vt 0.860125 0.000000
vt 0.889353 0.000000
vt 0.248434 0.000000
vt 0.862213 0.000000
vt 0.887265 0.000000
vt 0.864301 0.000000
vt 0.885177 0.000000
vt 0.866388 0.000000
vt 0.883090 0.000000
vt 0.868476 0.000000
vt 0.870564 0.000000
vt 0.881002 0.000000
vt 0.872651 0.000000
vt 0.878914 0.000000
vt 0.874739 0.000000
vt 0.876827 0.000000
vt 0.106472 0.000000
vt 0.246347 0.000000
vt 0.108559 0.000000
vt 0.244259 0.000000
vt 0.110647 0.000000
vt 0.242171 0.000000
vt 0.112735 0.000000
vt 0.240084 0.000000
vt 0.114823 0.000000
vt 0.237996 0.000000
vt 0.116910 0.000000
vt 0.235908 0.000000
vt 0.118998 0.000000
vt 0.233820 0.000000
vt 0.121086 0.000000
vt 0.231733 0.000000
vt 0.123173 0.000000
vt 0.229645 0.000000
vt 0.125261 0.000000
vt 0.227557 0.000000
vt 0.127349 0.000000
vt 0.225470 0.000000
vt 0.129436 0.000000
vt 0.223382 0.000000
vt 0.131524 0.000000
vt 0.221294 0.000000
vt 0.133612 0.000000
vt 0.219207 0.000000
vt 0.135699 0.000000
vt 0.217119 0.000000
vt 0.137787 0.000000
vt 0.215031 0.000000
vt 0.139875 0.000000
vt 0.212944 0.000000
vt 0.141962 0.000000
vt 0.210856 0.000000
vt 0.144050 0.000000
vt 0.208768 0.000000
vt 0.146138 0.000000
vt 0.206681 0.000000
vt 0.148225 0.000000
vt 0.204593 0.000000
vt 0.150313 0.000000
vt 0.202505 0.000000
vt 0.152401 0.000000
vt 0.200418 0.000000
vt 0.154489 0.000000
vt 0.198330 0.000000
vt 0.196242 0.000000
vt 0.156576 0.000000
vt 0.194154 0.000000
vt 0.158664 0.000000
vt 0.192067 0.000000
vt 0.160752 0.000000
vt 0.189979 0.000000
vt 0.162839 0.000000
vt 0.187891 0.000000
vt 0.164927 0.000000
vt 0.185804 0.000000
vt 0.167015 0.000000
vt 0.183716 0.000000
vt 0.169102 0.000000
vt 0.181628 0.000000
vt 0.171190 0.000000
vt 0.179541 0.000000
vt 0.173278 0.000000
vt 0.177453 0.000000
vt 0.175365 0.000000
vt 0.528205 0.000000
vt 0.533333 0.000000
vt 0.530769 0.000000
vt 0.535897 0.000000
vt 0.538462 0.000000
vt 0.541026 0.000000
vt 0.525641 0.000000
vt 0.543590 0.000000
vt 0.546154 0.000000
vt 0.548718 0.000000
vt 0.523077 0.000000
vt 0.551282 0.000000
vt 0.553846 0.000000
vt 0.520513 0.000000
vt 0.556410 0.000000
vt 0.558974 0.000000
vt 0.561538 0.000000
vt 0.517949 0.000000
vt 0.564103 0.000000
vt 0.566667 0.000000
vt 0.515385 0.000000
vt 0.569231 0.000000
vt 0.571795 0.000000
vt 0.574359 0.000000
vt 0.512821 0.000000
vt 0.576923 0.000000
vt 0.579487 0.000000
vt 0.510256 0.000000
vt 0.582051 0.000000
vt 0.584615 0.000000
vt 0.587179 0.000000
vt 0.507692 0.000000
vt 0.589744 0.000000
vt 0.592308 0.000000
vt 0.505128 0.000000
vt 0.594872 0.000000
vt 0.597436 0.000000
vt 0.502564 0.000000
vt 0.600000 0.000000
vt 0.602564 0.000000
vt 0.500000 0.000000
vt 0.605128 0.000000
vt 0.497436 0.000000
vt 0.607692 0.000000
vt 0.610256 0.000000
vt 0.494872 0.000000
vt 0.612821 0.000000
vt 0.492308 0.000000
vt 0.615385 0.000000
vt 0.489744 0.000000
vt 0.617949 0.000000
vt 0.620513 0.000000
vt 0.487179 0.000000
vt 0.623077 0.000000
vt 0.484615 0.000000
vt 0.625641 0.000000
vt 0.628205 0.000000
vt 0.482051 0.000000
vt 0.630769 0.000000
vt 0.479487 0.000000
vt 0.633333 0.000000
vt 0.476923 0.000000
vt 0.635897 0.000000
vt 0.638462 0.000000
vt 0.474359 0.000000
vt 0.641026 0.000000
vt 0.471795 0.000000
vt 0.643590 0.000000
vt 0.646154 0.000000
vt 0.469231 0.000000
vt 0.648718 0.000000
vt 0.466667 0.000000
vt 0.843590 0.000000
vt 0.651282 0.000000
vt 0.653846 0.000000
vt 0.656410 0.000000
vt 0.658974 0.000000
vt 0.661538 0.000000
vt 0.664103 0.000000
vt 0.666667 0.000000
vt 0.669231 0.000000
vt 0.671795 0.000000
vt 0.674359 0.000000
vt 0.676923 0.000000
vt 0.679487 0.000000
vt 0.682051 0.000000
vt 0.684615 0.000000
vt 0.841026 0.000000
vt 0.838462 0.000000
vt 0.835897 0.000000
vt 0.833333 0.000000
vt 0.002564 0.000000
vt 0.846154 0.000000
vt 0.830769 0.000000
vt 0.828205 0.000000
vt 0.825641 0.000000
vt 0.823077 0.000000
vt 0.820513 0.000000
vt 0.817949 0.000000
vt 0.815385 0.000000
vt 0.812820 0.000000
vt 0.810256 0.000000
vt 0.807692 0.000000
vt 0.805128 0.000000
vt 0.802564 0.000000
vt 0.800000 0.000000
vt 0.797436 0.000000
vt 0.794872 0.000000
vt 0.792308 0.000000
vt 0.789744 0.000000
vt 0.787179 0.000000
vt 0.005128 0.000000
vt 0.784615 0.000000
vt 0.782051 0.000000
vt 0.779487 0.000000
vt 0.776923 0.000000
vt 0.774359 0.000000
vt 0.007692 0.000000
vt 0.771795 0.000000
vt 0.769231 0.000000
vt 0.766667 0.000000
vt 0.010256 0.000000
vt 0.764103 0.000000
vt 0.761538 0.000000
vt 0.012821 0.000000
vt 0.758974 0.000000
vt 0.756410 0.000000
vt 0.015385 0.000000
vt 0.753846 0.000000
vt 0.751282 0.000000
vt 0.017949 0.000000
vt 0.748718 0.000000
vt 0.746154 0.000000
vt 0.020513 0.000000
vt 0.743590 0.000000
vt 0.023077 0.000000
vt 0.741026 0.000000
vt 0.738462 0.000000
vt 0.025641 0.000000
vt 0.735897 0.000000
vt 0.733333 0.000000
vt 0.028205 0.000000
vt 0.730769 0.000000
vt 0.030769 0.000000
vt 0.728205 0.000000
vt 0.725641 0.000000
vt 0.033333 0.000000
vt 0.723077 0.000000
vt 0.035897 0.000000
vt 0.720513 0.000000
vt 0.038462 0.000000
vt 0.717949 0.000000
vt 0.041026 0.000000
vt 0.715385 0.000000
vt 0.712821 0.000000
vt 0.043590 0.000000
vt 0.710256 0.000000
vt 0.707692 0.000000
vt 0.046154 0.000000
vt 0.705128 0.000000
vt 0.702564 0.000000
vt 0.048718 0.000000
vt 0.700000 0.000000
vt 0.697436 0.000000
vt 0.051282 0.000000
vt 0.694872 0.000000
vt 0.053846 0.000000
vt 0.692308 0.000000
vt 0.689744 0.000000
vt 0.056410 0.000000
vt 0.687180 0.000000
vt 0.058974 0.000000
vt 0.997436 0.000000
vt 0.994872 0.000000
vt 0.061538 0.000000
vt 0.992308 0.000000
vt 0.989744 0.000000
vt 0.064103 0.000000
vt 0.987179 0.000000
vt 0.066667 0.000000
vt 0.984615 0.000000
vt 0.982051 0.000000
vt 0.069231 0.000000
vt 0.979487 0.000000
vt 0.976923 0.000000
vt 0.071795 0.000000
vt 0.974359 0.000000
vt 0.971795 0.000000
vt 0.074359 0.000000
vt 0.969231 0.000000
vt 0.966667 0.000000
vt 0.076923 0.000000
vt 0.964103 0.000000
vt 0.961538 0.000000
vt 0.079487 0.000000
vt 0.958974 0.000000
vt 0.082051 0.000000
vt 0.956410 0.000000
vt 0.953846 0.000000
vt 0.084615 0.000000
vt 0.951282 0.000000
vt 0.948718 0.000000
vt 0.087179 0.000000
vt 0.946154 0.000000
vt 0.943590 0.000000
vt 0.089744 0.000000
vt 0.941026 0.000000
vt 0.938462 0.000000
vt 0.092308 0.000000
vt 0.935897 0.000000
vt 0.933333 0.000000
vt 0.094872 0.000000
vt 0.930769 0.000000
vt 0.928205 0.000000
vt 0.097436 0.000000
vt 0.925641 0.000000
vt 0.923077 0.000000
vt 0.100000 0.000000
vt 0.920513 0.000000
vt 0.917949 0.000000
vt 0.915385 0.000000
vt 0.102564 0.000000
vt 0.912821 0.000000
vt 0.910256 0.000000
vt 0.105128 0.000000
vt 0.907692 0.000000
vt 0.905128 0.000000
vt 0.902564 0.000000
vt 0.107692 0.000000
vt 0.900000 0.000000
vt 0.897436 0.000000
vt 0.894872 0.000000
vt 0.110256 0.000000
vt 0.892308 0.000000
vt 0.889744 0.000000
vt 0.887179 0.000000
vt 0.112821 0.000000
vt 0.884615 0.000000
vt 0.882051 0.000000
vt 0.879487 0.000000
vt 0.876923 0.000000
vt 0.115385 0.000000
vt 0.874359 0.000000
vt 0.871795 0.000000
vt 0.869231 0.000000
vt 0.866667 0.000000
vt 0.864103 0.000000
vt 0.117949 0.000000
vt 0.861538 0.000000
vt 0.858974 0.000000
vt 0.856410 0.000000
vt 0.853846 0.000000
vt 0.851282 0.000000
vt 0.848718 0.000000
vt 0.217949 0.000000
vt 0.120513 0.000000
vt 0.123077 0.000000
vt 0.125641 0.000000
vt 0.128205 0.000000
vt 0.130769 0.000000
vt 0.133333 0.000000
vt 0.135897 0.000000
vt 0.138462 0.000000
vt 0.141026 0.000000
vt 0.143590 0.000000
vt 0.146154 0.000000
vt 0.148718 0.000000
vt 0.151282 0.000000
vt 0.153846 0.000000
vt 0.156410 0.000000
vt 0.158974 0.000000
vt 0.161538 0.000000
vt 0.164103 0.000000
vt 0.166667 0.000000
vt 0.169231 0.000000
vt 0.171795 0.000000
vt 0.174359 0.000000
vt 0.176923 0.000000
vt 0.179487 0.000000
vt 0.182051 0.000000
vt 0.184615 0.000000
vt 0.187179 0.000000
vt 0.189744 0.000000
vt 0.192308 0.000000
vt 0.194872 0.000000
vt 0.197436 0.000000
vt 0.200000 0.000000
vt 0.202564 0.000000
vt 0.205128 0.000000
vt 0.207692 0.000000
vt 0.210256 0.000000
vt 0.212821 0.000000
vt 0.215385 0.000000
vt 0.220513 0.000000
vt 0.464103 0.000000
vt 0.223077 0.000000
vt 0.225641 0.000000
vt 0.461538 0.000000
vt 0.228205 0.000000
vt 0.458974 0.000000
vt 0.230769 0.000000
vt 0.456410 0.000000
vt 0.233333 0.000000
vt 0.453846 0.000000
vt 0.235897 0.000000
vt 0.451282 0.000000
vt 0.238462 0.000000
vt 0.448718 0.000000
vt 0.241026 0.000000
vt 0.446154 0.000000
vt 0.243590 0.000000
vt 0.443590 0.000000
vt 0.246154 0.000000
vt 0.441026 0.000000
vt 0.248718 0.000000
vt 0.438462 0.000000
vt 0.251282 0.000000
vt 0.435897 0.000000
vt 0.253846 0.000000
vt 0.433333 0.000000
vt 0.256410 0.000000
vt 0.430769 0.000000
vt 0.258974 0.000000
vt 0.428205 0.000000
vt 0.261538 0.000000
vt 0.425641 0.000000
vt 0.264103 0.000000
vt 0.423077 0.000000
vt 0.266667 0.000000
vt 0.420513 0.000000
vt 0.269231 0.000000
vt 0.417949 0.000000
vt 0.271795 0.000000
vt 0.415385 0.000000
vt 0.274359 0.000000
vt 0.412821 0.000000
vt 0.276923 0.000000
vt 0.410256 0.000000
vt 0.279487 0.000000
vt 0.407692 0.000000
vt 0.282051 0.000000
vt 0.405128 0.000000
vt 0.402564 0.000000
vt 0.284615 0.000000
vt 0.400000 0.000000
vt 0.287179 0.000000
vt 0.397436 0.000000
vt 0.289744 0.000000
vt 0.394872 0.000000
vt 0.292308 0.000000
vt 0.392308 0.000000
vt 0.294872 0.000000
vt 0.389744 0.000000
vt 0.297436 0.000000
vt 0.387179 0.000000
vt 0.300000 0.000000
vt 0.384615 0.000000
vt 0.302564 0.000000
vt 0.382051 0.000000
vt 0.305128 0.000000
vt 0.379487 0.000000
vt 0.307692 0.000000
vt 0.376923 0.000000
vt 0.310256 0.000000
vt 0.374359 0.000000
vt 0.312821 0.000000
vt 0.371795 0.000000
vt 0.315385 0.000000
vt 0.369231 0.000000
vt 0.317949 0.000000
vt 0.366667 0.000000
vt 0.320513 0.000000
vt 0.364103 0.000000
vt 0.323077 0.000000
vt 0.361538 0.000000
vt 0.325641 0.000000
vt 0.358974 0.000000
vt 0.328205 0.000000
vt 0.356410 0.000000
vt 0.330769 0.000000
vt 0.353846 0.000000
vt 0.333333 0.000000
vt 0.351282 0.000000
vt 0.335897 0.000000
vt 0.348718 0.000000
vt 0.338462 0.000000
vt 0.346154 0.000000
vt 0.341026 0.000000
vt 0.343590 0.000000
vt 0.000000 1.000000
vt 0.003731 1.000000
vt 0.003731 0.000000
vt 0.007463 1.000000
vt 0.007463 0.000000
vt 0.011194 1.000000
vt 0.011194 0.000000
vt 0.014925 1.000000
vt 0.014925 0.000000
vt 0.018657 1.000000
vt 0.018657 0.000000
vt 0.022388 1.000000
vt 0.022388 0.000000
vt 0.026119 1.000000
vt 0.026119 0.000000
vt 0.029851 1.000000
vt 0.029851 0.000000
vt 0.033582 1.000000
vt 0.033582 0.000000
vt 0.037313 1.000000
vt 0.037313 0.000000
vt 0.041045 1.000000
vt 0.041045 0.000000
vt 0.044776 1.000000
vt 0.044776 0.000000
vt 0.048507 1.000000
vt 0.048507 0.000000
vt 0.052239 1.000000
vt 0.052239 0.000000
vt 0.055970 1.000000
vt 0.055970 0.000000
vt 0.059701 1.000000
vt 0.059701 0.000000
vt 0.063433 1.000000
vt 0.063433 0.000000
vt 0.067164 1.000000
vt 0.067164 0.000000
vt 0.070896 1.000000
vt 0.070896 0.000000
vt 0.074627 1.000000
vt 0.074627 0.000000
vt 0.078358 1.000000
vt 0.078358 0.000000
vt 0.082090 1.000000
vt 0.082090 0.000000
vt 0.085821 1.000000
vt 0.085821 0.000000
vt 0.089552 1.000000
vt 0.089552 0.000000
vt 0.093284 1.000000
vt 0.093284 0.000000
vt 0.097015 1.000000
vt 0.097015 0.000000
vt 0.100746 1.000000
vt 0.100746 0.000000
vt 0.104478 1.000000
vt 0.104478 0.000000
vt 0.108209 1.000000
vt 0.108209 0.000000
vt 0.111940 1.000000
vt 0.111940 0.000000
vt 0.115672 1.000000
vt 0.115672 0.000000
vt 0.119403 1.000000
vt 0.119403 0.000000
vt 0.123134 1.000000
vt 0.123134 0.000000
vt 0.126866 1.000000
vt 0.126866 0.000000
vt 0.130597 1.000000
vt 0.130597 0.000000
vt 0.134328 1.000000
vt 0.134328 0.000000
vt 0.138060 1.000000
vt 0.138060 0.000000
vt 0.141791 1.000000
vt 0.141791 0.000000
vt 0.145522 1.000000
vt 0.145522 0.000000
vt 0.149254 1.000000
vt 0.149254 0.000000
vt 0.152985 1.000000
vt 0.152985 0.000000
vt 0.156716 1.000000
vt 0.156716 0.000000
vt 0.160448 1.000000
vt 0.160448 0.000000
vt 0.164179 1.000000
vt 0.164179 0.000000
vt 0.167910 1.000000
vt 0.167910 0.000000
vt 0.171642 1.000000
vt 0.171642 0.000000
vt 0.175373 1.000000
vt 0.175373 0.000000
vt 0.179104 1.000000
vt 0.179104 0.000000
vt 0.182836 1.000000
vt 0.182836 0.000000
vt 0.186567 1.000000
vt 0.186567 0.000000
vt 0.190299 1.000000
vt 0.190299 0.000000
vt 0.194030 1.000000
vt 0.194030 0.000000
vt 0.197761 1.000000
vt 0.197761 0.000000
vt 0.201493 1.000000
vt 0.201493 0.000000
vt 0.205224 1.000000
vt 0.205224 0.000000
vt 0.208955 1.000000
vt 0.208955 0.000000
vt 0.212687 1.000000
vt 0.212687 0.000000
vt 0.216418 1.000000
vt 0.216418 0.000000
vt 0.220149 1.000000
vt 0.220149 0.000000
vt 0.223881 1.000000
vt 0.223881 0.000000
vt 0.227612 1.000000
vt 0.227612 0.000000
vt 0.231343 1.000000
vt 0.231343 0.000000
vt 0.235075 1.000000
vt 0.235075 0.000000
vt 0.238806 1.000000
vt 0.238806 0.000000
vt 0.242537 1.000000
vt 0.242537 0.000000
vt 0.246269 1.000000
vt 0.246269 0.000000
vt 0.250000 1.000000
vt 0.250000 0.000000
vt 0.253731 1.000000
vt 0.253731 0.000000
vt 0.257463 1.000000
vt 0.257463 0.000000
vt 0.261194 1.000000
vt 0.261194 0.000000
vt 0.264925 1.000000
vt 0.264925 0.000000
vt 0.268657 1.000000
vt 0.268657 0.000000
vt 0.272388 1.000000
vt 0.272388 0.000000
vt 0.276119 1.000000
vt 0.276119 0.000000
vt 0.279851 1.000000
vt 0.279851 0.000000
vt 0.283582 1.000000
vt 0.283582 0.000000
vt 0.287313 1.000000
vt 0.287313 0.000000
vt 0.291045 1.000000
vt 0.291045 0.000000
vt 0.294776 1.000000
vt 0.294776 0.000000
vt 0.298507 1.000000
vt 0.298507 0.000000
vt 0.302239 1.000000
vt 0.302239 0.000000
vt 0.305970 1.000000
vt 0.305970 0.000000
vt 0.309702 1.000000
vt 0.309702 0.000000
vt 0.313433 1.000000
vt 0.313433 0.000000
vt 0.317164 1.000000
vt 0.317164 0.000000
vt 0.320896 1.000000
vt 0.320896 0.000000
vt 0.324627 1.000000
vt 0.324627 0.000000
vt 0.328358 1.000000
vt 0.328358 0.000000
vt 0.332090 1.000000
vt 0.332090 0.000000
vt 0.335821 1.000000
vt 0.335821 0.000000
vt 0.339552 1.000000
vt 0.339552 0.000000
vt 0.343284 1.000000
vt 0.343284 0.000000
vt 0.347015 1.000000
vt 0.347015 0.000000
vt 0.350746 1.000000
vt 0.350746 0.000000
vt 0.354478 1.000000
vt 0.354478 0.000000
vt 0.358209 1.000000
vt 0.358209 0.000000
vt 0.361940 1.000000
vt 0.361940 0.000000
vt 0.365672 1.000000
vt 0.365672 0.000000
vt 0.369403 1.000000
vt 0.369403 0.000000
vt 0.373134 1.000000
vt 0.373134 0.000000
vt 0.376866 1.000000
vt 0.376866 0.000000
vt 0.380597 1.000000
vt 0.380597 0.000000
vt 0.384328 1.000000
vt 0.384328 0.000000
vt 0.388060 1.000000
vt 0.388060 0.000000
vt 0.391791 1.000000
vt 0.391791 0.000000
vt 0.395522 1.000000
vt 0.395522 0.000000
vt 0.399254 1.000000
vt 0.399254 0.000000
vt 0.402985 1.000000
vt 0.402985 0.000000
vt 0.406716 1.000000
vt 0.406716 0.000000
vt 0.410448 1.000000
vt 0.410448 0.000000
vt 0.414179 1.000000
vt 0.414179 0.000000
vt 0.417910 1.000000
vt 0.417910 0.000000
vt 0.421642 1.000000
vt 0.421642 0.000000
vt 0.425373 1.000000
vt 0.425373 0.000000
vt 0.429104 1.000000
vt 0.429104 0.000000
vt 0.432836 1.000000
vt 0.432836 0.000000
vt 0.436567 1.000000
vt 0.436567 0.000000
vt 0.440298 1.000000
vt 0.440298 0.000000
vt 0.444030 1.000000
vt 0.444030 0.000000
vt 0.447761 1.000000
vt 0.447761 0.000000
vt 0.451493 1.000000
vt 0.451493 0.000000
vt 0.455224 1.000000
vt 0.455224 0.000000
vt 0.458955 1.000000
vt 0.458955 0.000000
vt 0.462687 1.000000
vt 0.462687 0.000000
vt 0.466418 1.000000
vt 0.466418 0.000000
vt 0.470149 1.000000
vt 0.470149 0.000000
vt 0.473881 1.000000
vt 0.473881 0.000000
vt 0.477612 1.000000
vt 0.477612 0.000000
vt 0.481343 1.000000
vt 0.481343 0.000000
vt 0.485075 1.000000
vt 0.485075 0.000000
vt 0.488806 1.000000
vt 0.488806 0.000000
vt 0.492537 1.000000
vt 0.492537 0.000000
vt 0.496269 1.000000
vt 0.496269 0.000000
vt 0.500000 1.000000
vt 0.503731 1.000000
vt 0.503731 0.000000
vt 0.507463 1.000000
vt 0.507463 0.000000
vt 0.511194 1.000000
vt 0.511194 0.000000
vt 0.514925 1.000000
vt 0.514925 0.000000
vt 0.518657 1.000000
vt 0.518657 0.000000
vt 0.522388 1.000000
vt 0.522388 0.000000
vt 0.526119 1.000000
vt 0.526119 0.000000
vt 0.529851 1.000000
vt 0.529851 0.000000
vt 0.533582 1.000000
vt 0.533582 0.000000
vt 0.537313 1.000000
vt 0.537313 0.000000
vt 0.541045 1.000000
vt 0.541045 0.000000
vt 0.544776 1.000000
vt 0.544776 0.000000
vt 0.548507 1.000000
vt 0.548507 0.000000
vt 0.552239 1.000000
vt 0.552239 0.000000
vt 0.555970 1.000000
vt 0.555970 0.000000
vt 0.559702 1.000000
vt 0.559702 0.000000
vt 0.563433 1.000000
vt 0.563433 0.000000
vt 0.567164 1.000000
vt 0.567164 0.000000
vt 0.570895 1.000000
vt 0.570895 0.000000
vt 0.574627 1.000000
vt 0.574627 0.000000
vt 0.578358 1.000000
vt 0.578358 0.000000
vt 0.582090 1.000000
vt 0.582090 0.000000
vt 0.585821 1.000000
vt 0.585821 0.000000
vt 0.589552 1.000000
vt 0.589552 0.000000
vt 0.593284 1.000000
vt 0.593284 0.000000
vt 0.597015 1.000000
vt 0.597015 0.000000
vt 0.600746 1.000000
vt 0.600746 0.000000
vt 0.604478 1.000000
vt 0.604478 0.000000
vt 0.608209 1.000000
vt 0.608209 0.000000
vt 0.611940 1.000000
vt 0.611940 0.000000
vt 0.615672 1.000000
vt 0.615672 0.000000
vt 0.619403 1.000000
vt 0.619403 0.000000
vt 0.623134 1.000000
vt 0.623134 0.000000
vt 0.626866 1.000000
vt 0.626866 0.000000
vt 0.630597 1.000000
vt 0.630597 0.000000
vt 0.634328 1.000000
vt 0.634328 0.000000
vt 0.638060 1.000000
vt 0.638060 0.000000
vt 0.641791 1.000000
vt 0.641791 0.000000
vt 0.645522 1.000000
vt 0.645522 0.000000
vt 0.649254 1.000000
vt 0.649254 0.000000
vt 0.652985 1.000000
vt 0.652985 0.000000
vt 0.656716 1.000000
vt 0.656716 0.000000
vt 0.660448 1.000000
vt 0.660448 0.000000
vt 0.664179 1.000000
vt 0.664179 0.000000
vt 0.667910 1.000000
vt 0.667910 0.000000
vt 0.671642 1.000000
vt 0.671642 0.000000
vt 0.675373 1.000000
vt 0.675373 0.000000
vt 0.679105 1.000000
vt 0.679105 0.000000
vt 0.682836 1.000000
vt 0.682836 0.000000
vt 0.686567 1.000000
vt 0.686567 0.000000
vt 0.690298 1.000000
vt 0.690298 0.000000
vt 0.694030 1.000000
vt 0.694030 0.000000
vt 0.697761 1.000000
vt 0.697761 0.000000
vt 0.701493 1.000000
vt 0.701493 0.000000
vt 0.705224 1.000000
vt 0.705224 0.000000
vt 0.708955 1.000000
vt 0.708955 0.000000
vt 0.712687 1.000000
vt 0.712687 0.000000
vt 0.716418 1.000000
vt 0.716418 0.000000
vt 0.720149 1.000000
vt 0.720149 0.000000
vt 0.723881 1.000000
vt 0.723881 0.000000
vt 0.727612 1.000000
vt 0.727612 0.000000
vt 0.731343 1.000000
vt 0.731343 0.000000
vt 0.735075 1.000000
vt 0.735075 0.000000
vt 0.738806 1.000000
vt 0.738806 0.000000
vt 0.742537 1.000000
vt 0.742537 0.000000
vt 0.746269 1.000000
vt 0.746269 0.000000
vt 0.750000 1.000000
vt 0.750000 0.000000
vt 0.753731 1.000000
vt 0.753731 0.000000
vt 0.757463 1.000000
vt 0.757463 0.000000
vt 0.761194 1.000000
vt 0.761194 0.000000
vt 0.764925 1.000000
vt 0.764925 0.000000
vt 0.768657 1.000000
vt 0.768657 0.000000
vt 0.772388 1.000000
vt 0.772388 0.000000
vt 0.776119 1.000000
vt 0.776119 0.000000
vt 0.779851 1.000000
vt 0.779851 0.000000
vt 0.783582 1.000000
vt 0.783582 0.000000
vt 0.787313 1.000000
vt 0.787313 0.000000
vt 0.791045 1.000000
vt 0.791045 0.000000
vt 0.794776 1.000000
vt 0.794776 0.000000
vt 0.798507 1.000000
vt 0.798507 0.000000
vt 0.802239 1.000000
vt 0.802239 0.000000
vt 0.805970 1.000000
vt 0.805970 0.000000
vt 0.809702 1.000000
vt 0.809702 0.000000
vt 0.813433 1.000000
vt 0.813433 0.000000
vt 0.817164 1.000000
vt 0.817164 0.000000
vt 0.820895 1.000000
vt 0.820895 0.000000
vt 0.824627 1.000000
vt 0.824627 0.000000
vt 0.828358 1.000000
vt 0.828358 0.000000
vt 0.832090 1.000000
vt 0.832090 0.000000
vt 0.835821 1.000000
vt 0.835821 0.000000
vt 0.839552 1.000000
vt 0.839552 0.000000
vt 0.843284 1.000000
vt 0.843284 0.000000
vt 0.847015 1.000000
vt 0.847015 0.000000
vt 0.850746 1.000000
vt 0.850746 0.000000
vt 0.854478 1.000000
vt 0.854478 0.000000
vt 0.858209 1.000000
vt 0.858209 0.000000
vt 0.861940 1.000000
vt 0.861940 0.000000
vt 0.865672 1.000000
vt 0.865672 0.000000
vt 0.869403 1.000000
vt 0.869403 0.000000
vt 0.873134 1.000000
vt 0.873134 0.000000
vt 0.876866 1.000000
vt 0.876866 0.000000
vt 0.880597 1.000000
vt 0.880597 0.000000
vt 0.884328 1.000000
vt 0.884328 0.000000
vt 0.888060 1.000000
vt 0.888060 0.000000
vt 0.891791 1.000000
vt 0.891791 0.000000
vt 0.895522 1.000000
vt 0.895522 0.000000
vt 0.899254 1.000000
vt 0.899254 0.000000
vt 0.902985 1.000000
vt 0.902985 0.000000
vt 0.906716 1.000000
vt 0.906716 0.000000
vt 0.910448 1.000000
vt 0.910448 0.000000
vt 0.914179 1.000000
vt 0.914179 0.000000
vt 0.917910 1.000000
vt 0.917910 0.000000
vt 0.921642 1.000000
vt 0.921642 0.000000
vt 0.925373 1.000000
vt 0.925373 0.000000
vt 0.929105 1.000000
vt 0.929105 0.000000
vt 0.932836 1.000000
vt 0.932836 0.000000
vt 0.936567 1.000000
vt 0.936567 0.000000
vt 0.940298 1.000000
vt 0.940298 0.000000
vt 0.944030 1.000000
vt 0.944030 0.000000
vt 0.947761 1.000000
vt 0.947761 0.000000
vt 0.951493 1.000000
vt 0.951493 0.000000
vt 0.955224 1.000000
vt 0.955224 0.000000
vt 0.958955 1.000000
vt 0.958955 0.000000
vt 0.962687 1.000000
vt 0.962687 0.000000
vt 0.966418 1.000000
vt 0.966418 0.000000
vt 0.970149 1.000000
vt 0.970149 0.000000
vt 0.973881 1.000000
vt 0.973881 0.000000
vt 0.977612 1.000000
vt 0.977612 0.000000
vt 0.981343 1.000000
vt 0.981343 0.000000
vt 0.985075 1.000000
vt 0.985075 0.000000
vt 0.988806 1.000000
vt 0.988806 0.000000
vt 0.992537 1.000000
vt 0.992537 0.000000
vt 0.996269 1.000000
vt 0.996269 0.000000
vt 1.000000 1.000000
vt 0.008130 1.000000
vt 0.008130 0.000000
vt 0.016260 1.000000
vt 0.016260 0.000000
vt 0.024390 1.000000
vt 0.024390 0.000000
vt 0.032520 1.000000
vt 0.032520 0.000000
vt 0.040650 1.000000
vt 0.040650 0.000000
vt 0.048780 1.000000
vt 0.048780 0.000000
vt 0.056911 1.000000
vt 0.056911 0.000000
vt 0.065041 1.000000
vt 0.065041 0.000000
vt 0.073171 1.000000
vt 0.073171 0.000000
vt 0.081301 1.000000
vt 0.081301 0.000000
vt 0.089431 1.000000
vt 0.089431 0.000000
vt 0.097561 1.000000
vt 0.097561 0.000000
vt 0.105691 1.000000
vt 0.105691 0.000000
vt 0.113821 1.000000
vt 0.113821 0.000000
vt 0.121951 1.000000
vt 0.121951 0.000000
vt 0.130081 1.000000
vt 0.130081 0.000000
vt 0.138211 1.000000
vt 0.138211 0.000000
vt 0.146341 1.000000
vt 0.146341 0.000000
vt 0.154472 1.000000
vt 0.154472 0.000000
vt 0.162602 1.000000
vt 0.162602 0.000000
vt 0.170732 1.000000
vt 0.170732 0.000000
vt 0.178862 1.000000
vt 0.178862 0.000000
vt 0.186992 1.000000
vt 0.186992 0.000000
vt 0.195122 1.000000
vt 0.195122 0.000000
vt 0.203252 1.000000
vt 0.203252 0.000000
vt 0.211382 1.000000
vt 0.211382 0.000000
vt 0.219512 1.000000
vt 0.219512 0.000000
vt 0.227642 1.000000
vt 0.227642 0.000000
vt 0.235772 1.000000
vt 0.235772 0.000000
vt 0.243902 1.000000
vt 0.243902 0.000000
vt 0.252033 1.000000
vt 0.252033 0.000000
vt 0.260163 1.000000
vt 0.260163 0.000000
vt 0.268293 1.000000
vt 0.268293 0.000000
vt 0.276423 1.000000
vt 0.276423 0.000000
vt 0.284553 1.000000
vt 0.284553 0.000000
vt 0.292683 1.000000
vt 0.292683 0.000000
vt 0.300813 1.000000
vt 0.300813 0.000000
vt 0.308943 1.000000
vt 0.308943 0.000000
vt 0.317073 1.000000
vt 0.317073 0.000000
vt 0.325203 1.000000
vt 0.325203 0.000000
vt 0.333333 1.000000
vt 0.341463 1.000000
vt 0.341463 0.000000
vt 0.349593 1.000000
vt 0.349593 0.000000
vt 0.357724 1.000000
vt 0.357724 0.000000
vt 0.365854 1.000000
vt 0.365854 0.000000
vt 0.373984 1.000000
vt 0.373984 0.000000
vt 0.382114 1.000000
vt 0.382114 0.000000
vt 0.390244 1.000000
vt 0.390244 0.000000
vt 0.398374 1.000000
vt 0.398374 0.000000
vt 0.406504 1.000000
vt 0.406504 0.000000
vt 0.414634 1.000000
vt 0.414634 0.000000
vt 0.422764 1.000000
vt 0.422764 0.000000
vt 0.430894 1.000000
vt 0.430894 0.000000
vt 0.439024 1.000000
vt 0.439024 0.000000
vt 0.447154 1.000000
vt 0.447154 0.000000
vt 0.455285 1.000000
vt 0.455285 0.000000
vt 0.463415 1.000000
vt 0.463415 0.000000
vt 0.471545 1.000000
vt 0.471545 0.000000
vt 0.479675 1.000000
vt 0.479675 0.000000
vt 0.487805 1.000000
vt 0.487805 0.000000
vt 0.495935 1.000000
vt 0.495935 0.000000
vt 0.504065 1.000000
vt 0.504065 0.000000
vt 0.512195 1.000000
vt 0.512195 0.000000
vt 0.520325 1.000000
vt 0.520325 0.000000
vt 0.528455 1.000000
vt 0.528455 0.000000
vt 0.536585 1.000000
vt 0.536585 0.000000
vt 0.544715 1.000000
vt 0.544715 0.000000
vt 0.552846 1.000000
vt 0.552846 0.000000
vt 0.560976 1.000000
vt 0.560976 0.000000
vt 0.569106 1.000000
vt 0.569106 0.000000
vt 0.577236 1.000000
vt 0.577236 0.000000
vt 0.585366 1.000000
vt 0.585366 0.000000
vt 0.593496 1.000000
vt 0.593496 0.000000
vt 0.601626 1.000000
vt 0.601626 0.000000
vt 0.609756 1.000000
vt 0.609756 0.000000
vt 0.617886 1.000000
vt 0.617886 0.000000
vt 0.626016 1.000000
vt 0.626016 0.000000
vt 0.634146 1.000000
vt 0.634146 0.000000
vt 0.642276 1.000000
vt 0.642276 0.000000
vt 0.650406 1.000000
vt 0.650406 0.000000
vt 0.658537 1.000000
vt 0.658537 0.000000
vt 0.666667 1.000000
vt 0.674797 1.000000
vt 0.674797 0.000000
vt 0.682927 1.000000
vt 0.682927 0.000000
vt 0.691057 1.000000
vt 0.691057 0.000000
vt 0.699187 1.000000
vt 0.699187 0.000000
vt 0.707317 1.000000
vt 0.707317 0.000000
vt 0.715447 1.000000
vt 0.715447 0.000000
vt 0.723577 1.000000
vt 0.723577 0.000000
vt 0.731707 1.000000
vt 0.731707 0.000000
vt 0.739837 1.000000
vt 0.739837 0.000000
vt 0.747967 1.000000
vt 0.747967 0.000000
vt 0.756098 1.000000
vt 0.756098 0.000000
vt 0.764228 1.000000
vt 0.764228 0.000000
vt 0.772358 1.000000
vt 0.772358 0.000000
vt 0.780488 1.000000
vt 0.780488 0.000000
vt 0.788618 1.000000
vt 0.788618 0.000000
vt 0.796748 1.000000
vt 0.796748 0.000000
vt 0.804878 1.000000
vt 0.804878 0.000000
vt 0.813008 1.000000
vt 0.813008 0.000000
vt 0.821138 1.000000
vt 0.821138 0.000000
vt 0.829268 1.000000
vt 0.829268 0.000000
vt 0.837398 1.000000
vt 0.837398 0.000000
vt 0.845528 1.000000
vt 0.845528 0.000000
vt 0.853659 1.000000
vt 0.853659 0.000000
vt 0.861789 1.000000
vt 0.861789 0.000000
vt 0.869919 1.000000
vt 0.869919 0.000000
vt 0.878049 1.000000
vt 0.878049 0.000000
vt 0.886179 1.000000
vt 0.886179 0.000000
vt 0.894309 1.000000
vt 0.894309 0.000000
vt 0.902439 1.000000
vt 0.902439 0.000000
vt 0.910569 1.000000
vt 0.910569 0.000000
vt 0.918699 1.000000
vt 0.918699 0.000000
vt 0.926829 1.000000
vt 0.926829 0.000000
vt 0.934959 1.000000
vt 0.934959 0.000000
vt 0.943089 1.000000
vt 0.943089 0.000000
vt 0.951219 1.000000
vt 0.951219 0.000000
vt 0.959350 1.000000
vt 0.959350 0.000000
vt 0.967480 1.000000
vt 0.967480 0.000000
vt 0.975610 1.000000
vt 0.975610 0.000000
vt 0.983740 1.000000
vt 0.983740 0.000000
vt 0.991870 1.000000
vt 0.991870 0.000000
vt 0.004167 1.000000
vt 0.004167 0.000000
vt 0.008333 1.000000
vt 0.008333 0.000000
vt 0.012500 1.000000
vt 0.012500 0.000000
vt 0.016667 1.000000
vt 0.016667 0.000000
vt 0.020833 1.000000
vt 0.020833 0.000000
vt 0.025000 1.000000
vt 0.025000 0.000000
vt 0.029167 1.000000
vt 0.029167 0.000000
vt 0.033333 1.000000
vt 0.037500 1.000000
vt 0.037500 0.000000
vt 0.041667 1.000000
vt 0.041667 0.000000
vt 0.045833 1.000000
vt 0.045833 0.000000
vt 0.050000 1.000000
vt 0.050000 0.000000
vt 0.054167 1.000000
vt 0.054167 0.000000
vt 0.058333 1.000000
vt 0.058333 0.000000
vt 0.062500 1.000000
vt 0.062500 0.000000
vt 0.066667 1.000000
vt 0.070833 1.000000
vt 0.070833 0.000000
vt 0.075000 1.000000
vt 0.075000 0.000000
vt 0.079167 1.000000
vt 0.079167 0.000000
vt 0.083333 1.000000
vt 0.083333 0.000000
vt 0.087500 1.000000
vt 0.087500 0.000000
vt 0.091667 1.000000
vt 0.091667 0.000000
vt 0.095833 1.000000
vt 0.095833 0.000000
vt 0.100000 1.000000
vt 0.104167 1.000000
vt 0.104167 0.000000
vt 0.108333 1.000000
vt 0.108333 0.000000
vt 0.112500 1.000000
vt 0.112500 0.000000
vt 0.116667 1.000000
vt 0.116667 0.000000
vt 0.120833 1.000000
vt 0.120833 0.000000
vt 0.125000 1.000000
vt 0.125000 0.000000
vt 0.129167 1.000000
vt 0.129167 0.000000
vt 0.133333 1.000000
vt 0.137500 1.000000
vt 0.137500 0.000000
vt 0.141667 1.000000
vt 0.141667 0.000000
vt 0.145833 1.000000
vt 0.145833 0.000000
vt 0.150000 1.000000
vt 0.150000 0.000000
vt 0.154167 1.000000
vt 0.154167 0.000000
vt 0.158333 1.000000
vt 0.158333 0.000000
vt 0.162500 1.000000
vt 0.162500 0.000000
vt 0.166667 1.000000
vt 0.170833 1.000000
vt 0.170833 0.000000
vt 0.175000 1.000000
vt 0.175000 0.000000
vt 0.179167 1.000000
vt 0.179167 0.000000
vt 0.183333 1.000000
vt 0.183333 0.000000
vt 0.187500 1.000000
vt 0.187500 0.000000
vt 0.191667 1.000000
vt 0.191667 0.000000
vt 0.195833 1.000000
vt 0.195833 0.000000
vt 0.200000 1.000000
vt 0.204167 1.000000
vt 0.204167 0.000000
vt 0.208333 1.000000
vt 0.208333 0.000000
vt 0.212500 1.000000
vt 0.212500 0.000000
vt 0.216667 1.000000
vt 0.216667 0.000000
vt 0.220833 1.000000
vt 0.220833 0.000000
vt 0.225000 1.000000
vt 0.225000 0.000000
vt 0.229167 1.000000
vt 0.229167 0.000000
vt 0.233333 1.000000
vt 0.237500 1.000000
vt 0.237500 0.000000
vt 0.241667 1.000000
vt 0.241667 0.000000
vt 0.245833 1.000000
vt 0.245833 0.000000
vt 0.254167 1.000000
vt 0.254167 0.000000
vt 0.258333 1.000000
vt 0.258333 0.000000
vt 0.262500 1.000000
vt 0.262500 0.000000
vt 0.266667 1.000000
vt 0.270833 1.000000
vt 0.270833 0.000000
vt 0.275000 1.000000
vt 0.275000 0.000000
vt 0.279167 1.000000
vt 0.279167 0.000000
vt 0.283333 1.000000
vt 0.283333 0.000000
vt 0.287500 1.000000
vt 0.287500 0.000000
vt 0.291667 1.000000
vt 0.291667 0.000000
vt 0.295833 1.000000
vt 0.295833 0.000000
vt 0.300000 1.000000
vt 0.304167 1.000000
vt 0.304167 0.000000
vt 0.308333 1.000000
vt 0.308333 0.000000
vt 0.312500 1.000000
vt 0.312500 0.000000
vt 0.316667 1.000000
vt 0.316667 0.000000
vt 0.320833 1.000000
vt 0.320833 0.000000
vt 0.325000 1.000000
vt 0.325000 0.000000
vt 0.329167 1.000000
vt 0.329167 0.000000
vt 0.337500 1.000000
vt 0.337500 0.000000
vt 0.341667 1.000000
vt 0.341667 0.000000
vt 0.345833 1.000000
vt 0.345833 0.000000
vt 0.350000 1.000000
vt 0.350000 0.000000
vt 0.354167 1.000000
vt 0.354167 0.000000
vt 0.358333 1.000000
vt 0.358333 0.000000
vt 0.362500 1.000000
vt 0.362500 0.000000
vt 0.366667 1.000000
vt 0.370833 1.000000
vt 0.370833 0.000000
vt 0.375000 1.000000
vt 0.375000 0.000000
vt 0.379167 1.000000
vt 0.379167 0.000000
vt 0.383333 1.000000
vt 0.383333 0.000000
vt 0.387500 1.000000
vt 0.387500 0.000000
vt 0.391667 1.000000
vt 0.391667 0.000000
vt 0.395833 1.000000
vt 0.395833 0.000000
vt 0.400000 1.000000
vt 0.404167 1.000000
vt 0.404167 0.000000
vt 0.408333 1.000000
vt 0.408333 0.000000
vt 0.412500 1.000000
vt 0.412500 0.000000
vt 0.416667 1.000000
vt 0.416667 0.000000
vt 0.420833 1.000000
vt 0.420833 0.000000
vt 0.425000 1.000000
vt 0.425000 0.000000
vt 0.429167 1.000000
vt 0.429167 0.000000
vt 0.433333 1.000000
vt 0.437500 1.000000
vt 0.437500 0.000000
vt 0.441667 1.000000
vt 0.441667 0.000000
vt 0.445833 1.000000
vt 0.445833 0.000000
vt 0.450000 1.000000
vt 0.450000 0.000000
vt 0.454167 1.000000
vt 0.454167 0.000000
vt 0.458333 1.000000
vt 0.458333 0.000000
vt 0.462500 1.000000
vt 0.462500 0.000000
vt 0.466667 1.000000
vt 0.470833 1.000000
vt 0.470833 0.000000
vt 0.475000 1.000000
vt 0.475000 0.000000
vt 0.479167 1.000000
vt 0.479167 0.000000
vt 0.483333 1.000000
vt 0.483333 0.000000
vt 0.487500 1.000000
vt 0.487500 0.000000
vt 0.491667 1.000000
vt 0.491667 0.000000
vt 0.495833 1.000000
vt 0.495833 0.000000
vt 0.504167 1.000000
vt 0.504167 0.000000
vt 0.508333 1.000000
vt 0.508333 0.000000
vt 0.512500 1.000000
vt 0.512500 0.000000
vt 0.516667 1.000000
vt 0.516667 0.000000
vt 0.520833 1.000000
vt 0.520833 0.000000
vt 0.525000 1.000000
vt 0.525000 0.000000
vt 0.529167 1.000000
vt 0.529167 0.000000
vt 0.533333 1.000000
vt 0.537500 1.000000
vt 0.537500 0.000000
vt 0.541667 1.000000
vt 0.541667 0.000000
vt 0.545833 1.000000
vt 0.545833 0.000000
vt 0.550000 1.000000
vt 0.550000 0.000000
vt 0.554167 1.000000
vt 0.554167 0.000000
vt 0.558333 1.000000
vt 0.558333 0.000000
vt 0.562500 1.000000
vt 0.562500 0.000000
vt 0.566667 1.000000
vt 0.570833 1.000000
vt 0.570833 0.000000
vt 0.575000 1.000000
vt 0.575000 0.000000
vt 0.579167 1.000000
vt 0.579167 0.000000
vt 0.583333 1.000000
vt 0.583333 0.000000
vt 0.587500 1.000000
vt 0.587500 0.000000
vt 0.591667 1.000000
vt 0.591667 0.000000
vt 0.595833 1.000000
vt 0.595833 0.000000
vt 0.600000 1.000000
vt 0.604167 1.000000
vt 0.604167 0.000000
vt 0.608333 1.000000
vt 0.608333 0.000000
vt 0.612500 1.000000
vt 0.612500 0.000000
vt 0.616667 1.000000
vt 0.616667 0.000000
vt 0.620833 1.000000
vt 0.620833 0.000000
vt 0.625000 1.000000
vt 0.625000 0.000000
vt 0.629167 1.000000
vt 0.629167 0.000000
vt 0.633333 1.000000
vt 0.637500 1.000000
vt 0.637500 0.000000
vt 0.641667 1.000000
vt 0.641667 0.000000
vt 0.645833 1.000000
vt 0.645833 0.000000
vt 0.650000 1.000000
vt 0.650000 0.000000
vt 0.654167 1.000000
vt 0.654167 0.000000
vt 0.658333 1.000000
vt 0.658333 0.000000
vt 0.662500 1.000000
vt 0.662500 0.000000
vt 0.670833 1.000000
vt 0.670833 0.000000
vt 0.675000 1.000000
vt 0.675000 0.000000
vt 0.679167 1.000000
vt 0.679167 0.000000
vt 0.683333 1.000000
vt 0.683333 0.000000
vt 0.687500 1.000000
vt 0.687500 0.000000
vt 0.691667 1.000000
vt 0.691667 0.000000
vt 0.695833 1.000000
vt 0.695833 0.000000
vt 0.700000 1.000000
vt 0.704167 1.000000
vt 0.704167 0.000000
vt 0.708333 1.000000
vt 0.708333 0.000000
vt 0.712500 1.000000
vt 0.712500 0.000000
vt 0.716667 1.000000
vt 0.716667 0.000000
vt 0.720833 1.000000
vt 0.720833 0.000000
vt 0.725000 1.000000
vt 0.725000 0.000000
vt 0.729167 1.000000
vt 0.729167 0.000000
vt 0.733333 1.000000
vt 0.737500 1.000000
vt 0.737500 0.000000
vt 0.741667 1.000000
vt 0.741667 0.000000
vt 0.745833 1.000000
vt 0.745833 0.000000
vt 0.754167 1.000000
vt 0.754167 0.000000
vt 0.758333 1.000000
vt 0.758333 0.000000
vt 0.762500 1.000000
vt 0.762500 0.000000
vt 0.766667 1.000000
vt 0.770833 1.000000
vt 0.770833 0.000000
vt 0.775000 1.000000
vt 0.775000 0.000000
vt 0.779167 1.000000
vt 0.779167 0.000000
vt 0.783333 1.000000
vt 0.783333 0.000000
vt 0.787500 1.000000
vt 0.787500 0.000000
vt 0.791667 1.000000
vt 0.791667 0.000000
vt 0.795833 1.000000
vt 0.795833 0.000000
vt 0.800000 1.000000
vt 0.804167 1.000000
vt 0.804167 0.000000
vt 0.808333 1.000000
vt 0.808333 0.000000
vt 0.812500 1.000000
vt 0.812500 0.000000
vt 0.816667 1.000000
vt 0.816667 0.000000
vt 0.820833 1.000000
vt 0.820833 0.000000
vt 0.825000 1.000000
vt 0.825000 0.000000
vt 0.829167 1.000000
vt 0.829167 0.000000
vt 0.833333 1.000000
vt 0.837500 1.000000
vt 0.837500 0.000000
vt 0.841667 1.000000
vt 0.841667 0.000000
vt 0.845833 1.000000
vt 0.845833 0.000000
vt 0.850000 1.000000
vt 0.850000 0.000000
vt 0.854167 1.000000
vt 0.854167 0.000000
vt 0.858333 1.000000
vt 0.858333 0.000000
vt 0.862500 1.000000
vt 0.862500 0.000000
vt 0.866667 1.000000
vt 0.870833 1.000000
vt 0.870833 0.000000
vt 0.875000 1.000000
vt 0.875000 0.000000
vt 0.879167 1.000000
vt 0.879167 0.000000
vt 0.883333 1.000000
vt 0.883333 0.000000
vt 0.887500 1.000000
vt 0.887500 0.000000
vt 0.891667 1.000000
vt 0.891667 0.000000
vt 0.895833 1.000000
vt 0.895833 0.000000
vt 0.900000 1.000000
vt 0.904167 1.000000
vt 0.904167 0.000000
vt 0.908333 1.000000
vt 0.908333 0.000000
vt 0.912500 1.000000
vt 0.912500 0.000000
vt 0.916667 1.000000
vt 0.916667 0.000000
vt 0.920833 1.000000
vt 0.920833 0.000000
vt 0.925000 1.000000
vt 0.925000 0.000000
vt 0.929167 1.000000
vt 0.929167 0.000000
vt 0.933333 1.000000
vt 0.937500 1.000000
vt 0.937500 0.000000
vt 0.941667 1.000000
vt 0.941667 0.000000
vt 0.945833 1.000000
vt 0.945833 0.000000
vt 0.950000 1.000000
vt 0.950000 0.000000
vt 0.954167 1.000000
vt 0.954167 0.000000
vt 0.958333 1.000000
vt 0.958333 0.000000
vt 0.962500 1.000000
vt 0.962500 0.000000
vt 0.966667 1.000000
vt 0.970833 1.000000
vt 0.970833 0.000000
vt 0.975000 1.000000
vt 0.975000 0.000000
vt 0.979167 1.000000
vt 0.979167 0.000000
vt 0.983333 1.000000
vt 0.983333 0.000000
vt 0.987500 1.000000
vt 0.987500 0.000000
vt 0.991667 1.000000
vt 0.991667 0.000000
vt 0.995833 1.000000
vt 0.995833 0.000000
vt 0.001462 1.000000
vt 0.001462 0.000000
vt 0.002924 1.000000
vt 0.002924 0.000000
vt 0.004386 1.000000
vt 0.004386 0.000000
vt 0.005848 1.000000
vt 0.005848 0.000000
vt 0.007310 1.000000
vt 0.007310 0.000000
vt 0.008772 1.000000
vt 0.008772 0.000000
vt 0.010234 1.000000
vt 0.010234 0.000000
vt 0.011696 1.000000
vt 0.011696 0.000000
vt 0.013158 1.000000
vt 0.013158 0.000000
vt 0.014620 1.000000
vt 0.014620 0.000000
vt 0.016082 1.000000
vt 0.016082 0.000000
vt 0.017544 1.000000
vt 0.017544 0.000000
vt 0.019006 1.000000
vt 0.019006 0.000000
vt 0.020468 1.000000
vt 0.020468 0.000000
vt 0.021930 1.000000
vt 0.021930 0.000000
vt 0.023392 1.000000
vt 0.023392 0.000000
vt 0.024854 1.000000
vt 0.024854 0.000000
vt 0.026316 1.000000
vt 0.026316 0.000000
vt 0.027778 1.000000
vt 0.027778 0.000000
vt 0.029240 1.000000
vt 0.029240 0.000000
vt 0.030702 1.000000
vt 0.030702 0.000000
vt 0.032164 1.000000
vt 0.032164 0.000000
vt 0.033626 1.000000
vt 0.033626 0.000000
vt 0.035088 1.000000
vt 0.035088 0.000000
vt 0.036550 1.000000
vt 0.036550 0.000000
vt 0.038012 1.000000
vt 0.038012 0.000000
vt 0.039474 1.000000
vt 0.039474 0.000000
vt 0.040936 1.000000
vt 0.040936 0.000000
vt 0.042398 1.000000
vt 0.042398 0.000000
vt 0.043860 1.000000
vt 0.043860 0.000000
vt 0.045322 1.000000
vt 0.045322 0.000000
vt 0.046784 1.000000
vt 0.046784 0.000000
vt 0.048246 1.000000
vt 0.048246 0.000000
vt 0.049708 1.000000
vt 0.049708 0.000000
vt 0.051170 1.000000
vt 0.051170 0.000000
vt 0.052632 1.000000
vt 0.052632 0.000000
vt 0.054094 1.000000
vt 0.054094 0.000000
vt 0.055556 1.000000
vt 0.055556 0.000000
vt 0.057018 1.000000
vt 0.057018 0.000000
vt 0.058480 1.000000
vt 0.058480 0.000000
vt 0.059942 1.000000
vt 0.059942 0.000000
vt 0.061404 1.000000
vt 0.061404 0.000000
vt 0.062865 1.000000
vt 0.062865 0.000000
vt 0.064327 1.000000
vt 0.064327 0.000000
vt 0.065789 1.000000
vt 0.065789 0.000000
vt 0.067251 1.000000
vt 0.067251 0.000000
vt 0.068713 1.000000
vt 0.068713 0.000000
vt 0.070175 1.000000
vt 0.070175 0.000000
vt 0.071637 1.000000
vt 0.071637 0.000000
vt 0.073099 1.000000
vt 0.073099 0.000000
vt 0.074561 1.000000
vt 0.074561 0.000000
vt 0.076023 1.000000
vt 0.076023 0.000000
vt 0.077485 1.000000
vt 0.077485 0.000000
vt 0.078947 1.000000
vt 0.078947 0.000000
vt 0.080409 1.000000
vt 0.080409 0.000000
vt 0.081871 1.000000
vt 0.081871 0.000000
vt 0.084795 1.000000
vt 0.084795 0.000000
vt 0.086257 1.000000
vt 0.086257 0.000000
vt 0.087719 1.000000
vt 0.087719 0.000000
vt 0.089181 1.000000
vt 0.089181 0.000000
vt 0.090643 1.000000
vt 0.090643 0.000000
vt 0.092105 1.000000
vt 0.092105 0.000000
vt 0.093567 1.000000
vt 0.093567 0.000000
vt 0.095029 1.000000
vt 0.095029 0.000000
vt 0.096491 1.000000
vt 0.096491 0.000000
vt 0.097953 1.000000
vt 0.097953 0.000000
vt 0.099415 1.000000
vt 0.099415 0.000000
vt 0.100877 1.000000
vt 0.100877 0.000000
vt 0.102339 1.000000
vt 0.102339 0.000000
vt 0.103801 1.000000
vt 0.103801 0.000000
vt 0.105263 1.000000
vt 0.105263 0.000000
vt 0.106725 1.000000
vt 0.106725 0.000000
vt 0.108187 1.000000
vt 0.108187 0.000000
vt 0.109649 1.000000
vt 0.109649 0.000000
vt 0.111111 1.000000
vt 0.111111 0.000000
vt 0.112573 1.000000
vt 0.112573 0.000000
vt 0.114035 1.000000
vt 0.114035 0.000000
vt 0.115497 1.000000
vt 0.115497 0.000000
vt 0.116959 1.000000
vt 0.116959 0.000000
vt 0.118421 1.000000
vt 0.118421 0.000000
vt 0.119883 1.000000
vt 0.119883 0.000000
vt 0.121345 1.000000
vt 0.121345 0.000000
vt 0.122807 1.000000
vt 0.122807 0.000000
vt 0.124269 1.000000
vt 0.124269 0.000000
vt 0.125731 1.000000
vt 0.125731 0.000000
vt 0.127193 1.000000
vt 0.127193 0.000000
vt 0.128655 1.000000
vt 0.128655 0.000000
vt 0.130117 1.000000
vt 0.130117 0.000000
vt 0.131579 1.000000
vt 0.131579 0.000000
vt 0.133041 1.000000
vt 0.133041 0.000000
vt 0.134503 1.000000
vt 0.134503 0.000000
vt 0.135965 1.000000
vt 0.135965 0.000000
vt 0.137427 1.000000
vt 0.137427 0.000000
vt 0.138889 1.000000
vt 0.138889 0.000000
vt 0.140351 1.000000
vt 0.140351 0.000000
vt 0.141813 1.000000
vt 0.141813 0.000000
vt 0.143275 1.000000
vt 0.143275 0.000000
vt 0.144737 1.000000
vt 0.144737 0.000000
vt 0.146199 1.000000
vt 0.146199 0.000000
vt 0.147661 1.000000
vt 0.147661 0.000000
vt 0.149123 1.000000
vt 0.149123 0.000000
vt 0.150585 1.000000
vt 0.150585 0.000000
vt 0.152047 1.000000
vt 0.152047 0.000000
vt 0.153509 1.000000
vt 0.153509 0.000000
vt 0.154971 1.000000
vt 0.154971 0.000000
vt 0.156433 1.000000
vt 0.156433 0.000000
vt 0.157895 1.000000
vt 0.157895 0.000000
vt 0.159357 1.000000
vt 0.159357 0.000000
vt 0.160819 1.000000
vt 0.160819 0.000000
vt 0.162281 1.000000
vt 0.162281 0.000000
vt 0.163743 1.000000
vt 0.163743 0.000000
vt 0.165205 1.000000
vt 0.165205 0.000000
vt 0.168129 1.000000
vt 0.168129 0.000000
vt 0.169591 1.000000
vt 0.169591 0.000000
vt 0.171053 1.000000
vt 0.171053 0.000000
vt 0.172515 1.000000
vt 0.172515 0.000000
vt 0.173977 1.000000
vt 0.173977 0.000000
vt 0.175439 1.000000
vt 0.175439 0.000000
vt 0.176901 1.000000
vt 0.176901 0.000000
vt 0.178363 1.000000
vt 0.178363 0.000000
vt 0.179825 1.000000
vt 0.179825 0.000000
vt 0.181287 1.000000
vt 0.181287 0.000000
vt 0.182749 1.000000
vt 0.182749 0.000000
vt 0.184211 1.000000
vt 0.184211 0.000000
vt 0.185673 1.000000
vt 0.185673 0.000000
vt 0.187135 1.000000
vt 0.187135 0.000000
vt 0.188596 1.000000
vt 0.188596 0.000000
vt 0.190058 1.000000
vt 0.190058 0.000000
vt 0.191520 1.000000
vt 0.191520 0.000000
vt 0.192982 1.000000
vt 0.192982 0.000000
vt 0.194444 1.000000
vt 0.194444 0.000000
vt 0.195906 1.000000
vt 0.195906 0.000000
vt 0.197368 1.000000
vt 0.197368 0.000000
vt 0.198830 1.000000
vt 0.198830 0.000000
vt 0.200292 1.000000
vt 0.200292 0.000000
vt 0.201754 1.000000
vt 0.201754 0.000000
vt 0.203216 1.000000
vt 0.203216 0.000000
vt 0.204678 1.000000
vt 0.204678 0.000000
vt 0.206140 1.000000
vt 0.206140 0.000000
vt 0.207602 1.000000
vt 0.207602 0.000000
vt 0.209064 1.000000
vt 0.209064 0.000000
vt 0.210526 1.000000
vt 0.210526 0.000000
vt 0.211988 1.000000
vt 0.211988 0.000000
vt 0.213450 1.000000
vt 0.213450 0.000000
vt 0.214912 1.000000
vt 0.214912 0.000000
vt 0.216374 1.000000
vt 0.216374 0.000000
vt 0.217836 1.000000
vt 0.217836 0.000000
vt 0.219298 1.000000
vt 0.219298 0.000000
vt 0.220760 1.000000
vt 0.220760 0.000000
vt 0.222222 1.000000
vt 0.222222 0.000000
vt 0.223684 1.000000
vt 0.223684 0.000000
vt 0.225146 1.000000
vt 0.225146 0.000000
vt 0.226608 1.000000
vt 0.226608 0.000000
vt 0.228070 1.000000
vt 0.228070 0.000000
vt 0.229532 1.000000
vt 0.229532 0.000000
vt 0.230994 1.000000
vt 0.230994 0.000000
vt 0.232456 1.000000
vt 0.232456 0.000000
vt 0.233918 1.000000
vt 0.233918 0.000000
vt 0.235380 1.000000
vt 0.235380 0.000000
vt 0.236842 1.000000
vt 0.236842 0.000000
vt 0.238304 1.000000
vt 0.238304 0.000000
vt 0.239766 1.000000
vt 0.239766 0.000000
vt 0.241228 1.000000
vt 0.241228 0.000000
vt 0.242690 1.000000
vt 0.242690 0.000000
vt 0.244152 1.000000
vt 0.244152 0.000000
vt 0.245614 1.000000
vt 0.245614 0.000000
vt 0.247076 1.000000
vt 0.247076 0.000000
vt 0.248538 1.000000
vt 0.248538 0.000000
vt 0.251462 1.000000
vt 0.251462 0.000000
vt 0.252924 1.000000
vt 0.252924 0.000000
vt 0.254386 1.000000
vt 0.254386 0.000000
vt 0.255848 1.000000
vt 0.255848 0.000000
vt 0.257310 1.000000
vt 0.257310 0.000000
vt 0.258772 1.000000
vt 0.258772 0.000000
vt 0.260234 1.000000
vt 0.260234 0.000000
vt 0.261696 1.000000
vt 0.261696 0.000000
vt 0.263158 1.000000
vt 0.263158 0.000000
vt 0.264620 1.000000
vt 0.264620 0.000000
vt 0.266082 1.000000
vt 0.266082 0.000000
vt 0.267544 1.000000
vt 0.267544 0.000000
vt 0.269006 1.000000
vt 0.269006 0.000000
vt 0.270468 1.000000
vt 0.270468 0.000000
vt 0.271930 1.000000
vt 0.271930 0.000000
vt 0.273392 1.000000
vt 0.273392 0.000000
vt 0.274854 1.000000
vt 0.274854 0.000000
vt 0.276316 1.000000
vt 0.276316 0.000000
vt 0.277778 1.000000
vt 0.277778 0.000000
vt 0.279240 1.000000
vt 0.279240 0.000000
vt 0.280702 1.000000
vt 0.280702 0.000000
vt 0.282164 1.000000
vt 0.282164 0.000000
vt 0.283626 1.000000
vt 0.283626 0.000000
vt 0.285088 1.000000
vt 0.285088 0.000000
vt 0.286550 1.000000
vt 0.286550 0.000000
vt 0.288012 1.000000
vt 0.288012 0.000000
vt 0.289474 1.000000
vt 0.289474 0.000000
vt 0.290936 1.000000
vt 0.290936 0.000000
vt 0.292398 1.000000
vt 0.292398 0.000000
vt 0.293860 1.000000
vt 0.293860 0.000000
vt 0.295322 1.000000
vt 0.295322 0.000000
vt 0.296784 1.000000
vt 0.296784 0.000000
vt 0.298246 1.000000
vt 0.298246 0.000000
vt 0.299708 1.000000
vt 0.299708 0.000000
vt 0.301170 1.000000
vt 0.301170 0.000000
vt 0.302632 1.000000
vt 0.302632 0.000000
vt 0.304094 1.000000
vt 0.304094 0.000000
vt 0.305556 1.000000
vt 0.305556 0.000000
vt 0.307018 1.000000
vt 0.307018 0.000000
vt 0.308480 1.000000
vt 0.308480 0.000000
vt 0.309942 1.000000
vt 0.309942 0.000000
vt 0.311404 1.000000
vt 0.311404 0.000000
vt 0.312865 1.000000
vt 0.312865 0.000000
vt 0.314327 1.000000
vt 0.314327 0.000000
vt 0.315789 1.000000
vt 0.315789 0.000000
vt 0.317251 1.000000
vt 0.317251 0.000000
vt 0.318713 1.000000
vt 0.318713 0.000000
vt 0.320175 1.000000
vt 0.320175 0.000000
vt 0.321637 1.000000
vt 0.321637 0.000000
vt 0.323099 1.000000
vt 0.323099 0.000000
vt 0.324561 1.000000
vt 0.324561 0.000000
vt 0.326023 1.000000
vt 0.326023 0.000000
vt 0.327485 1.000000
vt 0.327485 0.000000
vt 0.328947 1.000000
vt 0.328947 0.000000
vt 0.330409 1.000000
vt 0.330409 0.000000
vt 0.331871 1.000000
vt 0.331871 0.000000
vt 0.334795 1.000000
vt 0.334795 0.000000
vt 0.336257 1.000000
vt 0.336257 0.000000
vt 0.337719 1.000000
vt 0.337719 0.000000
vt 0.339181 1.000000
vt 0.339181 0.000000
vt 0.340643 1.000000
vt 0.340643 0.000000
vt 0.342105 1.000000
vt 0.342105 0.000000
vt 0.343567 1.000000
vt 0.343567 0.000000
vt 0.345029 1.000000
vt 0.345029 0.000000
vt 0.346491 1.000000
vt 0.346491 0.000000
vt 0.347953 1.000000
vt 0.347953 0.000000
vt 0.349415 1.000000
vt 0.349415 0.000000
vt 0.350877 1.000000
vt 0.350877 0.000000
vt 0.352339 1.000000
vt 0.352339 0.000000
vt 0.353801 1.000000
vt 0.353801 0.000000
vt 0.355263 1.000000
vt 0.355263 0.000000
vt 0.356725 1.000000
vt 0.356725 0.000000
vt 0.358187 1.000000
vt 0.358187 0.000000
vt 0.359649 1.000000
vt 0.359649 0.000000
vt 0.361111 1.000000
vt 0.361111 0.000000
vt 0.362573 1.000000
vt 0.362573 0.000000
vt 0.364035 1.000000
vt 0.364035 0.000000
vt 0.365497 1.000000
vt 0.365497 0.000000
vt 0.366959 1.000000
vt 0.366959 0.000000
vt 0.368421 1.000000
vt 0.368421 0.000000
vt 0.369883 1.000000
vt 0.369883 0.000000
vt 0.371345 1.000000
vt 0.371345 0.000000
vt 0.372807 1.000000
vt 0.372807 0.000000
vt 0.374269 1.000000
vt 0.374269 0.000000
vt 0.375731 1.000000
vt 0.375731 0.000000
vt 0.377193 1.000000
vt 0.377193 0.000000
vt 0.378655 1.000000
vt 0.378655 0.000000
vt 0.380117 1.000000
vt 0.380117 0.000000
vt 0.381579 1.000000
vt 0.381579 0.000000
vt 0.383041 1.000000
vt 0.383041 0.000000
vt 0.384503 1.000000
vt 0.384503 0.000000
vt 0.385965 1.000000
vt 0.385965 0.000000
vt 0.387427 1.000000
vt 0.387427 0.000000
vt 0.388889 1.000000
vt 0.388889 0.000000
vt 0.390351 1.000000
vt 0.390351 0.000000
vt 0.391813 1.000000
vt 0.391813 0.000000
vt 0.393275 1.000000
vt 0.393275 0.000000
vt 0.394737 1.000000
vt 0.394737 0.000000
vt 0.396199 1.000000
vt 0.396199 0.000000
vt 0.397661 1.000000
vt 0.397661 0.000000
vt 0.399123 1.000000
vt 0.399123 0.000000
vt 0.400585 1.000000
vt 0.400585 0.000000
vt 0.402047 1.000000
vt 0.402047 0.000000
vt 0.403509 1.000000
vt 0.403509 0.000000
vt 0.404971 1.000000
vt 0.404971 0.000000
vt 0.406433 1.000000
vt 0.406433 0.000000
vt 0.407895 1.000000
vt 0.407895 0.000000
vt 0.409357 1.000000
vt 0.409357 0.000000
vt 0.410819 1.000000
vt 0.410819 0.000000
vt 0.412281 1.000000
vt 0.412281 0.000000
vt 0.413743 1.000000
vt 0.413743 0.000000
vt 0.415205 1.000000
vt 0.415205 0.000000
vt 0.418129 1.000000
vt 0.418129 0.000000
vt 0.419591 1.000000
vt 0.419591 0.000000
vt 0.421053 1.000000
vt 0.421053 0.000000
vt 0.422515 1.000000
vt 0.422515 0.000000
vt 0.423977 1.000000
vt 0.423977 0.000000
vt 0.425439 1.000000
vt 0.425439 0.000000
vt 0.426901 1.000000
vt 0.426901 0.000000
vt 0.428363 1.000000
vt 0.428363 0.000000
vt 0.429825 1.000000
vt 0.429825 0.000000
vt 0.431287 1.000000
vt 0.431287 0.000000
vt 0.432749 1.000000
vt 0.432749 0.000000
vt 0.434211 1.000000
vt 0.434211 0.000000
vt 0.435673 1.000000
vt 0.435673 0.000000
vt 0.437135 1.000000
vt 0.437135 0.000000
vt 0.438596 1.000000
vt 0.438596 0.000000
vt 0.440058 1.000000
vt 0.440058 0.000000
vt 0.441520 1.000000
vt 0.441520 0.000000
vt 0.442982 1.000000
vt 0.442982 0.000000
vt 0.444444 1.000000
vt 0.444444 0.000000
vt 0.445906 1.000000
vt 0.445906 0.000000
vt 0.447368 1.000000
vt 0.447368 0.000000
vt 0.448830 1.000000
vt 0.448830 0.000000
vt 0.450292 1.000000
vt 0.450292 0.000000
vt 0.451754 1.000000
vt 0.451754 0.000000
vt 0.453216 1.000000
vt 0.453216 0.000000
vt 0.454678 1.000000
vt 0.454678 0.000000
vt 0.456140 1.000000
vt 0.456140 0.000000
vt 0.457602 1.000000
vt 0.457602 0.000000
vt 0.459064 1.000000
vt 0.459064 0.000000
vt 0.460526 1.000000
vt 0.460526 0.000000
vt 0.461988 1.000000
vt 0.461988 0.000000
vt 0.463450 1.000000
vt 0.463450 0.000000
vt 0.464912 1.000000
vt 0.464912 0.000000
vt 0.466374 1.000000
vt 0.466374 0.000000
vt 0.467836 1.000000
vt 0.467836 0.000000
vt 0.469298 1.000000
vt 0.469298 0.000000
vt 0.470760 1.000000
vt 0.470760 0.000000
vt 0.472222 1.000000
vt 0.472222 0.000000
vt 0.473684 1.000000
vt 0.473684 0.000000
vt 0.475146 1.000000
vt 0.475146 0.000000
vt 0.476608 1.000000
vt 0.476608 0.000000
vt 0.478070 1.000000
vt 0.478070 0.000000
vt 0.479532 1.000000
vt 0.479532 0.000000
vt 0.480994 1.000000
vt 0.480994 0.000000
vt 0.482456 1.000000
vt 0.482456 0.000000
vt 0.483918 1.000000
vt 0.483918 0.000000
vt 0.485380 1.000000
vt 0.485380 0.000000
vt 0.486842 1.000000
vt 0.486842 0.000000
vt 0.488304 1.000000
vt 0.488304 0.000000
vt 0.489766 1.000000
vt 0.489766 0.000000
vt 0.491228 1.000000
vt 0.491228 0.000000
vt 0.492690 1.000000
vt 0.492690 0.000000
vt 0.494152 1.000000
vt 0.494152 0.000000
vt 0.495614 1.000000
vt 0.495614 0.000000
vt 0.497076 1.000000
vt 0.497076 0.000000
vt 0.498538 1.000000
vt 0.498538 0.000000
vt 0.501462 1.000000
vt 0.501462 0.000000
vt 0.502924 1.000000
vt 0.502924 0.000000
vt 0.504386 1.000000
vt 0.504386 0.000000
vt 0.505848 1.000000
vt 0.505848 0.000000
vt 0.507310 1.000000
vt 0.507310 0.000000
vt 0.508772 1.000000
vt 0.508772 0.000000
vt 0.510234 1.000000
vt 0.510234 0.000000
vt 0.511696 1.000000
vt 0.511696 0.000000
vt 0.513158 1.000000
vt 0.513158 0.000000
vt 0.514620 1.000000
vt 0.514620 0.000000
vt 0.516082 1.000000
vt 0.516082 0.000000
vt 0.517544 1.000000
vt 0.517544 0.000000
vt 0.519006 1.000000
vt 0.519006 0.000000
vt 0.520468 1.000000
vt 0.520468 0.000000
vt 0.521930 1.000000
vt 0.521930 0.000000
vt 0.523392 1.000000
vt 0.523392 0.000000
vt 0.524854 1.000000
vt 0.524854 0.000000
vt 0.526316 1.000000
vt 0.526316 0.000000
vt 0.527778 1.000000
vt 0.527778 0.000000
vt 0.529240 1.000000
vt 0.529240 0.000000
vt 0.530702 1.000000
vt 0.530702 0.000000
vt 0.532164 1.000000
vt 0.532164 0.000000
vt 0.533626 1.000000
vt 0.533626 0.000000
vt 0.535088 1.000000
vt 0.535088 0.000000
vt 0.536550 1.000000
vt 0.536550 0.000000
vt 0.538012 1.000000
vt 0.538012 0.000000
vt 0.539474 1.000000
vt 0.539474 0.000000
vt 0.540936 1.000000
vt 0.540936 0.000000
vt 0.542398 1.000000
vt 0.542398 0.000000
vt 0.543860 1.000000
vt 0.543860 0.000000
vt 0.545322 1.000000
vt 0.545322 0.000000
vt 0.546784 1.000000
vt 0.546784 0.000000
vt 0.548246 1.000000
vt 0.548246 0.000000
vt 0.549708 1.000000
vt 0.549708 0.000000
vt 0.551170 1.000000
vt 0.551170 0.000000
vt 0.552632 1.000000
vt 0.552632 0.000000
vt 0.554094 1.000000
vt 0.554094 0.000000
vt 0.555556 1.000000
vt 0.555556 0.000000
vt 0.557018 1.000000
vt 0.557018 0.000000
vt 0.558480 1.000000
vt 0.558480 0.000000
vt 0.559942 1.000000
vt 0.559942 0.000000
vt 0.561404 1.000000
vt 0.561404 0.000000
vt 0.562865 1.000000
vt 0.562865 0.000000
vt 0.564327 1.000000
vt 0.564327 0.000000
vt 0.565789 1.000000
vt 0.565789 0.000000
vt 0.567251 1.000000
vt 0.567251 0.000000
vt 0.568713 1.000000
vt 0.568713 0.000000
vt 0.570175 1.000000
vt 0.570175 0.000000
vt 0.571637 1.000000
vt 0.571637 0.000000
vt 0.573099 1.000000
vt 0.573099 0.000000
vt 0.574561 1.000000
vt 0.574561 0.000000
vt 0.576023 1.000000
vt 0.576023 0.000000
vt 0.577485 1.000000
vt 0.577485 0.000000
vt 0.578947 1.000000
vt 0.578947 0.000000
vt 0.580409 1.000000
vt 0.580409 0.000000
vt 0.581871 1.000000
vt 0.581871 0.000000
vt 0.584795 1.000000
vt 0.584795 0.000000
vt 0.586257 1.000000
vt 0.586257 0.000000
vt 0.587719 1.000000
vt 0.587719 0.000000
vt 0.589181 1.000000
vt 0.589181 0.000000
vt 0.590643 1.000000
vt 0.590643 0.000000
vt 0.592105 1.000000
vt 0.592105 0.000000
vt 0.593567 1.000000
vt 0.593567 0.000000
vt 0.595029 1.000000
vt 0.595029 0.000000
vt 0.596491 1.000000
vt 0.596491 0.000000
vt 0.597953 1.000000
vt 0.597953 0.000000
vt 0.599415 1.000000
vt 0.599415 0.000000
vt 0.600877 1.000000
vt 0.600877 0.000000
vt 0.602339 1.000000
vt 0.602339 0.000000
vt 0.603801 1.000000
vt 0.603801 0.000000
vt 0.605263 1.000000
vt 0.605263 0.000000
vt 0.606725 1.000000
vt 0.606725 0.000000
vt 0.608187 1.000000
vt 0.608187 0.000000
vt 0.609649 1.000000
vt 0.609649 0.000000
vt 0.611111 1.000000
vt 0.611111 0.000000
vt 0.612573 1.000000
vt 0.612573 0.000000
vt 0.614035 1.000000
vt 0.614035 0.000000
vt 0.615497 1.000000
vt 0.615497 0.000000
vt 0.616959 1.000000
vt 0.616959 0.000000
vt 0.618421 1.000000
vt 0.618421 0.000000
vt 0.619883 1.000000
vt 0.619883 0.000000
vt 0.621345 1.000000
vt 0.621345 0.000000
vt 0.622807 1.000000
vt 0.622807 0.000000
vt 0.624269 1.000000
vt 0.624269 0.000000
vt 0.625731 1.000000
vt 0.625731 0.000000
vt 0.627193 1.000000
vt 0.627193 0.000000
vt 0.628655 1.000000
vt 0.628655 0.000000
vt 0.630117 1.000000
vt 0.630117 0.000000
vt 0.631579 1.000000
vt 0.631579 0.000000
vt 0.633041 1.000000
vt 0.633041 0.000000
vt 0.634503 1.000000
vt 0.634503 0.000000
vt 0.635965 1.000000
vt 0.635965 0.000000
vt 0.637427 1.000000
vt 0.637427 0.000000
vt 0.638889 1.000000
vt 0.638889 0.000000
vt 0.640351 1.000000
vt 0.640351 0.000000
vt 0.641813 1.000000
vt 0.641813 0.000000
vt 0.643275 1.000000
vt 0.643275 0.000000
vt 0.644737 1.000000
vt 0.644737 0.000000
vt 0.646199 1.000000
vt 0.646199 0.000000
vt 0.647661 1.000000
vt 0.647661 0.000000
vt 0.649123 1.000000
vt 0.649123 0.000000
vt 0.650585 1.000000
vt 0.650585 0.000000
vt 0.652047 1.000000
vt 0.652047 0.000000
vt 0.653509 1.000000
vt 0.653509 0.000000
vt 0.654971 1.000000
vt 0.654971 0.000000
vt 0.656433 1.000000
vt 0.656433 0.000000
vt 0.657895 1.000000
vt 0.657895 0.000000
vt 0.659357 1.000000
vt 0.659357 0.000000
vt 0.660819 1.000000
vt 0.660819 0.000000
vt 0.662281 1.000000
vt 0.662281 0.000000
vt 0.663743 1.000000
vt 0.663743 0.000000
vt 0.665205 1.000000
vt 0.665205 0.000000
vt 0.668129 1.000000
vt 0.668129 0.000000
vt 0.669591 1.000000
vt 0.669591 0.000000
vt 0.671053 1.000000
vt 0.671053 0.000000
vt 0.672515 1.000000
vt 0.672515 0.000000
vt 0.673977 1.000000
vt 0.673977 0.000000
vt 0.675439 1.000000
vt 0.675439 0.000000
vt 0.676901 1.000000
vt 0.676901 0.000000
vt 0.678363 1.000000
vt 0.678363 0.000000
vt 0.679825 1.000000
vt 0.679825 0.000000
vt 0.681287 1.000000
vt 0.681287 0.000000
vt 0.682749 1.000000
vt 0.682749 0.000000
vt 0.684211 1.000000
vt 0.684211 0.000000
vt 0.685673 1.000000
vt 0.685673 0.000000
vt 0.687135 1.000000
vt 0.687135 0.000000
vt 0.688596 1.000000
vt 0.688596 0.000000
vt 0.690058 1.000000
vt 0.690058 0.000000
vt 0.691520 1.000000
vt 0.691520 0.000000
vt 0.692982 1.000000
vt 0.692982 0.000000
vt 0.694444 1.000000
vt 0.694444 0.000000
vt 0.695906 1.000000
vt 0.695906 0.000000
vt 0.697368 1.000000
vt 0.697368 0.000000
vt 0.698830 1.000000
vt 0.698830 0.000000
vt 0.700292 1.000000
vt 0.700292 0.000000
vt 0.701754 1.000000
vt 0.701754 0.000000
vt 0.703216 1.000000
vt 0.703216 0.000000
vt 0.704678 1.000000
vt 0.704678 0.000000
vt 0.706140 1.000000
vt 0.706140 0.000000
vt 0.707602 1.000000
vt 0.707602 0.000000
vt 0.709064 1.000000
vt 0.709064 0.000000
vt 0.710526 1.000000
vt 0.710526 0.000000
vt 0.711988 1.000000
vt 0.711988 0.000000
vt 0.713450 1.000000
vt 0.713450 0.000000
vt 0.714912 1.000000
vt 0.714912 0.000000
vt 0.716374 1.000000
vt 0.716374 0.000000
vt 0.717836 1.000000
vt 0.717836 0.000000
vt 0.719298 1.000000
vt 0.719298 0.000000
vt 0.720760 1.000000
vt 0.720760 0.000000
vt 0.722222 1.000000
vt 0.722222 0.000000
vt 0.723684 1.000000
vt 0.723684 0.000000
vt 0.725146 1.000000
vt 0.725146 0.000000
vt 0.726608 1.000000
vt 0.726608 0.000000
vt 0.728070 1.000000
vt 0.728070 0.000000
vt 0.729532 1.000000
vt 0.729532 0.000000
vt 0.730994 1.000000
vt 0.730994 0.000000
vt 0.732456 1.000000
vt 0.732456 0.000000
vt 0.733918 1.000000
vt 0.733918 0.000000
vt 0.735380 1.000000
vt 0.735380 0.000000
vt 0.736842 1.000000
vt 0.736842 0.000000
vt 0.738304 1.000000
vt 0.738304 0.000000
vt 0.739766 1.000000
vt 0.739766 0.000000
vt 0.741228 1.000000
vt 0.741228 0.000000
vt 0.742690 1.000000
vt 0.742690 0.000000
vt 0.744152 1.000000
vt 0.744152 0.000000
vt 0.745614 1.000000
vt 0.745614 0.000000
vt 0.747076 1.000000
vt 0.747076 0.000000
vt 0.748538 1.000000
vt 0.748538 0.000000
vt 0.751462 1.000000
vt 0.751462 0.000000
vt 0.752924 1.000000
vt 0.752924 0.000000
vt 0.754386 1.000000
vt 0.754386 0.000000
vt 0.755848 1.000000
vt 0.755848 0.000000
vt 0.757310 1.000000
vt 0.757310 0.000000
vt 0.758772 1.000000
vt 0.758772 0.000000
vt 0.760234 1.000000
vt 0.760234 0.000000
vt 0.761696 1.000000
vt 0.761696 0.000000
vt 0.763158 1.000000
vt 0.763158 0.000000
vt 0.764620 1.000000
vt 0.764620 0.000000
vt 0.766082 1.000000
vt 0.766082 0.000000
vt 0.767544 1.000000
vt 0.767544 0.000000
vt 0.769006 1.000000
vt 0.769006 0.000000
vt 0.770468 1.000000
vt 0.770468 0.000000
vt 0.771930 1.000000
vt 0.771930 0.000000
vt 0.773392 1.000000
vt 0.773392 0.000000
vt 0.774854 1.000000
vt 0.774854 0.000000
vt 0.776316 1.000000
vt 0.776316 0.000000
vt 0.777778 1.000000
vt 0.777778 0.000000
vt 0.779240 1.000000
vt 0.779240 0.000000
vt 0.780702 1.000000
vt 0.780702 0.000000
vt 0.782164 1.000000
vt 0.782164 0.000000
vt 0.783626 1.000000
vt 0.783626 0.000000
vt 0.785088 1.000000
vt 0.785088 0.000000
vt 0.786550 1.000000
vt 0.786550 0.000000
vt 0.788012 1.000000
vt 0.788012 0.000000
vt 0.789474 1.000000
vt 0.789474 0.000000
vt 0.790936 1.000000
vt 0.790936 0.000000
vt 0.792398 1.000000
vt 0.792398 0.000000
vt 0.793860 1.000000
vt 0.793860 0.000000
vt 0.795322 1.000000
vt 0.795322 0.000000
vt 0.796784 1.000000
vt 0.796784 0.000000
vt 0.798246 1.000000
vt 0.798246 0.000000
vt 0.799708 1.000000
vt 0.799708 0.000000
vt 0.801170 1.000000
vt 0.801170 0.000000
vt 0.802632 1.000000
vt 0.802632 0.000000
vt 0.804094 1.000000
vt 0.804094 0.000000
vt 0.805556 1.000000
vt 0.805556 0.000000
vt 0.807018 1.000000
vt 0.807018 0.000000
vt 0.808480 1.000000
vt 0.808480 0.000000
vt 0.809942 1.000000
vt 0.809942 0.000000
vt 0.811404 1.000000
vt 0.811404 0.000000
vt 0.812865 1.000000
vt 0.812865 0.000000
vt 0.814327 1.000000
vt 0.814327 0.000000
vt 0.815789 1.000000
vt 0.815789 0.000000
vt 0.817251 1.000000
vt 0.817251 0.000000
vt 0.818713 1.000000
vt 0.818713 0.000000
vt 0.820175 1.000000
vt 0.820175 0.000000
vt 0.821637 1.000000
vt 0.821637 0.000000
vt 0.823099 1.000000
vt 0.823099 0.000000
vt 0.824561 1.000000
vt 0.824561 0.000000
vt 0.826023 1.000000
vt 0.826023 0.000000
vt 0.827485 1.000000
vt 0.827485 0.000000
vt 0.828947 1.000000
vt 0.828947 0.000000
vt 0.830409 1.000000
vt 0.830409 0.000000
vt 0.831871 1.000000
vt 0.831871 0.000000
vt 0.834795 1.000000
vt 0.834795 0.000000
vt 0.836257 1.000000
vt 0.836257 0.000000
vt 0.837719 1.000000
vt 0.837719 0.000000
vt 0.839181 1.000000
vt 0.839181 0.000000
vt 0.840643 1.000000
vt 0.840643 0.000000
vt 0.842105 1.000000
vt 0.842105 0.000000
vt 0.843567 1.000000
vt 0.843567 0.000000
vt 0.845029 1.000000
vt 0.845029 0.000000
vt 0.846491 1.000000
vt 0.846491 0.000000
vt 0.847953 1.000000
vt 0.847953 0.000000
vt 0.849415 1.000000
vt 0.849415 0.000000
vt 0.850877 1.000000
vt 0.850877 0.000000
vt 0.852339 1.000000
vt 0.852339 0.000000
vt 0.853801 1.000000
vt 0.853801 0.000000
vt 0.855263 1.000000
vt 0.855263 0.000000
vt 0.856725 1.000000
vt 0.856725 0.000000
vt 0.858187 1.000000
vt 0.858187 0.000000
vt 0.859649 1.000000
vt 0.859649 0.000000
vt 0.861111 1.000000
vt 0.861111 0.000000
vt 0.862573 1.000000
vt 0.862573 0.000000
vt 0.864035 1.000000
vt 0.864035 0.000000
vt 0.865497 1.000000
vt 0.865497 0.000000
vt 0.866959 1.000000
vt 0.866959 0.000000
vt 0.868421 1.000000
vt 0.868421 0.000000
vt 0.869883 1.000000
vt 0.869883 0.000000
vt 0.871345 1.000000
vt 0.871345 0.000000
vt 0.872807 1.000000
vt 0.872807 0.000000
vt 0.874269 1.000000
vt 0.874269 0.000000
vt 0.875731 1.000000
vt 0.875731 0.000000
vt 0.877193 1.000000
vt 0.877193 0.000000
vt 0.878655 1.000000
vt 0.878655 0.000000
vt 0.880117 1.000000
vt 0.880117 0.000000
vt 0.881579 1.000000
vt 0.881579 0.000000
vt 0.883041 1.000000
vt 0.883041 0.000000
vt 0.884503 1.000000
vt 0.884503 0.000000
vt 0.885965 1.000000
vt 0.885965 0.000000
vt 0.887427 1.000000
vt 0.887427 0.000000
vt 0.888889 1.000000
vt 0.888889 0.000000
vt 0.890351 1.000000
vt 0.890351 0.000000
vt 0.891813 1.000000
vt 0.891813 0.000000
vt 0.893275 1.000000
vt 0.893275 0.000000
vt 0.894737 1.000000
vt 0.894737 0.000000
vt 0.896199 1.000000
vt 0.896199 0.000000
vt 0.897661 1.000000
vt 0.897661 0.000000
vt 0.899123 1.000000
vt 0.899123 0.000000
vt 0.900585 1.000000
vt 0.900585 0.000000
vt 0.902047 1.000000
vt 0.902047 0.000000
vt 0.903509 1.000000
vt 0.903509 0.000000
vt 0.904971 1.000000
vt 0.904971 0.000000
vt 0.906433 1.000000
vt 0.906433 0.000000
vt 0.907895 1.000000
vt 0.907895 0.000000
vt 0.909357 1.000000
vt 0.909357 0.000000
vt 0.910819 1.000000
vt 0.910819 0.000000
vt 0.912281 1.000000
vt 0.912281 0.000000
vt 0.913743 1.000000
vt 0.913743 0.000000
vt 0.915205 1.000000
vt 0.915205 0.000000
vt 0.918129 1.000000
vt 0.918129 0.000000
vt 0.919591 1.000000
vt 0.919591 0.000000
vt 0.921053 1.000000
vt 0.921053 0.000000
vt 0.922515 1.000000
vt 0.922515 0.000000
vt 0.923977 1.000000
vt 0.923977 0.000000
vt 0.925439 1.000000
vt 0.925439 0.000000
vt 0.926901 1.000000
vt 0.926901 0.000000
vt 0.928363 1.000000
vt 0.928363 0.000000
vt 0.929825 1.000000
vt 0.929825 0.000000
vt 0.931287 1.000000
vt 0.931287 0.000000
vt 0.932749 1.000000
vt 0.932749 0.000000
vt 0.934211 1.000000
vt 0.934211 0.000000
vt 0.935673 1.000000
vt 0.935673 0.000000
vt 0.937135 1.000000
vt 0.937135 0.000000
vt 0.938596 1.000000
vt 0.938596 0.000000
vt 0.940058 1.000000
vt 0.940058 0.000000
vt 0.941520 1.000000
vt 0.941520 0.000000
vt 0.942982 1.000000
vt 0.942982 0.000000
vt 0.944444 1.000000
vt 0.944444 0.000000
vt 0.945906 1.000000
vt 0.945906 0.000000
vt 0.947368 1.000000
vt 0.947368 0.000000
vt 0.948830 1.000000
vt 0.948830 0.000000
vt 0.950292 1.000000
vt 0.950292 0.000000
vt 0.951754 1.000000
vt 0.951754 0.000000
vt 0.953216 1.000000
vt 0.953216 0.000000
vt 0.954678 1.000000
vt 0.954678 0.000000
vt 0.956140 1.000000
vt 0.956140 0.000000
vt 0.957602 1.000000
vt 0.957602 0.000000
vt 0.959064 1.000000
vt 0.959064 0.000000
vt 0.960526 1.000000
vt 0.960526 0.000000
vt 0.961988 1.000000
vt 0.961988 0.000000
vt 0.963450 1.000000
vt 0.963450 0.000000
vt 0.964912 1.000000
vt 0.964912 0.000000
vt 0.966374 1.000000
vt 0.966374 0.000000
vt 0.967836 1.000000
vt 0.967836 0.000000
vt 0.969298 1.000000
vt 0.969298 0.000000
vt 0.970760 1.000000
vt 0.970760 0.000000
vt 0.972222 1.000000
vt 0.972222 0.000000
vt 0.973684 1.000000
vt 0.973684 0.000000
vt 0.975146 1.000000
vt 0.975146 0.000000
vt 0.976608 1.000000
vt 0.976608 0.000000
vt 0.978070 1.000000
vt 0.978070 0.000000
vt 0.979532 1.000000
vt 0.979532 0.000000
vt 0.980994 1.000000
vt 0.980994 0.000000
vt 0.982456 1.000000
vt 0.982456 0.000000
vt 0.983918 1.000000
vt 0.983918 0.000000
vt 0.985380 1.000000
vt 0.985380 0.000000
vt 0.986842 1.000000
vt 0.986842 0.000000
vt 0.988304 1.000000
vt 0.988304 0.000000
vt 0.989766 1.000000
vt 0.989766 0.000000
vt 0.991228 1.000000
vt 0.991228 0.000000
vt 0.992690 1.000000
vt 0.992690 0.000000
vt 0.994152 1.000000
vt 0.994152 0.000000
vt 0.995614 1.000000
vt 0.995614 0.000000
vt 0.997076 1.000000
vt 0.997076 0.000000
vt 0.998538 1.000000
vt 0.998538 0.000000
vt 0.002309 1.000000
vt 0.002309 0.000000
vt 0.004619 1.000000
vt 0.004619 0.000000
vt 0.006928 1.000000
vt 0.006928 0.000000
vt 0.009238 1.000000
vt 0.009238 0.000000
vt 0.011547 1.000000
vt 0.011547 0.000000
vt 0.013857 1.000000
vt 0.013857 0.000000
vt 0.016166 1.000000
vt 0.016166 0.000000
vt 0.018476 1.000000
vt 0.018476 0.000000
vt 0.020785 1.000000
vt 0.020785 0.000000
vt 0.023095 1.000000
vt 0.023095 0.000000
vt 0.025404 1.000000
vt 0.025404 0.000000
vt 0.027714 1.000000
vt 0.027714 0.000000
vt 0.030023 1.000000
vt 0.030023 0.000000
vt 0.032333 1.000000
vt 0.032333 0.000000
vt 0.034642 1.000000
vt 0.034642 0.000000
vt 0.036952 1.000000
vt 0.036952 0.000000
vt 0.039261 1.000000
vt 0.039261 0.000000
vt 0.041570 1.000000
vt 0.041570 0.000000
vt 0.043880 1.000000
vt 0.043880 0.000000
vt 0.046189 1.000000
vt 0.046189 0.000000
vt 0.048499 1.000000
vt 0.048499 0.000000
vt 0.050808 1.000000
vt 0.050808 0.000000
vt 0.053118 1.000000
vt 0.053118 0.000000
vt 0.055427 1.000000
vt 0.055427 0.000000
vt 0.057737 1.000000
vt 0.057737 0.000000
vt 0.060046 1.000000
vt 0.060046 0.000000
vt 0.062356 1.000000
vt 0.062356 0.000000
vt 0.064665 1.000000
vt 0.064665 0.000000
vt 0.066975 1.000000
vt 0.066975 0.000000
vt 0.069284 1.000000
vt 0.069284 0.000000
vt 0.071594 1.000000
vt 0.071594 0.000000
vt 0.073903 1.000000
vt 0.073903 0.000000
vt 0.076212 1.000000
vt 0.076212 0.000000
vt 0.078522 1.000000
vt 0.078522 0.000000
vt 0.080831 1.000000
vt 0.080831 0.000000
vt 0.083141 1.000000
vt 0.083141 0.000000
vt 0.085450 1.000000
vt 0.085450 0.000000
vt 0.087760 1.000000
vt 0.087760 0.000000
vt 0.090069 1.000000
vt 0.090069 0.000000
vt 0.092379 1.000000
vt 0.092379 0.000000
vt 0.094688 1.000000
vt 0.094688 0.000000
vt 0.096998 1.000000
vt 0.096998 0.000000
vt 0.099307 1.000000
vt 0.099307 0.000000
vt 0.101617 1.000000
vt 0.101617 0.000000
vt 0.103926 1.000000
vt 0.103926 0.000000
vt 0.106236 1.000000
vt 0.106236 0.000000
vt 0.108545 1.000000
vt 0.108545 0.000000
vt 0.110855 1.000000
vt 0.110855 0.000000
vt 0.113164 1.000000
vt 0.113164 0.000000
vt 0.115473 1.000000
vt 0.115473 0.000000
vt 0.117783 1.000000
vt 0.117783 0.000000
vt 0.120092 1.000000
vt 0.120092 0.000000
vt 0.122402 1.000000
vt 0.122402 0.000000
vt 0.124711 1.000000
vt 0.124711 0.000000
vt 0.127021 1.000000
vt 0.127021 0.000000
vt 0.129330 1.000000
vt 0.129330 0.000000
vt 0.131640 1.000000
vt 0.131640 0.000000
vt 0.133949 1.000000
vt 0.133949 0.000000
vt 0.136259 1.000000
vt 0.136259 0.000000
vt 0.138568 1.000000
vt 0.138568 0.000000
vt 0.140878 1.000000
vt 0.140878 0.000000
vt 0.143187 1.000000
vt 0.143187 0.000000
vt 0.145497 1.000000
vt 0.145497 0.000000
vt 0.147806 1.000000
vt 0.147806 0.000000
vt 0.150115 1.000000
vt 0.150115 0.000000
vt 0.152425 1.000000
vt 0.152425 0.000000
vt 0.154734 1.000000
vt 0.154734 0.000000
vt 0.157044 1.000000
vt 0.157044 0.000000
vt 0.159353 1.000000
vt 0.159353 0.000000
vt 0.161663 1.000000
vt 0.161663 0.000000
vt 0.163972 1.000000
vt 0.163972 0.000000
vt 0.166282 1.000000
vt 0.166282 0.000000
vt 0.168591 1.000000
vt 0.168591 0.000000
vt 0.170901 1.000000
vt 0.170901 0.000000
vt 0.173210 1.000000
vt 0.173210 0.000000
vt 0.175520 1.000000
vt 0.175520 0.000000
vt 0.177829 1.000000
vt 0.177829 0.000000
vt 0.180139 1.000000
vt 0.180139 0.000000
vt 0.182448 1.000000
vt 0.182448 0.000000
vt 0.184758 1.000000
vt 0.184758 0.000000
vt 0.187067 1.000000
vt 0.187067 0.000000
vt 0.189376 1.000000
vt 0.189376 0.000000
vt 0.191686 1.000000
vt 0.191686 0.000000
vt 0.193995 1.000000
vt 0.193995 0.000000
vt 0.196305 1.000000
vt 0.196305 0.000000
vt 0.198614 1.000000
vt 0.198614 0.000000
vt 0.200924 1.000000
vt 0.200924 0.000000
vt 0.203233 1.000000
vt 0.203233 0.000000
vt 0.205543 1.000000
vt 0.205543 0.000000
vt 0.207852 1.000000
vt 0.207852 0.000000
vt 0.210162 1.000000
vt 0.210162 0.000000
vt 0.212471 1.000000
vt 0.212471 0.000000
vt 0.214781 1.000000
vt 0.214781 0.000000
vt 0.217090 1.000000
vt 0.217090 0.000000
vt 0.219400 1.000000
vt 0.219400 0.000000
vt 0.221709 1.000000
vt 0.221709 0.000000
vt 0.224018 1.000000
vt 0.224018 0.000000
vt 0.226328 1.000000
vt 0.226328 0.000000
vt 0.228637 1.000000
vt 0.228637 0.000000
vt 0.230947 1.000000
vt 0.230947 0.000000
vt 0.233256 1.000000
vt 0.233256 0.000000
vt 0.235566 1.000000
vt 0.235566 0.000000
vt 0.237875 1.000000
vt 0.237875 0.000000
vt 0.240185 1.000000
vt 0.240185 0.000000
vt 0.242494 1.000000
vt 0.242494 0.000000
vt 0.244804 1.000000
vt 0.244804 0.000000
vt 0.247113 1.000000
vt 0.247113 0.000000
vt 0.249423 1.000000
vt 0.249423 0.000000
vt 0.251732 1.000000
vt 0.251732 0.000000
vt 0.254042 1.000000
vt 0.254042 0.000000
vt 0.256351 1.000000
vt 0.256351 0.000000
vt 0.258660 1.000000
vt 0.258660 0.000000
vt 0.260970 1.000000
vt 0.260970 0.000000
vt 0.263279 1.000000
vt 0.263279 0.000000
vt 0.265589 1.000000
vt 0.265589 0.000000
vt 0.267898 1.000000
vt 0.267898 0.000000
vt 0.270208 1.000000
vt 0.270208 0.000000
vt 0.272517 1.000000
vt 0.272517 0.000000
vt 0.274827 1.000000
vt 0.274827 0.000000
vt 0.277136 1.000000
vt 0.277136 0.000000
vt 0.279446 1.000000
vt 0.279446 0.000000
vt 0.281755 1.000000
vt 0.281755 0.000000
vt 0.284065 1.000000
vt 0.284065 0.000000
vt 0.286374 1.000000
vt 0.286374 0.000000
vt 0.288684 1.000000
vt 0.288684 0.000000
vt 0.290993 1.000000
vt 0.290993 0.000000
vt 0.293303 1.000000
vt 0.293303 0.000000
vt 0.295612 1.000000
vt 0.295612 0.000000
vt 0.297921 1.000000
vt 0.297921 0.000000
vt 0.300231 1.000000
vt 0.300231 0.000000
vt 0.302540 1.000000
vt 0.302540 0.000000
vt 0.304850 1.000000
vt 0.304850 0.000000
vt 0.307159 1.000000
vt 0.307159 0.000000
vt 0.309469 1.000000
vt 0.309469 0.000000
vt 0.311778 1.000000
vt 0.311778 0.000000
vt 0.314088 1.000000
vt 0.314088 0.000000
vt 0.316397 1.000000
vt 0.316397 0.000000
vt 0.318707 1.000000
vt 0.318707 0.000000
vt 0.321016 1.000000
vt 0.321016 0.000000
vt 0.323326 1.000000
vt 0.323326 0.000000
vt 0.325635 1.000000
vt 0.325635 0.000000
vt 0.327945 1.000000
vt 0.327945 0.000000
vt 0.330254 1.000000
vt 0.330254 0.000000
vt 0.332564 1.000000
vt 0.332564 0.000000
vt 0.334873 1.000000
vt 0.334873 0.000000
vt 0.337182 1.000000
vt 0.337182 0.000000
vt 0.339492 1.000000
vt 0.339492 0.000000
vt 0.341801 1.000000
vt 0.341801 0.000000
vt 0.344111 1.000000
vt 0.344111 0.000000
vt 0.346420 1.000000
vt 0.346420 0.000000
vt 0.348730 1.000000
vt 0.348730 0.000000
vt 0.351039 1.000000
vt 0.351039 0.000000
vt 0.353349 1.000000
vt 0.353349 0.000000
vt 0.355658 1.000000
vt 0.355658 0.000000
vt 0.357968 1.000000
vt 0.357968 0.000000
vt 0.360277 1.000000
vt 0.360277 0.000000
vt 0.362587 1.000000
vt 0.362587 0.000000
vt 0.364896 1.000000
vt 0.364896 0.000000
vt 0.367206 1.000000
vt 0.367206 0.000000
vt 0.369515 1.000000
vt 0.369515 0.000000
vt 0.371824 1.000000
vt 0.371824 0.000000
vt 0.374134 1.000000
vt 0.374134 0.000000
vt 0.376443 1.000000
vt 0.376443 0.000000
vt 0.378753 1.000000
vt 0.378753 0.000000
vt 0.381062 1.000000
vt 0.381062 0.000000
vt 0.383372 1.000000
vt 0.383372 0.000000
vt 0.385681 1.000000
vt 0.385681 0.000000
vt 0.387991 1.000000
vt 0.387991 0.000000
vt 0.390300 1.000000
vt 0.390300 0.000000
vt 0.392610 1.000000
vt 0.392610 0.000000
vt 0.394919 1.000000
vt 0.394919 0.000000
vt 0.397229 1.000000
vt 0.397229 0.000000
vt 0.399538 1.000000
vt 0.399538 0.000000
vt 0.401848 1.000000
vt 0.401848 0.000000
vt 0.404157 1.000000
vt 0.404157 0.000000
vt 0.406467 1.000000
vt 0.406467 0.000000
vt 0.408776 1.000000
vt 0.408776 0.000000
vt 0.411085 1.000000
vt 0.411085 0.000000
vt 0.413395 1.000000
vt 0.413395 0.000000
vt 0.415704 1.000000
vt 0.415704 0.000000
vt 0.418014 1.000000
vt 0.418014 0.000000
vt 0.420323 1.000000
vt 0.420323 0.000000
vt 0.422633 1.000000
vt 0.422633 0.000000
vt 0.424942 1.000000
vt 0.424942 0.000000
vt 0.427252 1.000000
vt 0.427252 0.000000
vt 0.429561 1.000000
vt 0.429561 0.000000
vt 0.431871 1.000000
vt 0.431871 0.000000
vt 0.434180 1.000000
vt 0.434180 0.000000
vt 0.436490 1.000000
vt 0.436490 0.000000
vt 0.438799 1.000000
vt 0.438799 0.000000
vt 0.441109 1.000000
vt 0.441109 0.000000
vt 0.443418 1.000000
vt 0.443418 0.000000
vt 0.445727 1.000000
vt 0.445727 0.000000
vt 0.448037 1.000000
vt 0.448037 0.000000
vt 0.450346 1.000000
vt 0.450346 0.000000
vt 0.452656 1.000000
vt 0.452656 0.000000
vt 0.454965 1.000000
vt 0.454965 0.000000
vt 0.457275 1.000000
vt 0.457275 0.000000
vt 0.459584 1.000000
vt 0.459584 0.000000
vt 0.461894 1.000000
vt 0.461894 0.000000
vt 0.464203 1.000000
vt 0.464203 0.000000
vt 0.466513 1.000000
vt 0.466513 0.000000
vt 0.468822 1.000000
vt 0.468822 0.000000
vt 0.471132 1.000000
vt 0.471132 0.000000
vt 0.473441 1.000000
vt 0.473441 0.000000
vt 0.475751 1.000000
vt 0.475751 0.000000
vt 0.478060 1.000000
vt 0.478060 0.000000
vt 0.480370 1.000000
vt 0.480370 0.000000
vt 0.482679 1.000000
vt 0.482679 0.000000
vt 0.484988 1.000000
vt 0.484988 0.000000
vt 0.487298 1.000000
vt 0.487298 0.000000
vt 0.489607 1.000000
vt 0.489607 0.000000
vt 0.491917 1.000000
vt 0.491917 0.000000
vt 0.494226 1.000000
vt 0.494226 0.000000
vt 0.496536 1.000000
vt 0.496536 0.000000
vt 0.498845 1.000000
vt 0.498845 0.000000
vt 0.501155 1.000000
vt 0.501155 0.000000
vt 0.503464 1.000000
vt 0.503464 0.000000
vt 0.505774 1.000000
vt 0.505774 0.000000
vt 0.508083 1.000000
vt 0.508083 0.000000
vt 0.510393 1.000000
vt 0.510393 0.000000
vt 0.512702 1.000000
vt 0.512702 0.000000
vt 0.515012 1.000000
vt 0.515012 0.000000
vt 0.517321 1.000000
vt 0.517321 0.000000
vt 0.519630 1.000000
vt 0.519630 0.000000
vt 0.521940 1.000000
vt 0.521940 0.000000
vt 0.524249 1.000000
vt 0.524249 0.000000
vt 0.526559 1.000000
vt 0.526559 0.000000
vt 0.528868 1.000000
vt 0.528868 0.000000
vt 0.531178 1.000000
vt 0.531178 0.000000
vt 0.533487 1.000000
vt 0.533487 0.000000
vt 0.535797 1.000000
vt 0.535797 0.000000
vt 0.538106 1.000000
vt 0.538106 0.000000
vt 0.540416 1.000000
vt 0.540416 0.000000
vt 0.542725 1.000000
vt 0.542725 0.000000
vt 0.545035 1.000000
vt 0.545035 0.000000
vt 0.547344 1.000000
vt 0.547344 0.000000
vt 0.549654 1.000000
vt 0.549654 0.000000
vt 0.551963 1.000000
vt 0.551963 0.000000
vt 0.554273 1.000000
vt 0.554273 0.000000
vt 0.556582 1.000000
vt 0.556582 0.000000
vt 0.558891 1.000000
vt 0.558891 0.000000
vt 0.561201 1.000000
vt 0.561201 0.000000
vt 0.563510 1.000000
vt 0.563510 0.000000
vt 0.565820 1.000000
vt 0.565820 0.000000
vt 0.568129 1.000000
vt 0.568129 0.000000
vt 0.570439 1.000000
vt 0.570439 0.000000
vt 0.572748 1.000000
vt 0.572748 0.000000
vt 0.575058 1.000000
vt 0.575058 0.000000
vt 0.577367 1.000000
vt 0.577367 0.000000
vt 0.579677 1.000000
vt 0.579677 0.000000
vt 0.581986 1.000000
vt 0.581986 0.000000
vt 0.584296 1.000000
vt 0.584296 0.000000
vt 0.586605 1.000000
vt 0.586605 0.000000
vt 0.588915 1.000000
vt 0.588915 0.000000
vt 0.591224 1.000000
vt 0.591224 0.000000
vt 0.593534 1.000000
vt 0.593534 0.000000
vt 0.595843 1.000000
vt 0.595843 0.000000
vt 0.598152 1.000000
vt 0.598152 0.000000
vt 0.600462 1.000000
vt 0.600462 0.000000
vt 0.602771 1.000000
vt 0.602771 0.000000
vt 0.605081 1.000000
vt 0.605081 0.000000
vt 0.607390 1.000000
vt 0.607390 0.000000
vt 0.609700 1.000000
vt 0.609700 0.000000
vt 0.612009 1.000000
vt 0.612009 0.000000
vt 0.614319 1.000000
vt 0.614319 0.000000
vt 0.616628 1.000000
vt 0.616628 0.000000
vt 0.618938 1.000000
vt 0.618938 0.000000
vt 0.621247 1.000000
vt 0.621247 0.000000
vt 0.623557 1.000000
vt 0.623557 0.000000
vt 0.625866 1.000000
vt 0.625866 0.000000
vt 0.628175 1.000000
vt 0.628175 0.000000
vt 0.630485 1.000000
vt 0.630485 0.000000
vt 0.632794 1.000000
vt 0.632794 0.000000
vt 0.635104 1.000000
vt 0.635104 0.000000
vt 0.637413 1.000000
vt 0.637413 0.000000
vt 0.639723 1.000000
vt 0.639723 0.000000
vt 0.642032 1.000000
vt 0.642032 0.000000
vt 0.644342 1.000000
vt 0.644342 0.000000
vt 0.646651 1.000000
vt 0.646651 0.000000
vt 0.648961 1.000000
vt 0.648961 0.000000
vt 0.651270 1.000000
vt 0.651270 0.000000
vt 0.653580 1.000000
vt 0.653580 0.000000
vt 0.655889 1.000000
vt 0.655889 0.000000
vt 0.658199 1.000000
vt 0.658199 0.000000
vt 0.660508 1.000000
vt 0.660508 0.000000
vt 0.662818 1.000000
vt 0.662818 0.000000
vt 0.665127 1.000000
vt 0.665127 0.000000
vt 0.667436 1.000000
vt 0.667436 0.000000
vt 0.669746 1.000000
vt 0.669746 0.000000
vt 0.672055 1.000000
vt 0.672055 0.000000
vt 0.674365 1.000000
vt 0.674365 0.000000
vt 0.676674 1.000000
vt 0.676674 0.000000
vt 0.678984 1.000000
vt 0.678984 0.000000
vt 0.681293 1.000000
vt 0.681293 0.000000
vt 0.683603 1.000000
vt 0.683603 0.000000
vt 0.685912 1.000000
vt 0.685912 0.000000
vt 0.688222 1.000000
vt 0.688222 0.000000
vt 0.690531 1.000000
vt 0.690531 0.000000
vt 0.692841 1.000000
vt 0.692841 0.000000
vt 0.695150 1.000000
vt 0.695150 0.000000
vt 0.697460 1.000000
vt 0.697460 0.000000
vt 0.699769 1.000000
vt 0.699769 0.000000
vt 0.702079 1.000000
vt 0.702079 0.000000
vt 0.704388 1.000000
vt 0.704388 0.000000
vt 0.706697 1.000000
vt 0.706697 0.000000
vt 0.709007 1.000000
vt 0.709007 0.000000
vt 0.711316 1.000000
vt 0.711316 0.000000
vt 0.713626 1.000000
vt 0.713626 0.000000
vt 0.715935 1.000000
vt 0.715935 0.000000
vt 0.718245 1.000000
vt 0.718245 0.000000
vt 0.720554 1.000000
vt 0.720554 0.000000
vt 0.722864 1.000000
vt 0.722864 0.000000
vt 0.725173 1.000000
vt 0.725173 0.000000
vt 0.727483 1.000000
vt 0.727483 0.000000
vt 0.729792 1.000000
vt 0.729792 0.000000
vt 0.732102 1.000000
vt 0.732102 0.000000
vt 0.734411 1.000000
vt 0.734411 0.000000
vt 0.736721 1.000000
vt 0.736721 0.000000
vt 0.739030 1.000000
vt 0.739030 0.000000
vt 0.741340 1.000000
vt 0.741340 0.000000
vt 0.743649 1.000000
vt 0.743649 0.000000
vt 0.745958 1.000000
vt 0.745958 0.000000
vt 0.748268 1.000000
vt 0.748268 0.000000
vt 0.750577 1.000000
vt 0.750577 0.000000
vt 0.752887 1.000000
vt 0.752887 0.000000
vt 0.755196 1.000000
vt 0.755196 0.000000
vt 0.757506 1.000000
vt 0.757506 0.000000
vt 0.759815 1.000000
vt 0.759815 0.000000
vt 0.762125 1.000000
vt 0.762125 0.000000
vt 0.764434 1.000000
vt 0.764434 0.000000
vt 0.766744 1.000000
vt 0.766744 0.000000
vt 0.769053 1.000000
vt 0.769053 0.000000
vt 0.771363 1.000000
vt 0.771363 0.000000
vt 0.773672 1.000000
vt 0.773672 0.000000
vt 0.775982 1.000000
vt 0.775982 0.000000
vt 0.778291 1.000000
vt 0.778291 0.000000
vt 0.780600 1.000000
vt 0.780600 0.000000
vt 0.782910 1.000000
vt 0.782910 0.000000
vt 0.785219 1.000000
vt 0.785219 0.000000
vt 0.787529 1.000000
vt 0.787529 0.000000
vt 0.789838 1.000000
vt 0.789838 0.000000
vt 0.792148 1.000000
vt 0.792148 0.000000
vt 0.794457 1.000000
vt 0.794457 0.000000
vt 0.796767 1.000000
vt 0.796767 0.000000
vt 0.799076 1.000000
vt 0.799076 0.000000
vt 0.801386 1.000000
vt 0.801386 0.000000
vt 0.803695 1.000000
vt 0.803695 0.000000
vt 0.806005 1.000000
vt 0.806005 0.000000
vt 0.808314 1.000000
vt 0.808314 0.000000
vt 0.810624 1.000000
vt 0.810624 0.000000
vt 0.812933 1.000000
vt 0.812933 0.000000
vt 0.815242 1.000000
vt 0.815242 0.000000
vt 0.817552 1.000000
vt 0.817552 0.000000
vt 0.819861 1.000000
vt 0.819861 0.000000
vt 0.822171 1.000000
vt 0.822171 0.000000
vt 0.824480 1.000000
vt 0.824480 0.000000
vt 0.826790 1.000000
vt 0.826790 0.000000
vt 0.829099 1.000000
vt 0.829099 0.000000
vt 0.831409 1.000000
vt 0.831409 0.000000
vt 0.833718 1.000000
vt 0.833718 0.000000
vt 0.836028 1.000000
vt 0.836028 0.000000
vt 0.838337 1.000000
vt 0.838337 0.000000
vt 0.840647 1.000000
vt 0.840647 0.000000
vt 0.842956 1.000000
vt 0.842956 0.000000
vt 0.845266 1.000000
vt 0.845266 0.000000
vt 0.847575 1.000000
vt 0.847575 0.000000
vt 0.849885 1.000000
vt 0.849885 0.000000
vt 0.852194 1.000000
vt 0.852194 0.000000
vt 0.854503 1.000000
vt 0.854503 0.000000
vt 0.856813 1.000000
vt 0.856813 0.000000
vt 0.859122 1.000000
vt 0.859122 0.000000
vt 0.861432 1.000000
vt 0.861432 0.000000
vt 0.863741 1.000000
vt 0.863741 0.000000
vt 0.866051 1.000000
vt 0.866051 0.000000
vt 0.868360 1.000000
vt 0.868360 0.000000
vt 0.870670 1.000000
vt 0.870670 0.000000
vt 0.872979 1.000000
vt 0.872979 0.000000
vt 0.875289 1.000000
vt 0.875289 0.000000
vt 0.877598 1.000000
vt 0.877598 0.000000
vt 0.879908 1.000000
vt 0.879908 0.000000
vt 0.882217 1.000000
vt 0.882217 0.000000
vt 0.884527 1.000000
vt 0.884527 0.000000
vt 0.886836 1.000000
vt 0.886836 0.000000
vt 0.889145 1.000000
vt 0.889145 0.000000
vt 0.891455 1.000000
vt 0.891455 0.000000
vt 0.893764 1.000000
vt 0.893764 0.000000
vt 0.896074 1.000000
vt 0.896074 0.000000
vt 0.898383 1.000000
vt 0.898383 0.000000
vt 0.900693 1.000000
vt 0.900693 0.000000
vt 0.903002 1.000000
vt 0.903002 0.000000
vt 0.905312 1.000000
vt 0.905312 0.000000
vt 0.907621 1.000000
vt 0.907621 0.000000
vt 0.909931 1.000000
vt 0.909931 0.000000
vt 0.912240 1.000000
vt 0.912240 0.000000
vt 0.914550 1.000000
vt 0.914550 0.000000
vt 0.916859 1.000000
vt 0.916859 0.000000
vt 0.919169 1.000000
vt 0.919169 0.000000
vt 0.921478 1.000000
vt 0.921478 0.000000
vt 0.923788 1.000000
vt 0.923788 0.000000
vt 0.926097 1.000000
vt 0.926097 0.000000
vt 0.928406 1.000000
vt 0.928406 0.000000
vt 0.930716 1.000000
vt 0.930716 0.000000
vt 0.933025 1.000000
vt 0.933025 0.000000
vt 0.935335 1.000000
vt 0.935335 0.000000
vt 0.937644 1.000000
vt 0.937644 0.000000
vt 0.939954 1.000000
vt 0.939954 0.000000
vt 0.942263 1.000000
vt 0.942263 0.000000
vt 0.944573 1.000000
vt 0.944573 0.000000
vt 0.946882 1.000000
vt 0.946882 0.000000
vt 0.949192 1.000000
vt 0.949192 0.000000
vt 0.951501 1.000000
vt 0.951501 0.000000
vt 0.953811 1.000000
vt 0.953811 0.000000
vt 0.956120 1.000000
vt 0.956120 0.000000
vt 0.958430 1.000000
vt 0.958430 0.000000
vt 0.960739 1.000000
vt 0.960739 0.000000
vt 0.963049 1.000000
vt 0.963049 0.000000
vt 0.965358 1.000000
vt 0.965358 0.000000
vt 0.967667 1.000000
vt 0.967667 0.000000
vt 0.969977 1.000000
vt 0.969977 0.000000
vt 0.972286 1.000000
vt 0.972286 0.000000
vt 0.974596 1.000000
vt 0.974596 0.000000
vt 0.976905 1.000000
vt 0.976905 0.000000
vt 0.979215 1.000000
vt 0.979215 0.000000
vt 0.981524 1.000000
vt 0.981524 0.000000
vt 0.983834 1.000000
vt 0.983834 0.000000
vt 0.986143 1.000000
vt 0.986143 0.000000
vt 0.988453 1.000000
vt 0.988453 0.000000
vt 0.990762 1.000000
vt 0.990762 0.000000
vt 0.993072 1.000000
vt 0.993072 0.000000
vt 0.995381 1.000000
vt 0.995381 0.000000
vt 0.997691 1.000000
vt 0.997691 0.000000
vt 0.008264 1.000000
vt 0.008264 0.000000
vt 0.016529 1.000000
vt 0.016529 0.000000
vt 0.024793 1.000000
vt 0.024793 0.000000
vt 0.033058 1.000000
vt 0.033058 0.000000
vt 0.041322 1.000000
vt 0.041322 0.000000
vt 0.049587 1.000000
vt 0.049587 0.000000
vt 0.057851 1.000000
vt 0.057851 0.000000
vt 0.066116 1.000000
vt 0.066116 0.000000
vt 0.074380 1.000000
vt 0.074380 0.000000
vt 0.082645 1.000000
vt 0.082645 0.000000
vt 0.090909 1.000000
vt 0.090909 0.000000
vt 0.099174 1.000000
vt 0.099174 0.000000
vt 0.107438 1.000000
vt 0.107438 0.000000
vt 0.115702 1.000000
vt 0.115702 0.000000
vt 0.123967 1.000000
vt 0.123967 0.000000
vt 0.132231 1.000000
vt 0.132231 0.000000
vt 0.140496 1.000000
vt 0.140496 0.000000
vt 0.148760 1.000000
vt 0.148760 0.000000
vt 0.157025 1.000000
vt 0.157025 0.000000
vt 0.165289 1.000000
vt 0.165289 0.000000
vt 0.173554 1.000000
vt 0.173554 0.000000
vt 0.181818 1.000000
vt 0.181818 0.000000
vt 0.190083 1.000000
vt 0.190083 0.000000
vt 0.198347 1.000000
vt 0.198347 0.000000
vt 0.206612 1.000000
vt 0.206612 0.000000
vt 0.214876 1.000000
vt 0.214876 0.000000
vt 0.223140 1.000000
vt 0.223140 0.000000
vt 0.231405 1.000000
vt 0.231405 0.000000
vt 0.239669 1.000000
vt 0.239669 0.000000
vt 0.247934 1.000000
vt 0.247934 0.000000
vt 0.256198 1.000000
vt 0.256198 0.000000
vt 0.264463 1.000000
vt 0.264463 0.000000
vt 0.272727 1.000000
vt 0.272727 0.000000
vt 0.280992 1.000000
vt 0.280992 0.000000
vt 0.289256 1.000000
vt 0.289256 0.000000
vt 0.297521 1.000000
vt 0.297521 0.000000
vt 0.305785 1.000000
vt 0.305785 0.000000
vt 0.314050 1.000000
vt 0.314050 0.000000
vt 0.322314 1.000000
vt 0.322314 0.000000
vt 0.330579 1.000000
vt 0.330579 0.000000
vt 0.338843 1.000000
vt 0.338843 0.000000
vt 0.347107 1.000000
vt 0.347107 0.000000
vt 0.355372 1.000000
vt 0.355372 0.000000
vt 0.363636 1.000000
vt 0.363636 0.000000
vt 0.371901 1.000000
vt 0.371901 0.000000
vt 0.380165 1.000000
vt 0.380165 0.000000
vt 0.388430 1.000000
vt 0.388430 0.000000
vt 0.396694 1.000000
vt 0.396694 0.000000
vt 0.404959 1.000000
vt 0.404959 0.000000
vt 0.413223 1.000000
vt 0.413223 0.000000
vt 0.421488 1.000000
vt 0.421488 0.000000
vt 0.429752 1.000000
vt 0.429752 0.000000
vt 0.438017 1.000000
vt 0.438017 0.000000
vt 0.446281 1.000000
vt 0.446281 0.000000
vt 0.454545 1.000000
vt 0.454545 0.000000
vt 0.462810 1.000000
vt 0.462810 0.000000
vt 0.471074 1.000000
vt 0.471074 0.000000
vt 0.479339 1.000000
vt 0.479339 0.000000
vt 0.487603 1.000000
vt 0.487603 0.000000
vt 0.495868 1.000000
vt 0.495868 0.000000
vt 0.504132 1.000000
vt 0.504132 0.000000
vt 0.512397 1.000000
vt 0.512397 0.000000
vt 0.520661 1.000000
vt 0.520661 0.000000
vt 0.528926 1.000000
vt 0.528926 0.000000
vt 0.537190 1.000000
vt 0.537190 0.000000
vt 0.545455 1.000000
vt 0.545455 0.000000
vt 0.553719 1.000000
vt 0.553719 0.000000
vt 0.561983 1.000000
vt 0.561983 0.000000
vt 0.570248 1.000000
vt 0.570248 0.000000
vt 0.578512 1.000000
vt 0.578512 0.000000
vt 0.586777 1.000000
vt 0.586777 0.000000
vt 0.595041 1.000000
vt 0.595041 0.000000
vt 0.603306 1.000000
vt 0.603306 0.000000
vt 0.611570 1.000000
vt 0.611570 0.000000
vt 0.619835 1.000000
vt 0.619835 0.000000
vt 0.628099 1.000000
vt 0.628099 0.000000
vt 0.636364 1.000000
vt 0.636364 0.000000
vt 0.644628 1.000000
vt 0.644628 0.000000
vt 0.652893 1.000000
vt 0.652893 0.000000
vt 0.661157 1.000000
vt 0.661157 0.000000
vt 0.669421 1.000000
vt 0.669421 0.000000
vt 0.677686 1.000000
vt 0.677686 0.000000
vt 0.685950 1.000000
vt 0.685950 0.000000
vt 0.694215 1.000000
vt 0.694215 0.000000
vt 0.702479 1.000000
vt 0.702479 0.000000
vt 0.710744 1.000000
vt 0.710744 0.000000
vt 0.719008 1.000000
vt 0.719008 0.000000
vt 0.727273 1.000000
vt 0.727273 0.000000
vt 0.735537 1.000000
vt 0.735537 0.000000
vt 0.743802 1.000000
vt 0.743802 0.000000
vt 0.752066 1.000000
vt 0.752066 0.000000
vt 0.760331 1.000000
vt 0.760331 0.000000
vt 0.768595 1.000000
vt 0.768595 0.000000
vt 0.776860 1.000000
vt 0.776860 0.000000
vt 0.785124 1.000000
vt 0.785124 0.000000
vt 0.793388 1.000000
vt 0.793388 0.000000
vt 0.801653 1.000000
vt 0.801653 0.000000
vt 0.809917 1.000000
vt 0.809917 0.000000
vt 0.818182 1.000000
vt 0.818182 0.000000
vt 0.826446 1.000000
vt 0.826446 0.000000
vt 0.834711 1.000000
vt 0.834711 0.000000
vt 0.842975 1.000000
vt 0.842975 0.000000
vt 0.851240 1.000000
vt 0.851240 0.000000
vt 0.859504 1.000000
vt 0.859504 0.000000
vt 0.867769 1.000000
vt 0.867769 0.000000
vt 0.876033 1.000000
vt 0.876033 0.000000
vt 0.884298 1.000000
vt 0.884298 0.000000
vt 0.892562 1.000000
vt 0.892562 0.000000
vt 0.900826 1.000000
vt 0.900826 0.000000
vt 0.909091 1.000000
vt 0.909091 0.000000
vt 0.917355 1.000000
vt 0.917355 0.000000
vt 0.925620 1.000000
vt 0.925620 0.000000
vt 0.933884 1.000000
vt 0.933884 0.000000
vt 0.942149 1.000000
vt 0.942149 0.000000
vt 0.950413 1.000000
vt 0.950413 0.000000
vt 0.958678 1.000000
vt 0.958678 0.000000
vt 0.966942 1.000000
vt 0.966942 0.000000
vt 0.975207 1.000000
vt 0.975207 0.000000
vt 0.983471 1.000000
vt 0.983471 0.000000
vt 0.991736 1.000000
vt 0.991736 0.000000
s 0
f 397/1/1 399/2/1 398/3/1
f 397/1/1 400/4/1 399/2/1
f 396/5/1 400/4/1 397/1/1
f 396/5/1 401/6/1 400/4/1
f 395/7/1 401/6/1 396/5/1
f 395/7/1 402/8/1 401/6/1
f 394/9/1 402/8/1 395/7/1
f 394/9/1 403/10/1 402/8/1
f 393/11/1 403/10/1 394/9/1
f 393/11/1 404/12/1 403/10/1
f 393/11/1 405/13/1 404/12/1
f 392/14/1 405/13/1 393/11/1
f 392/14/1 406/15/1 405/13/1
f 391/16/1 406/15/1 392/14/1
f 391/16/1 407/17/1 406/15/1
f 390/18/1 407/17/1 391/16/1
f 390/18/1 408/19/1 407/17/1
f 389/20/1 408/19/1 390/18/1
f 389/20/1 409/21/1 408/19/1
f 388/22/1 409/21/1 389/20/1
f 388/22/1 410/23/1 409/21/1
f 388/22/1 411/24/1 410/23/1
f 387/25/1 411/24/1 388/22/1
f 387/25/1 412/26/1 411/24/1
f 386/27/1 412/26/1 387/25/1
f 386/27/1 413/28/1 412/26/1
f 385/29/1 413/28/1 386/27/1
f 385/29/1 414/30/1 413/28/1
f 384/31/1 414/30/1 385/29/1
f 384/31/1 415/32/1 414/30/1
f 384/31/1 416/33/1 415/32/1
f 383/34/1 416/33/1 384/31/1
f 383/34/1 417/35/1 416/33/1
f 382/36/1 417/35/1 383/34/1
f 382/36/1 418/37/1 417/35/1
f 381/38/1 418/37/1 382/36/1
f 381/38/1 419/39/1 418/37/1
f 380/40/1 419/39/1 381/38/1
f 380/40/1 420/41/1 419/39/1
f 380/40/1 421/42/1 420/41/1
f 379/43/1 421/42/1 380/40/1
f 379/43/1 422/44/1 421/42/1
f 378/45/1 422/44/1 379/43/1
f 378/45/1 423/46/1 422/44/1
f 377/47/1 423/46/1 378/45/1
f 377/47/1 424/48/1 423/46/1
f 376/49/1 424/48/1 377/47/1
f 376/49/1 425/50/1 424/48/1
f 376/49/1 426/51/1 425/50/1
f 375/52/1 426/51/1 376/49/1
f 375/52/1 427/53/1 426/51/1
f 374/54/1 427/53/1 375/52/1
f 374/54/1 428/55/1 427/53/1
f 373/56/1 428/55/1 374/54/1
f 373/56/1 429/57/1 428/55/1
f 372/58/1 429/57/1 373/56/1
f 372/58/1 430/59/1 429/57/1
f 372/58/1 431/60/1 430/59/1
f 371/61/1 431/60/1 372/58/1
f 371/61/1 432/62/1 431/60/1
f 370/63/1 432/62/1 371/61/1
f 370/63/1 433/64/1 432/62/1
f 369/65/1 433/64/1 370/63/1
f 369/65/1 1/66/1 433/64/1
f 368/67/1 1/66/1 369/65/1
f 368/67/1 2/68/1 1/66/1
f 368/67/1 3/69/1 2/68/1
f 367/70/1 3/69/1 368/67/1
f 367/70/1 470/71/1 3/69/1
f 470/71/1 4/72/1 3/69/1
f 367/70/1 471/73/1 470/71/1
f 469/74/1 4/72/1 470/71/1
f 367/70/1 472/75/1 471/73/1
f 468/76/1 4/72/1 469/74/1
f 366/77/1 472/75/1 367/70/1
f 366/77/1 473/78/1 472/75/1
f 467/79/1 4/72/1 468/76/1
f 366/77/1 474/80/1 473/78/1
f 466/81/1 4/72/1 467/79/1
f 366/77/1 475/82/1 474/80/1
f 465/83/1 4/72/1 466/81/1
f 366/77/1 476/84/1 475/82/1
f 465/83/1 5/85/1 4/72/1
f 366/77/1 477/86/1 476/84/1
f 464/87/1 5/85/1 465/83/1
f 366/77/1 478/88/1 477/86/1
f 463/89/1 5/85/1 464/87/1
f 366/77/1 479/90/1 478/88/1
f 462/91/1 5/85/1 463/89/1
f 366/77/1 480/92/1 479/90/1
f 365/93/1 480/92/1 366/77/1
f 462/91/1 6/94/1 5/85/1
f 461/95/1 6/94/1 462/91/1
f 365/93/1 481/96/1 480/92/1
f 460/97/1 6/94/1 461/95/1
f 365/93/1 482/98/1 481/96/1
f 365/93/1 483/99/1 482/98/1
f 459/100/1 6/94/1 460/97/1
f 459/100/1 7/101/1 6/94/1
f 364/102/1 483/99/1 365/93/1
f 364/102/1 484/103/1 483/99/1
f 458/104/1 7/101/1 459/100/1
f 364/102/1 485/105/1 484/103/1
f 457/106/1 7/101/1 458/104/1
f 457/106/1 8/107/1 7/101/1
f 364/102/1 486/108/1 485/105/1
f 456/109/1 8/107/1 457/106/1
f 364/102/1 487/110/1 486/108/1
f 363/111/1 487/110/1 364/102/1
f 456/109/1 9/112/1 8/107/1
f 363/111/1 488/113/1 487/110/1
f 455/114/1 9/112/1 456/109/1
f 363/111/1 489/115/1 488/113/1
f 454/116/1 9/112/1 455/114/1
f 454/116/1 10/117/1 9/112/1
f 362/118/1 489/115/1 363/111/1
f 362/118/1 490/119/1 489/115/1
f 453/120/1 10/117/1 454/116/1
f 362/118/1 491/121/1 490/119/1
f 453/120/1 11/122/1 10/117/1
f 452/123/1 11/122/1 453/120/1
f 362/118/1 492/124/1 491/121/1
f 361/125/1 492/124/1 362/118/1
f 451/126/1 11/122/1 452/123/1
f 361/125/1 493/127/1 492/124/1
f 451/126/1 12/128/1 11/122/1
f 361/125/1 494/129/1 493/127/1
f 450/130/1 12/128/1 451/126/1
f 360/131/1 494/129/1 361/125/1
f 450/130/1 13/132/1 12/128/1
f 360/131/1 495/133/1 494/129/1
f 449/134/1 13/132/1 450/130/1
f 360/131/1 496/135/1 495/133/1
f 448/136/1 13/132/1 449/134/1
f 448/136/1 14/137/1 13/132/1
f 359/138/1 496/135/1 360/131/1
f 359/138/1 497/139/1 496/135/1
f 447/140/1 14/137/1 448/136/1
f 359/138/1 498/141/1 497/139/1
f 447/140/1 15/142/1 14/137/1
f 446/143/1 15/142/1 447/140/1
f 359/138/1 499/144/1 498/141/1
f 358/145/1 499/144/1 359/138/1
f 445/146/1 15/142/1 446/143/1
f 358/145/1 500/147/1 499/144/1
f 445/146/1 16/148/1 15/142/1
f 444/149/1 16/148/1 445/146/1
f 358/145/1 501/150/1 500/147/1
f 357/151/1 501/150/1 358/145/1
f 443/152/1 16/148/1 444/149/1
f 357/151/1 502/153/1 501/150/1
f 442/154/1 16/148/1 443/152/1
f 442/154/1 17/155/1 16/148/1
f 441/156/1 17/155/1 442/154/1
f 356/157/1 502/153/1 357/151/1
f 356/157/1 503/158/1 502/153/1
f 440/159/1 17/155/1 441/156/1
f 356/157/1 504/160/1 503/158/1
f 439/161/1 17/155/1 440/159/1
f 439/161/1 18/162/1 17/155/1
f 355/163/1 504/160/1 356/157/1
f 438/164/1 18/162/1 439/161/1
f 355/163/1 505/165/1 504/160/1
f 437/166/1 18/162/1 438/164/1
f 437/166/1 19/167/1 18/162/1
f 355/163/1 506/168/1 505/165/1
f 436/169/1 19/167/1 437/166/1
f 354/170/1 506/168/1 355/163/1
f 435/171/1 19/167/1 436/169/1
f 354/170/1 507/172/1 506/168/1
f 434/173/1 19/167/1 435/171/1
f 434/173/1 20/174/1 19/167/1
f 354/170/1 508/175/1 507/172/1
f 554/176/1 20/174/1 434/173/1
f 353/177/1 508/175/1 354/170/1
f 553/178/1 20/174/1 554/176/1
f 353/177/1 509/179/1 508/175/1
f 553/178/1 21/180/1 20/174/1
f 552/181/1 21/180/1 553/178/1
f 551/182/1 21/180/1 552/181/1
f 353/177/1 510/183/1 509/179/1
f 352/184/1 510/183/1 353/177/1
f 550/185/1 21/180/1 551/182/1
f 550/185/1 22/186/1 21/180/1
f 549/187/1 22/186/1 550/185/1
f 352/184/1 511/188/1 510/183/1
f 548/189/1 22/186/1 549/187/1
f 351/190/1 511/188/1 352/184/1
f 547/191/1 22/186/1 548/189/1
f 547/191/1 23/192/1 22/186/1
f 351/190/1 512/193/1 511/188/1
f 546/194/1 23/192/1 547/191/1
f 545/195/1 23/192/1 546/194/1
f 351/190/1 513/196/1 512/193/1
f 544/197/1 23/192/1 545/195/1
f 544/197/1 24/198/1 23/192/1
f 350/199/1 513/196/1 351/190/1
f 543/200/1 24/198/1 544/197/1
f 542/201/1 24/198/1 543/200/1
f 350/199/1 514/202/1 513/196/1
f 541/203/1 24/198/1 542/201/1
f 540/204/1 24/198/1 541/203/1
f 540/204/1 25/205/1 24/198/1
f 350/199/1 515/206/1 514/202/1
f 349/207/1 515/206/1 350/199/1
f 539/208/1 25/205/1 540/204/1
f 538/209/1 25/205/1 539/208/1
f 537/210/1 25/205/1 538/209/1
f 537/210/1 26/211/1 25/205/1
f 349/207/1 516/212/1 515/206/1
f 536/213/1 26/211/1 537/210/1
f 535/214/1 26/211/1 536/213/1
f 534/215/1 26/211/1 535/214/1
f 348/216/1 516/212/1 349/207/1
f 533/217/1 26/211/1 534/215/1
f 348/216/1 517/218/1 516/212/1
f 532/219/1 26/211/1 533/217/1
f 532/219/1 27/220/1 26/211/1
f 531/221/1 27/220/1 532/219/1
f 530/222/1 27/220/1 531/221/1
f 529/223/1 27/220/1 530/222/1
f 348/216/1 518/224/1 517/218/1
f 528/225/1 27/220/1 529/223/1
f 527/226/1 27/220/1 528/225/1
f 347/227/1 518/224/1 348/216/1
f 527/226/1 28/228/1 27/220/1
f 526/229/1 28/228/1 527/226/1
f 525/230/1 28/228/1 526/229/1
f 524/231/1 28/228/1 525/230/1
f 523/232/1 28/228/1 524/231/1
f 522/233/1 28/228/1 523/232/1
f 521/234/1 28/228/1 522/233/1
f 520/235/1 28/228/1 521/234/1
f 519/236/1 28/228/1 520/235/1
f 347/227/1 519/236/1 518/224/1
f 347/227/1 28/228/1 519/236/1
f 347/227/1 29/237/1 28/228/1
f 346/238/1 29/237/1 347/227/1
f 346/238/1 30/239/1 29/237/1
f 345/240/1 30/239/1 346/238/1
f 345/240/1 31/241/1 30/239/1
f 345/240/1 32/242/1 31/241/1
f 344/243/1 32/242/1 345/240/1
f 344/243/1 33/244/1 32/242/1
f 343/245/1 33/244/1 344/243/1
f 343/245/1 34/246/1 33/244/1
f 343/245/1 35/247/1 34/246/1
f 342/248/1 35/247/1 343/245/1
f 342/248/1 36/249/1 35/247/1
f 342/248/1 37/250/1 36/249/1
f 341/251/1 37/250/1 342/248/1
f 341/251/1 38/252/1 37/250/1
f 341/251/1 39/253/1 38/252/1
f 340/254/1 39/253/1 341/251/1
f 340/254/1 40/255/1 39/253/1
f 340/254/1 41/256/1 40/255/1
f 339/257/1 41/256/1 340/254/1
f 339/257/1 42/258/1 41/256/1
f 339/257/1 43/259/1 42/258/1
f 338/260/1 43/259/1 339/257/1
f 338/260/1 44/261/1 43/259/1
f 338/260/1 45/262/1 44/261/1
f 337/263/1 45/262/1 338/260/1
f 337/263/1 46/264/1 45/262/1
f 337/263/1 47/265/1 46/264/1
f 337/263/1 48/266/1 47/265/1
f 336/267/1 48/266/1 337/263/1
f 336/267/1 49/268/1 48/266/1
f 336/267/1 50/269/1 49/268/1
f 336/267/1 51/270/1 50/269/1
f 336/267/1 52/271/1 51/270/1
f 335/272/1 52/271/1 336/267/1
f 335/272/1 53/273/1 52/271/1
f 335/272/1 54/274/1 53/273/1
f 335/272/1 55/275/1 54/274/1
f 335/272/1 56/276/1 55/275/1
f 335/272/1 57/277/1 56/276/1
f 334/278/1 62/279/1 335/272/1
f 62/279/1 57/277/1 335/272/1
f 62/279/1 58/280/1 57/277/1
f 62/279/1 59/281/1 58/280/1
f 62/279/1 60/282/1 59/281/1
f 62/279/1 61/283/1 60/282/1
f 334/278/1 63/284/1 62/279/1
f 334/278/1 64/285/1 63/284/1
f 334/278/1 65/286/1 64/285/1
f 333/287/1 65/286/1 334/278/1
f 333/287/1 66/288/1 65/286/1
f 333/287/1 67/289/1 66/288/1
f 333/287/1 68/290/1 67/289/1
f 332/291/1 68/290/1 333/287/1
f 332/291/1 69/292/1 68/290/1
f 332/291/1 70/293/1 69/292/1
f 332/291/1 71/294/1 70/293/1
f 331/295/1 71/294/1 332/291/1
f 331/295/1 72/296/1 71/294/1
f 331/295/1 73/297/1 72/296/1
f 331/295/1 74/298/1 73/297/1
f 331/295/1 75/299/1 74/298/1
f 330/300/1 75/299/1 331/295/1
f 330/300/1 76/301/1 75/299/1
f 330/300/1 77/302/1 76/301/1
f 330/300/1 78/303/1 77/302/1
f 329/304/1 78/303/1 330/300/1
f 329/304/1 79/305/1 78/303/1
f 329/304/1 80/306/1 79/305/1
f 329/304/1 81/307/1 80/306/1
f 328/308/1 81/307/1 329/304/1
f 328/308/1 82/309/1 81/307/1
f 328/308/1 83/310/1 82/309/1
f 328/308/1 84/311/1 83/310/1
f 327/312/1 84/311/1 328/308/1
f 327/312/1 85/313/1 84/311/1
f 327/312/1 86/314/1 85/313/1
f 327/312/1 87/315/1 86/314/1
f 326/316/1 87/315/1 327/312/1
f 326/316/1 88/317/1 87/315/1
f 325/318/1 88/317/1 326/316/1
f 325/318/1 89/319/1 88/317/1
f 324/320/1 89/319/1 325/318/1
f 324/320/1 90/321/1 89/319/1
f 323/322/1 90/321/1 324/320/1
f 323/322/1 91/323/1 90/321/1
f 322/324/1 91/323/1 323/322/1
f 322/324/1 92/325/1 91/323/1
f 322/324/1 93/326/1 92/325/1
f 321/327/1 93/326/1 322/324/1
f 321/327/1 94/328/1 93/326/1
f 320/329/1 94/328/1 321/327/1
f 320/329/1 95/330/1 94/328/1
f 319/331/1 95/330/1 320/329/1
f 319/331/1 96/332/1 95/330/1
f 157/333/1 159/334/1 158/335/1
f 157/333/1 160/336/1 159/334/1
f 156/337/1 160/336/1 157/333/1
f 156/337/1 161/338/1 160/336/1
f 155/339/1 161/338/1 156/337/1
f 155/339/1 162/340/1 161/338/1
f 154/341/1 162/340/1 155/339/1
f 154/341/1 163/342/1 162/340/1
f 153/343/1 163/342/1 154/341/1
f 153/343/1 164/344/1 163/342/1
f 152/345/1 164/344/1 153/343/1
f 152/345/1 165/346/1 164/344/1
f 151/347/1 165/346/1 152/345/1
f 151/347/1 166/348/1 165/346/1
f 151/347/1 167/349/1 166/348/1
f 150/350/1 167/349/1 151/347/1
f 150/350/1 168/351/1 167/349/1
f 149/352/1 168/351/1 150/350/1
f 149/352/1 169/353/1 168/351/1
f 319/331/1 97/354/1 96/332/1
f 148/355/1 169/353/1 149/352/1
f 148/355/1 170/356/1 169/353/1
f 147/357/1 170/356/1 148/355/1
f 147/357/1 171/358/1 170/356/1
f 318/359/1 97/354/1 319/331/1
f 146/360/1 171/358/1 147/357/1
f 146/360/1 172/361/1 171/358/1
f 145/362/1 172/361/1 146/360/1
f 145/362/1 173/363/1 172/361/1
f 145/362/1 174/364/1 173/363/1
f 144/365/1 174/364/1 145/362/1
f 144/365/1 175/366/1 174/364/1
f 143/367/1 175/366/1 144/365/1
f 318/359/1 98/368/1 97/354/1
f 143/367/1 176/369/1 175/366/1
f 142/370/1 176/369/1 143/367/1
f 142/370/1 177/371/1 176/369/1
f 141/372/1 177/371/1 142/370/1
f 140/373/1 177/371/1 141/372/1
f 140/373/1 178/374/1 177/371/1
f 139/375/1 178/374/1 140/373/1
f 317/376/1 98/368/1 318/359/1
f 139/375/1 179/377/1 178/374/1
f 317/376/1 99/378/1 98/368/1
f 138/379/1 179/377/1 139/375/1
f 138/379/1 180/380/1 179/377/1
f 137/381/1 180/380/1 138/379/1
f 137/381/1 181/382/1 180/380/1
f 136/383/1 181/382/1 137/381/1
f 317/376/1 100/384/1 99/378/1
f 136/383/1 182/385/1 181/382/1
f 135/386/1 182/385/1 136/383/1
f 134/387/1 182/385/1 135/386/1
f 134/387/1 183/388/1 182/385/1
f 133/389/1 183/388/1 134/387/1
f 316/390/1 100/384/1 317/376/1
f 133/389/1 184/391/1 183/388/1
f 132/392/1 184/391/1 133/389/1
f 316/390/1 101/393/1 100/384/1
f 131/394/1 184/391/1 132/392/1
f 131/394/1 185/395/1 184/391/1
f 130/396/1 185/395/1 131/394/1
f 130/396/1 186/397/1 185/395/1
f 316/390/1 102/398/1 101/393/1
f 129/399/1 186/397/1 130/396/1
f 128/400/1 186/397/1 129/399/1
f 128/400/1 187/401/1 186/397/1
f 127/402/1 187/401/1 128/400/1
f 315/403/1 102/398/1 316/390/1
f 315/403/1 103/404/1 102/398/1
f 126/405/1 187/401/1 127/402/1
f 126/405/1 188/406/1 187/401/1
f 125/407/1 188/406/1 126/405/1
f 124/408/1 188/406/1 125/407/1
f 315/403/1 104/409/1 103/404/1
f 124/408/1 189/410/1 188/406/1
f 123/411/1 189/410/1 124/408/1
f 122/412/1 189/410/1 123/411/1
f 122/412/1 190/413/1 189/410/1
f 315/403/1 105/414/1 104/409/1
f 121/415/1 190/413/1 122/412/1
f 120/416/1 190/413/1 121/415/1
f 314/417/1 105/414/1 315/403/1
f 314/417/1 106/418/1 105/414/1
f 120/416/1 191/419/1 190/413/1
f 119/420/1 191/419/1 120/416/1
f 118/421/1 191/419/1 119/420/1
f 314/417/1 107/422/1 106/418/1
f 117/423/1 191/419/1 118/421/1
f 117/423/1 192/424/1 191/419/1
f 116/425/1 192/424/1 117/423/1
f 314/417/1 108/426/1 107/422/1
f 115/427/1 192/424/1 116/425/1
f 114/428/1 192/424/1 115/427/1
f 314/417/1 109/429/1 108/426/1
f 113/430/1 192/424/1 114/428/1
f 112/431/1 192/424/1 113/430/1
f 314/417/1 110/432/1 109/429/1
f 111/433/1 192/424/1 112/431/1
f 111/433/1 193/434/1 192/424/1
f 110/432/1 193/434/1 111/433/1
f 314/417/1 193/434/1 110/432/1
f 314/417/1 194/435/1 193/434/1
f 313/436/1 194/435/1 314/417/1
f 313/436/1 195/437/1 194/435/1
f 313/436/1 196/438/1 195/437/1
f 312/439/1 196/438/1 313/436/1
f 312/439/1 197/440/1 196/438/1
f 312/439/1 198/441/1 197/440/1
f 312/439/1 199/442/1 198/441/1
f 311/443/1 199/442/1 312/439/1
f 311/443/1 200/444/1 199/442/1
f 311/443/1 201/445/1 200/444/1
f 311/443/1 202/446/1 201/445/1
f 310/447/1 202/446/1 311/443/1
f 310/447/1 203/448/1 202/446/1
f 310/447/1 204/449/1 203/448/1
f 310/447/1 205/450/1 204/449/1
f 309/451/1 205/450/1 310/447/1
f 309/451/1 206/452/1 205/450/1
f 309/451/1 207/453/1 206/452/1
f 308/454/1 207/453/1 309/451/1
f 308/454/1 208/455/1 207/453/1
f 308/454/1 209/456/1 208/455/1
f 308/454/1 210/457/1 209/456/1
f 307/458/1 210/457/1 308/454/1
f 307/458/1 211/459/1 210/457/1
f 307/458/1 212/460/1 211/459/1
f 306/461/1 212/460/1 307/458/1
f 306/461/1 213/462/1 212/460/1
f 306/461/1 214/463/1 213/462/1
f 306/461/1 215/464/1 214/463/1
f 305/465/1 215/464/1 306/461/1
f 305/465/1 216/466/1 215/464/1
f 305/465/1 217/467/1 216/466/1
f 304/468/1 217/467/1 305/465/1
f 304/468/1 218/469/1 217/467/1
f 304/468/1 219/470/1 218/469/1
f 303/471/1 219/470/1 304/468/1
f 303/471/1 220/472/1 219/470/1
f 303/471/1 221/473/1 220/472/1
f 303/471/1 222/474/1 221/473/1
f 302/475/1 222/474/1 303/471/1
f 302/475/1 223/476/1 222/474/1
f 302/475/1 224/477/1 223/476/1
f 302/475/1 225/478/1 224/477/1
f 301/479/1 225/478/1 302/475/1
f 301/479/1 226/480/1 225/478/1
f 301/479/1 227/481/1 226/480/1
f 301/479/1 228/482/1 227/481/1
f 300/483/1 228/482/1 301/479/1
f 300/483/1 229/484/1 228/482/1
f 300/483/1 230/485/1 229/484/1
f 300/483/1 231/486/1 230/485/1
f 299/487/1 231/486/1 300/483/1
f 299/487/1 232/488/1 231/486/1
f 299/487/1 233/489/1 232/488/1
f 299/487/1 234/490/1 233/489/1
f 298/491/1 234/490/1 299/487/1
f 298/491/1 235/492/1 234/490/1
f 298/491/1 236/493/1 235/492/1
f 298/491/1 237/494/1 236/493/1
f 297/495/1 237/494/1 298/491/1
f 297/495/1 238/496/1 237/494/1
f 297/495/1 239/497/1 238/496/1
f 297/495/1 240/498/1 239/497/1
f 296/499/1 240/498/1 297/495/1
f 296/499/1 241/500/1 240/498/1
f 296/499/1 242/501/1 241/500/1
f 295/502/1 242/501/1 296/499/1
f 295/502/1 243/503/1 242/501/1
f 295/502/1 244/504/1 243/503/1
f 295/502/1 245/505/1 244/504/1
f 294/506/1 245/505/1 295/502/1
f 294/506/1 246/507/1 245/505/1
f 294/506/1 247/508/1 246/507/1
f 293/509/1 247/508/1 294/506/1
f 293/509/1 248/510/1 247/508/1
f 293/509/1 249/511/1 248/510/1
f 293/509/1 250/512/1 249/511/1
f 292/513/1 250/512/1 293/509/1
f 292/513/1 251/514/1 250/512/1
f 292/513/1 252/515/1 251/514/1
f 291/516/1 252/515/1 292/513/1
f 291/516/1 253/517/1 252/515/1
f 291/516/1 254/518/1 253/517/1
f 290/519/1 254/518/1 291/516/1
f 290/519/1 255/520/1 254/518/1
f 290/519/1 256/521/1 255/520/1
f 289/522/1 256/521/1 290/519/1
f 289/522/1 257/523/1 256/521/1
f 289/522/1 258/524/1 257/523/1
f 288/525/1 258/524/1 289/522/1
f 288/525/1 259/526/1 258/524/1
f 288/525/1 260/527/1 259/526/1
f 287/528/1 260/527/1 288/525/1
f 287/528/1 261/529/1 260/527/1
f 287/528/1 262/530/1 261/529/1
f 286/531/1 262/530/1 287/528/1
f 286/531/1 263/532/1 262/530/1
f 286/531/1 264/533/1 263/532/1
f 285/534/1 264/533/1 286/531/1
f 285/534/1 265/535/1 264/533/1
f 285/534/1 266/536/1 265/535/1
f 284/537/1 266/536/1 285/534/1
f 284/537/1 267/538/1 266/536/1
f 284/537/1 268/539/1 267/538/1
f 283/540/1 268/539/1 284/537/1
f 283/540/1 269/541/1 268/539/1
f 283/540/1 270/542/1 269/541/1
f 282/543/1 270/542/1 283/540/1
f 282/543/1 271/544/1 270/542/1
f 281/545/1 271/544/1 282/543/1
f 281/545/1 272/546/1 271/544/1
f 281/545/1 273/547/1 272/546/1
f 280/548/1 273/547/1 281/545/1
f 280/548/1 274/549/1 273/547/1
f 280/548/1 275/550/1 274/549/1
f 279/551/1 275/550/1 280/548/1
f 279/551/1 276/552/1 275/550/1
f 279/551/1 277/553/1 276/552/1
f 278/554/1 277/553/1 279/551/1
f 1190/555/1 1192/556/1 1191/557/1
f 1190/555/1 1193/558/1 1192/556/1
f 1190/555/1 1194/559/1 1193/558/1
f 1189/560/1 1194/559/1 1190/555/1
f 1189/560/1 1195/561/1 1194/559/1
f 1189/560/1 1196/562/1 1195/561/1
f 1188/563/1 1196/562/1 1189/560/1
f 1188/563/1 1197/564/1 1196/562/1
f 1188/563/1 1198/565/1 1197/564/1
f 1187/566/1 1198/565/1 1188/563/1
f 1187/566/1 1199/567/1 1198/565/1
f 1187/566/1 1200/568/1 1199/567/1
f 1186/569/1 1200/568/1 1187/566/1
f 1186/569/1 1201/570/1 1200/568/1
f 1186/569/1 1202/571/1 1201/570/1
f 1185/572/1 1202/571/1 1186/569/1
f 1185/572/1 1203/573/1 1202/571/1
f 1185/572/1 1204/574/1 1203/573/1
f 1184/575/1 1204/574/1 1185/572/1
f 1184/575/1 1205/576/1 1204/574/1
f 1184/575/1 1206/577/1 1205/576/1
f 1184/575/1 1207/578/1 1206/577/1
f 1183/579/1 1207/578/1 1184/575/1
f 1183/579/1 1208/580/1 1207/578/1
f 1183/579/1 1209/581/1 1208/580/1
f 1182/582/1 1209/581/1 1183/579/1
f 1182/582/1 1210/583/1 1209/581/1
f 1182/582/1 1211/584/1 1210/583/1
f 1181/585/1 1211/584/1 1182/582/1
f 1181/585/1 1212/586/1 1211/584/1
f 1181/585/1 1213/587/1 1212/586/1
f 1181/585/1 1214/588/1 1213/587/1
f 1180/589/1 1214/588/1 1181/585/1
f 1180/589/1 1215/590/1 1214/588/1
f 1180/589/1 1216/591/1 1215/590/1
f 1179/592/1 1216/591/1 1180/589/1
f 1179/592/1 1217/593/1 1216/591/1
f 1179/592/1 1218/594/1 1217/593/1
f 1179/592/1 1219/595/1 1218/594/1
f 1178/596/1 1219/595/1 1179/592/1
f 1178/596/1 1220/597/1 1219/595/1
f 1178/596/1 1221/598/1 1220/597/1
f 1178/596/1 1222/599/1 1221/598/1
f 1177/600/1 1222/599/1 1178/596/1
f 1177/600/1 1223/601/1 1222/599/1
f 1177/600/1 1224/602/1 1223/601/1
f 1176/603/1 1224/602/1 1177/600/1
f 1176/603/1 1225/604/1 1224/602/1
f 1176/603/1 1226/605/1 1225/604/1
f 1176/603/1 1227/606/1 1226/605/1
f 1175/607/1 1227/606/1 1176/603/1
f 1175/607/1 1228/608/1 1227/606/1
f 1175/607/1 1229/609/1 1228/608/1
f 1175/607/1 1230/610/1 1229/609/1
f 1174/611/1 1230/610/1 1175/607/1
f 1174/611/1 1231/612/1 1230/610/1
f 1174/611/1 1232/613/1 1231/612/1
f 1174/611/1 1233/614/1 1232/613/1
f 1173/615/1 1233/614/1 1174/611/1
f 1173/615/1 1234/616/1 1233/614/1
f 1173/615/1 1235/617/1 1234/616/1
f 1173/615/1 1236/618/1 1235/617/1
f 1172/619/1 1236/618/1 1173/615/1
f 1172/619/1 1237/620/1 1236/618/1
f 1172/619/1 1238/176/1 1237/620/1
f 1172/619/1 555/66/1 1238/176/1
f 1172/619/1 556/621/1 555/66/1
f 1171/622/1 556/621/1 1172/619/1
f 1171/622/1 557/623/1 556/621/1
f 1171/622/1 558/624/1 557/623/1
f 1171/622/1 559/625/1 558/624/1
f 1170/626/1 559/625/1 1171/622/1
f 1170/626/1 560/627/1 559/625/1
f 1170/626/1 561/628/1 560/627/1
f 1169/629/1 561/628/1 1170/626/1
f 1169/629/1 562/630/1 561/628/1
f 1169/629/1 563/631/1 562/630/1
f 1169/629/1 564/632/1 563/631/1
f 1168/633/1 564/632/1 1169/629/1
f 1168/633/1 565/634/1 564/632/1
f 1168/633/1 566/635/1 565/634/1
f 1167/636/1 566/635/1 1168/633/1
f 1167/636/1 567/637/1 566/635/1
f 1167/636/1 568/638/1 567/637/1
f 1166/639/1 568/638/1 1167/636/1
f 1166/639/1 569/640/1 568/638/1
f 1166/639/1 570/641/1 569/640/1
f 1166/639/1 571/642/1 570/641/1
f 1165/643/1 571/642/1 1166/639/1
f 1165/643/1 572/644/1 571/642/1
f 1165/643/1 573/645/1 572/644/1
f 1165/643/1 574/646/1 573/645/1
f 1164/647/1 574/646/1 1165/643/1
f 1164/647/1 575/648/1 574/646/1
f 1164/647/1 576/649/1 575/648/1
f 1163/650/1 576/649/1 1164/647/1
f 1163/650/1 577/651/1 576/649/1
f 1163/650/1 578/652/1 577/651/1
f 1163/650/1 579/653/1 578/652/1
f 1162/654/1 579/653/1 1163/650/1
f 1162/654/1 580/655/1 579/653/1
f 1162/654/1 581/656/1 580/655/1
f 1161/657/1 581/656/1 1162/654/1
f 1161/657/1 582/658/1 581/656/1
f 1161/657/1 583/659/1 582/658/1
f 1160/660/1 583/659/1 1161/657/1
f 1160/660/1 584/661/1 583/659/1
f 1160/660/1 585/662/1 584/661/1
f 1159/663/1 585/662/1 1160/660/1
f 1159/663/1 586/664/1 585/662/1
f 1159/663/1 587/665/1 586/664/1
f 1159/663/1 588/666/1 587/665/1
f 1158/667/1 588/666/1 1159/663/1
f 1158/667/1 589/668/1 588/666/1
f 1158/667/1 590/669/1 589/668/1
f 1157/670/1 664/671/1 1158/667/1
f 664/671/1 590/669/1 1158/667/1
f 664/671/1 663/672/1 590/669/1
f 663/672/1 591/673/1 590/669/1
f 662/674/1 591/673/1 663/672/1
f 1157/670/1 665/675/1 664/671/1
f 661/676/1 591/673/1 662/674/1
f 1157/670/1 666/677/1 665/675/1
f 660/678/1 591/673/1 661/676/1
f 1157/670/1 667/679/1 666/677/1
f 659/680/1 591/673/1 660/678/1
f 1157/670/1 668/681/1 667/679/1
f 658/682/1 591/673/1 659/680/1
f 658/682/1 592/683/1 591/673/1
f 1157/670/1 669/684/1 668/681/1
f 657/685/1 592/683/1 658/682/1
f 1157/670/1 670/686/1 669/684/1
f 656/687/1 592/683/1 657/685/1
f 1157/670/1 671/688/1 670/686/1
f 655/689/1 592/683/1 656/687/1
f 1157/670/1 672/690/1 671/688/1
f 654/691/1 592/683/1 655/689/1
f 654/691/1 593/692/1 592/683/1
f 1157/670/1 673/693/1 672/690/1
f 653/694/1 593/692/1 654/691/1
f 1156/695/1 673/693/1 1157/670/1
f 1156/695/1 674/696/1 673/693/1
f 652/697/1 593/692/1 653/694/1
f 1156/695/1 675/698/1 674/696/1
f 651/699/1 593/692/1 652/697/1
f 651/699/1 594/700/1 593/692/1
f 1156/695/1 676/701/1 675/698/1
f 650/702/1 594/700/1 651/699/1
f 649/703/1 594/700/1 650/702/1
f 1156/695/1 677/704/1 676/701/1
f 648/705/1 594/700/1 649/703/1
f 1156/695/1 678/706/1 677/704/1
f 648/705/1 595/707/1 594/700/1
f 647/708/1 595/707/1 648/705/1
f 1156/695/1 679/709/1 678/706/1
f 1155/710/1 679/709/1 1156/695/1
f 646/711/1 595/707/1 647/708/1
f 1155/710/1 680/712/1 679/709/1
f 646/711/1 596/713/1 595/707/1
f 645/714/1 596/713/1 646/711/1
f 1155/710/1 681/715/1 680/712/1
f 644/716/1 596/713/1 645/714/1
f 1155/710/1 682/717/1 681/715/1
f 644/716/1 597/718/1 596/713/1
f 643/719/1 597/718/1 644/716/1
f 1155/710/1 683/720/1 682/717/1
f 642/721/1 597/718/1 643/719/1
f 642/721/1 598/722/1 597/718/1
f 1155/710/1 684/723/1 683/720/1
f 641/724/1 598/722/1 642/721/1
f 1154/725/1 684/723/1 1155/710/1
f 640/726/1 598/722/1 641/724/1
f 1154/725/1 685/727/1 684/723/1
f 640/726/1 599/728/1 598/722/1
f 639/729/1 599/728/1 640/726/1
f 1154/725/1 686/730/1 685/727/1
f 638/731/1 599/728/1 639/729/1
f 638/731/1 600/732/1 599/728/1
f 1154/725/1 687/733/1 686/730/1
f 637/734/1 600/732/1 638/731/1
f 636/735/1 600/732/1 637/734/1
f 636/735/1 601/736/1 600/732/1
f 1154/725/1 688/737/1 687/733/1
f 635/738/1 601/736/1 636/735/1
f 1153/739/1 688/737/1 1154/725/1
f 1153/739/1 689/740/1 688/737/1
f 635/738/1 602/741/1 601/736/1
f 634/742/1 602/741/1 635/738/1
f 633/743/1 602/741/1 634/742/1
f 1153/739/1 690/744/1 689/740/1
f 633/743/1 603/745/1 602/741/1
f 632/746/1 603/745/1 633/743/1
f 1153/739/1 691/747/1 690/744/1
f 631/748/1 603/745/1 632/746/1
f 631/748/1 604/749/1 603/745/1
f 630/750/1 604/749/1 631/748/1
f 1153/739/1 692/751/1 691/747/1
f 630/750/1 605/752/1 604/749/1
f 1152/753/1 692/751/1 1153/739/1
f 629/754/1 605/752/1 630/750/1
f 628/755/1 605/752/1 629/754/1
f 1152/753/1 693/756/1 692/751/1
f 628/755/1 606/757/1 605/752/1
f 627/758/1 606/757/1 628/755/1
f 627/758/1 607/759/1 606/757/1
f 1152/753/1 694/760/1 693/756/1
f 626/761/1 607/759/1 627/758/1
f 625/762/1 607/759/1 626/761/1
f 625/762/1 608/763/1 607/759/1
f 624/764/1 608/763/1 625/762/1
f 1152/753/1 695/765/1 694/760/1
f 624/764/1 609/766/1 608/763/1
f 623/767/1 609/766/1 624/764/1
f 623/767/1 610/768/1 609/766/1
f 622/769/1 610/768/1 623/767/1
f 1151/770/1 695/765/1 1152/753/1
f 1151/770/1 696/771/1 695/765/1
f 621/772/1 610/768/1 622/769/1
f 621/772/1 611/773/1 610/768/1
f 620/774/1 611/773/1 621/772/1
f 620/774/1 612/775/1 611/773/1
f 619/776/1 612/775/1 620/774/1
f 619/776/1 613/777/1 612/775/1
f 618/778/1 613/777/1 619/776/1
f 617/779/1 613/777/1 618/778/1
f 617/779/1 614/780/1 613/777/1
f 616/781/1 614/780/1 617/779/1
f 1151/770/1 697/782/1 696/771/1
f 616/781/1 615/783/1 614/780/1
f 1151/770/1 698/784/1 697/782/1
f 1151/770/1 699/785/1 698/784/1
f 1150/786/1 699/785/1 1151/770/1
f 1150/786/1 700/787/1 699/785/1
f 1150/786/1 701/788/1 700/787/1
f 1150/786/1 702/789/1 701/788/1
f 1149/790/1 702/789/1 1150/786/1
f 1149/790/1 703/791/1 702/789/1
f 1149/790/1 704/792/1 703/791/1
f 1149/790/1 705/793/1 704/792/1
f 1148/794/1 705/793/1 1149/790/1
f 1148/794/1 706/795/1 705/793/1
f 1148/794/1 707/796/1 706/795/1
f 1148/794/1 708/797/1 707/796/1
f 1147/798/1 708/797/1 1148/794/1
f 1147/798/1 709/799/1 708/797/1
f 1147/798/1 710/800/1 709/799/1
f 1146/801/1 710/800/1 1147/798/1
f 1146/801/1 711/802/1 710/800/1
f 1146/801/1 712/803/1 711/802/1
f 1146/801/1 713/804/1 712/803/1
f 1145/805/1 713/804/1 1146/801/1
f 1145/805/1 714/806/1 713/804/1
f 1145/805/1 715/807/1 714/806/1
f 1144/808/1 715/807/1 1145/805/1
f 1144/808/1 716/809/1 715/807/1
f 1144/808/1 717/810/1 716/809/1
f 1144/808/1 718/811/1 717/810/1
f 1143/812/1 718/811/1 1144/808/1
f 1143/812/1 719/813/1 718/811/1
f 1143/812/1 720/814/1 719/813/1
f 1143/812/1 721/815/1 720/814/1
f 1142/816/1 721/815/1 1143/812/1
f 1142/816/1 722/817/1 721/815/1
f 1142/816/1 723/818/1 722/817/1
f 1142/816/1 724/819/1 723/818/1
f 1141/820/1 724/819/1 1142/816/1
f 1141/820/1 725/821/1 724/819/1
f 1141/820/1 726/822/1 725/821/1
f 1141/820/1 727/823/1 726/822/1
f 1140/824/1 727/823/1 1141/820/1
f 1140/824/1 728/825/1 727/823/1
f 1140/824/1 729/826/1 728/825/1
f 1140/824/1 730/827/1 729/826/1
f 1139/828/1 730/827/1 1140/824/1
f 1139/828/1 731/829/1 730/827/1
f 1139/828/1 732/830/1 731/829/1
f 1139/828/1 733/831/1 732/830/1
f 1138/832/1 733/831/1 1139/828/1
f 1138/832/1 734/833/1 733/831/1
f 1138/832/1 735/834/1 734/833/1
f 1138/832/1 736/835/1 735/834/1
f 1137/836/1 736/835/1 1138/832/1
f 1137/836/1 737/837/1 736/835/1
f 1137/836/1 738/838/1 737/837/1
f 1137/836/1 739/839/1 738/838/1
f 1136/840/1 739/839/1 1137/836/1
f 1136/840/1 740/841/1 739/839/1
f 1136/840/1 741/842/1 740/841/1
f 1135/843/1 741/842/1 1136/840/1
f 1135/843/1 742/844/1 741/842/1
f 1135/843/1 743/845/1 742/844/1
f 1135/843/1 744/846/1 743/845/1
f 1134/847/1 744/846/1 1135/843/1
f 1134/847/1 745/848/1 744/846/1
f 1134/847/1 746/849/1 745/848/1
f 1134/847/1 747/850/1 746/849/1
f 1133/851/1 747/850/1 1134/847/1
f 1133/851/1 748/852/1 747/850/1
f 1133/851/1 749/853/1 748/852/1
f 1132/854/1 749/853/1 1133/851/1
f 1132/854/1 750/855/1 749/853/1
f 1132/854/1 751/856/1 750/855/1
f 1131/857/1 751/856/1 1132/854/1
f 1131/857/1 752/858/1 751/856/1
f 1131/857/1 753/859/1 752/858/1
f 1130/860/1 753/859/1 1131/857/1
f 1130/860/1 754/861/1 753/859/1
f 1130/860/1 755/862/1 754/861/1
f 1129/863/1 755/862/1 1130/860/1
f 1129/863/1 756/864/1 755/862/1
f 1128/865/1 756/864/1 1129/863/1
f 1128/865/1 757/866/1 756/864/1
f 1128/865/1 758/867/1 757/866/1
f 1127/868/1 758/867/1 1128/865/1
f 1127/868/1 759/869/1 758/867/1
f 1126/870/1 759/869/1 1127/868/1
f 1126/870/1 760/871/1 759/869/1
f 1125/872/1 760/871/1 1126/870/1
f 1125/872/1 761/873/1 760/871/1
f 1124/874/1 761/873/1 1125/872/1
f 1124/874/1 762/875/1 761/873/1
f 1123/876/1 762/875/1 1124/874/1
f 1123/876/1 763/877/1 762/875/1
f 1122/878/1 763/877/1 1123/876/1
f 1122/878/1 764/879/1 763/877/1
f 1121/880/1 764/879/1 1122/878/1
f 1121/880/1 765/881/1 764/879/1
f 1120/882/1 765/881/1 1121/880/1
f 1120/882/1 766/883/1 765/881/1
f 1119/884/1 766/883/1 1120/882/1
f 1119/884/1 767/885/1 766/883/1
f 1118/886/1 767/885/1 1119/884/1
f 1118/886/1 768/887/1 767/885/1
f 1117/888/1 768/887/1 1118/886/1
f 1116/889/1 768/887/1 1117/888/1
f 1116/889/1 769/890/1 768/887/1
f 1115/891/1 769/890/1 1116/889/1
f 1115/891/1 770/892/1 769/890/1
f 1114/893/1 770/892/1 1115/891/1
f 1113/894/1 770/892/1 1114/893/1
f 1113/894/1 771/895/1 770/892/1
f 1112/896/1 771/895/1 1113/894/1
f 1111/897/1 771/895/1 1112/896/1
f 1111/897/1 772/898/1 771/895/1
f 1110/899/1 772/898/1 1111/897/1
f 1110/899/1 773/900/1 772/898/1
f 1109/901/1 773/900/1 1110/899/1
f 1108/902/1 773/900/1 1109/901/1
f 1107/903/1 773/900/1 1108/902/1
f 1107/903/1 774/904/1 773/900/1
f 1106/905/1 774/904/1 1107/903/1
f 1105/906/1 774/904/1 1106/905/1
f 1105/906/1 775/907/1 774/904/1
f 1104/908/1 775/907/1 1105/906/1
f 1103/909/1 775/907/1 1104/908/1
f 1103/909/1 776/910/1 775/907/1
f 1102/911/1 776/910/1 1103/909/1
f 1101/912/1 776/910/1 1102/911/1
f 1100/913/1 776/910/1 1101/912/1
f 1100/913/1 777/914/1 776/910/1
f 1099/915/1 777/914/1 1100/913/1
f 1098/916/1 777/914/1 1099/915/1
f 1097/917/1 777/914/1 1098/916/1
f 1097/917/1 778/918/1 777/914/1
f 1096/919/1 778/918/1 1097/917/1
f 1095/920/1 778/918/1 1096/919/1
f 1094/921/1 778/918/1 1095/920/1
f 1094/921/1 779/922/1 778/918/1
f 1093/923/1 779/922/1 1094/921/1
f 1092/924/1 779/922/1 1093/923/1
f 1091/925/1 779/922/1 1092/924/1
f 1091/925/1 780/926/1 779/922/1
f 1090/927/1 780/926/1 1091/925/1
f 1089/928/1 780/926/1 1090/927/1
f 1088/929/1 780/926/1 1089/928/1
f 1088/929/1 781/930/1 780/926/1
f 1087/931/1 781/930/1 1088/929/1
f 1086/932/1 781/930/1 1087/931/1
f 1086/932/1 782/933/1 781/930/1
f 1085/934/1 782/933/1 1086/932/1
f 1084/935/1 782/933/1 1085/934/1
f 1083/936/1 782/933/1 1084/935/1
f 1083/936/1 783/937/1 782/933/1
f 1082/938/1 783/937/1 1083/936/1
f 1081/939/1 783/937/1 1082/938/1
f 1080/940/1 783/937/1 1081/939/1
f 1080/940/1 784/941/1 783/937/1
f 1079/942/1 784/941/1 1080/940/1
f 1078/943/1 784/941/1 1079/942/1
f 1077/944/1 784/941/1 1078/943/1
f 1077/944/1 785/945/1 784/941/1
f 1076/946/1 785/945/1 1077/944/1
f 1075/947/1 785/945/1 1076/946/1
f 1075/947/1 786/948/1 785/945/1
f 1074/949/1 786/948/1 1075/947/1
f 1073/950/1 786/948/1 1074/949/1
f 1072/951/1 786/948/1 1073/950/1
f 1072/951/1 787/952/1 786/948/1
f 1071/953/1 787/952/1 1072/951/1
f 1070/954/1 787/952/1 1071/953/1
f 1070/954/1 788/955/1 787/952/1
f 1069/956/1 788/955/1 1070/954/1
f 1068/957/1 788/955/1 1069/956/1
f 1067/958/1 788/955/1 1068/957/1
f 1067/958/1 789/959/1 788/955/1
f 1066/960/1 789/959/1 1067/958/1
f 1065/961/1 789/959/1 1066/960/1
f 1064/962/1 789/959/1 1065/961/1
f 1064/962/1 790/963/1 789/959/1
f 1063/964/1 790/963/1 1064/962/1
f 1062/965/1 790/963/1 1063/964/1
f 1061/966/1 790/963/1 1062/965/1
f 1061/966/1 791/967/1 790/963/1
f 1060/968/1 791/967/1 1061/966/1
f 1059/969/1 791/967/1 1060/968/1
f 974/970/1 976/971/1 975/972/1
f 973/973/1 976/971/1 974/970/1
f 973/973/1 977/974/1 976/971/1
f 972/975/1 977/974/1 973/973/1
f 972/975/1 978/976/1 977/974/1
f 971/977/1 978/976/1 972/975/1
f 971/977/1 979/978/1 978/976/1
f 970/979/1 979/978/1 971/977/1
f 970/979/1 980/980/1 979/978/1
f 969/981/1 980/980/1 970/979/1
f 969/981/1 981/982/1 980/980/1
f 968/983/1 981/982/1 969/981/1
f 967/984/1 981/982/1 968/983/1
f 967/984/1 982/985/1 981/982/1
f 1058/986/1 791/967/1 1059/969/1
f 966/987/1 982/985/1 967/984/1
f 966/987/1 983/988/1 982/985/1
f 965/989/1 983/988/1 966/987/1
f 1058/986/1 792/990/1 791/967/1
f 965/989/1 984/991/1 983/988/1
f 964/992/1 984/991/1 965/989/1
f 1057/993/1 792/990/1 1058/986/1
f 964/992/1 985/994/1 984/991/1
f 963/995/1 985/994/1 964/992/1
f 963/995/1 986/996/1 985/994/1
f 962/997/1 986/996/1 963/995/1
f 961/998/1 986/996/1 962/997/1
f 961/998/1 987/999/1 986/996/1
f 1056/1000/1 792/990/1 1057/993/1
f 960/1001/1 987/999/1 961/998/1
f 960/1001/1 988/1002/1 987/999/1
f 959/1003/1 988/1002/1 960/1001/1
f 1055/1004/1 792/990/1 1056/1000/1
f 959/1003/1 989/1005/1 988/1002/1
f 958/1006/1 989/1005/1 959/1003/1
f 958/1006/1 990/1007/1 989/1005/1
f 1055/1004/1 793/1008/1 792/990/1
f 957/1009/1 990/1007/1 958/1006/1
f 1054/1010/1 793/1008/1 1055/1004/1
f 957/1009/1 991/1011/1 990/1007/1
f 956/1012/1 991/1011/1 957/1009/1
f 956/1012/1 992/1013/1 991/1011/1
f 955/1014/1 992/1013/1 956/1012/1
f 1053/1015/1 793/1008/1 1054/1010/1
f 954/1016/1 992/1013/1 955/1014/1
f 954/1016/1 993/1017/1 992/1013/1
f 1052/1018/1 793/1008/1 1053/1015/1
f 953/1019/1 993/1017/1 954/1016/1
f 953/1019/1 994/1020/1 993/1017/1
f 952/1021/1 994/1020/1 953/1019/1
f 952/1021/1 995/1022/1 994/1020/1
f 1051/1023/1 793/1008/1 1052/1018/1
f 1051/1023/1 794/1024/1 793/1008/1
f 951/1025/1 995/1022/1 952/1021/1
f 951/1025/1 996/1026/1 995/1022/1
f 1050/1027/1 794/1024/1 1051/1023/1
f 950/1028/1 996/1026/1 951/1025/1
f 950/1028/1 997/1029/1 996/1026/1
f 1049/1030/1 794/1024/1 1050/1027/1
f 949/1031/1 997/1029/1 950/1028/1
f 949/1031/1 998/1032/1 997/1029/1
f 948/1033/1 998/1032/1 949/1031/1
f 948/1033/1 999/1034/1 998/1032/1
f 1048/1035/1 794/1024/1 1049/1030/1
f 947/1036/1 999/1034/1 948/1033/1
f 947/1036/1 1000/1037/1 999/1034/1
f 1048/1035/1 795/1038/1 794/1024/1
f 1047/1039/1 795/1038/1 1048/1035/1
f 946/1040/1 1000/1037/1 947/1036/1
f 946/1040/1 1001/1041/1 1000/1037/1
f 1046/1042/1 795/1038/1 1047/1039/1
f 945/1043/1 1001/1041/1 946/1040/1
f 945/1043/1 1002/1044/1 1001/1041/1
f 1045/1045/1 795/1038/1 1046/1042/1
f 945/1043/1 1003/1046/1 1002/1044/1
f 944/1047/1 1003/1046/1 945/1043/1
f 1044/1048/1 795/1038/1 1045/1045/1
f 944/1047/1 1004/1049/1 1003/1046/1
f 943/1050/1 1004/1049/1 944/1047/1
f 1044/1048/1 796/1051/1 795/1038/1
f 1043/1052/1 796/1051/1 1044/1048/1
f 943/1050/1 1005/1053/1 1004/1049/1
f 942/1054/1 1005/1053/1 943/1050/1
f 942/1054/1 1006/1055/1 1005/1053/1
f 1042/1056/1 796/1051/1 1043/1052/1
f 941/1057/1 1006/1055/1 942/1054/1
f 941/1057/1 1007/1058/1 1006/1055/1
f 1041/1059/1 796/1051/1 1042/1056/1
f 940/1060/1 1007/1058/1 941/1057/1
f 940/1060/1 1008/1061/1 1007/1058/1
f 1040/1062/1 796/1051/1 1041/1059/1
f 940/1060/1 1009/1063/1 1008/1061/1
f 939/1064/1 1009/1063/1 940/1060/1
f 1039/1065/1 796/1051/1 1040/1062/1
f 1039/1065/1 797/1066/1 796/1051/1
f 939/1064/1 1010/1067/1 1009/1063/1
f 1038/1068/1 797/1066/1 1039/1065/1
f 938/1069/1 1010/1067/1 939/1064/1
f 1037/1070/1 797/1066/1 1038/1068/1
f 938/1069/1 1011/1071/1 1010/1067/1
f 937/1072/1 1011/1071/1 938/1069/1
f 1036/1073/1 797/1066/1 1037/1070/1
f 937/1072/1 1012/1074/1 1011/1071/1
f 1035/1075/1 797/1066/1 1036/1073/1
f 937/1072/1 1013/1076/1 1012/1074/1
f 936/1077/1 1013/1076/1 937/1072/1
f 1034/1078/1 797/1066/1 1035/1075/1
f 936/1077/1 1014/1079/1 1013/1076/1
f 1033/1080/1 797/1066/1 1034/1078/1
f 935/1081/1 1014/1079/1 936/1077/1
f 1033/1080/1 798/1082/1 797/1066/1
f 935/1081/1 1015/1083/1 1014/1079/1
f 1032/1084/1 798/1082/1 1033/1080/1
f 935/1081/1 1016/1085/1 1015/1083/1
f 1031/1086/1 798/1082/1 1032/1084/1
f 934/1087/1 1016/1085/1 935/1081/1
f 934/1087/1 1017/1088/1 1016/1085/1
f 1030/1089/1 798/1082/1 1031/1086/1
f 1029/1090/1 798/1082/1 1030/1089/1
f 934/1087/1 1018/1091/1 1017/1088/1
f 1028/1092/1 798/1082/1 1029/1090/1
f 934/1087/1 1019/1093/1 1018/1091/1
f 933/1094/1 1019/1093/1 934/1087/1
f 1027/1095/1 798/1082/1 1028/1092/1
f 933/1094/1 1020/1096/1 1019/1093/1
f 1026/1097/1 798/1082/1 1027/1095/1
f 933/1094/1 1021/1098/1 1020/1096/1
f 1025/1099/1 798/1082/1 1026/1097/1
f 933/1094/1 1022/1100/1 1021/1098/1
f 1024/1101/1 798/1082/1 1025/1099/1
f 933/1094/1 1023/1102/1 1022/1100/1
f 1023/1102/1 798/1082/1 1024/1101/1
f 933/1094/1 798/1082/1 1023/1102/1
f 932/1103/1 798/1082/1 933/1094/1
f 932/1103/1 799/1104/1 798/1082/1
f 931/1105/1 799/1104/1 932/1103/1
f 930/1106/1 799/1104/1 931/1105/1
f 929/1107/1 799/1104/1 930/1106/1
f 928/1108/1 799/1104/1 929/1107/1
f 928/1108/1 800/1109/1 799/1104/1
f 927/1110/1 800/1109/1 928/1108/1
f 926/1111/1 800/1109/1 927/1110/1
f 925/1112/1 800/1109/1 926/1111/1
f 925/1112/1 801/1113/1 800/1109/1
f 924/1114/1 801/1113/1 925/1112/1
f 923/1115/1 801/1113/1 924/1114/1
f 922/1116/1 801/1113/1 923/1115/1
f 922/1116/1 802/1117/1 801/1113/1
f 921/1118/1 802/1117/1 922/1116/1
f 920/1119/1 802/1117/1 921/1118/1
f 919/1120/1 802/1117/1 920/1119/1
f 918/1121/1 802/1117/1 919/1120/1
f 918/1121/1 803/1122/1 802/1117/1
f 917/1123/1 803/1122/1 918/1121/1
f 916/1124/1 803/1122/1 917/1123/1
f 915/1125/1 803/1122/1 916/1124/1
f 914/1126/1 803/1122/1 915/1125/1
f 914/1126/1 804/1127/1 803/1122/1
f 913/1128/1 804/1127/1 914/1126/1
f 912/1129/1 804/1127/1 913/1128/1
f 911/1130/1 804/1127/1 912/1129/1
f 910/1131/1 804/1127/1 911/1130/1
f 910/1131/1 805/1132/1 804/1127/1
f 909/1133/1 805/1132/1 910/1131/1
f 908/1134/1 805/1132/1 909/1133/1
f 907/1135/1 805/1132/1 908/1134/1
f 906/1136/1 805/1132/1 907/1135/1
f 906/1136/1 806/1137/1 805/1132/1
f 905/1138/1 806/1137/1 906/1136/1
f 904/1139/1 806/1137/1 905/1138/1
f 903/1140/1 806/1137/1 904/1139/1
f 902/1141/1 806/1137/1 903/1140/1
f 901/1142/1 806/1137/1 902/1141/1
f 901/1142/1 807/1143/1 806/1137/1
f 900/1144/1 807/1143/1 901/1142/1
f 899/1145/1 807/1143/1 900/1144/1
f 898/1146/1 807/1143/1 899/1145/1
f 897/1147/1 807/1143/1 898/1146/1
f 897/1147/1 808/1148/1 807/1143/1
f 896/1149/1 808/1148/1 897/1147/1
f 895/1150/1 808/1148/1 896/1149/1
f 894/1151/1 808/1148/1 895/1150/1
f 893/1152/1 808/1148/1 894/1151/1
f 893/1152/1 809/1153/1 808/1148/1
f 892/1154/1 809/1153/1 893/1152/1
f 891/1155/1 809/1153/1 892/1154/1
f 890/1156/1 809/1153/1 891/1155/1
f 889/1157/1 809/1153/1 890/1156/1
f 888/1158/1 809/1153/1 889/1157/1
f 888/1158/1 810/1159/1 809/1153/1
f 887/1160/1 810/1159/1 888/1158/1
f 886/1161/1 810/1159/1 887/1160/1
f 885/1162/1 810/1159/1 886/1161/1
f 884/1163/1 810/1159/1 885/1162/1
f 883/1164/1 810/1159/1 884/1163/1
f 883/1164/1 811/1165/1 810/1159/1
f 882/1166/1 811/1165/1 883/1164/1
f 881/1167/1 811/1165/1 882/1166/1
f 880/1168/1 811/1165/1 881/1167/1
f 879/1169/1 811/1165/1 880/1168/1
f 878/1170/1 811/1165/1 879/1169/1
f 878/1170/1 812/1171/1 811/1165/1
f 877/1172/1 812/1171/1 878/1170/1
f 876/1173/1 812/1171/1 877/1172/1
f 875/1174/1 812/1171/1 876/1173/1
f 875/1174/1 813/1175/1 812/1171/1
f 874/1176/1 813/1175/1 875/1174/1
f 873/1177/1 813/1175/1 874/1176/1
f 872/1178/1 813/1175/1 873/1177/1
f 872/1178/1 814/1179/1 813/1175/1
f 871/1180/1 814/1179/1 872/1178/1
f 870/1181/1 814/1179/1 871/1180/1
f 869/1182/1 814/1179/1 870/1181/1
f 869/1182/1 815/1183/1 814/1179/1
f 868/1184/1 815/1183/1 869/1182/1
f 867/1185/1 815/1183/1 868/1184/1
f 866/1186/1 815/1183/1 867/1185/1
f 866/1186/1 816/1187/1 815/1183/1
f 865/1188/1 816/1187/1 866/1186/1
f 864/1189/1 816/1187/1 865/1188/1
f 864/1189/1 817/1190/1 816/1187/1
f 863/1191/1 817/1190/1 864/1189/1
f 862/1192/1 817/1190/1 863/1191/1
f 861/1193/1 817/1190/1 862/1192/1
f 861/1193/1 818/1194/1 817/1190/1
f 860/1195/1 818/1194/1 861/1193/1
f 859/1196/1 818/1194/1 860/1195/1
f 859/1196/1 819/1197/1 818/1194/1
f 858/1198/1 819/1197/1 859/1196/1
f 857/1199/1 819/1197/1 858/1198/1
f 856/1200/1 819/1197/1 857/1199/1
f 856/1200/1 820/1201/1 819/1197/1
f 855/1202/1 820/1201/1 856/1200/1
f 854/1203/1 820/1201/1 855/1202/1
f 853/1204/1 820/1201/1 854/1203/1
f 853/1204/1 821/1205/1 820/1201/1
f 852/1206/1 821/1205/1 853/1204/1
f 851/1207/1 821/1205/1 852/1206/1
f 851/1207/1 822/1208/1 821/1205/1
f 850/1209/1 822/1208/1 851/1207/1
f 849/1210/1 822/1208/1 850/1209/1
f 849/1210/1 823/1211/1 822/1208/1
f 848/1212/1 823/1211/1 849/1210/1
f 847/1213/1 823/1211/1 848/1212/1
f 846/1214/1 823/1211/1 847/1213/1
f 846/1214/1 824/1215/1 823/1211/1
f 845/1216/1 824/1215/1 846/1214/1
f 844/1217/1 824/1215/1 845/1216/1
f 844/1217/1 825/1218/1 824/1215/1
f 843/1219/1 825/1218/1 844/1217/1
f 842/1220/1 825/1218/1 843/1219/1
f 842/1220/1 826/1221/1 825/1218/1
f 841/1222/1 826/1221/1 842/1220/1
f 840/1223/1 826/1221/1 841/1222/1
f 840/1223/1 827/1224/1 826/1221/1
f 839/1225/1 827/1224/1 840/1223/1
f 838/1226/1 827/1224/1 839/1225/1
f 838/1226/1 828/1227/1 827/1224/1
f 837/1228/1 828/1227/1 838/1226/1
f 836/1229/1 828/1227/1 837/1228/1
f 836/1229/1 829/1230/1 828/1227/1
f 835/1231/1 829/1230/1 836/1229/1
f 834/1232/1 829/1230/1 835/1231/1
f 834/1232/1 830/1233/1 829/1230/1
f 833/1234/1 830/1233/1 834/1232/1
f 832/1235/1 830/1233/1 833/1234/1
f 832/1235/1 831/1236/1 830/1233/1
f 1442/1237/1 1444/1238/1 1443/1239/1
f 1442/1237/1 1445/1240/1 1444/1238/1
f 1441/1241/1 1445/1240/1 1442/1237/1
f 1441/1241/1 1446/1242/1 1445/1240/1
f 1440/1243/1 1446/1242/1 1441/1241/1
f 1440/1243/1 1447/1244/1 1446/1242/1
f 1439/1245/1 1447/1244/1 1440/1243/1
f 1439/1245/1 1448/1246/1 1447/1244/1
f 1438/1247/1 1448/1246/1 1439/1245/1
f 1438/1247/1 1449/1248/1 1448/1246/1
f 1437/1249/1 1449/1248/1 1438/1247/1
f 1437/1249/1 1450/1250/1 1449/1248/1
f 1436/1251/1 1450/1250/1 1437/1249/1
f 1436/1251/1 1451/1252/1 1450/1250/1
f 1435/1253/1 1451/1252/1 1436/1251/1
f 1435/1253/1 1452/1254/1 1451/1252/1
f 1434/1255/1 1452/1254/1 1435/1253/1
f 1434/1255/1 1453/1256/1 1452/1254/1
f 1433/1257/1 1453/1256/1 1434/1255/1
f 1433/1257/1 1454/1258/1 1453/1256/1
f 1432/1259/1 1454/1258/1 1433/1257/1
f 1432/1259/1 1455/1260/1 1454/1258/1
f 1432/1259/1 1456/1261/1 1455/1260/1
f 1431/1262/1 1456/1261/1 1432/1259/1
f 1431/1262/1 1457/1263/1 1456/1261/1
f 1430/1264/1 1457/1263/1 1431/1262/1
f 1430/1264/1 1458/1265/1 1457/1263/1
f 1429/1266/1 1458/1265/1 1430/1264/1
f 1429/1266/1 1459/1267/1 1458/1265/1
f 1428/1268/1 1459/1267/1 1429/1266/1
f 1428/1268/1 1460/1269/1 1459/1267/1
f 1427/1270/1 1460/1269/1 1428/1268/1
f 1427/1270/1 1461/1271/1 1460/1269/1
f 1426/1272/1 1461/1271/1 1427/1270/1
f 1426/1272/1 1462/1273/1 1461/1271/1
f 1425/1274/1 1462/1273/1 1426/1272/1
f 1425/1274/1 1463/1275/1 1462/1273/1
f 1424/1276/1 1463/1275/1 1425/1274/1
f 1424/1276/1 1464/1277/1 1463/1275/1
f 1423/1278/1 1464/1277/1 1424/1276/1
f 1423/1278/1 1465/1279/1 1464/1277/1
f 1422/1280/1 1465/1279/1 1423/1278/1
f 1422/1280/1 1466/1281/1 1465/1279/1
f 1421/1282/1 1466/1281/1 1422/1280/1
f 1421/1282/1 1467/1283/1 1466/1281/1
f 1420/1284/1 1467/1283/1 1421/1282/1
f 1420/1284/1 1468/1285/1 1467/1283/1
f 1419/1286/1 1468/1285/1 1420/1284/1
f 1419/1286/1 1469/1287/1 1468/1285/1
f 1418/1288/1 1469/1287/1 1419/1286/1
f 1418/1288/1 1470/1289/1 1469/1287/1
f 1417/1290/1 1470/1289/1 1418/1288/1
f 1417/1290/1 1471/1291/1 1470/1289/1
f 1416/1292/1 1471/1291/1 1417/1290/1
f 1416/1292/1 1472/1293/1 1471/1291/1
f 1415/1294/1 1472/1293/1 1416/1292/1
f 1415/1294/1 1473/1295/1 1472/1293/1
f 1414/1296/1 1473/1295/1 1415/1294/1
f 1414/1296/1 1474/1297/1 1473/1295/1
f 1413/1298/1 1474/1297/1 1414/1296/1
f 1413/1298/1 1475/1299/1 1474/1297/1
f 1412/1300/1 1475/1299/1 1413/1298/1
f 1412/1300/1 1476/1301/1 1475/1299/1
f 1411/1302/1 1476/1301/1 1412/1300/1
f 1411/1302/1 1477/1303/1 1476/1301/1
f 1410/1304/1 1477/1303/1 1411/1302/1
f 1410/1304/1 1478/1305/1 1477/1303/1
f 1409/1306/1 1478/1305/1 1410/1304/1
f 1409/1306/1 1539/1307/1 1478/1305/1
f 1539/1307/1 1538/1308/1 1478/1305/1
f 1538/1308/1 1239/66/1 1478/1305/1
f 1408/1309/1 1540/1310/1 1409/1306/1
f 1540/1310/1 1539/1307/1 1409/1306/1
f 1537/1311/1 1239/66/1 1538/1308/1
f 1408/1309/1 1541/1312/1 1540/1310/1
f 1536/1313/1 1239/66/1 1537/1311/1
f 1408/1309/1 1542/1314/1 1541/1312/1
f 1535/1315/1 1239/66/1 1536/1313/1
f 1408/1309/1 1543/1316/1 1542/1314/1
f 1534/1317/1 1239/66/1 1535/1315/1
f 1533/1318/1 1239/66/1 1534/1317/1
f 1408/1309/1 1544/1319/1 1543/1316/1
f 1532/1320/1 1239/66/1 1533/1318/1
f 1408/1309/1 1545/1321/1 1544/1319/1
f 1531/1322/1 1239/66/1 1532/1320/1
f 1408/1309/1 1546/1323/1 1545/1321/1
f 1530/1324/1 1239/66/1 1531/1322/1
f 1530/1324/1 1240/1325/1 1239/66/1
f 1408/1309/1 1547/1326/1 1546/1323/1
f 1529/1327/1 1240/1325/1 1530/1324/1
f 1407/1328/1 1547/1326/1 1408/1309/1
f 1528/1329/1 1240/1325/1 1529/1327/1
f 1407/1328/1 1548/1330/1 1547/1326/1
f 1527/1331/1 1240/1325/1 1528/1329/1
f 1407/1328/1 1549/1332/1 1548/1330/1
f 1526/1333/1 1240/1325/1 1527/1331/1
f 1407/1328/1 1550/1334/1 1549/1332/1
f 1525/1335/1 1240/1325/1 1526/1333/1
f 1524/1336/1 1240/1325/1 1525/1335/1
f 1407/1328/1 1551/1337/1 1550/1334/1
f 1524/1336/1 1241/1338/1 1240/1325/1
f 1406/1339/1 1551/1337/1 1407/1328/1
f 1523/1340/1 1241/1338/1 1524/1336/1
f 1406/1339/1 1552/1341/1 1551/1337/1
f 1522/1342/1 1241/1338/1 1523/1340/1
f 1406/1339/1 1553/1343/1 1552/1341/1
f 1521/1344/1 1241/1338/1 1522/1342/1
f 1406/1339/1 1554/1345/1 1553/1343/1
f 1520/1346/1 1241/1338/1 1521/1344/1
f 1520/1346/1 1242/1347/1 1241/1338/1
f 1405/1348/1 1554/1345/1 1406/1339/1
f 1519/1349/1 1242/1347/1 1520/1346/1
f 1405/1348/1 1555/1350/1 1554/1345/1
f 1518/1351/1 1242/1347/1 1519/1349/1
f 1405/1348/1 1556/1352/1 1555/1350/1
f 1517/1353/1 1242/1347/1 1518/1351/1
f 1405/1348/1 1557/1354/1 1556/1352/1
f 1516/1355/1 1242/1347/1 1517/1353/1
f 1404/1356/1 1557/1354/1 1405/1348/1
f 1516/1355/1 1243/1357/1 1242/1347/1
f 1404/1356/1 1558/1358/1 1557/1354/1
f 1515/1359/1 1243/1357/1 1516/1355/1
f 1514/1360/1 1243/1357/1 1515/1359/1
f 1404/1356/1 1559/1361/1 1558/1358/1
f 1513/1362/1 1243/1357/1 1514/1360/1
f 1403/1363/1 1559/1361/1 1404/1356/1
f 1403/1363/1 1560/1364/1 1559/1361/1
f 1513/1362/1 1244/1365/1 1243/1357/1
f 1512/1366/1 1244/1365/1 1513/1362/1
f 1403/1363/1 1561/1367/1 1560/1364/1
f 1511/1368/1 1244/1365/1 1512/1366/1
f 1403/1363/1 1562/1369/1 1561/1367/1
f 1402/1370/1 1562/1369/1 1403/1363/1
f 1510/1371/1 1244/1365/1 1511/1368/1
f 1510/1371/1 1245/1372/1 1244/1365/1
f 1402/1370/1 1563/1373/1 1562/1369/1
f 1509/1374/1 1245/1372/1 1510/1371/1
f 1508/1375/1 1245/1372/1 1509/1374/1
f 1402/1370/1 1564/1376/1 1563/1373/1
f 1401/1377/1 1564/1376/1 1402/1370/1
f 1507/1378/1 1245/1372/1 1508/1375/1
f 1401/1377/1 1565/1379/1 1564/1376/1
f 1507/1378/1 1246/1380/1 1245/1372/1
f 1506/1381/1 1246/1380/1 1507/1378/1
f 1401/1377/1 1566/1382/1 1565/1379/1
f 1400/1383/1 1566/1382/1 1401/1377/1
f 1505/1384/1 1246/1380/1 1506/1381/1
f 1400/1383/1 1567/1385/1 1566/1382/1
f 1505/1384/1 1247/1386/1 1246/1380/1
f 1504/1387/1 1247/1386/1 1505/1384/1
f 1400/1383/1 1568/1388/1 1567/1385/1
f 1503/1389/1 1247/1386/1 1504/1387/1
f 1399/1390/1 1568/1388/1 1400/1383/1
f 1399/1390/1 1569/1391/1 1568/1388/1
f 1502/1392/1 1247/1386/1 1503/1389/1
f 1502/1392/1 1248/1393/1 1247/1386/1
f 1501/1394/1 1248/1393/1 1502/1392/1
f 1399/1390/1 1570/1395/1 1569/1391/1
f 1398/1396/1 1570/1395/1 1399/1390/1
f 1500/1397/1 1248/1393/1 1501/1394/1
f 1398/1396/1 1571/1398/1 1570/1395/1
f 1500/1397/1 1249/1399/1 1248/1393/1
f 1499/1400/1 1249/1399/1 1500/1397/1
f 1397/1401/1 1571/1398/1 1398/1396/1
f 1397/1401/1 1572/1402/1 1571/1398/1
f 1498/1403/1 1249/1399/1 1499/1400/1
f 1397/1401/1 1573/1404/1 1572/1402/1
f 1497/1405/1 1249/1399/1 1498/1403/1
f 1497/1405/1 1250/1406/1 1249/1399/1
f 1396/1407/1 1573/1404/1 1397/1401/1
f 1396/1407/1 1574/1408/1 1573/1404/1
f 1496/1409/1 1250/1406/1 1497/1405/1
f 1396/1407/1 1575/1410/1 1574/1408/1
f 1495/1411/1 1250/1406/1 1496/1409/1
f 1395/1412/1 1575/1410/1 1396/1407/1
f 1495/1411/1 1251/1413/1 1250/1406/1
f 1395/1412/1 1576/1414/1 1575/1410/1
f 1494/1415/1 1251/1413/1 1495/1411/1
f 1394/1416/1 1576/1414/1 1395/1412/1
f 1493/1417/1 1251/1413/1 1494/1415/1
f 1394/1416/1 1577/1418/1 1576/1414/1
f 1493/1417/1 1252/1419/1 1251/1413/1
f 1492/1420/1 1252/1419/1 1493/1417/1
f 1394/1416/1 1578/1421/1 1577/1418/1
f 1393/1422/1 1578/1421/1 1394/1416/1
f 1491/1423/1 1252/1419/1 1492/1420/1
f 1393/1422/1 1579/1424/1 1578/1421/1
f 1491/1423/1 1253/1425/1 1252/1419/1
f 1490/1426/1 1253/1425/1 1491/1423/1
f 1393/1422/1 1580/1427/1 1579/1424/1
f 1392/1428/1 1580/1427/1 1393/1422/1
f 1490/1426/1 1254/1429/1 1253/1425/1
f 1489/1430/1 1254/1429/1 1490/1426/1
f 1392/1428/1 1581/1431/1 1580/1427/1
f 1488/1432/1 1254/1429/1 1489/1430/1
f 1391/1433/1 1581/1431/1 1392/1428/1
f 1391/1433/1 1582/1434/1 1581/1431/1
f 1488/1432/1 1255/1435/1 1254/1429/1
f 1487/1436/1 1255/1435/1 1488/1432/1
f 1391/1433/1 1583/1437/1 1582/1434/1
f 1390/1438/1 1583/1437/1 1391/1433/1
f 1486/1439/1 1255/1435/1 1487/1436/1
f 1486/1439/1 1256/1440/1 1255/1435/1
f 1390/1438/1 1584/1441/1 1583/1437/1
f 1485/1442/1 1256/1440/1 1486/1439/1
f 1389/1443/1 1584/1441/1 1390/1438/1
f 1389/1443/1 1585/1444/1 1584/1441/1
f 1485/1442/1 1257/1445/1 1256/1440/1
f 1484/1446/1 1257/1445/1 1485/1442/1
f 1389/1443/1 1586/1447/1 1585/1444/1
f 1388/1448/1 1586/1447/1 1389/1443/1
f 1483/1449/1 1257/1445/1 1484/1446/1
f 1483/1449/1 1258/1450/1 1257/1445/1
f 1388/1448/1 1587/1451/1 1586/1447/1
f 1482/1452/1 1258/1450/1 1483/1449/1
f 1388/1448/1 1588/1453/1 1587/1451/1
f 1387/1454/1 1588/1453/1 1388/1448/1
f 1482/1452/1 1259/1455/1 1258/1450/1
f 1481/1456/1 1259/1455/1 1482/1452/1
f 1387/1454/1 1589/1457/1 1588/1453/1
f 1386/1458/1 1589/1457/1 1387/1454/1
f 1480/1459/1 1259/1455/1 1481/1456/1
f 1386/1458/1 1590/1460/1 1589/1457/1
f 1480/1459/1 1260/1461/1 1259/1455/1
f 1479/1462/1 1260/1461/1 1480/1459/1
f 1386/1458/1 1591/1463/1 1590/1460/1
f 1385/1464/1 1591/1463/1 1386/1458/1
f 1479/1462/1 1261/1465/1 1260/1461/1
f 1718/176/1 1261/1465/1 1479/1462/1
f 1385/1464/1 1592/1466/1 1591/1463/1
f 1384/1467/1 1592/1466/1 1385/1464/1
f 1717/1468/1 1261/1465/1 1718/176/1
f 1384/1467/1 1593/1469/1 1592/1466/1
f 1717/1468/1 1262/1470/1 1261/1465/1
f 1716/1471/1 1262/1470/1 1717/1468/1
f 1384/1467/1 1594/1472/1 1593/1469/1
f 1383/1473/1 1594/1472/1 1384/1467/1
f 1716/1471/1 1263/1474/1 1262/1470/1
f 1715/1475/1 1263/1474/1 1716/1471/1
f 1383/1473/1 1595/1476/1 1594/1472/1
f 1714/1477/1 1263/1474/1 1715/1475/1
f 1382/1478/1 1595/1476/1 1383/1473/1
f 1382/1478/1 1596/1479/1 1595/1476/1
f 1714/1477/1 1264/1480/1 1263/1474/1
f 1713/1481/1 1264/1480/1 1714/1477/1
f 1382/1478/1 1597/1482/1 1596/1479/1
f 1381/1483/1 1597/1482/1 1382/1478/1
f 1712/1484/1 1264/1480/1 1713/1481/1
f 1712/1484/1 1265/1485/1 1264/1480/1
f 1381/1483/1 1598/1486/1 1597/1482/1
f 1711/1487/1 1265/1485/1 1712/1484/1
f 1380/1488/1 1598/1486/1 1381/1483/1
f 1380/1488/1 1599/1489/1 1598/1486/1
f 1711/1487/1 1266/1490/1 1265/1485/1
f 1710/1491/1 1266/1490/1 1711/1487/1
f 1380/1488/1 1600/1492/1 1599/1489/1
f 1379/1493/1 1600/1492/1 1380/1488/1
f 1709/1494/1 1266/1490/1 1710/1491/1
f 1709/1494/1 1267/1495/1 1266/1490/1
f 1379/1493/1 1601/1496/1 1600/1492/1
f 1708/1497/1 1267/1495/1 1709/1494/1
f 1378/1498/1 1601/1496/1 1379/1493/1
f 1378/1498/1 1602/1499/1 1601/1496/1
f 1708/1497/1 1268/1500/1 1267/1495/1
f 1707/1501/1 1268/1500/1 1708/1497/1
f 1378/1498/1 1603/1502/1 1602/1499/1
f 1377/1503/1 1603/1502/1 1378/1498/1
f 1706/1504/1 1268/1500/1 1707/1501/1
f 1706/1504/1 1269/1505/1 1268/1500/1
f 1377/1503/1 1604/1506/1 1603/1502/1
f 1705/1507/1 1269/1505/1 1706/1504/1
f 1377/1503/1 1605/1508/1 1604/1506/1
f 1376/1509/1 1605/1508/1 1377/1503/1
f 1705/1507/1 1270/1510/1 1269/1505/1
f 1704/1511/1 1270/1510/1 1705/1507/1
f 1376/1509/1 1606/1512/1 1605/1508/1
f 1375/1513/1 1606/1512/1 1376/1509/1
f 1703/1514/1 1270/1510/1 1704/1511/1
f 1375/1513/1 1607/1515/1 1606/1512/1
f 1703/1514/1 1271/1516/1 1270/1510/1
f 1702/1517/1 1271/1516/1 1703/1514/1
f 1375/1513/1 1608/1518/1 1607/1515/1
f 1374/1519/1 1608/1518/1 1375/1513/1
f 1702/1517/1 1272/1520/1 1271/1516/1
f 1701/1521/1 1272/1520/1 1702/1517/1
f 1374/1519/1 1609/1522/1 1608/1518/1
f 1373/1523/1 1609/1522/1 1374/1519/1
f 1700/1524/1 1272/1520/1 1701/1521/1
f 1373/1523/1 1610/1525/1 1609/1522/1
f 1700/1524/1 1273/1526/1 1272/1520/1
f 1699/1527/1 1273/1526/1 1700/1524/1
f 1373/1523/1 1611/1528/1 1610/1525/1
f 1372/1529/1 1611/1528/1 1373/1523/1
f 1698/1530/1 1273/1526/1 1699/1527/1
f 1698/1530/1 1274/1531/1 1273/1526/1
f 1372/1529/1 1612/1532/1 1611/1528/1
f 1697/1533/1 1274/1531/1 1698/1530/1
f 1372/1529/1 1613/1534/1 1612/1532/1
f 1371/1535/1 1613/1534/1 1372/1529/1
f 1697/1533/1 1275/1536/1 1274/1531/1
f 1696/1537/1 1275/1536/1 1697/1533/1
f 1371/1535/1 1614/1538/1 1613/1534/1
f 1370/1539/1 1614/1538/1 1371/1535/1
f 1695/1540/1 1275/1536/1 1696/1537/1
f 1370/1539/1 1615/1541/1 1614/1538/1
f 1695/1540/1 1276/1542/1 1275/1536/1
f 1370/1539/1 1616/1543/1 1615/1541/1
f 1694/1544/1 1276/1542/1 1695/1540/1
f 1369/1545/1 1616/1543/1 1370/1539/1
f 1369/1545/1 1617/1546/1 1616/1543/1
f 1693/1547/1 1276/1542/1 1694/1544/1
f 1693/1547/1 1277/1548/1 1276/1542/1
f 1369/1545/1 1618/1549/1 1617/1546/1
f 1692/1550/1 1277/1548/1 1693/1547/1
f 1369/1545/1 1619/1551/1 1618/1549/1
f 1368/1552/1 1619/1551/1 1369/1545/1
f 1692/1550/1 1278/1553/1 1277/1548/1
f 1691/1554/1 1278/1553/1 1692/1550/1
f 1368/1552/1 1620/1555/1 1619/1551/1
f 1690/1556/1 1278/1553/1 1691/1554/1
f 1368/1552/1 1621/1557/1 1620/1555/1
f 1690/1556/1 1279/1558/1 1278/1553/1
f 1367/1559/1 1621/1557/1 1368/1552/1
f 1689/1560/1 1279/1558/1 1690/1556/1
f 1367/1559/1 1622/1561/1 1621/1557/1
f 1688/1562/1 1279/1558/1 1689/1560/1
f 1367/1559/1 1623/1563/1 1622/1561/1
f 1688/1562/1 1280/1564/1 1279/1558/1
f 1366/1565/1 1623/1563/1 1367/1559/1
f 1687/1566/1 1280/1564/1 1688/1562/1
f 1366/1565/1 1624/1567/1 1623/1563/1
f 1366/1565/1 1625/1568/1 1624/1567/1
f 1686/1569/1 1280/1564/1 1687/1566/1
f 1686/1569/1 1281/1570/1 1280/1564/1
f 1366/1565/1 1626/1571/1 1625/1568/1
f 1685/1572/1 1281/1570/1 1686/1569/1
f 1365/1573/1 1626/1571/1 1366/1565/1
f 1365/1573/1 1627/1574/1 1626/1571/1
f 1684/1575/1 1281/1570/1 1685/1572/1
f 1684/1575/1 1282/1576/1 1281/1570/1
f 1365/1573/1 1628/1577/1 1627/1574/1
f 1683/1578/1 1282/1576/1 1684/1575/1
f 1364/1579/1 1628/1577/1 1365/1573/1
f 1364/1579/1 1629/1580/1 1628/1577/1
f 1682/1581/1 1282/1576/1 1683/1578/1
f 1682/1581/1 1283/1582/1 1282/1576/1
f 1364/1579/1 1630/1583/1 1629/1580/1
f 1364/1579/1 1631/1584/1 1630/1583/1
f 1681/1585/1 1283/1582/1 1682/1581/1
f 1363/1586/1 1631/1584/1 1364/1579/1
f 1363/1586/1 1632/1587/1 1631/1584/1
f 1680/1588/1 1283/1582/1 1681/1585/1
f 1680/1588/1 1284/1589/1 1283/1582/1
f 1363/1586/1 1633/1590/1 1632/1587/1
f 1679/1591/1 1284/1589/1 1680/1588/1
f 1363/1586/1 1634/1592/1 1633/1590/1
f 1362/1593/1 1634/1592/1 1363/1586/1
f 1678/1594/1 1284/1589/1 1679/1591/1
f 1362/1593/1 1635/1595/1 1634/1592/1
f 1678/1594/1 1285/1596/1 1284/1589/1
f 1677/1597/1 1285/1596/1 1678/1594/1
f 1362/1593/1 1636/1598/1 1635/1595/1
f 1362/1593/1 1637/1599/1 1636/1598/1
f 1676/1600/1 1285/1596/1 1677/1597/1
f 1361/1601/1 1637/1599/1 1362/1593/1
f 1361/1601/1 1638/1602/1 1637/1599/1
f 1676/1600/1 1286/1603/1 1285/1596/1
f 1675/1604/1 1286/1603/1 1676/1600/1
f 1361/1601/1 1639/1605/1 1638/1602/1
f 1674/1606/1 1286/1603/1 1675/1604/1
f 1361/1601/1 1640/1607/1 1639/1605/1
f 1673/1608/1 1286/1603/1 1674/1606/1
f 1361/1601/1 1641/1609/1 1640/1607/1
f 1360/1610/1 1641/1609/1 1361/1601/1
f 1673/1608/1 1287/1611/1 1286/1603/1
f 1360/1610/1 1642/1612/1 1641/1609/1
f 1672/1613/1 1287/1611/1 1673/1608/1
f 1360/1610/1 1643/1614/1 1642/1612/1
f 1671/1615/1 1287/1611/1 1672/1613/1
f 1360/1610/1 1644/1616/1 1643/1614/1
f 1670/1617/1 1287/1611/1 1671/1615/1
f 1360/1610/1 1645/1618/1 1644/1616/1
f 1670/1617/1 1288/1619/1 1287/1611/1
f 1359/1620/1 1645/1618/1 1360/1610/1
f 1669/1621/1 1288/1619/1 1670/1617/1
f 1359/1620/1 1646/1622/1 1645/1618/1
f 1359/1620/1 1647/1623/1 1646/1622/1
f 1668/1624/1 1288/1619/1 1669/1621/1
f 1359/1620/1 1648/1625/1 1647/1623/1
f 1667/1626/1 1288/1619/1 1668/1624/1
f 1359/1620/1 1649/1627/1 1648/1625/1
f 1666/1628/1 1288/1619/1 1667/1626/1
f 1359/1620/1 1650/1629/1 1649/1627/1
f 1666/1628/1 1289/1630/1 1288/1619/1
f 1359/1620/1 1651/1631/1 1650/1629/1
f 1665/1632/1 1289/1630/1 1666/1628/1
f 1358/1633/1 1651/1631/1 1359/1620/1
f 1358/1633/1 1652/1634/1 1651/1631/1
f 1664/1635/1 1289/1630/1 1665/1632/1
f 1358/1633/1 1653/1636/1 1652/1634/1
f 1663/1637/1 1289/1630/1 1664/1635/1
f 1358/1633/1 1654/1638/1 1653/1636/1
f 1662/1639/1 1289/1630/1 1663/1637/1
f 1358/1633/1 1655/1640/1 1654/1638/1
f 1358/1633/1 1656/1641/1 1655/1640/1
f 1661/1642/1 1289/1630/1 1662/1639/1
f 1358/1633/1 1657/1643/1 1656/1641/1
f 1660/1644/1 1289/1630/1 1661/1642/1
f 1358/1633/1 1658/1645/1 1657/1643/1
f 1659/1646/1 1289/1630/1 1660/1644/1
f 1358/1633/1 1659/1646/1 1658/1645/1
f 1358/1633/1 1289/1630/1 1659/1646/1
f 1358/1633/1 1290/1647/1 1289/1630/1
f 1357/1648/1 1290/1647/1 1358/1633/1
f 1357/1648/1 1291/1649/1 1290/1647/1
f 1356/1650/1 1291/1649/1 1357/1648/1
f 1356/1650/1 1292/1651/1 1291/1649/1
f 1355/1652/1 1292/1651/1 1356/1650/1
f 1355/1652/1 1293/1653/1 1292/1651/1
f 1354/1654/1 1293/1653/1 1355/1652/1
f 1354/1654/1 1294/1655/1 1293/1653/1
f 1353/1656/1 1294/1655/1 1354/1654/1
f 1353/1656/1 1295/1657/1 1294/1655/1
f 1352/1658/1 1295/1657/1 1353/1656/1
f 1352/1658/1 1296/1659/1 1295/1657/1
f 1351/1660/1 1296/1659/1 1352/1658/1
f 1351/1660/1 1297/1661/1 1296/1659/1
f 1350/1662/1 1297/1661/1 1351/1660/1
f 1350/1662/1 1298/1663/1 1297/1661/1
f 1349/1664/1 1298/1663/1 1350/1662/1
f 1349/1664/1 1299/1665/1 1298/1663/1
f 1348/1666/1 1299/1665/1 1349/1664/1
f 1348/1666/1 1300/1667/1 1299/1665/1
f 1347/1668/1 1300/1667/1 1348/1666/1
f 1347/1668/1 1301/1669/1 1300/1667/1
f 1346/1670/1 1301/1669/1 1347/1668/1
f 1346/1670/1 1302/1671/1 1301/1669/1
f 1345/1672/1 1302/1671/1 1346/1670/1
f 1345/1672/1 1303/1673/1 1302/1671/1
f 1344/1674/1 1303/1673/1 1345/1672/1
f 1344/1674/1 1304/1675/1 1303/1673/1
f 1343/1676/1 1304/1675/1 1344/1674/1
f 1343/1676/1 1305/1677/1 1304/1675/1
f 1342/1678/1 1305/1677/1 1343/1676/1
f 1342/1678/1 1306/1679/1 1305/1677/1
f 1341/1680/1 1306/1679/1 1342/1678/1
f 1341/1680/1 1307/1681/1 1306/1679/1
f 1340/1682/1 1307/1681/1 1341/1680/1
f 1340/1682/1 1308/1683/1 1307/1681/1
f 1339/1684/1 1308/1683/1 1340/1682/1
f 1339/1684/1 1309/1685/1 1308/1683/1
f 1338/1686/1 1309/1685/1 1339/1684/1
f 1338/1686/1 1310/1687/1 1309/1685/1
f 1337/1688/1 1310/1687/1 1338/1686/1
f 1337/1688/1 1311/1689/1 1310/1687/1
f 1336/1690/1 1311/1689/1 1337/1688/1
f 1336/1690/1 1312/1691/1 1311/1689/1
f 1335/1692/1 1312/1691/1 1336/1690/1
f 1335/1692/1 1313/1693/1 1312/1691/1
f 1334/1694/1 1313/1693/1 1335/1692/1
f 1333/1695/1 1313/1693/1 1334/1694/1
f 1333/1695/1 1314/1696/1 1313/1693/1
f 1332/1697/1 1314/1696/1 1333/1695/1
f 1332/1697/1 1315/1698/1 1314/1696/1
f 1331/1699/1 1315/1698/1 1332/1697/1
f 1331/1699/1 1316/1700/1 1315/1698/1
f 1330/1701/1 1316/1700/1 1331/1699/1
f 1330/1701/1 1317/1702/1 1316/1700/1
f 1329/1703/1 1317/1702/1 1330/1701/1
f 1329/1703/1 1318/1704/1 1317/1702/1
f 1328/1705/1 1318/1704/1 1329/1703/1
f 1328/1705/1 1319/1706/1 1318/1704/1
f 1327/1707/1 1319/1706/1 1328/1705/1
f 1327/1707/1 1320/1708/1 1319/1706/1
f 1326/1709/1 1320/1708/1 1327/1707/1
f 1326/1709/1 1321/1710/1 1320/1708/1
f 1325/1711/1 1321/1710/1 1326/1709/1
f 1325/1711/1 1322/1712/1 1321/1710/1
f 1324/1713/1 1322/1712/1 1325/1711/1
f 1324/1713/1 1323/1714/1 1322/1712/1
f 1925/1715/1 1927/1716/1 1926/1717/1
f 1925/1715/1 1928/1718/1 1927/1716/1
f 1925/1715/1 1929/1719/1 1928/1718/1
f 1925/1715/1 1930/1720/1 1929/1719/1
f 1924/1721/1 1930/1720/1 1925/1715/1
f 1924/1721/1 1931/1722/1 1930/1720/1
f 1924/1721/1 1932/1723/1 1931/1722/1
f 1924/1721/1 1933/1724/1 1932/1723/1
f 1923/1725/1 1933/1724/1 1924/1721/1
f 1923/1725/1 1934/1726/1 1933/1724/1
f 1923/1725/1 1935/1727/1 1934/1726/1
f 1922/1728/1 1935/1727/1 1923/1725/1
f 1922/1728/1 1936/1729/1 1935/1727/1
f 1922/1728/1 1937/1730/1 1936/1729/1
f 1922/1728/1 1938/1731/1 1937/1730/1
f 1921/1732/1 1938/1731/1 1922/1728/1
f 1921/1732/1 1939/1733/1 1938/1731/1
f 1921/1732/1 1940/1734/1 1939/1733/1
f 1920/1735/1 1940/1734/1 1921/1732/1
f 1920/1735/1 1941/1736/1 1940/1734/1
f 1920/1735/1 1942/1737/1 1941/1736/1
f 1920/1735/1 1943/1738/1 1942/1737/1
f 1919/1739/1 1943/1738/1 1920/1735/1
f 1919/1739/1 1944/1740/1 1943/1738/1
f 1919/1739/1 1945/1741/1 1944/1740/1
f 1918/1742/1 1945/1741/1 1919/1739/1
f 1918/1742/1 1946/1743/1 1945/1741/1
f 1918/1742/1 1947/1744/1 1946/1743/1
f 1918/1742/1 1948/1745/1 1947/1744/1
f 1917/1746/1 1948/1745/1 1918/1742/1
f 1917/1746/1 1949/1747/1 1948/1745/1
f 1917/1746/1 1950/1748/1 1949/1747/1
f 1916/1749/1 1950/1748/1 1917/1746/1
f 1916/1749/1 1951/1750/1 1950/1748/1
f 1916/1749/1 1952/1751/1 1951/1750/1
f 1915/1752/1 1952/1751/1 1916/1749/1
f 1915/1752/1 1953/1753/1 1952/1751/1
f 1915/1752/1 1954/1754/1 1953/1753/1
f 1914/1755/1 1954/1754/1 1915/1752/1
f 1914/1755/1 1955/1756/1 1954/1754/1
f 1913/1757/1 1955/1756/1 1914/1755/1
f 1913/1757/1 1956/1758/1 1955/1756/1
f 1913/1757/1 1957/1759/1 1956/1758/1
f 1912/1760/1 1957/1759/1 1913/1757/1
f 1912/1760/1 1958/1761/1 1957/1759/1
f 1911/1762/1 1958/1761/1 1912/1760/1
f 1911/1762/1 1959/1763/1 1958/1761/1
f 1910/1764/1 1959/1763/1 1911/1762/1
f 1910/1764/1 1960/1765/1 1959/1763/1
f 1910/1764/1 1961/1766/1 1960/1765/1
f 1909/1767/1 1961/1766/1 1910/1764/1
f 1909/1767/1 1962/1768/1 1961/1766/1
f 1908/1769/1 1962/1768/1 1909/1767/1
f 1908/1769/1 1963/1770/1 1962/1768/1
f 1908/1769/1 1964/1771/1 1963/1770/1
f 1907/1772/1 1964/1771/1 1908/1769/1
f 1907/1772/1 1965/1773/1 1964/1771/1
f 1906/1774/1 1965/1773/1 1907/1772/1
f 1906/1774/1 1966/1775/1 1965/1773/1
f 1905/1776/1 1966/1775/1 1906/1774/1
f 1905/1776/1 1967/1777/1 1966/1775/1
f 1905/1776/1 1968/1778/1 1967/1777/1
f 1904/1779/1 1968/1778/1 1905/1776/1
f 1904/1779/1 1969/1780/1 1968/1778/1
f 1903/1781/1 1969/1780/1 1904/1779/1
f 1903/1781/1 1970/1782/1 1969/1780/1
f 1903/1781/1 1971/1783/1 1970/1782/1
f 1902/1784/1 1971/1783/1 1903/1781/1
f 1902/1784/1 1972/1785/1 1971/1783/1
f 1901/1786/1 2048/1787/1 1902/1784/1
f 2048/1787/1 1972/1785/1 1902/1784/1
f 2048/1787/1 1973/1788/1 1972/1785/1
f 2048/1787/1 1974/1789/1 1973/1788/1
f 2048/1787/1 1975/1790/1 1974/1789/1
f 2048/1787/1 1976/1791/1 1975/1790/1
f 2048/1787/1 1977/1792/1 1976/1791/1
f 2048/1787/1 1978/1793/1 1977/1792/1
f 2048/1787/1 1979/1794/1 1978/1793/1
f 2048/1787/1 1980/1795/1 1979/1794/1
f 2048/1787/1 1981/1796/1 1980/1795/1
f 2048/1787/1 1982/1797/1 1981/1796/1
f 2048/1787/1 1983/1798/1 1982/1797/1
f 2048/1787/1 1984/1799/1 1983/1798/1
f 2048/1787/1 1985/1800/1 1984/1799/1
f 2048/1787/1 1986/1801/1 1985/1800/1
f 2048/1787/1 1719/66/1 1986/1801/1
f 2048/1787/1 2047/1802/1 1719/66/1
f 2047/1802/1 2046/1803/1 1719/66/1
f 2046/1803/1 2045/1804/1 1719/66/1
f 2045/1804/1 2044/1805/1 1719/66/1
f 2044/1805/1 1720/1806/1 1719/66/1
f 1901/1786/1 2049/1807/1 2048/1787/1
f 2043/1808/1 1720/1806/1 2044/1805/1
f 2042/1809/1 1720/1806/1 2043/1808/1
f 2041/1810/1 1720/1806/1 2042/1809/1
f 2040/1811/1 1720/1806/1 2041/1810/1
f 2039/1812/1 1720/1806/1 2040/1811/1
f 2038/1813/1 1720/1806/1 2039/1812/1
f 2037/1814/1 1720/1806/1 2038/1813/1
f 2036/1815/1 1720/1806/1 2037/1814/1
f 2035/1816/1 1720/1806/1 2036/1815/1
f 2034/1817/1 1720/1806/1 2035/1816/1
f 2033/1818/1 1720/1806/1 2034/1817/1
f 2032/1819/1 1720/1806/1 2033/1818/1
f 2031/1820/1 1720/1806/1 2032/1819/1
f 2030/1821/1 1720/1806/1 2031/1820/1
f 2029/1822/1 1720/1806/1 2030/1821/1
f 2028/1823/1 1720/1806/1 2029/1822/1
f 2027/1824/1 1720/1806/1 2028/1823/1
f 2026/1825/1 1720/1806/1 2027/1824/1
f 2026/1825/1 1721/1826/1 1720/1806/1
f 2025/1827/1 1721/1826/1 2026/1825/1
f 2024/1828/1 1721/1826/1 2025/1827/1
f 2023/1829/1 1721/1826/1 2024/1828/1
f 2022/1830/1 1721/1826/1 2023/1829/1
f 2021/1831/1 1721/1826/1 2022/1830/1
f 2021/1831/1 1722/1832/1 1721/1826/1
f 2020/1833/1 1722/1832/1 2021/1831/1
f 2019/1834/1 1722/1832/1 2020/1833/1
f 2018/1835/1 1722/1832/1 2019/1834/1
f 2018/1835/1 1723/1836/1 1722/1832/1
f 2017/1837/1 1723/1836/1 2018/1835/1
f 2016/1838/1 1723/1836/1 2017/1837/1
f 2016/1838/1 1724/1839/1 1723/1836/1
f 2015/1840/1 1724/1839/1 2016/1838/1
f 2014/1841/1 1724/1839/1 2015/1840/1
f 2014/1841/1 1725/1842/1 1724/1839/1
f 2013/1843/1 1725/1842/1 2014/1841/1
f 2012/1844/1 1725/1842/1 2013/1843/1
f 2012/1844/1 1726/1845/1 1725/1842/1
f 2011/1846/1 1726/1845/1 2012/1844/1
f 2010/1847/1 1726/1845/1 2011/1846/1
f 2010/1847/1 1727/1848/1 1726/1845/1
f 2009/1849/1 1727/1848/1 2010/1847/1
f 2009/1849/1 1728/1850/1 1727/1848/1
f 2008/1851/1 1728/1850/1 2009/1849/1
f 2007/1852/1 1728/1850/1 2008/1851/1
f 2007/1852/1 1729/1853/1 1728/1850/1
f 2006/1854/1 1729/1853/1 2007/1852/1
f 2005/1855/1 1729/1853/1 2006/1854/1
f 2005/1855/1 1730/1856/1 1729/1853/1
f 2004/1857/1 1730/1856/1 2005/1855/1
f 2004/1857/1 1731/1858/1 1730/1856/1
f 2003/1859/1 1731/1858/1 2004/1857/1
f 2002/1860/1 1731/1858/1 2003/1859/1
f 2002/1860/1 1732/1861/1 1731/1858/1
f 2001/1862/1 1732/1861/1 2002/1860/1
f 2001/1862/1 1733/1863/1 1732/1861/1
f 2000/1864/1 1733/1863/1 2001/1862/1
f 2000/1864/1 1734/1865/1 1733/1863/1
f 1999/1866/1 1734/1865/1 2000/1864/1
f 1999/1866/1 1735/1867/1 1734/1865/1
f 1998/1868/1 1735/1867/1 1999/1866/1
f 1997/1869/1 1735/1867/1 1998/1868/1
f 1997/1869/1 1736/1870/1 1735/1867/1
f 1996/1871/1 1736/1870/1 1997/1869/1
f 1995/1872/1 1736/1870/1 1996/1871/1
f 1995/1872/1 1737/1873/1 1736/1870/1
f 1994/1874/1 1737/1873/1 1995/1872/1
f 1993/1875/1 1737/1873/1 1994/1874/1
f 1993/1875/1 1738/1876/1 1737/1873/1
f 1992/1877/1 1738/1876/1 1993/1875/1
f 1991/1878/1 1738/1876/1 1992/1877/1
f 1991/1878/1 1739/1879/1 1738/1876/1
f 1990/1880/1 1739/1879/1 1991/1878/1
f 1990/1880/1 1740/1881/1 1739/1879/1
f 1989/1882/1 1740/1881/1 1990/1880/1
f 1988/1883/1 1740/1881/1 1989/1882/1
f 1988/1883/1 1741/1884/1 1740/1881/1
f 1987/1885/1 1741/1884/1 1988/1883/1
f 2109/176/1 1741/1884/1 1987/1885/1
f 2109/176/1 1742/1886/1 1741/1884/1
f 2108/1887/1 1742/1886/1 2109/176/1
f 2107/1888/1 1742/1886/1 2108/1887/1
f 2107/1888/1 1743/1889/1 1742/1886/1
f 2106/1890/1 1743/1889/1 2107/1888/1
f 2105/1891/1 1743/1889/1 2106/1890/1
f 2105/1891/1 1744/1892/1 1743/1889/1
f 2104/1893/1 1744/1892/1 2105/1891/1
f 2104/1893/1 1745/1894/1 1744/1892/1
f 2103/1895/1 1745/1894/1 2104/1893/1
f 2102/1896/1 1745/1894/1 2103/1895/1
f 2102/1896/1 1746/1897/1 1745/1894/1
f 2101/1898/1 1746/1897/1 2102/1896/1
f 2100/1899/1 1746/1897/1 2101/1898/1
f 2100/1899/1 1747/1900/1 1746/1897/1
f 2099/1901/1 1747/1900/1 2100/1899/1
f 2098/1902/1 1747/1900/1 2099/1901/1
f 2098/1902/1 1748/1903/1 1747/1900/1
f 2097/1904/1 1748/1903/1 2098/1902/1
f 2096/1905/1 1748/1903/1 2097/1904/1
f 2096/1905/1 1749/1906/1 1748/1903/1
f 2095/1907/1 1749/1906/1 2096/1905/1
f 2094/1908/1 1749/1906/1 2095/1907/1
f 2094/1908/1 1750/1909/1 1749/1906/1
f 2093/1910/1 1750/1909/1 2094/1908/1
f 2093/1910/1 1751/1911/1 1750/1909/1
f 2092/1912/1 1751/1911/1 2093/1910/1
f 2091/1913/1 1751/1911/1 2092/1912/1
f 2091/1913/1 1752/1914/1 1751/1911/1
f 2090/1915/1 1752/1914/1 2091/1913/1
f 2089/1916/1 1752/1914/1 2090/1915/1
f 2089/1916/1 1753/1917/1 1752/1914/1
f 2088/1918/1 1753/1917/1 2089/1916/1
f 2087/1919/1 1753/1917/1 2088/1918/1
f 2087/1919/1 1754/1920/1 1753/1917/1
f 2086/1921/1 1754/1920/1 2087/1919/1
f 2085/1922/1 1754/1920/1 2086/1921/1
f 2085/1922/1 1755/1923/1 1754/1920/1
f 2084/1924/1 1755/1923/1 2085/1922/1
f 2083/1925/1 1755/1923/1 2084/1924/1
f 2083/1925/1 1756/1926/1 1755/1923/1
f 2082/1927/1 1756/1926/1 2083/1925/1
f 2081/1928/1 1756/1926/1 2082/1927/1
f 2081/1928/1 1757/1929/1 1756/1926/1
f 2080/1930/1 1757/1929/1 2081/1928/1
f 2079/1931/1 1757/1929/1 2080/1930/1
f 2079/1931/1 1758/1932/1 1757/1929/1
f 2078/1933/1 1758/1932/1 2079/1931/1
f 2077/1934/1 1758/1932/1 2078/1933/1
f 2076/1935/1 1758/1932/1 2077/1934/1
f 2076/1935/1 1759/1936/1 1758/1932/1
f 2075/1937/1 1759/1936/1 2076/1935/1
f 2074/1938/1 1759/1936/1 2075/1937/1
f 2074/1938/1 1760/1939/1 1759/1936/1
f 2073/1940/1 1760/1939/1 2074/1938/1
f 2072/1941/1 1760/1939/1 2073/1940/1
f 2071/1942/1 1760/1939/1 2072/1941/1
f 2071/1942/1 1761/1943/1 1760/1939/1
f 2070/1944/1 1761/1943/1 2071/1942/1
f 2069/1945/1 1761/1943/1 2070/1944/1
f 2068/1946/1 1761/1943/1 2069/1945/1
f 2068/1946/1 1762/1947/1 1761/1943/1
f 2067/1948/1 1762/1947/1 2068/1946/1
f 2066/1949/1 1762/1947/1 2067/1948/1
f 2065/1950/1 1762/1947/1 2066/1949/1
f 2065/1950/1 1763/1951/1 1762/1947/1
f 2064/1952/1 1763/1951/1 2065/1950/1
f 2063/1953/1 1763/1951/1 2064/1952/1
f 2062/1954/1 1763/1951/1 2063/1953/1
f 2061/1955/1 1763/1951/1 2062/1954/1
f 2061/1955/1 1764/1956/1 1763/1951/1
f 2060/1957/1 1764/1956/1 2061/1955/1
f 2059/1958/1 1764/1956/1 2060/1957/1
f 2058/1959/1 1764/1956/1 2059/1958/1
f 2057/1960/1 1764/1956/1 2058/1959/1
f 2056/1961/1 1764/1956/1 2057/1960/1
f 2056/1961/1 1765/1962/1 1764/1956/1
f 2055/1963/1 1765/1962/1 2056/1961/1
f 2054/1964/1 1765/1962/1 2055/1963/1
f 2053/1965/1 1765/1962/1 2054/1964/1
f 2052/1966/1 1765/1962/1 2053/1965/1
f 2051/1967/1 1765/1962/1 2052/1966/1
f 2050/1968/1 1765/1962/1 2051/1967/1
f 1901/1786/1 2050/1968/1 2049/1807/1
f 1901/1786/1 1804/1969/1 2050/1968/1
f 1804/1969/1 1765/1962/1 2050/1968/1
f 1804/1969/1 1766/1970/1 1765/1962/1
f 1804/1969/1 1767/1971/1 1766/1970/1
f 1804/1969/1 1768/1972/1 1767/1971/1
f 1804/1969/1 1769/1973/1 1768/1972/1
f 1804/1969/1 1770/1974/1 1769/1973/1
f 1804/1969/1 1771/1975/1 1770/1974/1
f 1804/1969/1 1772/1976/1 1771/1975/1
f 1804/1969/1 1773/1977/1 1772/1976/1
f 1804/1969/1 1774/1978/1 1773/1977/1
f 1804/1969/1 1775/1979/1 1774/1978/1
f 1804/1969/1 1776/1980/1 1775/1979/1
f 1804/1969/1 1777/1981/1 1776/1980/1
f 1804/1969/1 1778/1982/1 1777/1981/1
f 1804/1969/1 1779/1983/1 1778/1982/1
f 1804/1969/1 1780/1984/1 1779/1983/1
f 1804/1969/1 1781/1985/1 1780/1984/1
f 1804/1969/1 1782/1986/1 1781/1985/1
f 1804/1969/1 1783/1987/1 1782/1986/1
f 1804/1969/1 1784/1988/1 1783/1987/1
f 1804/1969/1 1785/1989/1 1784/1988/1
f 1804/1969/1 1786/1990/1 1785/1989/1
f 1804/1969/1 1787/1991/1 1786/1990/1
f 1804/1969/1 1788/1992/1 1787/1991/1
f 1804/1969/1 1789/1993/1 1788/1992/1
f 1804/1969/1 1790/1994/1 1789/1993/1
f 1804/1969/1 1791/1995/1 1790/1994/1
f 1804/1969/1 1792/1996/1 1791/1995/1
f 1804/1969/1 1793/1997/1 1792/1996/1
f 1804/1969/1 1794/1998/1 1793/1997/1
f 1804/1969/1 1795/1999/1 1794/1998/1
f 1804/1969/1 1796/2000/1 1795/1999/1
f 1804/1969/1 1797/2001/1 1796/2000/1
f 1804/1969/1 1798/2002/1 1797/2001/1
f 1804/1969/1 1799/2003/1 1798/2002/1
f 1804/1969/1 1800/2004/1 1799/2003/1
f 1804/1969/1 1801/2005/1 1800/2004/1
f 1804/1969/1 1802/2006/1 1801/2005/1
f 1804/1969/1 1803/2007/1 1802/2006/1
f 1901/1786/1 1805/2008/1 1804/1969/1
f 1900/2009/1 1805/2008/1 1901/1786/1
f 1900/2009/1 1806/2010/1 1805/2008/1
f 1900/2009/1 1807/2011/1 1806/2010/1
f 1899/2012/1 1807/2011/1 1900/2009/1
f 1899/2012/1 1808/2013/1 1807/2011/1
f 1898/2014/1 1808/2013/1 1899/2012/1
f 1898/2014/1 1809/2015/1 1808/2013/1
f 1897/2016/1 1809/2015/1 1898/2014/1
f 1897/2016/1 1810/2017/1 1809/2015/1
f 1896/2018/1 1810/2017/1 1897/2016/1
f 1896/2018/1 1811/2019/1 1810/2017/1
f 1895/2020/1 1811/2019/1 1896/2018/1
f 1895/2020/1 1812/2021/1 1811/2019/1
f 1894/2022/1 1812/2021/1 1895/2020/1
f 1894/2022/1 1813/2023/1 1812/2021/1
f 1893/2024/1 1813/2023/1 1894/2022/1
f 1893/2024/1 1814/2025/1 1813/2023/1
f 1892/2026/1 1814/2025/1 1893/2024/1
f 1892/2026/1 1815/2027/1 1814/2025/1
f 1891/2028/1 1815/2027/1 1892/2026/1
f 1891/2028/1 1816/2029/1 1815/2027/1
f 1890/2030/1 1816/2029/1 1891/2028/1
f 1890/2030/1 1817/2031/1 1816/2029/1
f 1889/2032/1 1817/2031/1 1890/2030/1
f 1889/2032/1 1818/2033/1 1817/2031/1
f 1888/2034/1 1818/2033/1 1889/2032/1
f 1888/2034/1 1819/2035/1 1818/2033/1
f 1887/2036/1 1819/2035/1 1888/2034/1
f 1887/2036/1 1820/2037/1 1819/2035/1
f 1886/2038/1 1820/2037/1 1887/2036/1
f 1886/2038/1 1821/2039/1 1820/2037/1
f 1885/2040/1 1821/2039/1 1886/2038/1
f 1885/2040/1 1822/2041/1 1821/2039/1
f 1884/2042/1 1822/2041/1 1885/2040/1
f 1884/2042/1 1823/2043/1 1822/2041/1
f 1883/2044/1 1823/2043/1 1884/2042/1
f 1883/2044/1 1824/2045/1 1823/2043/1
f 1882/2046/1 1824/2045/1 1883/2044/1
f 1882/2046/1 1825/2047/1 1824/2045/1
f 1881/2048/1 1825/2047/1 1882/2046/1
f 1881/2048/1 1826/2049/1 1825/2047/1
f 1880/2050/1 1826/2049/1 1881/2048/1
f 1880/2050/1 1827/2051/1 1826/2049/1
f 1879/2052/1 1827/2051/1 1880/2050/1
f 1879/2052/1 1828/2053/1 1827/2051/1
f 1878/2054/1 1828/2053/1 1879/2052/1
f 1878/2054/1 1829/2055/1 1828/2053/1
f 1877/2056/1 1829/2055/1 1878/2054/1
f 1876/2057/1 1829/2055/1 1877/2056/1
f 1876/2057/1 1830/2058/1 1829/2055/1
f 1875/2059/1 1830/2058/1 1876/2057/1
f 1875/2059/1 1831/2060/1 1830/2058/1
f 1874/2061/1 1831/2060/1 1875/2059/1
f 1874/2061/1 1832/2062/1 1831/2060/1
f 1873/2063/1 1832/2062/1 1874/2061/1
f 1873/2063/1 1833/2064/1 1832/2062/1
f 1872/2065/1 1833/2064/1 1873/2063/1
f 1872/2065/1 1834/2066/1 1833/2064/1
f 1871/2067/1 1834/2066/1 1872/2065/1
f 1871/2067/1 1835/2068/1 1834/2066/1
f 1870/2069/1 1835/2068/1 1871/2067/1
f 1870/2069/1 1836/2070/1 1835/2068/1
f 1869/2071/1 1836/2070/1 1870/2069/1
f 1869/2071/1 1837/2072/1 1836/2070/1
f 1868/2073/1 1837/2072/1 1869/2071/1
f 1868/2073/1 1838/2074/1 1837/2072/1
f 1867/2075/1 1838/2074/1 1868/2073/1
f 1867/2075/1 1839/2076/1 1838/2074/1
f 1866/2077/1 1839/2076/1 1867/2075/1
f 1866/2077/1 1840/2078/1 1839/2076/1
f 1865/2079/1 1840/2078/1 1866/2077/1
f 1865/2079/1 1841/2080/1 1840/2078/1
f 1864/2081/1 1841/2080/1 1865/2079/1
f 1864/2081/1 1842/2082/1 1841/2080/1
f 1863/2083/1 1842/2082/1 1864/2081/1
f 1863/2083/1 1843/2084/1 1842/2082/1
f 1862/2085/1 1843/2084/1 1863/2083/1
f 1862/2085/1 1844/2086/1 1843/2084/1
f 1861/2087/1 1844/2086/1 1862/2085/1
f 1861/2087/1 1845/2088/1 1844/2086/1
f 1860/2089/1 1845/2088/1 1861/2087/1
f 1860/2089/1 1846/2090/1 1845/2088/1
f 1859/2091/1 1846/2090/1 1860/2089/1
f 1859/2091/1 1847/2092/1 1846/2090/1
f 1858/2093/1 1847/2092/1 1859/2091/1
f 1858/2093/1 1848/2094/1 1847/2092/1
f 1857/2095/1 1848/2094/1 1858/2093/1
f 1857/2095/1 1849/2096/1 1848/2094/1
f 1856/2097/1 1849/2096/1 1857/2095/1
f 1856/2097/1 1850/2098/1 1849/2096/1
f 1855/2099/1 1850/2098/1 1856/2097/1
f 1855/2099/1 1851/2100/1 1850/2098/1
f 1854/2101/1 1851/2100/1 1855/2099/1
f 1854/2101/1 1852/2102/1 1851/2100/1
f 1853/2103/1 1852/2102/1 1854/2101/1
f 2506/1/2 2507/3/2 2508/2/2
f 2506/1/2 2508/2/2 2509/4/2
f 2505/5/2 2506/1/2 2509/4/2
f 2505/5/2 2509/4/2 2510/6/2
f 2504/7/2 2505/5/2 2510/6/2
f 2504/7/2 2510/6/2 2511/8/2
f 2503/9/2 2504/7/2 2511/8/2
f 2503/9/2 2511/8/2 2512/10/2
f 2502/11/2 2503/9/2 2512/10/2
f 2502/11/2 2512/10/2 2513/12/2
f 2502/11/2 2513/12/2 2514/13/2
f 2501/14/2 2502/11/2 2514/13/2
f 2501/14/2 2514/13/2 2515/15/2
f 2500/16/2 2501/14/2 2515/15/2
f 2500/16/2 2515/15/2 2516/17/2
f 2499/18/2 2500/16/2 2516/17/2
f 2499/18/2 2516/17/2 2517/19/2
f 2498/20/2 2499/18/2 2517/19/2
f 2498/20/2 2517/19/2 2518/21/2
f 2497/22/2 2498/20/2 2518/21/2
f 2497/22/2 2518/21/2 2519/23/2
f 2497/22/2 2519/23/2 2520/24/2
f 2496/25/2 2497/22/2 2520/24/2
f 2496/25/2 2520/24/2 2521/26/2
f 2495/27/2 2496/25/2 2521/26/2
f 2495/27/2 2521/26/2 2522/28/2
f 2494/29/2 2495/27/2 2522/28/2
f 2494/29/2 2522/28/2 2523/30/2
f 2493/31/2 2494/29/2 2523/30/2
f 2493/31/2 2523/30/2 2524/32/2
f 2493/31/2 2524/32/2 2525/33/2
f 2492/34/2 2493/31/2 2525/33/2
f 2492/34/2 2525/33/2 2526/35/2
f 2491/36/2 2492/34/2 2526/35/2
f 2491/36/2 2526/35/2 2527/37/2
f 2490/38/2 2491/36/2 2527/37/2
f 2490/38/2 2527/37/2 2528/39/2
f 2489/40/2 2490/38/2 2528/39/2
f 2489/40/2 2528/39/2 2529/41/2
f 2489/40/2 2529/41/2 2530/42/2
f 2488/43/2 2489/40/2 2530/42/2
f 2488/43/2 2530/42/2 2531/44/2
f 2487/45/2 2488/43/2 2531/44/2
f 2487/45/2 2531/44/2 2532/46/2
f 2486/47/2 2487/45/2 2532/46/2
f 2486/47/2 2532/46/2 2533/48/2
f 2485/49/2 2486/47/2 2533/48/2
f 2485/49/2 2533/48/2 2534/50/2
f 2485/49/2 2534/50/2 2535/51/2
f 2484/52/2 2485/49/2 2535/51/2
f 2484/52/2 2535/51/2 2536/53/2
f 2483/54/2 2484/52/2 2536/53/2
f 2483/54/2 2536/53/2 2537/55/2
f 2482/56/2 2483/54/2 2537/55/2
f 2482/56/2 2537/55/2 2538/57/2
f 2481/58/2 2482/56/2 2538/57/2
f 2481/58/2 2538/57/2 2539/59/2
f 2481/58/2 2539/59/2 2540/60/2
f 2480/61/2 2481/58/2 2540/60/2
f 2480/61/2 2540/60/2 2541/62/2
f 2479/63/2 2480/61/2 2541/62/2
f 2479/63/2 2541/62/2 2542/64/2
f 2478/65/2 2479/63/2 2542/64/2
f 2478/65/2 2542/64/2 2110/66/2
f 2477/67/2 2478/65/2 2110/66/2
f 2477/67/2 2110/66/2 2111/68/2
f 2477/67/2 2111/68/2 2112/69/2
f 2476/70/2 2477/67/2 2112/69/2
f 2476/70/2 2112/69/2 2579/71/2
f 2579/71/2 2112/69/2 2113/72/2
f 2476/70/2 2579/71/2 2580/73/2
f 2578/74/2 2579/71/2 2113/72/2
f 2476/70/2 2580/73/2 2581/75/2
f 2577/76/2 2578/74/2 2113/72/2
f 2475/77/2 2476/70/2 2581/75/2
f 2475/77/2 2581/75/2 2582/78/2
f 2576/79/2 2577/76/2 2113/72/2
f 2475/77/2 2582/78/2 2583/80/2
f 2575/81/2 2576/79/2 2113/72/2
f 2475/77/2 2583/80/2 2584/82/2
f 2574/83/2 2575/81/2 2113/72/2
f 2475/77/2 2584/82/2 2585/84/2
f 2574/83/2 2113/72/2 2114/85/2
f 2475/77/2 2585/84/2 2586/86/2
f 2573/87/2 2574/83/2 2114/85/2
f 2475/77/2 2586/86/2 2587/88/2
f 2572/89/2 2573/87/2 2114/85/2
f 2475/77/2 2587/88/2 2588/90/2
f 2571/91/2 2572/89/2 2114/85/2
f 2475/77/2 2588/90/2 2589/92/2
f 2474/93/2 2475/77/2 2589/92/2
f 2571/91/2 2114/85/2 2115/94/2
f 2570/95/2 2571/91/2 2115/94/2
f 2474/93/2 2589/92/2 2590/96/2
f 2569/97/2 2570/95/2 2115/94/2
f 2474/93/2 2590/96/2 2591/98/2
f 2474/93/2 2591/98/2 2592/99/2
f 2568/100/2 2569/97/2 2115/94/2
f 2568/100/2 2115/94/2 2116/101/2
f 2473/102/2 2474/93/2 2592/99/2
f 2473/102/2 2592/99/2 2593/103/2
f 2567/104/2 2568/100/2 2116/101/2
f 2473/102/2 2593/103/2 2594/105/2
f 2566/106/2 2567/104/2 2116/101/2
f 2566/106/2 2116/101/2 2117/107/2
f 2473/102/2 2594/105/2 2595/108/2
f 2565/109/2 2566/106/2 2117/107/2
f 2473/102/2 2595/108/2 2596/110/2
f 2472/111/2 2473/102/2 2596/110/2
f 2565/109/2 2117/107/2 2118/112/2
f 2472/111/2 2596/110/2 2597/113/2
f 2564/114/2 2565/109/2 2118/112/2
f 2472/111/2 2597/113/2 2598/115/2
f 2563/116/2 2564/114/2 2118/112/2
f 2563/116/2 2118/112/2 2119/117/2
f 2471/118/2 2472/111/2 2598/115/2
f 2471/118/2 2598/115/2 2599/119/2
f 2562/120/2 2563/116/2 2119/117/2
f 2471/118/2 2599/119/2 2600/121/2
f 2562/120/2 2119/117/2 2120/122/2
f 2561/123/2 2562/120/2 2120/122/2
f 2471/118/2 2600/121/2 2601/124/2
f 2470/125/2 2471/118/2 2601/124/2
f 2560/126/2 2561/123/2 2120/122/2
f 2470/125/2 2601/124/2 2602/127/2
f 2560/126/2 2120/122/2 2121/128/2
f 2470/125/2 2602/127/2 2603/129/2
f 2559/130/2 2560/126/2 2121/128/2
f 2469/131/2 2470/125/2 2603/129/2
f 2559/130/2 2121/128/2 2122/132/2
f 2469/131/2 2603/129/2 2604/133/2
f 2558/134/2 2559/130/2 2122/132/2
f 2469/131/2 2604/133/2 2605/135/2
f 2557/136/2 2558/134/2 2122/132/2
f 2557/136/2 2122/132/2 2123/137/2
f 2468/138/2 2469/131/2 2605/135/2
f 2468/138/2 2605/135/2 2606/139/2
f 2556/140/2 2557/136/2 2123/137/2
f 2468/138/2 2606/139/2 2607/141/2
f 2556/140/2 2123/137/2 2124/142/2
f 2555/143/2 2556/140/2 2124/142/2
f 2468/138/2 2607/141/2 2608/144/2
f 2467/145/2 2468/138/2 2608/144/2
f 2554/146/2 2555/143/2 2124/142/2
f 2467/145/2 2608/144/2 2609/147/2
f 2554/146/2 2124/142/2 2125/148/2
f 2553/149/2 2554/146/2 2125/148/2
f 2467/145/2 2609/147/2 2610/150/2
f 2466/151/2 2467/145/2 2610/150/2
f 2552/152/2 2553/149/2 2125/148/2
f 2466/151/2 2610/150/2 2611/153/2
f 2551/154/2 2552/152/2 2125/148/2
f 2551/154/2 2125/148/2 2126/155/2
f 2550/156/2 2551/154/2 2126/155/2
f 2465/157/2 2466/151/2 2611/153/2
f 2465/157/2 2611/153/2 2612/158/2
f 2549/159/2 2550/156/2 2126/155/2
f 2465/157/2 2612/158/2 2613/160/2
f 2548/161/2 2549/159/2 2126/155/2
f 2548/161/2 2126/155/2 2127/162/2
f 2464/163/2 2465/157/2 2613/160/2
f 2547/164/2 2548/161/2 2127/162/2
f 2464/163/2 2613/160/2 2614/165/2
f 2546/166/2 2547/164/2 2127/162/2
f 2546/166/2 2127/162/2 2128/167/2
f 2464/163/2 2614/165/2 2615/168/2
f 2545/169/2 2546/166/2 2128/167/2
f 2463/170/2 2464/163/2 2615/168/2
f 2544/171/2 2545/169/2 2128/167/2
f 2463/170/2 2615/168/2 2616/172/2
f 2543/173/2 2544/171/2 2128/167/2
f 2543/173/2 2128/167/2 2129/174/2
f 2463/170/2 2616/172/2 2617/175/2
f 2663/176/2 2543/173/2 2129/174/2
f 2462/177/2 2463/170/2 2617/175/2
f 2662/178/2 2663/176/2 2129/174/2
f 2462/177/2 2617/175/2 2618/179/2
f 2662/178/2 2129/174/2 2130/180/2
f 2661/181/2 2662/178/2 2130/180/2
f 2660/182/2 2661/181/2 2130/180/2
f 2462/177/2 2618/179/2 2619/183/2
f 2461/184/2 2462/177/2 2619/183/2
f 2659/185/2 2660/182/2 2130/180/2
f 2659/185/2 2130/180/2 2131/186/2
f 2658/187/2 2659/185/2 2131/186/2
f 2461/184/2 2619/183/2 2620/188/2
f 2657/189/2 2658/187/2 2131/186/2
f 2460/190/2 2461/184/2 2620/188/2
f 2656/191/2 2657/189/2 2131/186/2
f 2656/191/2 2131/186/2 2132/192/2
f 2460/190/2 2620/188/2 2621/193/2
f 2655/194/2 2656/191/2 2132/192/2
f 2654/195/2 2655/194/2 2132/192/2
f 2460/190/2 2621/193/2 2622/196/2
f 2653/197/2 2654/195/2 2132/192/2
f 2653/197/2 2132/192/2 2133/198/2
f 2459/199/2 2460/190/2 2622/196/2
f 2652/200/2 2653/197/2 2133/198/2
f 2651/201/2 2652/200/2 2133/198/2
f 2459/199/2 2622/196/2 2623/202/2
f 2650/203/2 2651/201/2 2133/198/2
f 2649/204/2 2650/203/2 2133/198/2
f 2649/204/2 2133/198/2 2134/205/2
f 2459/199/2 2623/202/2 2624/206/2
f 2458/207/2 2459/199/2 2624/206/2
f 2648/208/2 2649/204/2 2134/205/2
f 2647/209/2 2648/208/2 2134/205/2
f 2646/210/2 2647/209/2 2134/205/2
f 2646/210/2 2134/205/2 2135/211/2
f 2458/207/2 2624/206/2 2625/212/2
f 2645/213/2 2646/210/2 2135/211/2
f 2644/214/2 2645/213/2 2135/211/2
f 2643/215/2 2644/214/2 2135/211/2
f 2457/216/2 2458/207/2 2625/212/2
f 2642/217/2 2643/215/2 2135/211/2
f 2457/216/2 2625/212/2 2626/218/2
f 2641/219/2 2642/217/2 2135/211/2
f 2641/219/2 2135/211/2 2136/220/2
f 2640/221/2 2641/219/2 2136/220/2
f 2639/222/2 2640/221/2 2136/220/2
f 2638/223/2 2639/222/2 2136/220/2
f 2457/216/2 2626/218/2 2627/224/2
f 2637/225/2 2638/223/2 2136/220/2
f 2636/226/2 2637/225/2 2136/220/2
f 2456/227/2 2457/216/2 2627/224/2
f 2636/226/2 2136/220/2 2137/228/2
f 2635/229/2 2636/226/2 2137/228/2
f 2634/230/2 2635/229/2 2137/228/2
f 2633/231/2 2634/230/2 2137/228/2
f 2632/232/2 2633/231/2 2137/228/2
f 2631/233/2 2632/232/2 2137/228/2
f 2630/234/2 2631/233/2 2137/228/2
f 2629/235/2 2630/234/2 2137/228/2
f 2628/236/2 2629/235/2 2137/228/2
f 2456/227/2 2627/224/2 2628/236/2
f 2456/227/2 2628/236/2 2137/228/2
f 2456/227/2 2137/228/2 2138/237/2
f 2455/238/2 2456/227/2 2138/237/2
f 2455/238/2 2138/237/2 2139/239/2
f 2454/240/2 2455/238/2 2139/239/2
f 2454/240/2 2139/239/2 2140/241/2
f 2454/240/2 2140/241/2 2141/242/2
f 2453/243/2 2454/240/2 2141/242/2
f 2453/243/2 2141/242/2 2142/244/2
f 2452/245/2 2453/243/2 2142/244/2
f 2452/245/2 2142/244/2 2143/246/2
f 2452/245/2 2143/246/2 2144/247/2
f 2451/248/2 2452/245/2 2144/247/2
f 2451/248/2 2144/247/2 2145/249/2
f 2451/248/2 2145/249/2 2146/250/2
f 2450/251/2 2451/248/2 2146/250/2
f 2450/251/2 2146/250/2 2147/252/2
f 2450/251/2 2147/252/2 2148/253/2
f 2449/254/2 2450/251/2 2148/253/2
f 2449/254/2 2148/253/2 2149/255/2
f 2449/254/2 2149/255/2 2150/256/2
f 2448/257/2 2449/254/2 2150/256/2
f 2448/257/2 2150/256/2 2151/258/2
f 2448/257/2 2151/258/2 2152/259/2
f 2447/260/2 2448/257/2 2152/259/2
f 2447/260/2 2152/259/2 2153/261/2
f 2447/260/2 2153/261/2 2154/262/2
f 2446/263/2 2447/260/2 2154/262/2
f 2446/263/2 2154/262/2 2155/264/2
f 2446/263/2 2155/264/2 2156/265/2
f 2446/263/2 2156/265/2 2157/266/2
f 2445/267/2 2446/263/2 2157/266/2
f 2445/267/2 2157/266/2 2158/268/2
f 2445/267/2 2158/268/2 2159/269/2
f 2445/267/2 2159/269/2 2160/270/2
f 2445/267/2 2160/270/2 2161/271/2
f 2444/272/2 2445/267/2 2161/271/2
f 2444/272/2 2161/271/2 2162/273/2
f 2444/272/2 2162/273/2 2163/274/2
f 2444/272/2 2163/274/2 2164/275/2
f 2444/272/2 2164/275/2 2165/276/2
f 2444/272/2 2165/276/2 2166/277/2
f 2443/278/2 2444/272/2 2171/279/2
f 2171/279/2 2444/272/2 2166/277/2
f 2171/279/2 2166/277/2 2167/280/2
f 2171/279/2 2167/280/2 2168/281/2
f 2171/279/2 2168/281/2 2169/282/2
f 2171/279/2 2169/282/2 2170/283/2
f 2443/278/2 2171/279/2 2172/284/2
f 2443/278/2 2172/284/2 2173/285/2
f 2443/278/2 2173/285/2 2174/286/2
f 2442/287/2 2443/278/2 2174/286/2
f 2442/287/2 2174/286/2 2175/288/2
f 2442/287/2 2175/288/2 2176/289/2
f 2442/287/2 2176/289/2 2177/290/2
f 2441/291/2 2442/287/2 2177/290/2
f 2441/291/2 2177/290/2 2178/292/2
f 2441/291/2 2178/292/2 2179/293/2
f 2441/291/2 2179/293/2 2180/294/2
f 2440/295/2 2441/291/2 2180/294/2
f 2440/295/2 2180/294/2 2181/296/2
f 2440/295/2 2181/296/2 2182/297/2
f 2440/295/2 2182/297/2 2183/298/2
f 2440/295/2 2183/298/2 2184/299/2
f 2439/300/2 2440/295/2 2184/299/2
f 2439/300/2 2184/299/2 2185/301/2
f 2439/300/2 2185/301/2 2186/302/2
f 2439/300/2 2186/302/2 2187/303/2
f 2438/304/2 2439/300/2 2187/303/2
f 2438/304/2 2187/303/2 2188/305/2
f 2438/304/2 2188/305/2 2189/306/2
f 2438/304/2 2189/306/2 2190/307/2
f 2437/308/2 2438/304/2 2190/307/2
f 2437/308/2 2190/307/2 2191/309/2
f 2437/308/2 2191/309/2 2192/310/2
f 2437/308/2 2192/310/2 2193/311/2
f 2436/312/2 2437/308/2 2193/311/2
f 2436/312/2 2193/311/2 2194/313/2
f 2436/312/2 2194/313/2 2195/314/2
f 2436/312/2 2195/314/2 2196/315/2
f 2435/316/2 2436/312/2 2196/315/2
f 2435/316/2 2196/315/2 2197/317/2
f 2434/318/2 2435/316/2 2197/317/2
f 2434/318/2 2197/317/2 2198/319/2
f 2433/320/2 2434/318/2 2198/319/2
f 2433/320/2 2198/319/2 2199/321/2
f 2432/322/2 2433/320/2 2199/321/2
f 2432/322/2 2199/321/2 2200/323/2
f 2431/324/2 2432/322/2 2200/323/2
f 2431/324/2 2200/323/2 2201/325/2
f 2431/324/2 2201/325/2 2202/326/2
f 2430/327/2 2431/324/2 2202/326/2
f 2430/327/2 2202/326/2 2203/328/2
f 2429/329/2 2430/327/2 2203/328/2
f 2429/329/2 2203/328/2 2204/330/2
f 2428/331/2 2429/329/2 2204/330/2
f 2428/331/2 2204/330/2 2205/332/2
f 2266/333/2 2267/335/2 2268/334/2
f 2266/333/2 2268/334/2 2269/336/2
f 2265/337/2 2266/333/2 2269/336/2
f 2265/337/2 2269/336/2 2270/338/2
f 2264/339/2 2265/337/2 2270/338/2
f 2264/339/2 2270/338/2 2271/340/2
f 2263/341/2 2264/339/2 2271/340/2
f 2263/341/2 2271/340/2 2272/342/2
f 2262/343/2 2263/341/2 2272/342/2
f 2262/343/2 2272/342/2 2273/344/2
f 2261/345/2 2262/343/2 2273/344/2
f 2261/345/2 2273/344/2 2274/346/2
f 2260/347/2 2261/345/2 2274/346/2
f 2260/347/2 2274/346/2 2275/348/2
f 2260/347/2 2275/348/2 2276/349/2
f 2259/350/2 2260/347/2 2276/349/2
f 2259/350/2 2276/349/2 2277/351/2
f 2258/352/2 2259/350/2 2277/351/2
f 2258/352/2 2277/351/2 2278/353/2
f 2428/331/2 2205/332/2 2206/354/2
f 2257/355/2 2258/352/2 2278/353/2
f 2257/355/2 2278/353/2 2279/356/2
f 2256/357/2 2257/355/2 2279/356/2
f 2256/357/2 2279/356/2 2280/358/2
f 2427/359/2 2428/331/2 2206/354/2
f 2255/360/2 2256/357/2 2280/358/2
f 2255/360/2 2280/358/2 2281/361/2
f 2254/362/2 2255/360/2 2281/361/2
f 2254/362/2 2281/361/2 2282/363/2
f 2254/362/2 2282/363/2 2283/364/2
f 2253/365/2 2254/362/2 2283/364/2
f 2253/365/2 2283/364/2 2284/366/2
f 2252/367/2 2253/365/2 2284/366/2
f 2427/359/2 2206/354/2 2207/368/2
f 2252/367/2 2284/366/2 2285/369/2
f 2251/370/2 2252/367/2 2285/369/2
f 2251/370/2 2285/369/2 2286/371/2
f 2250/372/2 2251/370/2 2286/371/2
f 2249/373/2 2250/372/2 2286/371/2
f 2249/373/2 2286/371/2 2287/374/2
f 2248/375/2 2249/373/2 2287/374/2
f 2426/376/2 2427/359/2 2207/368/2
f 2248/375/2 2287/374/2 2288/377/2
f 2426/376/2 2207/368/2 2208/378/2
f 2247/379/2 2248/375/2 2288/377/2
f 2247/379/2 2288/377/2 2289/380/2
f 2246/381/2 2247/379/2 2289/380/2
f 2246/381/2 2289/380/2 2290/382/2
f 2245/383/2 2246/381/2 2290/382/2
f 2426/376/2 2208/378/2 2209/384/2
f 2245/383/2 2290/382/2 2291/385/2
f 2244/386/2 2245/383/2 2291/385/2
f 2243/387/2 2244/386/2 2291/385/2
f 2243/387/2 2291/385/2 2292/388/2
f 2242/389/2 2243/387/2 2292/388/2
f 2425/390/2 2426/376/2 2209/384/2
f 2242/389/2 2292/388/2 2293/391/2
f 2241/392/2 2242/389/2 2293/391/2
f 2425/390/2 2209/384/2 2210/393/2
f 2240/394/2 2241/392/2 2293/391/2
f 2240/394/2 2293/391/2 2294/395/2
f 2239/396/2 2240/394/2 2294/395/2
f 2239/396/2 2294/395/2 2295/397/2
f 2425/390/2 2210/393/2 2211/398/2
f 2238/399/2 2239/396/2 2295/397/2
f 2237/400/2 2238/399/2 2295/397/2
f 2237/400/2 2295/397/2 2296/401/2
f 2236/402/2 2237/400/2 2296/401/2
f 2424/403/2 2425/390/2 2211/398/2
f 2424/403/2 2211/398/2 2212/404/2
f 2235/405/2 2236/402/2 2296/401/2
f 2235/405/2 2296/401/2 2297/406/2
f 2234/407/2 2235/405/2 2297/406/2
f 2233/408/2 2234/407/2 2297/406/2
f 2424/403/2 2212/404/2 2213/409/2
f 2233/408/2 2297/406/2 2298/410/2
f 2232/411/2 2233/408/2 2298/410/2
f 2231/412/2 2232/411/2 2298/410/2
f 2231/412/2 2298/410/2 2299/413/2
f 2424/403/2 2213/409/2 2214/414/2
f 2230/415/2 2231/412/2 2299/413/2
f 2229/416/2 2230/415/2 2299/413/2
f 2423/417/2 2424/403/2 2214/414/2
f 2423/417/2 2214/414/2 2215/418/2
f 2229/416/2 2299/413/2 2300/419/2
f 2228/420/2 2229/416/2 2300/419/2
f 2227/421/2 2228/420/2 2300/419/2
f 2423/417/2 2215/418/2 2216/422/2
f 2226/423/2 2227/421/2 2300/419/2
f 2226/423/2 2300/419/2 2301/424/2
f 2225/425/2 2226/423/2 2301/424/2
f 2423/417/2 2216/422/2 2217/426/2
f 2224/427/2 2225/425/2 2301/424/2
f 2223/428/2 2224/427/2 2301/424/2
f 2423/417/2 2217/426/2 2218/429/2
f 2222/430/2 2223/428/2 2301/424/2
f 2221/431/2 2222/430/2 2301/424/2
f 2423/417/2 2218/429/2 2219/432/2
f 2220/433/2 2221/431/2 2301/424/2
f 2220/433/2 2301/424/2 2302/434/2
f 2219/432/2 2220/433/2 2302/434/2
f 2423/417/2 2219/432/2 2302/434/2
f 2423/417/2 2302/434/2 2303/435/2
f 2422/436/2 2423/417/2 2303/435/2
f 2422/436/2 2303/435/2 2304/437/2
f 2422/436/2 2304/437/2 2305/438/2
f 2421/439/2 2422/436/2 2305/438/2
f 2421/439/2 2305/438/2 2306/440/2
f 2421/439/2 2306/440/2 2307/441/2
f 2421/439/2 2307/441/2 2308/442/2
f 2420/443/2 2421/439/2 2308/442/2
f 2420/443/2 2308/442/2 2309/444/2
f 2420/443/2 2309/444/2 2310/445/2
f 2420/443/2 2310/445/2 2311/446/2
f 2419/447/2 2420/443/2 2311/446/2
f 2419/447/2 2311/446/2 2312/448/2
f 2419/447/2 2312/448/2 2313/449/2
f 2419/447/2 2313/449/2 2314/450/2
f 2418/451/2 2419/447/2 2314/450/2
f 2418/451/2 2314/450/2 2315/452/2
f 2418/451/2 2315/452/2 2316/453/2
f 2417/454/2 2418/451/2 2316/453/2
f 2417/454/2 2316/453/2 2317/455/2
f 2417/454/2 2317/455/2 2318/456/2
f 2417/454/2 2318/456/2 2319/457/2
f 2416/458/2 2417/454/2 2319/457/2
f 2416/458/2 2319/457/2 2320/459/2
f 2416/458/2 2320/459/2 2321/460/2
f 2415/461/2 2416/458/2 2321/460/2
f 2415/461/2 2321/460/2 2322/462/2
f 2415/461/2 2322/462/2 2323/463/2
f 2415/461/2 2323/463/2 2324/464/2
f 2414/465/2 2415/461/2 2324/464/2
f 2414/465/2 2324/464/2 2325/466/2
f 2414/465/2 2325/466/2 2326/467/2
f 2413/468/2 2414/465/2 2326/467/2
f 2413/468/2 2326/467/2 2327/469/2
f 2413/468/2 2327/469/2 2328/470/2
f 2412/471/2 2413/468/2 2328/470/2
f 2412/471/2 2328/470/2 2329/472/2
f 2412/471/2 2329/472/2 2330/473/2
f 2412/471/2 2330/473/2 2331/474/2
f 2411/475/2 2412/471/2 2331/474/2
f 2411/475/2 2331/474/2 2332/476/2
f 2411/475/2 2332/476/2 2333/477/2
f 2411/475/2 2333/477/2 2334/478/2
f 2410/479/2 2411/475/2 2334/478/2
f 2410/479/2 2334/478/2 2335/480/2
f 2410/479/2 2335/480/2 2336/481/2
f 2410/479/2 2336/481/2 2337/482/2
f 2409/483/2 2410/479/2 2337/482/2
f 2409/483/2 2337/482/2 2338/484/2
f 2409/483/2 2338/484/2 2339/485/2
f 2409/483/2 2339/485/2 2340/486/2
f 2408/487/2 2409/483/2 2340/486/2
f 2408/487/2 2340/486/2 2341/488/2
f 2408/487/2 2341/488/2 2342/489/2
f 2408/487/2 2342/489/2 2343/490/2
f 2407/491/2 2408/487/2 2343/490/2
f 2407/491/2 2343/490/2 2344/492/2
f 2407/491/2 2344/492/2 2345/493/2
f 2407/491/2 2345/493/2 2346/494/2
f 2406/495/2 2407/491/2 2346/494/2
f 2406/495/2 2346/494/2 2347/496/2
f 2406/495/2 2347/496/2 2348/497/2
f 2406/495/2 2348/497/2 2349/498/2
f 2405/499/2 2406/495/2 2349/498/2
f 2405/499/2 2349/498/2 2350/500/2
f 2405/499/2 2350/500/2 2351/501/2
f 2404/502/2 2405/499/2 2351/501/2
f 2404/502/2 2351/501/2 2352/503/2
f 2404/502/2 2352/503/2 2353/504/2
f 2404/502/2 2353/504/2 2354/505/2
f 2403/506/2 2404/502/2 2354/505/2
f 2403/506/2 2354/505/2 2355/507/2
f 2403/506/2 2355/507/2 2356/508/2
f 2402/509/2 2403/506/2 2356/508/2
f 2402/509/2 2356/508/2 2357/510/2
f 2402/509/2 2357/510/2 2358/511/2
f 2402/509/2 2358/511/2 2359/512/2
f 2401/513/2 2402/509/2 2359/512/2
f 2401/513/2 2359/512/2 2360/514/2
f 2401/513/2 2360/514/2 2361/515/2
f 2400/516/2 2401/513/2 2361/515/2
f 2400/516/2 2361/515/2 2362/517/2
f 2400/516/2 2362/517/2 2363/518/2
f 2399/519/2 2400/516/2 2363/518/2
f 2399/519/2 2363/518/2 2364/520/2
f 2399/519/2 2364/520/2 2365/521/2
f 2398/522/2 2399/519/2 2365/521/2
f 2398/522/2 2365/521/2 2366/523/2
f 2398/522/2 2366/523/2 2367/524/2
f 2397/525/2 2398/522/2 2367/524/2
f 2397/525/2 2367/524/2 2368/526/2
f 2397/525/2 2368/526/2 2369/527/2
f 2396/528/2 2397/525/2 2369/527/2
f 2396/528/2 2369/527/2 2370/529/2
f 2396/528/2 2370/529/2 2371/530/2
f 2395/531/2 2396/528/2 2371/530/2
f 2395/531/2 2371/530/2 2372/532/2
f 2395/531/2 2372/532/2 2373/533/2
f 2394/534/2 2395/531/2 2373/533/2
f 2394/534/2 2373/533/2 2374/535/2
f 2394/534/2 2374/535/2 2375/536/2
f 2393/537/2 2394/534/2 2375/536/2
f 2393/537/2 2375/536/2 2376/538/2
f 2393/537/2 2376/538/2 2377/539/2
f 2392/540/2 2393/537/2 2377/539/2
f 2392/540/2 2377/539/2 2378/541/2
f 2392/540/2 2378/541/2 2379/542/2
f 2391/543/2 2392/540/2 2379/542/2
f 2391/543/2 2379/542/2 2380/544/2
f 2390/545/2 2391/543/2 2380/544/2
f 2390/545/2 2380/544/2 2381/546/2
f 2390/545/2 2381/546/2 2382/547/2
f 2389/548/2 2390/545/2 2382/547/2
f 2389/548/2 2382/547/2 2383/549/2
f 2389/548/2 2383/549/2 2384/550/2
f 2388/551/2 2389/548/2 2384/550/2
f 2388/551/2 2384/550/2 2385/552/2
f 2388/551/2 2385/552/2 2386/553/2
f 2387/554/2 2388/551/2 2386/553/2
f 3299/555/2 3300/557/2 3301/556/2
f 3299/555/2 3301/556/2 3302/558/2
f 3299/555/2 3302/558/2 3303/559/2
f 3298/560/2 3299/555/2 3303/559/2
f 3298/560/2 3303/559/2 3304/561/2
f 3298/560/2 3304/561/2 3305/562/2
f 3297/563/2 3298/560/2 3305/562/2
f 3297/563/2 3305/562/2 3306/564/2
f 3297/563/2 3306/564/2 3307/565/2
f 3296/566/2 3297/563/2 3307/565/2
f 3296/566/2 3307/565/2 3308/567/2
f 3296/566/2 3308/567/2 3309/568/2
f 3295/569/2 3296/566/2 3309/568/2
f 3295/569/2 3309/568/2 3310/570/2
f 3295/569/2 3310/570/2 3311/571/2
f 3294/572/2 3295/569/2 3311/571/2
f 3294/572/2 3311/571/2 3312/573/2
f 3294/572/2 3312/573/2 3313/574/2
f 3293/575/2 3294/572/2 3313/574/2
f 3293/575/2 3313/574/2 3314/576/2
f 3293/575/2 3314/576/2 3315/577/2
f 3293/575/2 3315/577/2 3316/578/2
f 3292/579/2 3293/575/2 3316/578/2
f 3292/579/2 3316/578/2 3317/580/2
f 3292/579/2 3317/580/2 3318/581/2
f 3291/582/2 3292/579/2 3318/581/2
f 3291/582/2 3318/581/2 3319/583/2
f 3291/582/2 3319/583/2 3320/584/2
f 3290/585/2 3291/582/2 3320/584/2
f 3290/585/2 3320/584/2 3321/586/2
f 3290/585/2 3321/586/2 3322/587/2
f 3290/585/2 3322/587/2 3323/588/2
f 3289/589/2 3290/585/2 3323/588/2
f 3289/589/2 3323/588/2 3324/590/2
f 3289/589/2 3324/590/2 3325/591/2
f 3288/592/2 3289/589/2 3325/591/2
f 3288/592/2 3325/591/2 3326/593/2
f 3288/592/2 3326/593/2 3327/594/2
f 3288/592/2 3327/594/2 3328/595/2
f 3287/596/2 3288/592/2 3328/595/2
f 3287/596/2 3328/595/2 3329/597/2
f 3287/596/2 3329/597/2 3330/598/2
f 3287/596/2 3330/598/2 3331/599/2
f 3286/600/2 3287/596/2 3331/599/2
f 3286/600/2 3331/599/2 3332/601/2
f 3286/600/2 3332/601/2 3333/602/2
f 3285/603/2 3286/600/2 3333/602/2
f 3285/603/2 3333/602/2 3334/604/2
f 3285/603/2 3334/604/2 3335/605/2
f 3285/603/2 3335/605/2 3336/606/2
f 3284/607/2 3285/603/2 3336/606/2
f 3284/607/2 3336/606/2 3337/608/2
f 3284/607/2 3337/608/2 3338/609/2
f 3284/607/2 3338/609/2 3339/610/2
f 3283/611/2 3284/607/2 3339/610/2
f 3283/611/2 3339/610/2 3340/612/2
f 3283/611/2 3340/612/2 3341/613/2
f 3283/611/2 3341/613/2 3342/614/2
f 3282/615/2 3283/611/2 3342/614/2
f 3282/615/2 3342/614/2 3343/616/2
f 3282/615/2 3343/616/2 3344/617/2
f 3282/615/2 3344/617/2 3345/618/2
f 3281/619/2 3282/615/2 3345/618/2
f 3281/619/2 3345/618/2 3346/620/2
f 3281/619/2 3346/620/2 3347/176/2
f 3281/619/2 3347/176/2 2664/66/2
f 3281/619/2 2664/66/2 2665/621/2
f 3280/622/2 3281/619/2 2665/621/2
f 3280/622/2 2665/621/2 2666/623/2
f 3280/622/2 2666/623/2 2667/624/2
f 3280/622/2 2667/624/2 2668/625/2
f 3279/626/2 3280/622/2 2668/625/2
f 3279/626/2 2668/625/2 2669/627/2
f 3279/626/2 2669/627/2 2670/628/2
f 3278/629/2 3279/626/2 2670/628/2
f 3278/629/2 2670/628/2 2671/630/2
f 3278/629/2 2671/630/2 2672/631/2
f 3278/629/2 2672/631/2 2673/632/2
f 3277/633/2 3278/629/2 2673/632/2
f 3277/633/2 2673/632/2 2674/634/2
f 3277/633/2 2674/634/2 2675/635/2
f 3276/636/2 3277/633/2 2675/635/2
f 3276/636/2 2675/635/2 2676/637/2
f 3276/636/2 2676/637/2 2677/638/2
f 3275/639/2 3276/636/2 2677/638/2
f 3275/639/2 2677/638/2 2678/640/2
f 3275/639/2 2678/640/2 2679/641/2
f 3275/639/2 2679/641/2 2680/642/2
f 3274/643/2 3275/639/2 2680/642/2
f 3274/643/2 2680/642/2 2681/644/2
f 3274/643/2 2681/644/2 2682/645/2
f 3274/643/2 2682/645/2 2683/646/2
f 3273/647/2 3274/643/2 2683/646/2
f 3273/647/2 2683/646/2 2684/648/2
f 3273/647/2 2684/648/2 2685/649/2
f 3272/650/2 3273/647/2 2685/649/2
f 3272/650/2 2685/649/2 2686/651/2
f 3272/650/2 2686/651/2 2687/652/2
f 3272/650/2 2687/652/2 2688/653/2
f 3271/654/2 3272/650/2 2688/653/2
f 3271/654/2 2688/653/2 2689/655/2
f 3271/654/2 2689/655/2 2690/656/2
f 3270/657/2 3271/654/2 2690/656/2
f 3270/657/2 2690/656/2 2691/658/2
f 3270/657/2 2691/658/2 2692/659/2
f 3269/660/2 3270/657/2 2692/659/2
f 3269/660/2 2692/659/2 2693/661/2
f 3269/660/2 2693/661/2 2694/662/2
f 3268/663/2 3269/660/2 2694/662/2
f 3268/663/2 2694/662/2 2695/664/2
f 3268/663/2 2695/664/2 2696/665/2
f 3268/663/2 2696/665/2 2697/666/2
f 3267/667/2 3268/663/2 2697/666/2
f 3267/667/2 2697/666/2 2698/668/2
f 3267/667/2 2698/668/2 2699/669/2
f 3266/670/2 3267/667/2 2773/671/2
f 2773/671/2 3267/667/2 2699/669/2
f 2773/671/2 2699/669/2 2772/672/2
f 2772/672/2 2699/669/2 2700/673/2
f 2771/674/2 2772/672/2 2700/673/2
f 3266/670/2 2773/671/2 2774/675/2
f 2770/676/2 2771/674/2 2700/673/2
f 3266/670/2 2774/675/2 2775/677/2
f 2769/678/2 2770/676/2 2700/673/2
f 3266/670/2 2775/677/2 2776/679/2
f 2768/680/2 2769/678/2 2700/673/2
f 3266/670/2 2776/679/2 2777/681/2
f 2767/682/2 2768/680/2 2700/673/2
f 2767/682/2 2700/673/2 2701/683/2
f 3266/670/2 2777/681/2 2778/684/2
f 2766/685/2 2767/682/2 2701/683/2
f 3266/670/2 2778/684/2 2779/686/2
f 2765/687/2 2766/685/2 2701/683/2
f 3266/670/2 2779/686/2 2780/688/2
f 2764/689/2 2765/687/2 2701/683/2
f 3266/670/2 2780/688/2 2781/690/2
f 2763/691/2 2764/689/2 2701/683/2
f 2763/691/2 2701/683/2 2702/692/2
f 3266/670/2 2781/690/2 2782/693/2
f 2762/694/2 2763/691/2 2702/692/2
f 3265/695/2 3266/670/2 2782/693/2
f 3265/695/2 2782/693/2 2783/696/2
f 2761/697/2 2762/694/2 2702/692/2
f 3265/695/2 2783/696/2 2784/698/2
f 2760/699/2 2761/697/2 2702/692/2
f 2760/699/2 2702/692/2 2703/700/2
f 3265/695/2 2784/698/2 2785/701/2
f 2759/702/2 2760/699/2 2703/700/2
f 2758/703/2 2759/702/2 2703/700/2
f 3265/695/2 2785/701/2 2786/704/2
f 2757/705/2 2758/703/2 2703/700/2
f 3265/695/2 2786/704/2 2787/706/2
f 2757/705/2 2703/700/2 2704/707/2
f 2756/708/2 2757/705/2 2704/707/2
f 3265/695/2 2787/706/2 2788/709/2
f 3264/710/2 3265/695/2 2788/709/2
f 2755/711/2 2756/708/2 2704/707/2
f 3264/710/2 2788/709/2 2789/712/2
f 2755/711/2 2704/707/2 2705/713/2
f 2754/714/2 2755/711/2 2705/713/2
f 3264/710/2 2789/712/2 2790/715/2
f 2753/716/2 2754/714/2 2705/713/2
f 3264/710/2 2790/715/2 2791/717/2
f 2753/716/2 2705/713/2 2706/718/2
f 2752/719/2 2753/716/2 2706/718/2
f 3264/710/2 2791/717/2 2792/720/2
f 2751/721/2 2752/719/2 2706/718/2
f 2751/721/2 2706/718/2 2707/722/2
f 3264/710/2 2792/720/2 2793/723/2
f 2750/724/2 2751/721/2 2707/722/2
f 3263/725/2 3264/710/2 2793/723/2
f 2749/726/2 2750/724/2 2707/722/2
f 3263/725/2 2793/723/2 2794/727/2
f 2749/726/2 2707/722/2 2708/728/2
f 2748/729/2 2749/726/2 2708/728/2
f 3263/725/2 2794/727/2 2795/730/2
f 2747/731/2 2748/729/2 2708/728/2
f 2747/731/2 2708/728/2 2709/732/2
f 3263/725/2 2795/730/2 2796/733/2
f 2746/734/2 2747/731/2 2709/732/2
f 2745/735/2 2746/734/2 2709/732/2
f 2745/735/2 2709/732/2 2710/736/2
f 3263/725/2 2796/733/2 2797/737/2
f 2744/738/2 2745/735/2 2710/736/2
f 3262/739/2 3263/725/2 2797/737/2
f 3262/739/2 2797/737/2 2798/740/2
f 2744/738/2 2710/736/2 2711/741/2
f 2743/742/2 2744/738/2 2711/741/2
f 2742/743/2 2743/742/2 2711/741/2
f 3262/739/2 2798/740/2 2799/744/2
f 2742/743/2 2711/741/2 2712/745/2
f 2741/746/2 2742/743/2 2712/745/2
f 3262/739/2 2799/744/2 2800/747/2
f 2740/748/2 2741/746/2 2712/745/2
f 2740/748/2 2712/745/2 2713/749/2
f 2739/750/2 2740/748/2 2713/749/2
f 3262/739/2 2800/747/2 2801/751/2
f 2739/750/2 2713/749/2 2714/752/2
f 3261/753/2 3262/739/2 2801/751/2
f 2738/754/2 2739/750/2 2714/752/2
f 2737/755/2 2738/754/2 2714/752/2
f 3261/753/2 2801/751/2 2802/756/2
f 2737/755/2 2714/752/2 2715/757/2
f 2736/758/2 2737/755/2 2715/757/2
f 2736/758/2 2715/757/2 2716/759/2
f 3261/753/2 2802/756/2 2803/760/2
f 2735/761/2 2736/758/2 2716/759/2
f 2734/762/2 2735/761/2 2716/759/2
f 2734/762/2 2716/759/2 2717/763/2
f 2733/764/2 2734/762/2 2717/763/2
f 3261/753/2 2803/760/2 2804/765/2
f 2733/764/2 2717/763/2 2718/766/2
f 2732/767/2 2733/764/2 2718/766/2
f 2732/767/2 2718/766/2 2719/768/2
f 2731/769/2 2732/767/2 2719/768/2
f 3260/770/2 3261/753/2 2804/765/2
f 3260/770/2 2804/765/2 2805/771/2
f 2730/772/2 2731/769/2 2719/768/2
f 2730/772/2 2719/768/2 2720/773/2
f 2729/774/2 2730/772/2 2720/773/2
f 2729/774/2 2720/773/2 2721/775/2
f 2728/776/2 2729/774/2 2721/775/2
f 2728/776/2 2721/775/2 2722/777/2
f 2727/778/2 2728/776/2 2722/777/2
f 2726/779/2 2727/778/2 2722/777/2
f 2726/779/2 2722/777/2 2723/780/2
f 2725/781/2 2726/779/2 2723/780/2
f 3260/770/2 2805/771/2 2806/782/2
f 2725/781/2 2723/780/2 2724/783/2
f 3260/770/2 2806/782/2 2807/784/2
f 3260/770/2 2807/784/2 2808/785/2
f 3259/786/2 3260/770/2 2808/785/2
f 3259/786/2 2808/785/2 2809/787/2
f 3259/786/2 2809/787/2 2810/788/2
f 3259/786/2 2810/788/2 2811/789/2
f 3258/790/2 3259/786/2 2811/789/2
f 3258/790/2 2811/789/2 2812/791/2
f 3258/790/2 2812/791/2 2813/792/2
f 3258/790/2 2813/792/2 2814/793/2
f 3257/794/2 3258/790/2 2814/793/2
f 3257/794/2 2814/793/2 2815/795/2
f 3257/794/2 2815/795/2 2816/796/2
f 3257/794/2 2816/796/2 2817/797/2
f 3256/798/2 3257/794/2 2817/797/2
f 3256/798/2 2817/797/2 2818/799/2
f 3256/798/2 2818/799/2 2819/800/2
f 3255/801/2 3256/798/2 2819/800/2
f 3255/801/2 2819/800/2 2820/802/2
f 3255/801/2 2820/802/2 2821/803/2
f 3255/801/2 2821/803/2 2822/804/2
f 3254/805/2 3255/801/2 2822/804/2
f 3254/805/2 2822/804/2 2823/806/2
f 3254/805/2 2823/806/2 2824/807/2
f 3253/808/2 3254/805/2 2824/807/2
f 3253/808/2 2824/807/2 2825/809/2
f 3253/808/2 2825/809/2 2826/810/2
f 3253/808/2 2826/810/2 2827/811/2
f 3252/812/2 3253/808/2 2827/811/2
f 3252/812/2 2827/811/2 2828/813/2
f 3252/812/2 2828/813/2 2829/814/2
f 3252/812/2 2829/814/2 2830/815/2
f 3251/816/2 3252/812/2 2830/815/2
f 3251/816/2 2830/815/2 2831/817/2
f 3251/816/2 2831/817/2 2832/818/2
f 3251/816/2 2832/818/2 2833/819/2
f 3250/820/2 3251/816/2 2833/819/2
f 3250/820/2 2833/819/2 2834/821/2
f 3250/820/2 2834/821/2 2835/822/2
f 3250/820/2 2835/822/2 2836/823/2
f 3249/824/2 3250/820/2 2836/823/2
f 3249/824/2 2836/823/2 2837/825/2
f 3249/824/2 2837/825/2 2838/826/2
f 3249/824/2 2838/826/2 2839/827/2
f 3248/828/2 3249/824/2 2839/827/2
f 3248/828/2 2839/827/2 2840/829/2
f 3248/828/2 2840/829/2 2841/830/2
f 3248/828/2 2841/830/2 2842/831/2
f 3247/832/2 3248/828/2 2842/831/2
f 3247/832/2 2842/831/2 2843/833/2
f 3247/832/2 2843/833/2 2844/834/2
f 3247/832/2 2844/834/2 2845/835/2
f 3246/836/2 3247/832/2 2845/835/2
f 3246/836/2 2845/835/2 2846/837/2
f 3246/836/2 2846/837/2 2847/838/2
f 3246/836/2 2847/838/2 2848/839/2
f 3245/840/2 3246/836/2 2848/839/2
f 3245/840/2 2848/839/2 2849/841/2
f 3245/840/2 2849/841/2 2850/842/2
f 3244/843/2 3245/840/2 2850/842/2
f 3244/843/2 2850/842/2 2851/844/2
f 3244/843/2 2851/844/2 2852/845/2
f 3244/843/2 2852/845/2 2853/846/2
f 3243/847/2 3244/843/2 2853/846/2
f 3243/847/2 2853/846/2 2854/848/2
f 3243/847/2 2854/848/2 2855/849/2
f 3243/847/2 2855/849/2 2856/850/2
f 3242/851/2 3243/847/2 2856/850/2
f 3242/851/2 2856/850/2 2857/852/2
f 3242/851/2 2857/852/2 2858/853/2
f 3241/854/2 3242/851/2 2858/853/2
f 3241/854/2 2858/853/2 2859/855/2
f 3241/854/2 2859/855/2 2860/856/2
f 3240/857/2 3241/854/2 2860/856/2
f 3240/857/2 2860/856/2 2861/858/2
f 3240/857/2 2861/858/2 2862/859/2
f 3239/860/2 3240/857/2 2862/859/2
f 3239/860/2 2862/859/2 2863/861/2
f 3239/860/2 2863/861/2 2864/862/2
f 3238/863/2 3239/860/2 2864/862/2
f 3238/863/2 2864/862/2 2865/864/2
f 3237/865/2 3238/863/2 2865/864/2
f 3237/865/2 2865/864/2 2866/866/2
f 3237/865/2 2866/866/2 2867/867/2
f 3236/868/2 3237/865/2 2867/867/2
f 3236/868/2 2867/867/2 2868/869/2
f 3235/870/2 3236/868/2 2868/869/2
f 3235/870/2 2868/869/2 2869/871/2
f 3234/872/2 3235/870/2 2869/871/2
f 3234/872/2 2869/871/2 2870/873/2
f 3233/874/2 3234/872/2 2870/873/2
f 3233/874/2 2870/873/2 2871/875/2
f 3232/876/2 3233/874/2 2871/875/2
f 3232/876/2 2871/875/2 2872/877/2
f 3231/878/2 3232/876/2 2872/877/2
f 3231/878/2 2872/877/2 2873/879/2
f 3230/880/2 3231/878/2 2873/879/2
f 3230/880/2 2873/879/2 2874/881/2
f 3229/882/2 3230/880/2 2874/881/2
f 3229/882/2 2874/881/2 2875/883/2
f 3228/884/2 3229/882/2 2875/883/2
f 3228/884/2 2875/883/2 2876/885/2
f 3227/886/2 3228/884/2 2876/885/2
f 3227/886/2 2876/885/2 2877/887/2
f 3226/888/2 3227/886/2 2877/887/2
f 3225/889/2 3226/888/2 2877/887/2
f 3225/889/2 2877/887/2 2878/890/2
f 3224/891/2 3225/889/2 2878/890/2
f 3224/891/2 2878/890/2 2879/892/2
f 3223/893/2 3224/891/2 2879/892/2
f 3222/894/2 3223/893/2 2879/892/2
f 3222/894/2 2879/892/2 2880/895/2
f 3221/896/2 3222/894/2 2880/895/2
f 3220/897/2 3221/896/2 2880/895/2
f 3220/897/2 2880/895/2 2881/898/2
f 3219/899/2 3220/897/2 2881/898/2
f 3219/899/2 2881/898/2 2882/900/2
f 3218/901/2 3219/899/2 2882/900/2
f 3217/902/2 3218/901/2 2882/900/2
f 3216/903/2 3217/902/2 2882/900/2
f 3216/903/2 2882/900/2 2883/904/2
f 3215/905/2 3216/903/2 2883/904/2
f 3214/906/2 3215/905/2 2883/904/2
f 3214/906/2 2883/904/2 2884/907/2
f 3213/908/2 3214/906/2 2884/907/2
f 3212/909/2 3213/908/2 2884/907/2
f 3212/909/2 2884/907/2 2885/910/2
f 3211/911/2 3212/909/2 2885/910/2
f 3210/912/2 3211/911/2 2885/910/2
f 3209/913/2 3210/912/2 2885/910/2
f 3209/913/2 2885/910/2 2886/914/2
f 3208/915/2 3209/913/2 2886/914/2
f 3207/916/2 3208/915/2 2886/914/2
f 3206/917/2 3207/916/2 2886/914/2
f 3206/917/2 2886/914/2 2887/918/2
f 3205/919/2 3206/917/2 2887/918/2
f 3204/920/2 3205/919/2 2887/918/2
f 3203/921/2 3204/920/2 2887/918/2
f 3203/921/2 2887/918/2 2888/922/2
f 3202/923/2 3203/921/2 2888/922/2
f 3201/924/2 3202/923/2 2888/922/2
f 3200/925/2 3201/924/2 2888/922/2
f 3200/925/2 2888/922/2 2889/926/2
f 3199/927/2 3200/925/2 2889/926/2
f 3198/928/2 3199/927/2 2889/926/2
f 3197/929/2 3198/928/2 2889/926/2
f 3197/929/2 2889/926/2 2890/930/2
f 3196/931/2 3197/929/2 2890/930/2
f 3195/932/2 3196/931/2 2890/930/2
f 3195/932/2 2890/930/2 2891/933/2
f 3194/934/2 3195/932/2 2891/933/2
f 3193/935/2 3194/934/2 2891/933/2
f 3192/936/2 3193/935/2 2891/933/2
f 3192/936/2 2891/933/2 2892/937/2
f 3191/938/2 3192/936/2 2892/937/2
f 3190/939/2 3191/938/2 2892/937/2
f 3189/940/2 3190/939/2 2892/937/2
f 3189/940/2 2892/937/2 2893/941/2
f 3188/942/2 3189/940/2 2893/941/2
f 3187/943/2 3188/942/2 2893/941/2
f 3186/944/2 3187/943/2 2893/941/2
f 3186/944/2 2893/941/2 2894/945/2
f 3185/946/2 3186/944/2 2894/945/2
f 3184/947/2 3185/946/2 2894/945/2
f 3184/947/2 2894/945/2 2895/948/2
f 3183/949/2 3184/947/2 2895/948/2
f 3182/950/2 3183/949/2 2895/948/2
f 3181/951/2 3182/950/2 2895/948/2
f 3181/951/2 2895/948/2 2896/952/2
f 3180/953/2 3181/951/2 2896/952/2
f 3179/954/2 3180/953/2 2896/952/2
f 3179/954/2 2896/952/2 2897/955/2
f 3178/956/2 3179/954/2 2897/955/2
f 3177/957/2 3178/956/2 2897/955/2
f 3176/958/2 3177/957/2 2897/955/2
f 3176/958/2 2897/955/2 2898/959/2
f 3175/960/2 3176/958/2 2898/959/2
f 3174/961/2 3175/960/2 2898/959/2
f 3173/962/2 3174/961/2 2898/959/2
f 3173/962/2 2898/959/2 2899/963/2
f 3172/964/2 3173/962/2 2899/963/2
f 3171/965/2 3172/964/2 2899/963/2
f 3170/966/2 3171/965/2 2899/963/2
f 3170/966/2 2899/963/2 2900/967/2
f 3169/968/2 3170/966/2 2900/967/2
f 3168/969/2 3169/968/2 2900/967/2
f 3083/970/2 3084/972/2 3085/971/2
f 3082/973/2 3083/970/2 3085/971/2
f 3082/973/2 3085/971/2 3086/974/2
f 3081/975/2 3082/973/2 3086/974/2
f 3081/975/2 3086/974/2 3087/976/2
f 3080/977/2 3081/975/2 3087/976/2
f 3080/977/2 3087/976/2 3088/978/2
f 3079/979/2 3080/977/2 3088/978/2
f 3079/979/2 3088/978/2 3089/980/2
f 3078/981/2 3079/979/2 3089/980/2
f 3078/981/2 3089/980/2 3090/982/2
f 3077/983/2 3078/981/2 3090/982/2
f 3076/984/2 3077/983/2 3090/982/2
f 3076/984/2 3090/982/2 3091/985/2
f 3167/986/2 3168/969/2 2900/967/2
f 3075/987/2 3076/984/2 3091/985/2
f 3075/987/2 3091/985/2 3092/988/2
f 3074/989/2 3075/987/2 3092/988/2
f 3167/986/2 2900/967/2 2901/990/2
f 3074/989/2 3092/988/2 3093/991/2
f 3073/992/2 3074/989/2 3093/991/2
f 3166/993/2 3167/986/2 2901/990/2
f 3073/992/2 3093/991/2 3094/994/2
f 3072/995/2 3073/992/2 3094/994/2
f 3072/995/2 3094/994/2 3095/996/2
f 3071/997/2 3072/995/2 3095/996/2
f 3070/998/2 3071/997/2 3095/996/2
f 3070/998/2 3095/996/2 3096/999/2
f 3165/1000/2 3166/993/2 2901/990/2
f 3069/1001/2 3070/998/2 3096/999/2
f 3069/1001/2 3096/999/2 3097/1002/2
f 3068/1003/2 3069/1001/2 3097/1002/2
f 3164/1004/2 3165/1000/2 2901/990/2
f 3068/1003/2 3097/1002/2 3098/1005/2
f 3067/1006/2 3068/1003/2 3098/1005/2
f 3067/1006/2 3098/1005/2 3099/1007/2
f 3164/1004/2 2901/990/2 2902/1008/2
f 3066/1009/2 3067/1006/2 3099/1007/2
f 3163/1010/2 3164/1004/2 2902/1008/2
f 3066/1009/2 3099/1007/2 3100/1011/2
f 3065/1012/2 3066/1009/2 3100/1011/2
f 3065/1012/2 3100/1011/2 3101/1013/2
f 3064/1014/2 3065/1012/2 3101/1013/2
f 3162/1015/2 3163/1010/2 2902/1008/2
f 3063/1016/2 3064/1014/2 3101/1013/2
f 3063/1016/2 3101/1013/2 3102/1017/2
f 3161/1018/2 3162/1015/2 2902/1008/2
f 3062/1019/2 3063/1016/2 3102/1017/2
f 3062/1019/2 3102/1017/2 3103/1020/2
f 3061/1021/2 3062/1019/2 3103/1020/2
f 3061/1021/2 3103/1020/2 3104/1022/2
f 3160/1023/2 3161/1018/2 2902/1008/2
f 3160/1023/2 2902/1008/2 2903/1024/2
f 3060/1025/2 3061/1021/2 3104/1022/2
f 3060/1025/2 3104/1022/2 3105/1026/2
f 3159/1027/2 3160/1023/2 2903/1024/2
f 3059/1028/2 3060/1025/2 3105/1026/2
f 3059/1028/2 3105/1026/2 3106/1029/2
f 3158/1030/2 3159/1027/2 2903/1024/2
f 3058/1031/2 3059/1028/2 3106/1029/2
f 3058/1031/2 3106/1029/2 3107/1032/2
f 3057/1033/2 3058/1031/2 3107/1032/2
f 3057/1033/2 3107/1032/2 3108/1034/2
f 3157/1035/2 3158/1030/2 2903/1024/2
f 3056/1036/2 3057/1033/2 3108/1034/2
f 3056/1036/2 3108/1034/2 3109/1037/2
f 3157/1035/2 2903/1024/2 2904/1038/2
f 3156/1039/2 3157/1035/2 2904/1038/2
f 3055/1040/2 3056/1036/2 3109/1037/2
f 3055/1040/2 3109/1037/2 3110/1041/2
f 3155/1042/2 3156/1039/2 2904/1038/2
f 3054/1043/2 3055/1040/2 3110/1041/2
f 3054/1043/2 3110/1041/2 3111/1044/2
f 3154/1045/2 3155/1042/2 2904/1038/2
f 3054/1043/2 3111/1044/2 3112/1046/2
f 3053/1047/2 3054/1043/2 3112/1046/2
f 3153/1048/2 3154/1045/2 2904/1038/2
f 3053/1047/2 3112/1046/2 3113/1049/2
f 3052/1050/2 3053/1047/2 3113/1049/2
f 3153/1048/2 2904/1038/2 2905/1051/2
f 3152/1052/2 3153/1048/2 2905/1051/2
f 3052/1050/2 3113/1049/2 3114/1053/2
f 3051/1054/2 3052/1050/2 3114/1053/2
f 3051/1054/2 3114/1053/2 3115/1055/2
f 3151/1056/2 3152/1052/2 2905/1051/2
f 3050/1057/2 3051/1054/2 3115/1055/2
f 3050/1057/2 3115/1055/2 3116/1058/2
f 3150/1059/2 3151/1056/2 2905/1051/2
f 3049/1060/2 3050/1057/2 3116/1058/2
f 3049/1060/2 3116/1058/2 3117/1061/2
f 3149/1062/2 3150/1059/2 2905/1051/2
f 3049/1060/2 3117/1061/2 3118/1063/2
f 3048/1064/2 3049/1060/2 3118/1063/2
f 3148/1065/2 3149/1062/2 2905/1051/2
f 3148/1065/2 2905/1051/2 2906/1066/2
f 3048/1064/2 3118/1063/2 3119/1067/2
f 3147/1068/2 3148/1065/2 2906/1066/2
f 3047/1069/2 3048/1064/2 3119/1067/2
f 3146/1070/2 3147/1068/2 2906/1066/2
f 3047/1069/2 3119/1067/2 3120/1071/2
f 3046/1072/2 3047/1069/2 3120/1071/2
f 3145/1073/2 3146/1070/2 2906/1066/2
f 3046/1072/2 3120/1071/2 3121/1074/2
f 3144/1075/2 3145/1073/2 2906/1066/2
f 3046/1072/2 3121/1074/2 3122/1076/2
f 3045/1077/2 3046/1072/2 3122/1076/2
f 3143/1078/2 3144/1075/2 2906/1066/2
f 3045/1077/2 3122/1076/2 3123/1079/2
f 3142/1080/2 3143/1078/2 2906/1066/2
f 3044/1081/2 3045/1077/2 3123/1079/2
f 3142/1080/2 2906/1066/2 2907/1082/2
f 3044/1081/2 3123/1079/2 3124/1083/2
f 3141/1084/2 3142/1080/2 2907/1082/2
f 3044/1081/2 3124/1083/2 3125/1085/2
f 3140/1086/2 3141/1084/2 2907/1082/2
f 3043/1087/2 3044/1081/2 3125/1085/2
f 3043/1087/2 3125/1085/2 3126/1088/2
f 3139/1089/2 3140/1086/2 2907/1082/2
f 3138/1090/2 3139/1089/2 2907/1082/2
f 3043/1087/2 3126/1088/2 3127/1091/2
f 3137/1092/2 3138/1090/2 2907/1082/2
f 3043/1087/2 3127/1091/2 3128/1093/2
f 3042/1094/2 3043/1087/2 3128/1093/2
f 3136/1095/2 3137/1092/2 2907/1082/2
f 3042/1094/2 3128/1093/2 3129/1096/2
f 3135/1097/2 3136/1095/2 2907/1082/2
f 3042/1094/2 3129/1096/2 3130/1098/2
f 3134/1099/2 3135/1097/2 2907/1082/2
f 3042/1094/2 3130/1098/2 3131/1100/2
f 3133/1101/2 3134/1099/2 2907/1082/2
f 3042/1094/2 3131/1100/2 3132/1102/2
f 3132/1102/2 3133/1101/2 2907/1082/2
f 3042/1094/2 3132/1102/2 2907/1082/2
f 3041/1103/2 3042/1094/2 2907/1082/2
f 3041/1103/2 2907/1082/2 2908/1104/2
f 3040/1105/2 3041/1103/2 2908/1104/2
f 3039/1106/2 3040/1105/2 2908/1104/2
f 3038/1107/2 3039/1106/2 2908/1104/2
f 3037/1108/2 3038/1107/2 2908/1104/2
f 3037/1108/2 2908/1104/2 2909/1109/2
f 3036/1110/2 3037/1108/2 2909/1109/2
f 3035/1111/2 3036/1110/2 2909/1109/2
f 3034/1112/2 3035/1111/2 2909/1109/2
f 3034/1112/2 2909/1109/2 2910/1113/2
f 3033/1114/2 3034/1112/2 2910/1113/2
f 3032/1115/2 3033/1114/2 2910/1113/2
f 3031/1116/2 3032/1115/2 2910/1113/2
f 3031/1116/2 2910/1113/2 2911/1117/2
f 3030/1118/2 3031/1116/2 2911/1117/2
f 3029/1119/2 3030/1118/2 2911/1117/2
f 3028/1120/2 3029/1119/2 2911/1117/2
f 3027/1121/2 3028/1120/2 2911/1117/2
f 3027/1121/2 2911/1117/2 2912/1122/2
f 3026/1123/2 3027/1121/2 2912/1122/2
f 3025/1124/2 3026/1123/2 2912/1122/2
f 3024/1125/2 3025/1124/2 2912/1122/2
f 3023/1126/2 3024/1125/2 2912/1122/2
f 3023/1126/2 2912/1122/2 2913/1127/2
f 3022/1128/2 3023/1126/2 2913/1127/2
f 3021/1129/2 3022/1128/2 2913/1127/2
f 3020/1130/2 3021/1129/2 2913/1127/2
f 3019/1131/2 3020/1130/2 2913/1127/2
f 3019/1131/2 2913/1127/2 2914/1132/2
f 3018/1133/2 3019/1131/2 2914/1132/2
f 3017/1134/2 3018/1133/2 2914/1132/2
f 3016/1135/2 3017/1134/2 2914/1132/2
f 3015/1136/2 3016/1135/2 2914/1132/2
f 3015/1136/2 2914/1132/2 2915/1137/2
f 3014/1138/2 3015/1136/2 2915/1137/2
f 3013/1139/2 3014/1138/2 2915/1137/2
f 3012/1140/2 3013/1139/2 2915/1137/2
f 3011/1141/2 3012/1140/2 2915/1137/2
f 3010/1142/2 3011/1141/2 2915/1137/2
f 3010/1142/2 2915/1137/2 2916/1143/2
f 3009/1144/2 3010/1142/2 2916/1143/2
f 3008/1145/2 3009/1144/2 2916/1143/2
f 3007/1146/2 3008/1145/2 2916/1143/2
f 3006/1147/2 3007/1146/2 2916/1143/2
f 3006/1147/2 2916/1143/2 2917/1148/2
f 3005/1149/2 3006/1147/2 2917/1148/2
f 3004/1150/2 3005/1149/2 2917/1148/2
f 3003/1151/2 3004/1150/2 2917/1148/2
f 3002/1152/2 3003/1151/2 2917/1148/2
f 3002/1152/2 2917/1148/2 2918/1153/2
f 3001/1154/2 3002/1152/2 2918/1153/2
f 3000/1155/2 3001/1154/2 2918/1153/2
f 2999/1156/2 3000/1155/2 2918/1153/2
f 2998/1157/2 2999/1156/2 2918/1153/2
f 2997/1158/2 2998/1157/2 2918/1153/2
f 2997/1158/2 2918/1153/2 2919/1159/2
f 2996/1160/2 2997/1158/2 2919/1159/2
f 2995/1161/2 2996/1160/2 2919/1159/2
f 2994/1162/2 2995/1161/2 2919/1159/2
f 2993/1163/2 2994/1162/2 2919/1159/2
f 2992/1164/2 2993/1163/2 2919/1159/2
f 2992/1164/2 2919/1159/2 2920/1165/2
f 2991/1166/2 2992/1164/2 2920/1165/2
f 2990/1167/2 2991/1166/2 2920/1165/2
f 2989/1168/2 2990/1167/2 2920/1165/2
f 2988/1169/2 2989/1168/2 2920/1165/2
f 2987/1170/2 2988/1169/2 2920/1165/2
f 2987/1170/2 2920/1165/2 2921/1171/2
f 2986/1172/2 2987/1170/2 2921/1171/2
f 2985/1173/2 2986/1172/2 2921/1171/2
f 2984/1174/2 2985/1173/2 2921/1171/2
f 2984/1174/2 2921/1171/2 2922/1175/2
f 2983/1176/2 2984/1174/2 2922/1175/2
f 2982/1177/2 2983/1176/2 2922/1175/2
f 2981/1178/2 2982/1177/2 2922/1175/2
f 2981/1178/2 2922/1175/2 2923/1179/2
f 2980/1180/2 2981/1178/2 2923/1179/2
f 2979/1181/2 2980/1180/2 2923/1179/2
f 2978/1182/2 2979/1181/2 2923/1179/2
f 2978/1182/2 2923/1179/2 2924/1183/2
f 2977/1184/2 2978/1182/2 2924/1183/2
f 2976/1185/2 2977/1184/2 2924/1183/2
f 2975/1186/2 2976/1185/2 2924/1183/2
f 2975/1186/2 2924/1183/2 2925/1187/2
f 2974/1188/2 2975/1186/2 2925/1187/2
f 2973/1189/2 2974/1188/2 2925/1187/2
f 2973/1189/2 2925/1187/2 2926/1190/2
f 2972/1191/2 2973/1189/2 2926/1190/2
f 2971/1192/2 2972/1191/2 2926/1190/2
f 2970/1193/2 2971/1192/2 2926/1190/2
f 2970/1193/2 2926/1190/2 2927/1194/2
f 2969/1195/2 2970/1193/2 2927/1194/2
f 2968/1196/2 2969/1195/2 2927/1194/2
f 2968/1196/2 2927/1194/2 2928/1197/2
f 2967/1198/2 2968/1196/2 2928/1197/2
f 2966/1199/2 2967/1198/2 2928/1197/2
f 2965/1200/2 2966/1199/2 2928/1197/2
f 2965/1200/2 2928/1197/2 2929/1201/2
f 2964/1202/2 2965/1200/2 2929/1201/2
f 2963/1203/2 2964/1202/2 2929/1201/2
f 2962/1204/2 2963/1203/2 2929/1201/2
f 2962/1204/2 2929/1201/2 2930/1205/2
f 2961/1206/2 2962/1204/2 2930/1205/2
f 2960/1207/2 2961/1206/2 2930/1205/2
f 2960/1207/2 2930/1205/2 2931/1208/2
f 2959/1209/2 2960/1207/2 2931/1208/2
f 2958/1210/2 2959/1209/2 2931/1208/2
f 2958/1210/2 2931/1208/2 2932/1211/2
f 2957/1212/2 2958/1210/2 2932/1211/2
f 2956/1213/2 2957/1212/2 2932/1211/2
f 2955/1214/2 2956/1213/2 2932/1211/2
f 2955/1214/2 2932/1211/2 2933/1215/2
f 2954/1216/2 2955/1214/2 2933/1215/2
f 2953/1217/2 2954/1216/2 2933/1215/2
f 2953/1217/2 2933/1215/2 2934/1218/2
f 2952/1219/2 2953/1217/2 2934/1218/2
f 2951/1220/2 2952/1219/2 2934/1218/2
f 2951/1220/2 2934/1218/2 2935/1221/2
f 2950/1222/2 2951/1220/2 2935/1221/2
f 2949/1223/2 2950/1222/2 2935/1221/2
f 2949/1223/2 2935/1221/2 2936/1224/2
f 2948/1225/2 2949/1223/2 2936/1224/2
f 2947/1226/2 2948/1225/2 2936/1224/2
f 2947/1226/2 2936/1224/2 2937/1227/2
f 2946/1228/2 2947/1226/2 2937/1227/2
f 2945/1229/2 2946/1228/2 2937/1227/2
f 2945/1229/2 2937/1227/2 2938/1230/2
f 2944/1231/2 2945/1229/2 2938/1230/2
f 2943/1232/2 2944/1231/2 2938/1230/2
f 2943/1232/2 2938/1230/2 2939/1233/2
f 2942/1234/2 2943/1232/2 2939/1233/2
f 2941/1235/2 2942/1234/2 2939/1233/2
f 2941/1235/2 2939/1233/2 2940/1236/2
f 3551/1237/2 3552/1239/2 3553/1238/2
f 3551/1237/2 3553/1238/2 3554/1240/2
f 3550/1241/2 3551/1237/2 3554/1240/2
f 3550/1241/2 3554/1240/2 3555/1242/2
f 3549/1243/2 3550/1241/2 3555/1242/2
f 3549/1243/2 3555/1242/2 3556/1244/2
f 3548/1245/2 3549/1243/2 3556/1244/2
f 3548/1245/2 3556/1244/2 3557/1246/2
f 3547/1247/2 3548/1245/2 3557/1246/2
f 3547/1247/2 3557/1246/2 3558/1248/2
f 3546/1249/2 3547/1247/2 3558/1248/2
f 3546/1249/2 3558/1248/2 3559/1250/2
f 3545/1251/2 3546/1249/2 3559/1250/2
f 3545/1251/2 3559/1250/2 3560/1252/2
f 3544/1253/2 3545/1251/2 3560/1252/2
f 3544/1253/2 3560/1252/2 3561/1254/2
f 3543/1255/2 3544/1253/2 3561/1254/2
f 3543/1255/2 3561/1254/2 3562/1256/2
f 3542/1257/2 3543/1255/2 3562/1256/2
f 3542/1257/2 3562/1256/2 3563/1258/2
f 3541/1259/2 3542/1257/2 3563/1258/2
f 3541/1259/2 3563/1258/2 3564/1260/2
f 3541/1259/2 3564/1260/2 3565/1261/2
f 3540/1262/2 3541/1259/2 3565/1261/2
f 3540/1262/2 3565/1261/2 3566/1263/2
f 3539/1264/2 3540/1262/2 3566/1263/2
f 3539/1264/2 3566/1263/2 3567/1265/2
f 3538/1266/2 3539/1264/2 3567/1265/2
f 3538/1266/2 3567/1265/2 3568/1267/2
f 3537/1268/2 3538/1266/2 3568/1267/2
f 3537/1268/2 3568/1267/2 3569/1269/2
f 3536/1270/2 3537/1268/2 3569/1269/2
f 3536/1270/2 3569/1269/2 3570/1271/2
f 3535/1272/2 3536/1270/2 3570/1271/2
f 3535/1272/2 3570/1271/2 3571/1273/2
f 3534/1274/2 3535/1272/2 3571/1273/2
f 3534/1274/2 3571/1273/2 3572/1275/2
f 3533/1276/2 3534/1274/2 3572/1275/2
f 3533/1276/2 3572/1275/2 3573/1277/2
f 3532/1278/2 3533/1276/2 3573/1277/2
f 3532/1278/2 3573/1277/2 3574/1279/2
f 3531/1280/2 3532/1278/2 3574/1279/2
f 3531/1280/2 3574/1279/2 3575/1281/2
f 3530/1282/2 3531/1280/2 3575/1281/2
f 3530/1282/2 3575/1281/2 3576/1283/2
f 3529/1284/2 3530/1282/2 3576/1283/2
f 3529/1284/2 3576/1283/2 3577/1285/2
f 3528/1286/2 3529/1284/2 3577/1285/2
f 3528/1286/2 3577/1285/2 3578/1287/2
f 3527/1288/2 3528/1286/2 3578/1287/2
f 3527/1288/2 3578/1287/2 3579/1289/2
f 3526/1290/2 3527/1288/2 3579/1289/2
f 3526/1290/2 3579/1289/2 3580/1291/2
f 3525/1292/2 3526/1290/2 3580/1291/2
f 3525/1292/2 3580/1291/2 3581/1293/2
f 3524/1294/2 3525/1292/2 3581/1293/2
f 3524/1294/2 3581/1293/2 3582/1295/2
f 3523/1296/2 3524/1294/2 3582/1295/2
f 3523/1296/2 3582/1295/2 3583/1297/2
f 3522/1298/2 3523/1296/2 3583/1297/2
f 3522/1298/2 3583/1297/2 3584/1299/2
f 3521/1300/2 3522/1298/2 3584/1299/2
f 3521/1300/2 3584/1299/2 3585/1301/2
f 3520/1302/2 3521/1300/2 3585/1301/2
f 3520/1302/2 3585/1301/2 3586/1303/2
f 3519/1304/2 3520/1302/2 3586/1303/2
f 3519/1304/2 3586/1303/2 3587/1305/2
f 3518/1306/2 3519/1304/2 3587/1305/2
f 3518/1306/2 3587/1305/2 3648/1307/2
f 3648/1307/2 3587/1305/2 3647/1308/2
f 3647/1308/2 3587/1305/2 3348/66/2
f 3517/1309/2 3518/1306/2 3649/1310/2
f 3649/1310/2 3518/1306/2 3648/1307/2
f 3646/1311/2 3647/1308/2 3348/66/2
f 3517/1309/2 3649/1310/2 3650/1312/2
f 3645/1313/2 3646/1311/2 3348/66/2
f 3517/1309/2 3650/1312/2 3651/1314/2
f 3644/1315/2 3645/1313/2 3348/66/2
f 3517/1309/2 3651/1314/2 3652/1316/2
f 3643/1317/2 3644/1315/2 3348/66/2
f 3642/1318/2 3643/1317/2 3348/66/2
f 3517/1309/2 3652/1316/2 3653/1319/2
f 3641/1320/2 3642/1318/2 3348/66/2
f 3517/1309/2 3653/1319/2 3654/1321/2
f 3640/1322/2 3641/1320/2 3348/66/2
f 3517/1309/2 3654/1321/2 3655/1323/2
f 3639/1324/2 3640/1322/2 3348/66/2
f 3639/1324/2 3348/66/2 3349/1325/2
f 3517/1309/2 3655/1323/2 3656/1326/2
f 3638/1327/2 3639/1324/2 3349/1325/2
f 3516/1328/2 3517/1309/2 3656/1326/2
f 3637/1329/2 3638/1327/2 3349/1325/2
f 3516/1328/2 3656/1326/2 3657/1330/2
f 3636/1331/2 3637/1329/2 3349/1325/2
f 3516/1328/2 3657/1330/2 3658/1332/2
f 3635/1333/2 3636/1331/2 3349/1325/2
f 3516/1328/2 3658/1332/2 3659/1334/2
f 3634/1335/2 3635/1333/2 3349/1325/2
f 3633/1336/2 3634/1335/2 3349/1325/2
f 3516/1328/2 3659/1334/2 3660/1337/2
f 3633/1336/2 3349/1325/2 3350/1338/2
f 3515/1339/2 3516/1328/2 3660/1337/2
f 3632/1340/2 3633/1336/2 3350/1338/2
f 3515/1339/2 3660/1337/2 3661/1341/2
f 3631/1342/2 3632/1340/2 3350/1338/2
f 3515/1339/2 3661/1341/2 3662/1343/2
f 3630/1344/2 3631/1342/2 3350/1338/2
f 3515/1339/2 3662/1343/2 3663/1345/2
f 3629/1346/2 3630/1344/2 3350/1338/2
f 3629/1346/2 3350/1338/2 3351/1347/2
f 3514/1348/2 3515/1339/2 3663/1345/2
f 3628/1349/2 3629/1346/2 3351/1347/2
f 3514/1348/2 3663/1345/2 3664/1350/2
f 3627/1351/2 3628/1349/2 3351/1347/2
f 3514/1348/2 3664/1350/2 3665/1352/2
f 3626/1353/2 3627/1351/2 3351/1347/2
f 3514/1348/2 3665/1352/2 3666/1354/2
f 3625/1355/2 3626/1353/2 3351/1347/2
f 3513/1356/2 3514/1348/2 3666/1354/2
f 3625/1355/2 3351/1347/2 3352/1357/2
f 3513/1356/2 3666/1354/2 3667/1358/2
f 3624/1359/2 3625/1355/2 3352/1357/2
f 3623/1360/2 3624/1359/2 3352/1357/2
f 3513/1356/2 3667/1358/2 3668/1361/2
f 3622/1362/2 3623/1360/2 3352/1357/2
f 3512/1363/2 3513/1356/2 3668/1361/2
f 3512/1363/2 3668/1361/2 3669/1364/2
f 3622/1362/2 3352/1357/2 3353/1365/2
f 3621/1366/2 3622/1362/2 3353/1365/2
f 3512/1363/2 3669/1364/2 3670/1367/2
f 3620/1368/2 3621/1366/2 3353/1365/2
f 3512/1363/2 3670/1367/2 3671/1369/2
f 3511/1370/2 3512/1363/2 3671/1369/2
f 3619/1371/2 3620/1368/2 3353/1365/2
f 3619/1371/2 3353/1365/2 3354/1372/2
f 3511/1370/2 3671/1369/2 3672/1373/2
f 3618/1374/2 3619/1371/2 3354/1372/2
f 3617/1375/2 3618/1374/2 3354/1372/2
f 3511/1370/2 3672/1373/2 3673/1376/2
f 3510/1377/2 3511/1370/2 3673/1376/2
f 3616/1378/2 3617/1375/2 3354/1372/2
f 3510/1377/2 3673/1376/2 3674/1379/2
f 3616/1378/2 3354/1372/2 3355/1380/2
f 3615/1381/2 3616/1378/2 3355/1380/2
f 3510/1377/2 3674/1379/2 3675/1382/2
f 3509/1383/2 3510/1377/2 3675/1382/2
f 3614/1384/2 3615/1381/2 3355/1380/2
f 3509/1383/2 3675/1382/2 3676/1385/2
f 3614/1384/2 3355/1380/2 3356/1386/2
f 3613/1387/2 3614/1384/2 3356/1386/2
f 3509/1383/2 3676/1385/2 3677/1388/2
f 3612/1389/2 3613/1387/2 3356/1386/2
f 3508/1390/2 3509/1383/2 3677/1388/2
f 3508/1390/2 3677/1388/2 3678/1391/2
f 3611/1392/2 3612/1389/2 3356/1386/2
f 3611/1392/2 3356/1386/2 3357/1393/2
f 3610/1394/2 3611/1392/2 3357/1393/2
f 3508/1390/2 3678/1391/2 3679/1395/2
f 3507/1396/2 3508/1390/2 3679/1395/2
f 3609/1397/2 3610/1394/2 3357/1393/2
f 3507/1396/2 3679/1395/2 3680/1398/2
f 3609/1397/2 3357/1393/2 3358/1399/2
f 3608/1400/2 3609/1397/2 3358/1399/2
f 3506/1401/2 3507/1396/2 3680/1398/2
f 3506/1401/2 3680/1398/2 3681/1402/2
f 3607/1403/2 3608/1400/2 3358/1399/2
f 3506/1401/2 3681/1402/2 3682/1404/2
f 3606/1405/2 3607/1403/2 3358/1399/2
f 3606/1405/2 3358/1399/2 3359/1406/2
f 3505/1407/2 3506/1401/2 3682/1404/2
f 3505/1407/2 3682/1404/2 3683/1408/2
f 3605/1409/2 3606/1405/2 3359/1406/2
f 3505/1407/2 3683/1408/2 3684/1410/2
f 3604/1411/2 3605/1409/2 3359/1406/2
f 3504/1412/2 3505/1407/2 3684/1410/2
f 3604/1411/2 3359/1406/2 3360/1413/2
f 3504/1412/2 3684/1410/2 3685/1414/2
f 3603/1415/2 3604/1411/2 3360/1413/2
f 3503/1416/2 3504/1412/2 3685/1414/2
f 3602/1417/2 3603/1415/2 3360/1413/2
f 3503/1416/2 3685/1414/2 3686/1418/2
f 3602/1417/2 3360/1413/2 3361/1419/2
f 3601/1420/2 3602/1417/2 3361/1419/2
f 3503/1416/2 3686/1418/2 3687/1421/2
f 3502/1422/2 3503/1416/2 3687/1421/2
f 3600/1423/2 3601/1420/2 3361/1419/2
f 3502/1422/2 3687/1421/2 3688/1424/2
f 3600/1423/2 3361/1419/2 3362/1425/2
f 3599/1426/2 3600/1423/2 3362/1425/2
f 3502/1422/2 3688/1424/2 3689/1427/2
f 3501/1428/2 3502/1422/2 3689/1427/2
f 3599/1426/2 3362/1425/2 3363/1429/2
f 3598/1430/2 3599/1426/2 3363/1429/2
f 3501/1428/2 3689/1427/2 3690/1431/2
f 3597/1432/2 3598/1430/2 3363/1429/2
f 3500/1433/2 3501/1428/2 3690/1431/2
f 3500/1433/2 3690/1431/2 3691/1434/2
f 3597/1432/2 3363/1429/2 3364/1435/2
f 3596/1436/2 3597/1432/2 3364/1435/2
f 3500/1433/2 3691/1434/2 3692/1437/2
f 3499/1438/2 3500/1433/2 3692/1437/2
f 3595/1439/2 3596/1436/2 3364/1435/2
f 3595/1439/2 3364/1435/2 3365/1440/2
f 3499/1438/2 3692/1437/2 3693/1441/2
f 3594/1442/2 3595/1439/2 3365/1440/2
f 3498/1443/2 3499/1438/2 3693/1441/2
f 3498/1443/2 3693/1441/2 3694/1444/2
f 3594/1442/2 3365/1440/2 3366/1445/2
f 3593/1446/2 3594/1442/2 3366/1445/2
f 3498/1443/2 3694/1444/2 3695/1447/2
f 3497/1448/2 3498/1443/2 3695/1447/2
f 3592/1449/2 3593/1446/2 3366/1445/2
f 3592/1449/2 3366/1445/2 3367/1450/2
f 3497/1448/2 3695/1447/2 3696/1451/2
f 3591/1452/2 3592/1449/2 3367/1450/2
f 3497/1448/2 3696/1451/2 3697/1453/2
f 3496/1454/2 3497/1448/2 3697/1453/2
f 3591/1452/2 3367/1450/2 3368/1455/2
f 3590/1456/2 3591/1452/2 3368/1455/2
f 3496/1454/2 3697/1453/2 3698/1457/2
f 3495/1458/2 3496/1454/2 3698/1457/2
f 3589/1459/2 3590/1456/2 3368/1455/2
f 3495/1458/2 3698/1457/2 3699/1460/2
f 3589/1459/2 3368/1455/2 3369/1461/2
f 3588/1462/2 3589/1459/2 3369/1461/2
f 3495/1458/2 3699/1460/2 3700/1463/2
f 3494/1464/2 3495/1458/2 3700/1463/2
f 3588/1462/2 3369/1461/2 3370/1465/2
f 3827/176/2 3588/1462/2 3370/1465/2
f 3494/1464/2 3700/1463/2 3701/1466/2
f 3493/1467/2 3494/1464/2 3701/1466/2
f 3826/1468/2 3827/176/2 3370/1465/2
f 3493/1467/2 3701/1466/2 3702/1469/2
f 3826/1468/2 3370/1465/2 3371/1470/2
f 3825/1471/2 3826/1468/2 3371/1470/2
f 3493/1467/2 3702/1469/2 3703/1472/2
f 3492/1473/2 3493/1467/2 3703/1472/2
f 3825/1471/2 3371/1470/2 3372/1474/2
f 3824/1475/2 3825/1471/2 3372/1474/2
f 3492/1473/2 3703/1472/2 3704/1476/2
f 3823/1477/2 3824/1475/2 3372/1474/2
f 3491/1478/2 3492/1473/2 3704/1476/2
f 3491/1478/2 3704/1476/2 3705/1479/2
f 3823/1477/2 3372/1474/2 3373/1480/2
f 3822/1481/2 3823/1477/2 3373/1480/2
f 3491/1478/2 3705/1479/2 3706/1482/2
f 3490/1483/2 3491/1478/2 3706/1482/2
f 3821/1484/2 3822/1481/2 3373/1480/2
f 3821/1484/2 3373/1480/2 3374/1485/2
f 3490/1483/2 3706/1482/2 3707/1486/2
f 3820/1487/2 3821/1484/2 3374/1485/2
f 3489/1488/2 3490/1483/2 3707/1486/2
f 3489/1488/2 3707/1486/2 3708/1489/2
f 3820/1487/2 3374/1485/2 3375/1490/2
f 3819/1491/2 3820/1487/2 3375/1490/2
f 3489/1488/2 3708/1489/2 3709/1492/2
f 3488/1493/2 3489/1488/2 3709/1492/2
f 3818/1494/2 3819/1491/2 3375/1490/2
f 3818/1494/2 3375/1490/2 3376/1495/2
f 3488/1493/2 3709/1492/2 3710/1496/2
f 3817/1497/2 3818/1494/2 3376/1495/2
f 3487/1498/2 3488/1493/2 3710/1496/2
f 3487/1498/2 3710/1496/2 3711/1499/2
f 3817/1497/2 3376/1495/2 3377/1500/2
f 3816/1501/2 3817/1497/2 3377/1500/2
f 3487/1498/2 3711/1499/2 3712/1502/2
f 3486/1503/2 3487/1498/2 3712/1502/2
f 3815/1504/2 3816/1501/2 3377/1500/2
f 3815/1504/2 3377/1500/2 3378/1505/2
f 3486/1503/2 3712/1502/2 3713/1506/2
f 3814/1507/2 3815/1504/2 3378/1505/2
f 3486/1503/2 3713/1506/2 3714/1508/2
f 3485/1509/2 3486/1503/2 3714/1508/2
f 3814/1507/2 3378/1505/2 3379/1510/2
f 3813/1511/2 3814/1507/2 3379/1510/2
f 3485/1509/2 3714/1508/2 3715/1512/2
f 3484/1513/2 3485/1509/2 3715/1512/2
f 3812/1514/2 3813/1511/2 3379/1510/2
f 3484/1513/2 3715/1512/2 3716/1515/2
f 3812/1514/2 3379/1510/2 3380/1516/2
f 3811/1517/2 3812/1514/2 3380/1516/2
f 3484/1513/2 3716/1515/2 3717/1518/2
f 3483/1519/2 3484/1513/2 3717/1518/2
f 3811/1517/2 3380/1516/2 3381/1520/2
f 3810/1521/2 3811/1517/2 3381/1520/2
f 3483/1519/2 3717/1518/2 3718/1522/2
f 3482/1523/2 3483/1519/2 3718/1522/2
f 3809/1524/2 3810/1521/2 3381/1520/2
f 3482/1523/2 3718/1522/2 3719/1525/2
f 3809/1524/2 3381/1520/2 3382/1526/2
f 3808/1527/2 3809/1524/2 3382/1526/2
f 3482/1523/2 3719/1525/2 3720/1528/2
f 3481/1529/2 3482/1523/2 3720/1528/2
f 3807/1530/2 3808/1527/2 3382/1526/2
f 3807/1530/2 3382/1526/2 3383/1531/2
f 3481/1529/2 3720/1528/2 3721/1532/2
f 3806/1533/2 3807/1530/2 3383/1531/2
f 3481/1529/2 3721/1532/2 3722/1534/2
f 3480/1535/2 3481/1529/2 3722/1534/2
f 3806/1533/2 3383/1531/2 3384/1536/2
f 3805/1537/2 3806/1533/2 3384/1536/2
f 3480/1535/2 3722/1534/2 3723/1538/2
f 3479/1539/2 3480/1535/2 3723/1538/2
f 3804/1540/2 3805/1537/2 3384/1536/2
f 3479/1539/2 3723/1538/2 3724/1541/2
f 3804/1540/2 3384/1536/2 3385/1542/2
f 3479/1539/2 3724/1541/2 3725/1543/2
f 3803/1544/2 3804/1540/2 3385/1542/2
f 3478/1545/2 3479/1539/2 3725/1543/2
f 3478/1545/2 3725/1543/2 3726/1546/2
f 3802/1547/2 3803/1544/2 3385/1542/2
f 3802/1547/2 3385/1542/2 3386/1548/2
f 3478/1545/2 3726/1546/2 3727/1549/2
f 3801/1550/2 3802/1547/2 3386/1548/2
f 3478/1545/2 3727/1549/2 3728/1551/2
f 3477/1552/2 3478/1545/2 3728/1551/2
f 3801/1550/2 3386/1548/2 3387/1553/2
f 3800/1554/2 3801/1550/2 3387/1553/2
f 3477/1552/2 3728/1551/2 3729/1555/2
f 3799/1556/2 3800/1554/2 3387/1553/2
f 3477/1552/2 3729/1555/2 3730/1557/2
f 3799/1556/2 3387/1553/2 3388/1558/2
f 3476/1559/2 3477/1552/2 3730/1557/2
f 3798/1560/2 3799/1556/2 3388/1558/2
f 3476/1559/2 3730/1557/2 3731/1561/2
f 3797/1562/2 3798/1560/2 3388/1558/2
f 3476/1559/2 3731/1561/2 3732/1563/2
f 3797/1562/2 3388/1558/2 3389/1564/2
f 3475/1565/2 3476/1559/2 3732/1563/2
f 3796/1566/2 3797/1562/2 3389/1564/2
f 3475/1565/2 3732/1563/2 3733/1567/2
f 3475/1565/2 3733/1567/2 3734/1568/2
f 3795/1569/2 3796/1566/2 3389/1564/2
f 3795/1569/2 3389/1564/2 3390/1570/2
f 3475/1565/2 3734/1568/2 3735/1571/2
f 3794/1572/2 3795/1569/2 3390/1570/2
f 3474/1573/2 3475/1565/2 3735/1571/2
f 3474/1573/2 3735/1571/2 3736/1574/2
f 3793/1575/2 3794/1572/2 3390/1570/2
f 3793/1575/2 3390/1570/2 3391/1576/2
f 3474/1573/2 3736/1574/2 3737/1577/2
f 3792/1578/2 3793/1575/2 3391/1576/2
f 3473/1579/2 3474/1573/2 3737/1577/2
f 3473/1579/2 3737/1577/2 3738/1580/2
f 3791/1581/2 3792/1578/2 3391/1576/2
f 3791/1581/2 3391/1576/2 3392/1582/2
f 3473/1579/2 3738/1580/2 3739/1583/2
f 3473/1579/2 3739/1583/2 3740/1584/2
f 3790/1585/2 3791/1581/2 3392/1582/2
f 3472/1586/2 3473/1579/2 3740/1584/2
f 3472/1586/2 3740/1584/2 3741/1587/2
f 3789/1588/2 3790/1585/2 3392/1582/2
f 3789/1588/2 3392/1582/2 3393/1589/2
f 3472/1586/2 3741/1587/2 3742/1590/2
f 3788/1591/2 3789/1588/2 3393/1589/2
f 3472/1586/2 3742/1590/2 3743/1592/2
f 3471/1593/2 3472/1586/2 3743/1592/2
f 3787/1594/2 3788/1591/2 3393/1589/2
f 3471/1593/2 3743/1592/2 3744/1595/2
f 3787/1594/2 3393/1589/2 3394/1596/2
f 3786/1597/2 3787/1594/2 3394/1596/2
f 3471/1593/2 3744/1595/2 3745/1598/2
f 3471/1593/2 3745/1598/2 3746/1599/2
f 3785/1600/2 3786/1597/2 3394/1596/2
f 3470/1601/2 3471/1593/2 3746/1599/2
f 3470/1601/2 3746/1599/2 3747/1602/2
f 3785/1600/2 3394/1596/2 3395/1603/2
f 3784/1604/2 3785/1600/2 3395/1603/2
f 3470/1601/2 3747/1602/2 3748/1605/2
f 3783/1606/2 3784/1604/2 3395/1603/2
f 3470/1601/2 3748/1605/2 3749/1607/2
f 3782/1608/2 3783/1606/2 3395/1603/2
f 3470/1601/2 3749/1607/2 3750/1609/2
f 3469/1610/2 3470/1601/2 3750/1609/2
f 3782/1608/2 3395/1603/2 3396/1611/2
f 3469/1610/2 3750/1609/2 3751/1612/2
f 3781/1613/2 3782/1608/2 3396/1611/2
f 3469/1610/2 3751/1612/2 3752/1614/2
f 3780/1615/2 3781/1613/2 3396/1611/2
f 3469/1610/2 3752/1614/2 3753/1616/2
f 3779/1617/2 3780/1615/2 3396/1611/2
f 3469/1610/2 3753/1616/2 3754/1618/2
f 3779/1617/2 3396/1611/2 3397/1619/2
f 3468/1620/2 3469/1610/2 3754/1618/2
f 3778/1621/2 3779/1617/2 3397/1619/2
f 3468/1620/2 3754/1618/2 3755/1622/2
f 3468/1620/2 3755/1622/2 3756/1623/2
f 3777/1624/2 3778/1621/2 3397/1619/2
f 3468/1620/2 3756/1623/2 3757/1625/2
f 3776/1626/2 3777/1624/2 3397/1619/2
f 3468/1620/2 3757/1625/2 3758/1627/2
f 3775/1628/2 3776/1626/2 3397/1619/2
f 3468/1620/2 3758/1627/2 3759/1629/2
f 3775/1628/2 3397/1619/2 3398/1630/2
f 3468/1620/2 3759/1629/2 3760/1631/2
f 3774/1632/2 3775/1628/2 3398/1630/2
f 3467/1633/2 3468/1620/2 3760/1631/2
f 3467/1633/2 3760/1631/2 3761/1634/2
f 3773/1635/2 3774/1632/2 3398/1630/2
f 3467/1633/2 3761/1634/2 3762/1636/2
f 3772/1637/2 3773/1635/2 3398/1630/2
f 3467/1633/2 3762/1636/2 3763/1638/2
f 3771/1639/2 3772/1637/2 3398/1630/2
f 3467/1633/2 3763/1638/2 3764/1640/2
f 3467/1633/2 3764/1640/2 3765/1641/2
f 3770/1642/2 3771/1639/2 3398/1630/2
f 3467/1633/2 3765/1641/2 3766/1643/2
f 3769/1644/2 3770/1642/2 3398/1630/2
f 3467/1633/2 3766/1643/2 3767/1645/2
f 3768/1646/2 3769/1644/2 3398/1630/2
f 3467/1633/2 3767/1645/2 3768/1646/2
f 3467/1633/2 3768/1646/2 3398/1630/2
f 3467/1633/2 3398/1630/2 3399/1647/2
f 3466/1648/2 3467/1633/2 3399/1647/2
f 3466/1648/2 3399/1647/2 3400/1649/2
f 3465/1650/2 3466/1648/2 3400/1649/2
f 3465/1650/2 3400/1649/2 3401/1651/2
f 3464/1652/2 3465/1650/2 3401/1651/2
f 3464/1652/2 3401/1651/2 3402/1653/2
f 3463/1654/2 3464/1652/2 3402/1653/2
f 3463/1654/2 3402/1653/2 3403/1655/2
f 3462/1656/2 3463/1654/2 3403/1655/2
f 3462/1656/2 3403/1655/2 3404/1657/2
f 3461/1658/2 3462/1656/2 3404/1657/2
f 3461/1658/2 3404/1657/2 3405/1659/2
f 3460/1660/2 3461/1658/2 3405/1659/2
f 3460/1660/2 3405/1659/2 3406/1661/2
f 3459/1662/2 3460/1660/2 3406/1661/2
f 3459/1662/2 3406/1661/2 3407/1663/2
f 3458/1664/2 3459/1662/2 3407/1663/2
f 3458/1664/2 3407/1663/2 3408/1665/2
f 3457/1666/2 3458/1664/2 3408/1665/2
f 3457/1666/2 3408/1665/2 3409/1667/2
f 3456/1668/2 3457/1666/2 3409/1667/2
f 3456/1668/2 3409/1667/2 3410/1669/2
f 3455/1670/2 3456/1668/2 3410/1669/2
f 3455/1670/2 3410/1669/2 3411/1671/2
f 3454/1672/2 3455/1670/2 3411/1671/2
f 3454/1672/2 3411/1671/2 3412/1673/2
f 3453/1674/2 3454/1672/2 3412/1673/2
f 3453/1674/2 3412/1673/2 3413/1675/2
f 3452/1676/2 3453/1674/2 3413/1675/2
f 3452/1676/2 3413/1675/2 3414/1677/2
f 3451/1678/2 3452/1676/2 3414/1677/2
f 3451/1678/2 3414/1677/2 3415/1679/2
f 3450/1680/2 3451/1678/2 3415/1679/2
f 3450/1680/2 3415/1679/2 3416/1681/2
f 3449/1682/2 3450/1680/2 3416/1681/2
f 3449/1682/2 3416/1681/2 3417/1683/2
f 3448/1684/2 3449/1682/2 3417/1683/2
f 3448/1684/2 3417/1683/2 3418/1685/2
f 3447/1686/2 3448/1684/2 3418/1685/2
f 3447/1686/2 3418/1685/2 3419/1687/2
f 3446/1688/2 3447/1686/2 3419/1687/2
f 3446/1688/2 3419/1687/2 3420/1689/2
f 3445/1690/2 3446/1688/2 3420/1689/2
f 3445/1690/2 3420/1689/2 3421/1691/2
f 3444/1692/2 3445/1690/2 3421/1691/2
f 3444/1692/2 3421/1691/2 3422/1693/2
f 3443/1694/2 3444/1692/2 3422/1693/2
f 3442/1695/2 3443/1694/2 3422/1693/2
f 3442/1695/2 3422/1693/2 3423/1696/2
f 3441/1697/2 3442/1695/2 3423/1696/2
f 3441/1697/2 3423/1696/2 3424/1698/2
f 3440/1699/2 3441/1697/2 3424/1698/2
f 3440/1699/2 3424/1698/2 3425/1700/2
f 3439/1701/2 3440/1699/2 3425/1700/2
f 3439/1701/2 3425/1700/2 3426/1702/2
f 3438/1703/2 3439/1701/2 3426/1702/2
f 3438/1703/2 3426/1702/2 3427/1704/2
f 3437/1705/2 3438/1703/2 3427/1704/2
f 3437/1705/2 3427/1704/2 3428/1706/2
f 3436/1707/2 3437/1705/2 3428/1706/2
f 3436/1707/2 3428/1706/2 3429/1708/2
f 3435/1709/2 3436/1707/2 3429/1708/2
f 3435/1709/2 3429/1708/2 3430/1710/2
f 3434/1711/2 3435/1709/2 3430/1710/2
f 3434/1711/2 3430/1710/2 3431/1712/2
f 3433/1713/2 3434/1711/2 3431/1712/2
f 3433/1713/2 3431/1712/2 3432/1714/2
f 4034/1715/2 4035/1717/2 4036/1716/2
f 4034/1715/2 4036/1716/2 4037/1718/2
f 4034/1715/2 4037/1718/2 4038/1719/2
f 4034/1715/2 4038/1719/2 4039/1720/2
f 4033/1721/2 4034/1715/2 4039/1720/2
f 4033/1721/2 4039/1720/2 4040/1722/2
f 4033/1721/2 4040/1722/2 4041/1723/2
f 4033/1721/2 4041/1723/2 4042/1724/2
f 4032/1725/2 4033/1721/2 4042/1724/2
f 4032/1725/2 4042/1724/2 4043/1726/2
f 4032/1725/2 4043/1726/2 4044/1727/2
f 4031/1728/2 4032/1725/2 4044/1727/2
f 4031/1728/2 4044/1727/2 4045/1729/2
f 4031/1728/2 4045/1729/2 4046/1730/2
f 4031/1728/2 4046/1730/2 4047/1731/2
f 4030/1732/2 4031/1728/2 4047/1731/2
f 4030/1732/2 4047/1731/2 4048/1733/2
f 4030/1732/2 4048/1733/2 4049/1734/2
f 4029/1735/2 4030/1732/2 4049/1734/2
f 4029/1735/2 4049/1734/2 4050/1736/2
f 4029/1735/2 4050/1736/2 4051/1737/2
f 4029/1735/2 4051/1737/2 4052/1738/2
f 4028/1739/2 4029/1735/2 4052/1738/2
f 4028/1739/2 4052/1738/2 4053/1740/2
f 4028/1739/2 4053/1740/2 4054/1741/2
f 4027/1742/2 4028/1739/2 4054/1741/2
f 4027/1742/2 4054/1741/2 4055/1743/2
f 4027/1742/2 4055/1743/2 4056/1744/2
f 4027/1742/2 4056/1744/2 4057/1745/2
f 4026/1746/2 4027/1742/2 4057/1745/2
f 4026/1746/2 4057/1745/2 4058/1747/2
f 4026/1746/2 4058/1747/2 4059/1748/2
f 4025/1749/2 4026/1746/2 4059/1748/2
f 4025/1749/2 4059/1748/2 4060/1750/2
f 4025/1749/2 4060/1750/2 4061/1751/2
f 4024/1752/2 4025/1749/2 4061/1751/2
f 4024/1752/2 4061/1751/2 4062/1753/2
f 4024/1752/2 4062/1753/2 4063/1754/2
f 4023/1755/2 4024/1752/2 4063/1754/2
f 4023/1755/2 4063/1754/2 4064/1756/2
f 4022/1757/2 4023/1755/2 4064/1756/2
f 4022/1757/2 4064/1756/2 4065/1758/2
f 4022/1757/2 4065/1758/2 4066/1759/2
f 4021/1760/2 4022/1757/2 4066/1759/2
f 4021/1760/2 4066/1759/2 4067/1761/2
f 4020/1762/2 4021/1760/2 4067/1761/2
f 4020/1762/2 4067/1761/2 4068/1763/2
f 4019/1764/2 4020/1762/2 4068/1763/2
f 4019/1764/2 4068/1763/2 4069/1765/2
f 4019/1764/2 4069/1765/2 4070/1766/2
f 4018/1767/2 4019/1764/2 4070/1766/2
f 4018/1767/2 4070/1766/2 4071/1768/2
f 4017/1769/2 4018/1767/2 4071/1768/2
f 4017/1769/2 4071/1768/2 4072/1770/2
f 4017/1769/2 4072/1770/2 4073/1771/2
f 4016/1772/2 4017/1769/2 4073/1771/2
f 4016/1772/2 4073/1771/2 4074/1773/2
f 4015/1774/2 4016/1772/2 4074/1773/2
f 4015/1774/2 4074/1773/2 4075/1775/2
f 4014/1776/2 4015/1774/2 4075/1775/2
f 4014/1776/2 4075/1775/2 4076/1777/2
f 4014/1776/2 4076/1777/2 4077/1778/2
f 4013/1779/2 4014/1776/2 4077/1778/2
f 4013/1779/2 4077/1778/2 4078/1780/2
f 4012/1781/2 4013/1779/2 4078/1780/2
f 4012/1781/2 4078/1780/2 4079/1782/2
f 4012/1781/2 4079/1782/2 4080/1783/2
f 4011/1784/2 4012/1781/2 4080/1783/2
f 4011/1784/2 4080/1783/2 4081/1785/2
f 4010/1786/2 4011/1784/2 4157/1787/2
f 4157/1787/2 4011/1784/2 4081/1785/2
f 4157/1787/2 4081/1785/2 4082/1788/2
f 4157/1787/2 4082/1788/2 4083/1789/2
f 4157/1787/2 4083/1789/2 4084/1790/2
f 4157/1787/2 4084/1790/2 4085/1791/2
f 4157/1787/2 4085/1791/2 4086/1792/2
f 4157/1787/2 4086/1792/2 4087/1793/2
f 4157/1787/2 4087/1793/2 4088/1794/2
f 4157/1787/2 4088/1794/2 4089/1795/2
f 4157/1787/2 4089/1795/2 4090/1796/2
f 4157/1787/2 4090/1796/2 4091/1797/2
f 4157/1787/2 4091/1797/2 4092/1798/2
f 4157/1787/2 4092/1798/2 4093/1799/2
f 4157/1787/2 4093/1799/2 4094/1800/2
f 4157/1787/2 4094/1800/2 4095/1801/2
f 4157/1787/2 4095/1801/2 3828/66/2
f 4157/1787/2 3828/66/2 4156/1802/2
f 4156/1802/2 3828/66/2 4155/1803/2
f 4155/1803/2 3828/66/2 4154/1804/2
f 4154/1804/2 3828/66/2 4153/1805/2
f 4153/1805/2 3828/66/2 3829/1806/2
f 4010/1786/2 4157/1787/2 4158/1807/2
f 4152/1808/2 4153/1805/2 3829/1806/2
f 4151/1809/2 4152/1808/2 3829/1806/2
f 4150/1810/2 4151/1809/2 3829/1806/2
f 4149/1811/2 4150/1810/2 3829/1806/2
f 4148/1812/2 4149/1811/2 3829/1806/2
f 4147/1813/2 4148/1812/2 3829/1806/2
f 4146/1814/2 4147/1813/2 3829/1806/2
f 4145/1815/2 4146/1814/2 3829/1806/2
f 4144/1816/2 4145/1815/2 3829/1806/2
f 4143/1817/2 4144/1816/2 3829/1806/2
f 4142/1818/2 4143/1817/2 3829/1806/2
f 4141/1819/2 4142/1818/2 3829/1806/2
f 4140/1820/2 4141/1819/2 3829/1806/2
f 4139/1821/2 4140/1820/2 3829/1806/2
f 4138/1822/2 4139/1821/2 3829/1806/2
f 4137/1823/2 4138/1822/2 3829/1806/2
f 4136/1824/2 4137/1823/2 3829/1806/2
f 4135/1825/2 4136/1824/2 3829/1806/2
f 4135/1825/2 3829/1806/2 3830/1826/2
f 4134/1827/2 4135/1825/2 3830/1826/2
f 4133/1828/2 4134/1827/2 3830/1826/2
f 4132/1829/2 4133/1828/2 3830/1826/2
f 4131/1830/2 4132/1829/2 3830/1826/2
f 4130/1831/2 4131/1830/2 3830/1826/2
f 4130/1831/2 3830/1826/2 3831/1832/2
f 4129/1833/2 4130/1831/2 3831/1832/2
f 4128/1834/2 4129/1833/2 3831/1832/2
f 4127/1835/2 4128/1834/2 3831/1832/2
f 4127/1835/2 3831/1832/2 3832/1836/2
f 4126/1837/2 4127/1835/2 3832/1836/2
f 4125/1838/2 4126/1837/2 3832/1836/2
f 4125/1838/2 3832/1836/2 3833/1839/2
f 4124/1840/2 4125/1838/2 3833/1839/2
f 4123/1841/2 4124/1840/2 3833/1839/2
f 4123/1841/2 3833/1839/2 3834/1842/2
f 4122/1843/2 4123/1841/2 3834/1842/2
f 4121/1844/2 4122/1843/2 3834/1842/2
f 4121/1844/2 3834/1842/2 3835/1845/2
f 4120/1846/2 4121/1844/2 3835/1845/2
f 4119/1847/2 4120/1846/2 3835/1845/2
f 4119/1847/2 3835/1845/2 3836/1848/2
f 4118/1849/2 4119/1847/2 3836/1848/2
f 4118/1849/2 3836/1848/2 3837/1850/2
f 4117/1851/2 4118/1849/2 3837/1850/2
f 4116/1852/2 4117/1851/2 3837/1850/2
f 4116/1852/2 3837/1850/2 3838/1853/2
f 4115/1854/2 4116/1852/2 3838/1853/2
f 4114/1855/2 4115/1854/2 3838/1853/2
f 4114/1855/2 3838/1853/2 3839/1856/2
f 4113/1857/2 4114/1855/2 3839/1856/2
f 4113/1857/2 3839/1856/2 3840/1858/2
f 4112/1859/2 4113/1857/2 3840/1858/2
f 4111/1860/2 4112/1859/2 3840/1858/2
f 4111/1860/2 3840/1858/2 3841/1861/2
f 4110/1862/2 4111/1860/2 3841/1861/2
f 4110/1862/2 3841/1861/2 3842/1863/2
f 4109/1864/2 4110/1862/2 3842/1863/2
f 4109/1864/2 3842/1863/2 3843/1865/2
f 4108/1866/2 4109/1864/2 3843/1865/2
f 4108/1866/2 3843/1865/2 3844/1867/2
f 4107/1868/2 4108/1866/2 3844/1867/2
f 4106/1869/2 4107/1868/2 3844/1867/2
f 4106/1869/2 3844/1867/2 3845/1870/2
f 4105/1871/2 4106/1869/2 3845/1870/2
f 4104/1872/2 4105/1871/2 3845/1870/2
f 4104/1872/2 3845/1870/2 3846/1873/2
f 4103/1874/2 4104/1872/2 3846/1873/2
f 4102/1875/2 4103/1874/2 3846/1873/2
f 4102/1875/2 3846/1873/2 3847/1876/2
f 4101/1877/2 4102/1875/2 3847/1876/2
f 4100/1878/2 4101/1877/2 3847/1876/2
f 4100/1878/2 3847/1876/2 3848/1879/2
f 4099/1880/2 4100/1878/2 3848/1879/2
f 4099/1880/2 3848/1879/2 3849/1881/2
f 4098/1882/2 4099/1880/2 3849/1881/2
f 4097/1883/2 4098/1882/2 3849/1881/2
f 4097/1883/2 3849/1881/2 3850/1884/2
f 4096/1885/2 4097/1883/2 3850/1884/2
f 4218/176/2 4096/1885/2 3850/1884/2
f 4218/176/2 3850/1884/2 3851/1886/2
f 4217/1887/2 4218/176/2 3851/1886/2
f 4216/1888/2 4217/1887/2 3851/1886/2
f 4216/1888/2 3851/1886/2 3852/1889/2
f 4215/1890/2 4216/1888/2 3852/1889/2
f 4214/1891/2 4215/1890/2 3852/1889/2
f 4214/1891/2 3852/1889/2 3853/1892/2
f 4213/1893/2 4214/1891/2 3853/1892/2
f 4213/1893/2 3853/1892/2 3854/1894/2
f 4212/1895/2 4213/1893/2 3854/1894/2
f 4211/1896/2 4212/1895/2 3854/1894/2
f 4211/1896/2 3854/1894/2 3855/1897/2
f 4210/1898/2 4211/1896/2 3855/1897/2
f 4209/1899/2 4210/1898/2 3855/1897/2
f 4209/1899/2 3855/1897/2 3856/1900/2
f 4208/1901/2 4209/1899/2 3856/1900/2
f 4207/1902/2 4208/1901/2 3856/1900/2
f 4207/1902/2 3856/1900/2 3857/1903/2
f 4206/1904/2 4207/1902/2 3857/1903/2
f 4205/1905/2 4206/1904/2 3857/1903/2
f 4205/1905/2 3857/1903/2 3858/1906/2
f 4204/1907/2 4205/1905/2 3858/1906/2
f 4203/1908/2 4204/1907/2 3858/1906/2
f 4203/1908/2 3858/1906/2 3859/1909/2
f 4202/1910/2 4203/1908/2 3859/1909/2
f 4202/1910/2 3859/1909/2 3860/1911/2
f 4201/1912/2 4202/1910/2 3860/1911/2
f 4200/1913/2 4201/1912/2 3860/1911/2
f 4200/1913/2 3860/1911/2 3861/1914/2
f 4199/1915/2 4200/1913/2 3861/1914/2
f 4198/1916/2 4199/1915/2 3861/1914/2
f 4198/1916/2 3861/1914/2 3862/1917/2
f 4197/1918/2 4198/1916/2 3862/1917/2
f 4196/1919/2 4197/1918/2 3862/1917/2
f 4196/1919/2 3862/1917/2 3863/1920/2
f 4195/1921/2 4196/1919/2 3863/1920/2
f 4194/1922/2 4195/1921/2 3863/1920/2
f 4194/1922/2 3863/1920/2 3864/1923/2
f 4193/1924/2 4194/1922/2 3864/1923/2
f 4192/1925/2 4193/1924/2 3864/1923/2
f 4192/1925/2 3864/1923/2 3865/1926/2
f 4191/1927/2 4192/1925/2 3865/1926/2
f 4190/1928/2 4191/1927/2 3865/1926/2
f 4190/1928/2 3865/1926/2 3866/1929/2
f 4189/1930/2 4190/1928/2 3866/1929/2
f 4188/1931/2 4189/1930/2 3866/1929/2
f 4188/1931/2 3866/1929/2 3867/1932/2
f 4187/1933/2 4188/1931/2 3867/1932/2
f 4186/1934/2 4187/1933/2 3867/1932/2
f 4185/1935/2 4186/1934/2 3867/1932/2
f 4185/1935/2 3867/1932/2 3868/1936/2
f 4184/1937/2 4185/1935/2 3868/1936/2
f 4183/1938/2 4184/1937/2 3868/1936/2
f 4183/1938/2 3868/1936/2 3869/1939/2
f 4182/1940/2 4183/1938/2 3869/1939/2
f 4181/1941/2 4182/1940/2 3869/1939/2
f 4180/1942/2 4181/1941/2 3869/1939/2
f 4180/1942/2 3869/1939/2 3870/1943/2
f 4179/1944/2 4180/1942/2 3870/1943/2
f 4178/1945/2 4179/1944/2 3870/1943/2
f 4177/1946/2 4178/1945/2 3870/1943/2
f 4177/1946/2 3870/1943/2 3871/1947/2
f 4176/1948/2 4177/1946/2 3871/1947/2
f 4175/1949/2 4176/1948/2 3871/1947/2
f 4174/1950/2 4175/1949/2 3871/1947/2
f 4174/1950/2 3871/1947/2 3872/1951/2
f 4173/1952/2 4174/1950/2 3872/1951/2
f 4172/1953/2 4173/1952/2 3872/1951/2
f 4171/1954/2 4172/1953/2 3872/1951/2
f 4170/1955/2 4171/1954/2 3872/1951/2
f 4170/1955/2 3872/1951/2 3873/1956/2
f 4169/1957/2 4170/1955/2 3873/1956/2
f 4168/1958/2 4169/1957/2 3873/1956/2
f 4167/1959/2 4168/1958/2 3873/1956/2
f 4166/1960/2 4167/1959/2 3873/1956/2
f 4165/1961/2 4166/1960/2 3873/1956/2
f 4165/1961/2 3873/1956/2 3874/1962/2
f 4164/1963/2 4165/1961/2 3874/1962/2
f 4163/1964/2 4164/1963/2 3874/1962/2
f 4162/1965/2 4163/1964/2 3874/1962/2
f 4161/1966/2 4162/1965/2 3874/1962/2
f 4160/1967/2 4161/1966/2 3874/1962/2
f 4159/1968/2 4160/1967/2 3874/1962/2
f 4010/1786/2 4158/1807/2 4159/1968/2
f 4010/1786/2 4159/1968/2 3913/1969/2
f 3913/1969/2 4159/1968/2 3874/1962/2
f 3913/1969/2 3874/1962/2 3875/1970/2
f 3913/1969/2 3875/1970/2 3876/1971/2
f 3913/1969/2 3876/1971/2 3877/1972/2
f 3913/1969/2 3877/1972/2 3878/1973/2
f 3913/1969/2 3878/1973/2 3879/1974/2
f 3913/1969/2 3879/1974/2 3880/1975/2
f 3913/1969/2 3880/1975/2 3881/1976/2
f 3913/1969/2 3881/1976/2 3882/1977/2
f 3913/1969/2 3882/1977/2 3883/1978/2
f 3913/1969/2 3883/1978/2 3884/1979/2
f 3913/1969/2 3884/1979/2 3885/1980/2
f 3913/1969/2 3885/1980/2 3886/1981/2
f 3913/1969/2 3886/1981/2 3887/1982/2
f 3913/1969/2 3887/1982/2 3888/1983/2
f 3913/1969/2 3888/1983/2 3889/1984/2
f 3913/1969/2 3889/1984/2 3890/1985/2
f 3913/1969/2 3890/1985/2 3891/1986/2
f 3913/1969/2 3891/1986/2 3892/1987/2
f 3913/1969/2 3892/1987/2 3893/1988/2
f 3913/1969/2 3893/1988/2 3894/1989/2
f 3913/1969/2 3894/1989/2 3895/1990/2
f 3913/1969/2 3895/1990/2 3896/1991/2
f 3913/1969/2 3896/1991/2 3897/1992/2
f 3913/1969/2 3897/1992/2 3898/1993/2
f 3913/1969/2 3898/1993/2 3899/1994/2
f 3913/1969/2 3899/1994/2 3900/1995/2
f 3913/1969/2 3900/1995/2 3901/1996/2
f 3913/1969/2 3901/1996/2 3902/1997/2
f 3913/1969/2 3902/1997/2 3903/1998/2
f 3913/1969/2 3903/1998/2 3904/1999/2
f 3913/1969/2 3904/1999/2 3905/2000/2
f 3913/1969/2 3905/2000/2 3906/2001/2
f 3913/1969/2 3906/2001/2 3907/2002/2
f 3913/1969/2 3907/2002/2 3908/2003/2
f 3913/1969/2 3908/2003/2 3909/2004/2
f 3913/1969/2 3909/2004/2 3910/2005/2
f 3913/1969/2 3910/2005/2 3911/2006/2
f 3913/1969/2 3911/2006/2 3912/2007/2
f 4010/1786/2 3913/1969/2 3914/2008/2
f 4009/2009/2 4010/1786/2 3914/2008/2
f 4009/2009/2 3914/2008/2 3915/2010/2
f 4009/2009/2 3915/2010/2 3916/2011/2
f 4008/2012/2 4009/2009/2 3916/2011/2
f 4008/2012/2 3916/2011/2 3917/2013/2
f 4007/2014/2 4008/2012/2 3917/2013/2
f 4007/2014/2 3917/2013/2 3918/2015/2
f 4006/2016/2 4007/2014/2 3918/2015/2
f 4006/2016/2 3918/2015/2 3919/2017/2
f 4005/2018/2 4006/2016/2 3919/2017/2
f 4005/2018/2 3919/2017/2 3920/2019/2
f 4004/2020/2 4005/2018/2 3920/2019/2
f 4004/2020/2 3920/2019/2 3921/2021/2
f 4003/2022/2 4004/2020/2 3921/2021/2
f 4003/2022/2 3921/2021/2 3922/2023/2
f 4002/2024/2 4003/2022/2 3922/2023/2
f 4002/2024/2 3922/2023/2 3923/2025/2
f 4001/2026/2 4002/2024/2 3923/2025/2
f 4001/2026/2 3923/2025/2 3924/2027/2
f 4000/2028/2 4001/2026/2 3924/2027/2
f 4000/2028/2 3924/2027/2 3925/2029/2
f 3999/2030/2 4000/2028/2 3925/2029/2
f 3999/2030/2 3925/2029/2 3926/2031/2
f 3998/2032/2 3999/2030/2 3926/2031/2
f 3998/2032/2 3926/2031/2 3927/2033/2
f 3997/2034/2 3998/2032/2 3927/2033/2
f 3997/2034/2 3927/2033/2 3928/2035/2
f 3996/2036/2 3997/2034/2 3928/2035/2
f 3996/2036/2 3928/2035/2 3929/2037/2
f 3995/2038/2 3996/2036/2 3929/2037/2
f 3995/2038/2 3929/2037/2 3930/2039/2
f 3994/2040/2 3995/2038/2 3930/2039/2
f 3994/2040/2 3930/2039/2 3931/2041/2
f 3993/2042/2 3994/2040/2 3931/2041/2
f 3993/2042/2 3931/2041/2 3932/2043/2
f 3992/2044/2 3993/2042/2 3932/2043/2
f 3992/2044/2 3932/2043/2 3933/2045/2
f 3991/2046/2 3992/2044/2 3933/2045/2
f 3991/2046/2 3933/2045/2 3934/2047/2
f 3990/2048/2 3991/2046/2 3934/2047/2
f 3990/2048/2 3934/2047/2 3935/2049/2
f 3989/2050/2 3990/2048/2 3935/2049/2
f 3989/2050/2 3935/2049/2 3936/2051/2
f 3988/2052/2 3989/2050/2 3936/2051/2
f 3988/2052/2 3936/2051/2 3937/2053/2
f 3987/2054/2 3988/2052/2 3937/2053/2
f 3987/2054/2 3937/2053/2 3938/2055/2
f 3986/2056/2 3987/2054/2 3938/2055/2
f 3985/2057/2 3986/2056/2 3938/2055/2
f 3985/2057/2 3938/2055/2 3939/2058/2
f 3984/2059/2 3985/2057/2 3939/2058/2
f 3984/2059/2 3939/2058/2 3940/2060/2
f 3983/2061/2 3984/2059/2 3940/2060/2
f 3983/2061/2 3940/2060/2 3941/2062/2
f 3982/2063/2 3983/2061/2 3941/2062/2
f 3982/2063/2 3941/2062/2 3942/2064/2
f 3981/2065/2 3982/2063/2 3942/2064/2
f 3981/2065/2 3942/2064/2 3943/2066/2
f 3980/2067/2 3981/2065/2 3943/2066/2
f 3980/2067/2 3943/2066/2 3944/2068/2
f 3979/2069/2 3980/2067/2 3944/2068/2
f 3979/2069/2 3944/2068/2 3945/2070/2
f 3978/2071/2 3979/2069/2 3945/2070/2
f 3978/2071/2 3945/2070/2 3946/2072/2
f 3977/2073/2 3978/2071/2 3946/2072/2
f 3977/2073/2 3946/2072/2 3947/2074/2
f 3976/2075/2 3977/2073/2 3947/2074/2
f 3976/2075/2 3947/2074/2 3948/2076/2
f 3975/2077/2 3976/2075/2 3948/2076/2
f 3975/2077/2 3948/2076/2 3949/2078/2
f 3974/2079/2 3975/2077/2 3949/2078/2
f 3974/2079/2 3949/2078/2 3950/2080/2
f 3973/2081/2 3974/2079/2 3950/2080/2
f 3973/2081/2 3950/2080/2 3951/2082/2
f 3972/2083/2 3973/2081/2 3951/2082/2
f 3972/2083/2 3951/2082/2 3952/2084/2
f 3971/2085/2 3972/2083/2 3952/2084/2
f 3971/2085/2 3952/2084/2 3953/2086/2
f 3970/2087/2 3971/2085/2 3953/2086/2
f 3970/2087/2 3953/2086/2 3954/2088/2
f 3969/2089/2 3970/2087/2 3954/2088/2
f 3969/2089/2 3954/2088/2 3955/2090/2
f 3968/2091/2 3969/2089/2 3955/2090/2
f 3968/2091/2 3955/2090/2 3956/2092/2
f 3967/2093/2 3968/2091/2 3956/2092/2
f 3967/2093/2 3956/2092/2 3957/2094/2
f 3966/2095/2 3967/2093/2 3957/2094/2
f 3966/2095/2 3957/2094/2 3958/2096/2
f 3965/2097/2 3966/2095/2 3958/2096/2
f 3965/2097/2 3958/2096/2 3959/2098/2
f 3964/2099/2 3965/2097/2 3959/2098/2
f 3964/2099/2 3959/2098/2 3960/2100/2
f 3963/2101/2 3964/2099/2 3960/2100/2
f 3963/2101/2 3960/2100/2 3961/2102/2
f 3962/2103/2 3963/2101/2 3961/2102/2
s 1
f 4220/2104/3 4222/2105/4 4221/2106/4 4219/66/3
f 4222/2105/4 4224/2107/5 4223/2108/5 4221/2106/4
f 4224/2107/5 4226/2109/6 4225/2110/6 4223/2108/5
f 4226/2109/6 4228/2111/7 4227/2112/7 4225/2110/6
f 4228/2111/7 4230/2113/8 4229/2114/8 4227/2112/7
f 4230/2113/8 4232/2115/9 4231/2116/9 4229/2114/8
f 4232/2115/9 4234/2117/10 4233/2118/10 4231/2116/9
f 4234/2117/10 4236/2119/11 4235/2120/11 4233/2118/10
f 4236/2119/11 4238/2121/12 4237/2122/12 4235/2120/11
f 4238/2121/12 4240/2123/13 4239/2124/13 4237/2122/12
f 4240/2123/13 4242/2125/14 4241/2126/14 4239/2124/13
f 4242/2125/14 4244/2127/15 4243/2128/15 4241/2126/14
f 4244/2127/15 4246/2129/16 4245/2130/16 4243/2128/15
f 4246/2129/16 4248/2131/17 4247/2132/17 4245/2130/16
f 4248/2131/17 4250/2133/18 4249/2134/18 4247/2132/17
f 4250/2133/18 4252/2135/19 4251/2136/19 4249/2134/18
f 4252/2135/19 4254/2137/20 4253/2138/20 4251/2136/19
f 4254/2137/20 4256/2139/21 4255/2140/21 4253/2138/20
f 4256/2139/21 4258/2141/22 4257/2142/22 4255/2140/21
f 4258/2141/22 4260/2143/23 4259/2144/23 4257/2142/22
f 4260/2143/23 4262/2145/24 4261/2146/24 4259/2144/23
f 4262/2145/24 4264/2147/25 4263/2148/25 4261/2146/24
f 4264/2147/25 4266/2149/26 4265/2150/26 4263/2148/25
f 4266/2149/26 4268/2151/27 4267/2152/27 4265/2150/26
f 4268/2151/27 4270/2153/28 4269/2154/28 4267/2152/27
f 4270/2153/28 4272/2155/29 4271/2156/29 4269/2154/28
f 4272/2155/29 4274/2157/30 4273/2158/30 4271/2156/29
f 4274/2157/30 4276/2159/31 4275/2160/31 4273/2158/30
f 4276/2159/31 4278/2161/32 4277/2162/32 4275/2160/31
f 4278/2161/32 4280/2163/33 4279/2164/33 4277/2162/32
f 4280/2163/33 4282/2165/34 4281/2166/34 4279/2164/33
f 4282/2165/34 4284/2167/35 4283/2168/35 4281/2166/34
f 4284/2167/35 4286/2169/36 4285/2170/36 4283/2168/35
f 4286/2169/36 4288/2171/37 4287/2172/37 4285/2170/36
f 4288/2171/37 4290/2173/38 4289/2174/38 4287/2172/37
f 4290/2173/38 4292/2175/39 4291/2176/39 4289/2174/38
f 4292/2175/39 4294/2177/40 4293/2178/40 4291/2176/39
f 4294/2177/40 4296/2179/41 4295/2180/41 4293/2178/40
f 4296/2179/41 4298/2181/42 4297/2182/42 4295/2180/41
f 4298/2181/42 4300/2183/43 4299/2184/43 4297/2182/42
f 4300/2183/43 4302/2185/44 4301/2186/44 4299/2184/43
f 4302/2185/44 4304/2187/45 4303/2188/45 4301/2186/44
f 4304/2187/45 4306/2189/46 4305/2190/46 4303/2188/45
f 4306/2189/46 4308/2191/47 4307/2192/47 4305/2190/46
f 4308/2191/47 4310/2193/48 4309/2194/48 4307/2192/47
f 4310/2193/48 4312/2195/49 4311/2196/49 4309/2194/48
f 4312/2195/49 4314/2197/50 4313/2198/50 4311/2196/49
f 4314/2197/50 4316/2199/51 4315/2200/51 4313/2198/50
f 4316/2199/51 4318/2201/52 4317/2202/52 4315/2200/51
f 4318/2201/52 4320/2203/53 4319/2204/53 4317/2202/52
f 4320/2203/53 4322/2205/54 4321/2206/54 4319/2204/53
f 4322/2205/54 4324/2207/55 4323/2208/55 4321/2206/54
f 4324/2207/55 4326/2209/56 4325/2210/56 4323/2208/55
f 4326/2209/56 4328/2211/57 4327/2212/57 4325/2210/56
f 4328/2211/57 4330/2213/58 4329/2214/58 4327/2212/57
f 4330/2213/58 4332/2215/59 4331/2216/59 4329/2214/58
f 4332/2215/59 4334/2217/60 4333/2218/60 4331/2216/59
f 4334/2217/60 4336/2219/61 4335/2220/61 4333/2218/60
f 4336/2219/61 4338/2221/62 4337/2222/62 4335/2220/61
f 4338/2221/62 4340/2223/63 4339/2224/63 4337/2222/62
f 4340/2223/63 4342/2225/64 4341/2226/64 4339/2224/63
f 4342/2225/64 4344/2227/65 4343/2228/65 4341/2226/64
f 4344/2227/65 4346/2229/66 4345/2230/66 4343/2228/65
f 4346/2229/66 4348/2231/67 4347/2232/67 4345/2230/66
f 4348/2231/67 4350/2233/68 4349/2234/68 4347/2232/67
f 4350/2233/68 4352/2235/69 4351/2236/69 4349/2234/68
f 4352/2235/69 4354/2237/70 4353/2238/70 4351/2236/69
f 4354/2237/70 4356/2239/71 4355/2240/71 4353/2238/70
f 4356/2239/71 4358/2241/72 4357/2242/72 4355/2240/71
f 4358/2241/72 4360/2243/73 4359/2244/73 4357/2242/72
f 4360/2243/73 4362/2245/74 4361/2246/74 4359/2244/73
f 4362/2245/74 4364/2247/75 4363/2248/75 4361/2246/74
f 4364/2247/75 4366/2249/76 4365/2250/76 4363/2248/75
f 4366/2249/76 4368/2251/77 4367/2252/77 4365/2250/76
f 4368/2251/77 4370/2253/78 4369/2254/78 4367/2252/77
f 4370/2253/78 4372/2255/79 4371/2256/79 4369/2254/78
f 4372/2255/79 4374/2257/80 4373/2258/80 4371/2256/79
f 4374/2257/80 4376/2259/81 4375/2260/81 4373/2258/80
f 4376/2259/81 4378/2261/82 4377/2262/82 4375/2260/81
f 4378/2261/82 4380/2263/83 4379/2264/83 4377/2262/82
f 4380/2263/83 4382/2265/84 4381/2266/84 4379/2264/83
f 4382/2265/84 4384/2267/85 4383/2268/85 4381/2266/84
f 4384/2267/85 4386/2269/86 4385/2270/86 4383/2268/85
f 4386/2269/86 4388/2271/87 4387/2272/87 4385/2270/86
f 4388/2271/87 4390/2273/88 4389/2274/88 4387/2272/87
f 4390/2273/88 4392/2275/89 4391/2276/89 4389/2274/88
f 4392/2275/89 4394/2277/90 4393/2278/90 4391/2276/89
f 4394/2277/90 4396/2279/91 4395/2280/91 4393/2278/90
f 4396/2279/91 4398/2281/92 4397/2282/92 4395/2280/91
f 4398/2281/92 4400/2283/93 4399/2284/93 4397/2282/92
f 4400/2283/93 4402/2285/94 4401/2286/94 4399/2284/93
f 4402/2285/94 4404/2287/95 4403/2288/95 4401/2286/94
f 4404/2287/95 4406/2289/96 4405/2290/96 4403/2288/95
f 4406/2289/96 4408/2291/97 4407/2292/97 4405/2290/96
f 4408/2291/97 4410/2293/98 4409/2294/98 4407/2292/97
f 4410/2293/98 4412/2295/99 4411/2296/99 4409/2294/98
f 4412/2295/99 4414/2297/100 4413/2298/100 4411/2296/99
f 4414/2297/100 4416/2299/101 4415/2300/101 4413/2298/100
f 4416/2299/101 4418/2301/102 4417/2302/102 4415/2300/101
f 4418/2301/102 4420/2303/103 4419/2304/103 4417/2302/102
f 4420/2303/103 4422/2305/104 4421/2306/104 4419/2304/103
f 4422/2305/104 4424/2307/105 4423/2308/105 4421/2306/104
f 4424/2307/105 4426/2309/106 4425/2310/106 4423/2308/105
f 4426/2309/106 4428/2311/107 4427/2312/107 4425/2310/106
f 4428/2311/107 4430/2313/108 4429/2314/108 4427/2312/107
f 4430/2313/108 4432/2315/109 4431/2316/109 4429/2314/108
f 4432/2315/109 4434/2317/110 4433/2318/110 4431/2316/109
f 4434/2317/110 4436/2319/111 4435/2320/111 4433/2318/110
f 4436/2319/111 4438/2321/112 4437/2322/112 4435/2320/111
f 4438/2321/112 4440/2323/113 4439/2324/113 4437/2322/112
f 4440/2323/113 4442/2325/114 4441/2326/114 4439/2324/113
f 4442/2325/114 4444/2327/115 4443/2328/115 4441/2326/114
f 4444/2327/115 4446/2329/116 4445/2330/116 4443/2328/115
f 4446/2329/116 4448/2331/117 4447/2332/117 4445/2330/116
f 4448/2331/117 4450/2333/118 4449/2334/118 4447/2332/117
f 4450/2333/118 4452/2335/119 4451/2336/119 4449/2334/118
f 4452/2335/119 4454/2337/120 4453/2338/120 4451/2336/119
f 4454/2337/120 4456/2339/121 4455/2340/121 4453/2338/120
f 4456/2339/121 4458/2341/122 4457/2342/122 4455/2340/121
f 4458/2341/122 4460/2343/123 4459/2344/123 4457/2342/122
f 4460/2343/123 4462/2345/124 4461/2346/124 4459/2344/123
f 4462/2345/124 4464/2347/125 4463/2348/125 4461/2346/124
f 4464/2347/125 4466/2349/126 4465/2350/126 4463/2348/125
f 4466/2349/126 4468/2351/127 4467/2352/127 4465/2350/126
f 4468/2351/127 4470/2353/128 4469/2354/128 4467/2352/127
f 4470/2353/128 4472/2355/129 4471/2356/129 4469/2354/128
f 4472/2355/129 4474/2357/130 4473/2358/130 4471/2356/129
f 4474/2357/130 4476/2359/131 4475/2360/131 4473/2358/130
f 4476/2359/131 4478/2361/132 4477/2362/132 4475/2360/131
f 4478/2361/132 4480/2363/133 4479/2364/133 4477/2362/132
f 4480/2363/133 4482/2365/134 4481/2366/134 4479/2364/133
f 4482/2365/134 4484/2367/135 4483/2368/135 4481/2366/134
f 4484/2367/135 4486/2369/136 4485/2370/136 4483/2368/135
f 4486/2369/136 4488/2371/137 4487/1755/137 4485/2370/136
f 4488/2371/137 4490/2372/138 4489/2373/138 4487/1755/137
f 4490/2372/138 4492/2374/139 4491/2375/139 4489/2373/138
f 4492/2374/139 4494/2376/140 4493/2377/140 4491/2375/139
f 4494/2376/140 4496/2378/141 4495/2379/141 4493/2377/140
f 4496/2378/141 4498/2380/142 4497/2381/142 4495/2379/141
f 4498/2380/142 4500/2382/143 4499/2383/143 4497/2381/142
f 4500/2382/143 4502/2384/144 4501/2385/144 4499/2383/143
f 4502/2384/144 4504/2386/145 4503/2387/145 4501/2385/144
f 4504/2386/145 4506/2388/146 4505/2389/146 4503/2387/145
f 4506/2388/146 4508/2390/147 4507/2391/147 4505/2389/146
f 4508/2390/147 4510/2392/148 4509/2393/148 4507/2391/147
f 4510/2392/148 4512/2394/149 4511/2395/149 4509/2393/148
f 4512/2394/149 4514/2396/150 4513/2397/150 4511/2395/149
f 4514/2396/150 4516/2398/151 4515/2399/151 4513/2397/150
f 4516/2398/151 4518/2400/152 4517/2401/152 4515/2399/151
f 4518/2400/152 4520/2402/153 4519/2403/153 4517/2401/152
f 4520/2402/153 4522/2404/154 4521/2405/154 4519/2403/153
f 4522/2404/154 4524/2406/155 4523/2407/155 4521/2405/154
f 4524/2406/155 4526/2408/156 4525/2409/156 4523/2407/155
f 4526/2408/156 4528/2410/157 4527/2411/157 4525/2409/156
f 4528/2410/157 4530/2412/158 4529/2413/158 4527/2411/157
f 4530/2412/158 4532/2414/159 4531/2415/159 4529/2413/158
f 4532/2414/159 4534/2416/160 4533/2417/160 4531/2415/159
f 4534/2416/160 4536/2418/161 4535/2419/161 4533/2417/160
f 4536/2418/161 4538/2420/162 4537/2421/162 4535/2419/161
f 4538/2420/162 4540/2422/163 4539/2423/163 4537/2421/162
f 4540/2422/163 4542/2424/164 4541/2425/164 4539/2423/163
f 4542/2424/164 4544/2426/165 4543/2427/165 4541/2425/164
f 4544/2426/165 4546/2428/166 4545/2429/166 4543/2427/165
f 4546/2428/166 4548/2430/167 4547/2431/167 4545/2429/166
f 4548/2430/167 4550/2432/168 4549/2433/168 4547/2431/167
f 4550/2432/168 4552/2434/169 4551/2435/169 4549/2433/168
f 4552/2434/169 4554/2436/170 4553/2437/170 4551/2435/169
f 4554/2436/170 4556/2438/171 4555/2439/171 4553/2437/170
f 4556/2438/171 4558/2440/172 4557/2441/172 4555/2439/171
f 4558/2440/172 4560/2442/173 4559/2443/173 4557/2441/172
f 4560/2442/173 4562/2444/174 4561/2445/174 4559/2443/173
f 4562/2444/174 4564/2446/175 4563/2447/175 4561/2445/174
f 4564/2446/175 4566/2448/176 4565/2449/176 4563/2447/175
f 4566/2448/176 4568/2450/177 4567/2451/177 4565/2449/176
f 4568/2450/177 4570/2452/178 4569/2453/178 4567/2451/177
f 4570/2452/178 4572/2454/179 4571/2455/179 4569/2453/178
f 4572/2454/179 4574/2456/180 4573/2457/180 4571/2455/179
f 4574/2456/180 4576/2458/181 4575/2459/181 4573/2457/180
f 4576/2458/181 4578/2460/182 4577/2461/182 4575/2459/181
f 4578/2460/182 4580/2462/183 4579/2463/183 4577/2461/182
f 4580/2462/183 4582/2464/184 4581/2465/184 4579/2463/183
f 4582/2464/184 4584/2466/185 4583/2467/185 4581/2465/184
f 4584/2466/185 4586/2468/186 4585/2469/186 4583/2467/185
f 4586/2468/186 4588/2470/187 4587/2471/187 4585/2469/186
f 4588/2470/187 4590/2472/188 4589/2473/188 4587/2471/187
f 4590/2472/188 4592/2474/189 4591/2475/189 4589/2473/188
f 4592/2474/189 4594/2476/190 4593/2477/190 4591/2475/189
f 4594/2476/190 4596/2478/191 4595/2479/191 4593/2477/190
f 4596/2478/191 4598/2480/192 4597/2481/192 4595/2479/191
f 4598/2480/192 4600/2482/193 4599/2483/193 4597/2481/192
f 4600/2482/193 4602/2484/194 4601/2485/194 4599/2483/193
f 4602/2484/194 4604/2486/195 4603/2487/195 4601/2485/194
f 4604/2486/195 4606/2488/196 4605/2489/196 4603/2487/195
f 4606/2488/196 4608/2490/197 4607/2491/197 4605/2489/196
f 4608/2490/197 4610/2492/198 4609/2493/198 4607/2491/197
f 4610/2492/198 4612/2494/199 4611/2495/199 4609/2493/198
f 4612/2494/199 4614/2496/200 4613/2497/200 4611/2495/199
f 4614/2496/200 4616/2498/201 4615/2499/201 4613/2497/200
f 4616/2498/201 4618/2500/202 4617/2501/202 4615/2499/201
f 4618/2500/202 4620/2502/203 4619/2503/203 4617/2501/202
f 4620/2502/203 4622/2504/204 4621/2505/204 4619/2503/203
f 4622/2504/204 4624/2506/205 4623/2507/205 4621/2505/204
f 4624/2506/205 4626/2508/206 4625/2509/206 4623/2507/205
f 4626/2508/206 4628/2510/207 4627/2511/207 4625/2509/206
f 4628/2510/207 4630/2512/208 4629/2513/208 4627/2511/207
f 4630/2512/208 4632/2514/209 4631/2515/209 4629/2513/208
f 4632/2514/209 4634/2516/210 4633/2517/210 4631/2515/209
f 4634/2516/210 4636/2518/211 4635/2519/211 4633/2517/210
f 4636/2518/211 4638/2520/212 4637/2521/212 4635/2519/211
f 4638/2520/212 4640/2522/213 4639/2523/213 4637/2521/212
f 4640/2522/213 4642/2524/214 4641/2525/214 4639/2523/213
f 4642/2524/214 4644/2526/215 4643/2527/215 4641/2525/214
f 4644/2526/215 4646/2528/216 4645/2529/216 4643/2527/215
f 4646/2528/216 4648/2530/217 4647/2531/217 4645/2529/216
f 4648/2530/217 4650/2532/218 4649/2533/218 4647/2531/217
f 4650/2532/218 4652/2534/219 4651/2535/219 4649/2533/218
f 4652/2534/219 4654/2536/220 4653/2537/220 4651/2535/219
f 4654/2536/220 4656/2538/221 4655/2539/221 4653/2537/220
f 4656/2538/221 4658/2540/222 4657/2541/222 4655/2539/221
f 4658/2540/222 4660/2542/223 4659/2543/223 4657/2541/222
f 4660/2542/223 4662/2544/224 4661/2545/224 4659/2543/223
f 4662/2544/224 4664/2546/225 4663/2547/225 4661/2545/224
f 4664/2546/225 4666/2548/226 4665/2549/226 4663/2547/225
f 4666/2548/226 4668/2550/227 4667/2551/227 4665/2549/226
f 4668/2550/227 4670/2552/228 4669/2553/228 4667/2551/227
f 4670/2552/228 4672/2554/229 4671/2555/229 4669/2553/228
f 4672/2554/229 4674/2556/230 4673/2557/230 4671/2555/229
f 4674/2556/230 4676/2558/231 4675/2559/231 4673/2557/230
f 4676/2558/231 4678/2560/232 4677/2561/232 4675/2559/231
f 4678/2560/232 4680/2562/233 4679/2563/233 4677/2561/232
f 4680/2562/233 4682/2564/234 4681/2565/234 4679/2563/233
f 4682/2564/234 4684/2566/235 4683/2567/235 4681/2565/234
f 4684/2566/235 4686/2568/236 4685/2569/236 4683/2567/235
f 4686/2568/236 4688/2570/237 4687/2571/237 4685/2569/236
f 4688/2570/237 4690/2572/238 4689/2573/238 4687/2571/237
f 4690/2572/238 4692/2574/239 4691/2575/239 4689/2573/238
f 4692/2574/239 4694/2576/240 4693/2577/240 4691/2575/239
f 4694/2576/240 4696/2578/241 4695/2579/241 4693/2577/240
f 4696/2578/241 4698/2580/242 4697/2581/242 4695/2579/241
f 4698/2580/242 4700/2582/243 4699/2583/243 4697/2581/242
f 4700/2582/243 4702/2584/244 4701/2585/244 4699/2583/243
f 4702/2584/244 4704/2586/245 4703/2587/245 4701/2585/244
f 4704/2586/245 4706/2588/246 4705/2589/246 4703/2587/245
f 4706/2588/246 4708/2590/247 4707/2591/247 4705/2589/246
f 4708/2590/247 4710/2592/248 4709/2593/248 4707/2591/247
f 4710/2592/248 4712/2594/249 4711/2595/249 4709/2593/248
f 4712/2594/249 4714/2596/250 4713/2597/250 4711/2595/249
f 4714/2596/250 4716/2598/251 4715/2599/251 4713/2597/250
f 4716/2598/251 4718/2600/252 4717/2601/252 4715/2599/251
f 4718/2600/252 4720/2602/253 4719/2603/253 4717/2601/252
f 4720/2602/253 4722/2604/254 4721/2605/254 4719/2603/253
f 4722/2604/254 4724/2606/255 4723/2607/255 4721/2605/254
f 4724/2606/255 4726/2608/256 4725/2609/256 4723/2607/255
f 4726/2608/256 4728/2610/257 4727/2611/257 4725/2609/256
f 4728/2610/257 4730/2612/258 4729/2613/258 4727/2611/257
f 4730/2612/258 4732/2614/259 4731/2615/259 4729/2613/258
f 4732/2614/259 4734/2616/260 4733/2617/260 4731/2615/259
f 4734/2616/260 4736/2618/261 4735/2619/261 4733/2617/260
f 4736/2618/261 4738/2620/262 4737/2621/262 4735/2619/261
f 4738/2620/262 4740/2622/263 4739/2623/263 4737/2621/262
f 4740/2622/263 4742/2624/264 4741/2625/264 4739/2623/263
f 4742/2624/264 4744/2626/265 4743/2627/265 4741/2625/264
f 4744/2626/265 4746/2628/266 4745/2629/266 4743/2627/265
f 4746/2628/266 4748/2630/267 4747/2631/267 4745/2629/266
f 4748/2630/267 4750/2632/268 4749/2633/268 4747/2631/267
f 4750/2632/268 4752/2634/269 4751/2635/269 4749/2633/268
f 4752/2634/269 4754/2636/270 4753/2637/270 4751/2635/269
f 4754/2636/270 4220/2638/3 4219/176/3 4753/2637/270
f 4756/2104/271 4758/2639/272 4757/2640/272 4755/66/271
f 4758/2639/272 4760/2641/273 4759/2642/273 4757/2640/272
f 4760/2641/273 4762/2643/274 4761/2644/274 4759/2642/273
f 4762/2643/274 4764/2645/275 4763/2646/275 4761/2644/274
f 4764/2645/275 4766/2647/276 4765/2648/276 4763/2646/275
f 4766/2647/276 4768/2649/277 4767/2650/277 4765/2648/276
f 4768/2649/277 4770/2651/278 4769/2652/278 4767/2650/277
f 4770/2651/278 4772/2653/279 4771/2654/279 4769/2652/278
f 4772/2653/279 4774/2655/280 4773/2656/280 4771/2654/279
f 4774/2655/280 4776/2657/281 4775/2658/281 4773/2656/280
f 4776/2657/281 4778/2659/282 4777/2660/282 4775/2658/281
f 4778/2659/282 4780/2661/283 4779/2662/283 4777/2660/282
f 4780/2661/283 4782/2663/284 4781/2664/284 4779/2662/283
f 4782/2663/284 4784/2665/285 4783/2666/285 4781/2664/284
f 4784/2665/285 4786/2667/286 4785/2668/286 4783/2666/285
f 4786/2667/286 4788/2669/287 4787/2670/287 4785/2668/286
f 4788/2669/287 4790/2671/288 4789/2672/288 4787/2670/287
f 4790/2671/288 4792/2673/289 4791/2674/289 4789/2672/288
f 4792/2673/289 4794/2675/290 4793/2676/290 4791/2674/289
f 4794/2675/290 4796/2677/291 4795/2678/291 4793/2676/290
f 4796/2677/291 4798/2679/292 4797/2680/292 4795/2678/291
f 4798/2679/292 4800/2681/293 4799/2682/293 4797/2680/292
f 4800/2681/293 4802/2683/294 4801/2684/294 4799/2682/293
f 4802/2683/294 4804/2685/295 4803/2686/295 4801/2684/294
f 4804/2685/295 4806/2687/296 4805/2688/296 4803/2686/295
f 4806/2687/296 4808/2689/297 4807/2690/297 4805/2688/296
f 4808/2689/297 4810/2691/298 4809/2692/298 4807/2690/297
f 4810/2691/298 4812/2693/299 4811/2694/299 4809/2692/298
f 4812/2693/299 4814/2695/300 4813/2696/300 4811/2694/299
f 4814/2695/300 4816/2697/301 4815/2698/301 4813/2696/300
f 4816/2697/301 4818/2699/302 4817/2700/302 4815/2698/301
f 4818/2699/302 4820/2701/303 4819/2702/303 4817/2700/302
f 4820/2701/303 4822/2703/304 4821/2704/304 4819/2702/303
f 4822/2703/304 4824/2705/305 4823/2706/305 4821/2704/304
f 4824/2705/305 4826/2707/306 4825/2708/306 4823/2706/305
f 4826/2707/306 4828/2709/307 4827/2710/307 4825/2708/306
f 4828/2709/307 4830/2711/308 4829/2712/308 4827/2710/307
f 4830/2711/308 4832/2713/309 4831/2714/309 4829/2712/308
f 4832/2713/309 4834/2715/310 4833/2716/310 4831/2714/309
f 4834/2715/310 4836/2717/311 4835/2718/311 4833/2716/310
f 4836/2717/311 4838/2719/312 4837/2096/312 4835/2718/311
f 4838/2719/312 4840/2720/313 4839/2721/313 4837/2096/312
f 4840/2720/313 4842/2722/314 4841/2723/314 4839/2721/313
f 4842/2722/314 4844/2724/315 4843/2725/315 4841/2723/314
f 4844/2724/315 4846/2726/316 4845/2727/316 4843/2725/315
f 4846/2726/316 4848/2728/317 4847/2729/317 4845/2727/316
f 4848/2728/317 4850/2730/318 4849/2731/318 4847/2729/317
f 4850/2730/318 4852/2732/319 4851/2733/319 4849/2731/318
f 4852/2732/319 4854/2734/320 4853/2735/320 4851/2733/319
f 4854/2734/320 4856/2736/321 4855/2737/321 4853/2735/320
f 4856/2736/321 4858/2738/322 4857/2739/322 4855/2737/321
f 4858/2738/322 4860/2740/323 4859/2741/323 4857/2739/322
f 4860/2740/323 4862/2742/324 4861/2743/324 4859/2741/323
f 4862/2742/324 4864/2744/325 4863/2745/325 4861/2743/324
f 4864/2744/325 4866/2746/326 4865/2747/326 4863/2745/325
f 4866/2746/326 4868/2748/327 4867/2749/327 4865/2747/326
f 4868/2748/327 4870/2750/328 4869/2751/328 4867/2749/327
f 4870/2750/328 4872/2752/329 4871/2753/329 4869/2751/328
f 4872/2752/329 4874/2754/330 4873/2755/330 4871/2753/329
f 4874/2754/330 4876/2756/331 4875/2757/331 4873/2755/330
f 4876/2756/331 4878/2758/332 4877/2759/332 4875/2757/331
f 4878/2758/332 4880/2760/333 4879/2761/333 4877/2759/332
f 4880/2760/333 4882/2762/334 4881/2763/334 4879/2761/333
f 4882/2762/334 4884/2764/335 4883/2765/335 4881/2763/334
f 4884/2764/335 4886/2766/336 4885/2767/336 4883/2765/335
f 4886/2766/336 4888/2768/337 4887/2769/337 4885/2767/336
f 4888/2768/337 4890/2770/338 4889/2771/338 4887/2769/337
f 4890/2770/338 4892/2772/339 4891/2773/339 4889/2771/338
f 4892/2772/339 4894/2774/340 4893/2775/340 4891/2773/339
f 4894/2774/340 4896/2776/341 4895/2777/341 4893/2775/340
f 4896/2776/341 4898/2778/342 4897/2779/342 4895/2777/341
f 4898/2778/342 4900/2780/343 4899/2781/343 4897/2779/342
f 4900/2780/343 4902/2782/344 4901/2783/344 4899/2781/343
f 4902/2782/344 4904/2784/345 4903/2785/345 4901/2783/344
f 4904/2784/345 4906/2786/346 4905/2787/346 4903/2785/345
f 4906/2786/346 4908/2788/347 4907/2789/347 4905/2787/346
f 4908/2788/347 4910/2790/348 4909/2791/348 4907/2789/347
f 4910/2790/348 4912/2792/349 4911/2793/349 4909/2791/348
f 4912/2792/349 4914/2794/350 4913/2795/350 4911/2793/349
f 4914/2794/350 4916/2796/351 4915/2797/351 4913/2795/350
f 4916/2796/351 4918/2798/352 4917/2799/352 4915/2797/351
f 4918/2798/352 4920/2800/353 4919/1794/353 4917/2799/352
f 4920/2800/353 4922/2801/354 4921/2802/354 4919/1794/353
f 4922/2801/354 4924/2803/355 4923/2804/355 4921/2802/354
f 4924/2803/355 4926/2805/356 4925/2806/356 4923/2804/355
f 4926/2805/356 4928/2807/357 4927/2808/357 4925/2806/356
f 4928/2807/357 4930/2809/358 4929/2810/358 4927/2808/357
f 4930/2809/358 4932/2811/359 4931/2812/359 4929/2810/358
f 4932/2811/359 4934/2813/360 4933/2814/360 4931/2812/359
f 4934/2813/360 4936/2815/361 4935/2816/361 4933/2814/360
f 4936/2815/361 4938/2817/362 4937/2818/362 4935/2816/361
f 4938/2817/362 4940/2819/363 4939/2820/363 4937/2818/362
f 4940/2819/363 4942/2821/364 4941/2822/364 4939/2820/363
f 4942/2821/364 4944/2823/365 4943/2824/365 4941/2822/364
f 4944/2823/365 4946/2825/366 4945/2826/366 4943/2824/365
f 4946/2825/366 4948/2827/367 4947/2828/367 4945/2826/366
f 4948/2827/367 4950/2829/368 4949/2830/368 4947/2828/367
f 4950/2829/368 4952/2831/369 4951/2832/369 4949/2830/368
f 4952/2831/369 4954/2833/370 4953/2834/370 4951/2832/369
f 4954/2833/370 4956/2835/371 4955/2836/371 4953/2834/370
f 4956/2835/371 4958/2837/372 4957/2838/372 4955/2836/371
f 4958/2837/372 4960/2839/373 4959/2840/373 4957/2838/372
f 4960/2839/373 4962/2841/374 4961/2842/374 4959/2840/373
f 4962/2841/374 4964/2843/375 4963/2844/375 4961/2842/374
f 4964/2843/375 4966/2845/376 4965/2846/376 4963/2844/375
f 4966/2845/376 4968/2847/377 4967/2848/377 4965/2846/376
f 4968/2847/377 4970/2849/378 4969/2850/378 4967/2848/377
f 4970/2849/378 4972/2851/379 4971/2852/379 4969/2850/378
f 4972/2851/379 4974/2853/380 4973/2854/380 4971/2852/379
f 4974/2853/380 4976/2855/381 4975/2856/381 4973/2854/380
f 4976/2855/381 4978/2857/382 4977/2858/382 4975/2856/381
f 4978/2857/382 4980/2859/383 4979/2860/383 4977/2858/382
f 4980/2859/383 4982/2861/384 4981/2862/384 4979/2860/383
f 4982/2861/384 4984/2863/385 4983/2864/385 4981/2862/384
f 4984/2863/385 4986/2865/386 4985/2866/386 4983/2864/385
f 4986/2865/386 4988/2867/387 4987/2868/387 4985/2866/386
f 4988/2867/387 4990/2869/388 4989/2870/388 4987/2868/387
f 4990/2869/388 4992/2871/389 4991/2872/389 4989/2870/388
f 4992/2871/389 4994/2873/390 4993/2874/390 4991/2872/389
f 4994/2873/390 4996/2875/391 4995/2876/391 4993/2874/390
f 4996/2875/391 4998/2877/392 4997/2878/392 4995/2876/391
f 4998/2877/392 5000/2879/393 4999/2880/393 4997/2878/392
f 5000/2879/393 4756/2638/271 4755/176/271 4999/2880/393
f 5002/2104/394 5004/2881/395 5003/2882/395 5001/66/394
f 5004/2881/395 5006/2883/396 5005/2884/396 5003/2882/395
f 5006/2883/396 5008/2885/397 5007/2886/397 5005/2884/396
f 5008/2885/397 5010/2887/398 5009/2888/398 5007/2886/397
f 5010/2887/398 5012/2889/399 5011/2890/399 5009/2888/398
f 5012/2889/399 5014/2891/400 5013/2892/400 5011/2890/399
f 5014/2891/400 5016/2893/10 5015/2894/10 5013/2892/400
f 5016/2893/10 5018/2895/401 5017/1861/401 5015/2894/10
f 5018/2895/401 5020/2896/402 5019/2897/402 5017/1861/401
f 5020/2896/402 5022/2898/403 5021/2899/403 5019/2897/402
f 5022/2898/403 5024/2900/404 5023/2901/404 5021/2899/403
f 5024/2900/404 5026/2902/405 5025/2903/405 5023/2901/404
f 5026/2902/405 5028/2904/406 5027/2905/406 5025/2903/405
f 5028/2904/406 5030/2906/407 5029/2907/407 5027/2905/406
f 5030/2906/407 5032/2908/408 5031/2909/408 5029/2907/407
f 5032/2908/408 5034/2910/409 5033/1894/409 5031/2909/408
f 5034/2910/409 5036/2911/410 5035/2912/410 5033/1894/409
f 5036/2911/410 5038/2913/411 5037/2914/411 5035/2912/410
f 5038/2913/411 5040/2915/412 5039/2916/412 5037/2914/411
f 5040/2915/412 5042/2917/413 5041/2918/413 5039/2916/412
f 5042/2917/413 5044/2919/414 5043/2920/414 5041/2918/413
f 5044/2919/414 5046/2921/415 5045/2922/415 5043/2920/414
f 5046/2921/415 5048/2923/416 5047/2924/416 5045/2922/415
f 5048/2923/416 5050/2925/417 5049/1932/417 5047/2924/416
f 5050/2925/417 5052/2926/418 5051/2927/418 5049/1932/417
f 5052/2926/418 5054/2928/419 5053/2929/419 5051/2927/418
f 5054/2928/419 5056/2930/420 5055/2931/420 5053/2929/419
f 5056/2930/420 5058/2932/421 5057/2933/421 5055/2931/420
f 5058/2932/421 5060/2934/422 5059/2935/422 5057/2933/421
f 5060/2934/422 5062/2936/423 5061/2937/423 5059/2935/422
f 5062/2936/423 5064/2938/424 5063/2939/424 5061/2937/423
f 5064/2938/424 5066/2940/425 5065/1975/425 5063/2939/424
f 5066/2940/425 5068/2941/426 5067/2942/426 5065/1975/425
f 5068/2941/426 5070/2943/427 5069/2944/427 5067/2942/426
f 5070/2943/427 5072/2945/428 5071/2946/428 5069/2944/427
f 5072/2945/428 5074/2947/429 5073/2948/429 5071/2946/428
f 5074/2947/429 5076/2949/430 5075/2950/430 5073/2948/429
f 5076/2949/430 5078/2951/431 5077/2952/431 5075/2950/430
f 5078/2951/431 5080/2953/432 5079/2954/432 5077/2952/431
f 5080/2953/432 5082/2955/433 5081/1988/433 5079/2954/432
f 5082/2955/433 5084/2956/434 5083/2957/434 5081/1988/433
f 5084/2956/434 5086/2958/435 5085/2959/435 5083/2957/434
f 5086/2958/435 5088/2960/436 5087/2961/436 5085/2959/435
f 5088/2960/436 5090/2962/437 5089/2963/437 5087/2961/436
f 5090/2962/437 5092/2964/438 5091/2965/438 5089/2963/437
f 5092/2964/438 5094/2966/439 5093/2967/439 5091/2965/438
f 5094/2966/439 5096/2968/440 5095/2969/440 5093/2967/439
f 5096/2968/440 5098/2970/441 5097/2001/441 5095/2969/440
f 5098/2970/441 5100/2971/442 5099/2972/442 5097/2001/441
f 5100/2971/442 5102/2973/443 5101/2974/443 5099/2972/442
f 5102/2973/443 5104/2975/444 5103/2976/444 5101/2974/443
f 5104/2975/444 5106/2977/445 5105/2978/445 5103/2976/444
f 5106/2977/445 5108/2979/446 5107/2980/446 5105/2978/445
f 5108/2979/446 5110/2981/447 5109/2982/447 5107/2980/446
f 5110/2981/447 5112/2983/448 5111/2984/448 5109/2982/447
f 5112/2983/448 5114/2985/449 5113/2017/449 5111/2984/448
f 5114/2985/449 5116/2986/450 5115/2987/450 5113/2017/449
f 5116/2986/450 5118/2988/451 5117/2989/451 5115/2987/450
f 5118/2988/451 5120/2990/452 5119/2991/452 5117/2989/451
f 5120/2990/452 5122/2237/453 5121/2238/453 5119/2991/452
f 5122/2237/453 5124/2992/454 5123/2993/454 5121/2238/453
f 5124/2992/454 5126/2994/455 5125/2995/455 5123/2993/454
f 5126/2994/455 5128/2996/456 5127/2997/456 5125/2995/455
f 5128/2996/456 5130/2998/457 5129/2043/457 5127/2997/456
f 5130/2998/457 5132/2999/458 5131/3000/458 5129/2043/457
f 5132/2999/458 5134/3001/459 5133/3002/459 5131/3000/458
f 5134/3001/459 5136/3003/460 5135/3004/460 5133/3002/459
f 5136/3003/460 5138/3005/461 5137/3006/461 5135/3004/460
f 5138/3005/461 5140/3007/69 5139/3008/69 5137/3006/461
f 5140/3007/69 5142/3009/462 5141/3010/462 5139/3008/69
f 5142/3009/462 5144/3011/463 5143/3012/463 5141/3010/462
f 5144/3011/463 5146/3013/464 5145/2070/464 5143/3012/463
f 5146/3013/464 5148/3014/465 5147/3015/465 5145/2070/464
f 5148/3014/465 5150/3016/466 5149/3017/466 5147/3015/465
f 5150/3016/466 5152/3018/467 5151/3019/467 5149/3017/466
f 5152/3018/467 5154/3020/468 5153/3021/468 5151/3019/467
f 5154/3020/468 5156/3022/469 5155/3023/469 5153/3021/468
f 5156/3022/469 5158/3024/470 5157/3025/470 5155/3023/469
f 5158/3024/470 5160/3026/471 5159/3027/471 5157/3025/470
f 5160/3026/471 5162/2719/472 5161/2096/472 5159/3027/471
f 5162/2719/472 5164/3028/473 5163/3029/473 5161/2096/472
f 5164/3028/473 5166/3030/474 5165/3031/474 5163/3029/473
f 5166/3030/474 5168/3032/475 5167/3033/475 5165/3031/474
f 5168/3032/475 5170/3034/476 5169/3035/476 5167/3033/475
f 5170/3034/476 5172/3036/477 5171/3037/477 5169/3035/476
f 5172/3036/477 5174/3038/143 5173/3039/143 5171/3037/477
f 5174/3038/143 5176/3040/478 5175/3041/478 5173/3039/143
f 5176/3040/478 5178/3042/479 5177/2085/479 5175/3041/478
f 5178/3042/479 5180/3043/480 5179/3044/480 5177/2085/479
f 5180/3043/480 5182/3045/481 5181/3046/481 5179/3044/480
f 5182/3045/481 5184/3047/482 5183/3048/482 5181/3046/481
f 5184/3047/482 5186/3049/483 5185/3050/483 5183/3048/482
f 5186/3049/483 5188/3051/484 5187/3052/484 5185/3050/483
f 5188/3051/484 5190/3053/485 5189/3054/485 5187/3052/484
f 5190/3053/485 5192/3055/486 5191/3056/486 5189/3054/485
f 5192/3055/486 5194/3057/487 5193/2059/487 5191/3056/486
f 5194/3057/487 5196/3058/488 5195/3059/488 5193/2059/487
f 5196/3058/488 5198/3060/489 5197/3061/489 5195/3059/488
f 5198/3060/489 5200/3062/490 5199/3063/490 5197/3061/489
f 5200/3062/490 5202/3064/491 5201/3065/491 5199/3063/490
f 5202/3064/491 5204/3066/492 5203/3067/492 5201/3065/491
f 5204/3066/492 5206/3068/493 5205/3069/493 5203/3067/492
f 5206/3068/493 5208/3070/494 5207/3071/494 5205/3069/493
f 5208/3070/494 5210/3072/495 5209/2034/495 5207/3071/494
f 5210/3072/495 5212/3073/496 5211/3074/496 5209/2034/495
f 5212/3073/496 5214/3075/497 5213/3076/497 5211/3074/496
f 5214/3075/497 5216/3077/498 5215/3078/498 5213/3076/497
f 5216/3077/498 5218/3079/499 5217/3080/499 5215/3078/498
f 5218/3079/499 5220/3081/500 5219/3082/500 5217/3080/499
f 5220/3081/500 5222/3083/501 5221/3084/501 5219/3082/500
f 5222/3083/501 5224/3085/502 5223/3086/502 5221/3084/501
f 5224/3085/502 5226/3087/503 5225/1786/503 5223/3086/502
f 5226/3087/503 5228/3088/504 5227/3089/504 5225/1786/503
f 5228/3088/504 5230/3090/505 5229/3091/505 5227/3089/504
f 5230/3090/505 5232/3092/506 5231/3093/506 5229/3091/505
f 5232/3092/506 5234/3094/507 5233/3095/507 5231/3093/506
f 5234/3094/507 5236/3096/508 5235/3097/508 5233/3095/507
f 5236/3096/508 5238/3098/509 5237/3099/509 5235/3097/508
f 5238/3098/509 5240/3100/510 5239/3101/510 5237/3099/509
f 5240/3100/510 5242/2371/511 5241/1755/511 5239/3101/510
f 5242/2371/511 5244/3102/512 5243/3103/512 5241/1755/511
f 5244/3102/512 5246/3104/513 5245/3105/513 5243/3103/512
f 5246/3104/513 5248/3106/514 5247/3107/514 5245/3105/513
f 5248/3106/514 5250/3108/515 5249/3109/515 5247/3107/514
f 5250/3108/515 5252/3110/516 5251/3111/516 5249/3109/515
f 5252/3110/516 5254/3112/517 5253/3113/517 5251/3111/516
f 5254/3112/517 5256/3114/518 5255/3115/518 5253/3113/517
f 5256/3114/518 5258/3116/519 5257/1716/519 5255/3115/518
f 5258/3116/519 5260/3117/520 5259/3118/520 5257/1716/519
f 5260/3117/520 5262/3119/521 5261/3120/521 5259/3118/520
f 5262/3119/521 5264/3121/522 5263/3122/522 5261/3120/521
f 5264/3121/522 5266/3123/523 5265/3124/523 5263/3122/522
f 5266/3123/523 5268/3125/524 5267/3126/524 5265/3124/523
f 5268/3125/524 5270/3127/525 5269/3128/525 5267/3126/524
f 5270/3127/525 5272/3129/526 5271/3130/526 5269/3128/525
f 5272/3129/526 5274/3131/527 5273/1734/527 5271/3130/526
f 5274/3131/527 5276/3132/528 5275/3133/528 5273/1734/527
f 5276/3132/528 5278/3134/529 5277/3135/529 5275/3133/528
f 5278/3134/529 5280/3136/530 5279/3137/530 5277/3135/529
f 5280/3136/530 5282/3138/531 5281/3139/531 5279/3137/530
f 5282/3138/531 5284/3140/532 5283/3141/532 5281/3139/531
f 5284/3140/532 5286/3142/533 5285/3143/533 5283/3141/532
f 5286/3142/533 5288/3144/534 5287/3145/534 5285/3143/533
f 5288/3144/534 5290/3146/535 5289/1753/535 5287/3145/534
f 5290/3146/535 5292/3147/536 5291/3148/536 5289/1753/535
f 5292/3147/536 5294/3149/537 5293/3150/537 5291/3148/536
f 5294/3149/537 5296/3151/538 5295/3152/538 5293/3150/537
f 5296/3151/538 5298/3153/539 5297/3154/539 5295/3152/538
f 5298/3153/539 5300/3155/540 5299/3156/540 5297/3154/539
f 5300/3155/540 5302/3157/541 5301/3158/541 5299/3156/540
f 5302/3157/541 5304/3159/542 5303/3160/542 5301/3158/541
f 5304/3159/542 5306/3161/543 5305/1775/543 5303/3160/542
f 5306/3161/543 5308/3162/544 5307/3163/544 5305/1775/543
f 5308/3162/544 5310/3164/545 5309/3165/545 5307/3163/544
f 5310/3164/545 5312/3166/546 5311/3167/546 5309/3165/545
f 5312/3166/546 5314/3168/547 5313/3169/547 5311/3167/546
f 5314/3168/547 5316/3170/548 5315/3171/548 5313/3169/547
f 5316/3170/548 5318/3172/549 5317/3173/549 5315/3171/548
f 5318/3172/549 5320/3174/550 5319/3175/550 5317/3173/549
f 5320/3174/550 5322/2800/551 5321/1794/551 5319/3175/550
f 5322/2800/551 5324/3176/552 5323/3177/552 5321/1794/551
f 5324/3176/552 5326/3178/553 5325/3179/553 5323/3177/552
f 5326/3178/553 5328/3180/554 5327/3181/554 5325/3179/553
f 5328/3180/554 5330/3182/555 5329/3183/555 5327/3181/554
f 5330/3182/555 5332/3184/556 5331/3185/556 5329/3183/555
f 5332/3184/556 5334/3186/557 5333/3187/557 5331/3185/556
f 5334/3186/557 5336/3188/558 5335/3189/558 5333/3187/557
f 5336/3188/558 5338/3190/559 5337/1877/559 5335/3189/558
f 5338/3190/559 5340/3191/560 5339/3192/560 5337/1877/559
f 5340/3191/560 5342/3193/561 5341/3194/561 5339/3192/560
f 5342/3193/561 5344/3195/562 5343/3196/562 5341/3194/561
f 5344/3195/562 5346/3197/563 5345/3198/563 5343/3196/562
f 5346/3197/563 5348/3199/564 5347/3200/564 5345/3198/563
f 5348/3199/564 5350/3201/565 5349/3202/565 5347/3200/564
f 5350/3201/565 5352/3203/566 5351/3204/566 5349/3202/565
f 5352/3203/566 5354/3205/567 5353/1855/567 5351/3204/566
f 5354/3205/567 5356/3206/568 5355/3207/568 5353/1855/567
f 5356/3206/568 5358/3208/569 5357/3209/569 5355/3207/568
f 5358/3208/569 5360/3210/570 5359/3211/570 5357/3209/569
f 5360/3210/570 5362/2504/571 5361/2505/571 5359/3211/570
f 5362/2504/571 5364/3212/572 5363/3213/572 5361/2505/571
f 5364/3212/572 5366/3214/573 5365/3215/573 5363/3213/572
f 5366/3214/573 5368/3216/574 5367/3217/574 5365/3215/573
f 5368/3216/574 5370/3218/575 5369/1835/575 5367/3217/574
f 5370/3218/575 5372/3219/576 5371/3220/576 5369/1835/575
f 5372/3219/576 5374/3221/577 5373/3222/577 5371/3220/576
f 5374/3221/577 5376/3223/578 5375/3224/578 5373/3222/577
f 5376/3223/578 5378/3225/579 5377/3226/579 5375/3224/578
f 5378/3225/579 5380/3227/580 5379/3228/580 5377/3226/579
f 5380/3227/580 5382/3229/581 5381/3230/581 5379/3228/580
f 5382/3229/581 5384/3231/582 5383/3232/582 5381/3230/581
f 5384/3231/582 5386/3233/583 5385/1820/583 5383/3232/582
f 5386/3233/583 5388/3234/584 5387/3235/584 5385/1820/583
f 5388/3234/584 5390/3236/585 5389/3237/585 5387/3235/584
f 5390/3236/585 5392/3238/586 5391/3239/586 5389/3237/585
f 5392/3238/586 5394/3240/587 5393/3241/587 5391/3239/586
f 5394/3240/587 5396/3242/588 5395/3243/588 5393/3241/587
f 5396/3242/588 5398/3244/589 5397/3245/589 5395/3243/588
f 5398/3244/589 5400/3246/590 5399/3247/590 5397/3245/589
f 5400/3246/590 5402/3248/591 5401/1805/591 5399/3247/590
f 5402/3248/591 5404/3249/592 5403/3250/592 5401/1805/591
f 5404/3249/592 5406/3251/593 5405/3252/593 5403/3250/592
f 5406/3251/593 5408/3253/594 5407/3254/594 5405/3252/593
f 5408/3253/594 5410/3255/595 5409/3256/595 5407/3254/594
f 5410/3255/595 5412/3257/596 5411/3258/596 5409/3256/595
f 5412/3257/596 5414/3259/597 5413/3260/597 5411/3258/596
f 5414/3259/597 5416/3261/598 5415/3262/598 5413/3260/597
f 5416/3261/598 5418/3263/599 5417/1960/599 5415/3262/598
f 5418/3263/599 5420/3264/600 5419/3265/600 5417/1960/599
f 5420/3264/600 5422/3266/601 5421/3267/601 5419/3265/600
f 5422/3266/601 5424/3268/602 5423/3269/602 5421/3267/601
f 5424/3268/602 5426/3270/603 5425/3271/603 5423/3269/602
f 5426/3270/603 5428/3272/604 5427/3273/604 5425/3271/603
f 5428/3272/604 5430/3274/605 5429/3275/605 5427/3273/604
f 5430/3274/605 5432/3276/606 5431/3277/606 5429/3275/605
f 5432/3276/606 5434/3278/607 5433/1944/607 5431/3277/606
f 5434/3278/607 5436/3279/608 5435/3280/608 5433/1944/607
f 5436/3279/608 5438/3281/609 5437/3282/609 5435/3280/608
f 5438/3281/609 5440/3283/610 5439/3284/610 5437/3282/609
f 5440/3283/610 5442/3285/611 5441/3286/611 5439/3284/610
f 5442/3285/611 5444/3287/612 5443/3288/612 5441/3286/611
f 5444/3287/612 5446/3289/613 5445/3290/613 5443/3288/612
f 5446/3289/613 5448/3291/614 5447/3292/614 5445/3290/613
f 5448/3291/614 5450/3293/615 5449/1925/615 5447/3292/614
f 5450/3293/615 5452/3294/616 5451/3295/616 5449/1925/615
f 5452/3294/616 5454/3296/617 5453/3297/617 5451/3295/616
f 5454/3296/617 5456/3298/618 5455/3299/618 5453/3297/617
f 5456/3298/618 5458/3300/619 5457/3301/619 5455/3299/618
f 5458/3300/619 5460/3302/620 5459/3303/620 5457/3301/619
f 5460/3302/620 5462/3304/621 5461/3305/621 5459/3303/620
f 5462/3304/621 5464/3306/622 5463/3307/622 5461/3305/621
f 5464/3306/622 5466/3308/623 5465/1905/623 5463/3307/622
f 5466/3308/623 5468/3309/624 5467/3310/624 5465/1905/623
f 5468/3309/624 5470/3311/625 5469/3312/625 5467/3310/624
f 5470/3311/625 5472/3313/626 5471/3314/626 5469/3312/625
f 5472/3313/626 5474/3315/627 5473/3316/627 5471/3314/626
f 5474/3315/627 5476/3317/628 5475/3318/628 5473/3316/627
f 5476/3317/628 5478/3319/629 5477/3320/629 5475/3318/628
f 5478/3319/629 5480/3321/630 5479/3322/630 5477/3320/629
f 5480/3321/630 5002/2638/394 5001/176/394 5479/3322/630
f 5482/2104/631 5484/2881/632 5483/2882/632 5481/66/631
f 5484/2881/632 5486/2883/633 5485/2884/633 5483/2882/632
f 5486/2883/633 5488/2885/634 5487/2886/634 5485/2884/633
f 5488/2885/634 5490/2887/635 5489/2888/635 5487/2886/634
f 5490/2887/635 5492/2889/636 5491/2890/636 5489/2888/635
f 5492/2889/636 5494/2891/637 5493/2892/637 5491/2890/636
f 5494/2891/637 5496/2893/638 5495/2894/638 5493/2892/637
f 5496/2893/638 5498/2895/639 5497/1861/639 5495/2894/638
f 5498/2895/639 5500/2896/640 5499/2897/640 5497/1861/639
f 5500/2896/640 5502/2898/641 5501/2899/641 5499/2897/640
f 5502/2898/641 5504/2900/642 5503/2901/642 5501/2899/641
f 5504/2900/642 5506/2902/643 5505/2903/643 5503/2901/642
f 5506/2902/643 5508/2904/644 5507/2905/644 5505/2903/643
f 5508/2904/644 5510/2906/645 5509/2907/645 5507/2905/644
f 5510/2906/645 5512/2908/646 5511/2909/646 5509/2907/645
f 5512/2908/646 5514/2910/647 5513/1894/647 5511/2909/646
f 5514/2910/647 5516/2911/648 5515/2912/648 5513/1894/647
f 5516/2911/648 5518/2913/649 5517/2914/649 5515/2912/648
f 5518/2913/649 5520/2915/650 5519/2916/650 5517/2914/649
f 5520/2915/650 5522/2917/651 5521/2918/651 5519/2916/650
f 5522/2917/651 5524/2919/652 5523/2920/652 5521/2918/651
f 5524/2919/652 5526/2921/653 5525/2922/653 5523/2920/652
f 5526/2921/653 5528/2923/654 5527/2924/654 5525/2922/653
f 5528/2923/654 5530/2925/655 5529/1932/655 5527/2924/654
f 5530/2925/655 5532/2926/656 5531/2927/656 5529/1932/655
f 5532/2926/656 5534/2928/657 5533/2929/657 5531/2927/656
f 5534/2928/657 5536/2930/658 5535/2931/658 5533/2929/657
f 5536/2930/658 5538/2932/659 5537/2933/659 5535/2931/658
f 5538/2932/659 5540/2934/660 5539/2935/660 5537/2933/659
f 5540/2934/660 5542/2936/661 5541/2937/661 5539/2935/660
f 5542/2936/661 5544/2938/662 5543/2939/662 5541/2937/661
f 5544/2938/662 5546/2940/663 5545/1975/663 5543/2939/662
f 5546/2940/663 5548/2941/664 5547/2942/664 5545/1975/663
f 5548/2941/664 5550/2943/665 5549/2944/665 5547/2942/664
f 5550/2943/665 5552/2945/666 5551/2946/666 5549/2944/665
f 5552/2945/666 5554/2947/667 5553/2948/667 5551/2946/666
f 5554/2947/667 5556/2949/668 5555/2950/668 5553/2948/667
f 5556/2949/668 5558/2951/669 5557/2952/669 5555/2950/668
f 5558/2951/669 5560/2953/670 5559/2954/670 5557/2952/669
f 5560/2953/670 5562/2955/671 5561/1988/671 5559/2954/670
f 5562/2955/671 5564/2956/672 5563/2957/672 5561/1988/671
f 5564/2956/672 5566/2958/673 5565/2959/673 5563/2957/672
f 5566/2958/673 5568/2960/674 5567/2961/674 5565/2959/673
f 5568/2960/674 5570/2962/675 5569/2963/675 5567/2961/674
f 5570/2962/675 5572/2964/676 5571/2965/676 5569/2963/675
f 5572/2964/676 5574/2966/677 5573/2967/677 5571/2965/676
f 5574/2966/677 5576/2968/678 5575/2969/678 5573/2967/677
f 5576/2968/678 5578/2970/679 5577/2001/679 5575/2969/678
f 5578/2970/679 5580/2971/680 5579/2972/680 5577/2001/679
f 5580/2971/680 5582/2973/681 5581/2974/681 5579/2972/680
f 5582/2973/681 5584/2975/682 5583/2976/682 5581/2974/681
f 5584/2975/682 5586/2977/683 5585/2978/683 5583/2976/682
f 5586/2977/683 5588/2979/684 5587/2980/684 5585/2978/683
f 5588/2979/684 5590/2981/685 5589/2982/685 5587/2980/684
f 5590/2981/685 5592/2983/686 5591/2984/686 5589/2982/685
f 5592/2983/686 5594/2985/687 5593/2017/687 5591/2984/686
f 5594/2985/687 5596/2986/688 5595/2987/688 5593/2017/687
f 5596/2986/688 5598/2988/689 5597/2989/689 5595/2987/688
f 5598/2988/689 5600/2990/690 5599/2991/690 5597/2989/689
f 5600/2990/690 5602/2237/691 5601/2238/691 5599/2991/690
f 5602/2237/691 5604/2992/692 5603/2993/692 5601/2238/691
f 5604/2992/692 5606/2994/693 5605/2995/693 5603/2993/692
f 5606/2994/693 5608/2996/694 5607/2997/694 5605/2995/693
f 5608/2996/694 5610/2998/695 5609/2043/695 5607/2997/694
f 5610/2998/695 5612/2999/696 5611/3000/696 5609/2043/695
f 5612/2999/696 5614/3001/697 5613/3002/697 5611/3000/696
f 5614/3001/697 5616/3003/698 5615/3004/698 5613/3002/697
f 5616/3003/698 5618/3005/699 5617/3006/699 5615/3004/698
f 5618/3005/699 5620/3007/700 5619/3008/700 5617/3006/699
f 5620/3007/700 5622/3009/701 5621/3010/701 5619/3008/700
f 5622/3009/701 5624/3011/702 5623/3012/702 5621/3010/701
f 5624/3011/702 5626/3013/703 5625/2070/703 5623/3012/702
f 5626/3013/703 5628/3014/704 5627/3015/704 5625/2070/703
f 5628/3014/704 5630/3016/705 5629/3017/705 5627/3015/704
f 5630/3016/705 5632/3018/706 5631/3019/706 5629/3017/705
f 5632/3018/706 5634/3020/707 5633/3021/707 5631/3019/706
f 5634/3020/707 5636/3022/708 5635/3023/708 5633/3021/707
f 5636/3022/708 5638/3024/709 5637/3025/709 5635/3023/708
f 5638/3024/709 5640/3026/710 5639/3027/710 5637/3025/709
f 5640/3026/710 5642/2719/711 5641/2096/711 5639/3027/710
f 5642/2719/711 5644/3028/712 5643/3029/712 5641/2096/711
f 5644/3028/712 5646/3030/713 5645/3031/713 5643/3029/712
f 5646/3030/713 5648/3032/714 5647/3033/714 5645/3031/713
f 5648/3032/714 5650/3034/715 5649/3035/715 5647/3033/714
f 5650/3034/715 5652/3036/716 5651/3037/716 5649/3035/715
f 5652/3036/716 5654/3038/717 5653/3039/717 5651/3037/716
f 5654/3038/717 5656/3040/718 5655/3041/718 5653/3039/717
f 5656/3040/718 5658/3042/719 5657/2085/719 5655/3041/718
f 5658/3042/719 5660/3043/720 5659/3044/720 5657/2085/719
f 5660/3043/720 5662/3045/721 5661/3046/721 5659/3044/720
f 5662/3045/721 5664/3047/722 5663/3048/722 5661/3046/721
f 5664/3047/722 5666/3049/723 5665/3050/723 5663/3048/722
f 5666/3049/723 5668/3051/724 5667/3052/724 5665/3050/723
f 5668/3051/724 5670/3053/725 5669/3054/725 5667/3052/724
f 5670/3053/725 5672/3055/726 5671/3056/726 5669/3054/725
f 5672/3055/726 5674/3057/727 5673/2059/727 5671/3056/726
f 5674/3057/727 5676/3058/728 5675/3059/728 5673/2059/727
f 5676/3058/728 5678/3060/729 5677/3061/729 5675/3059/728
f 5678/3060/729 5680/3062/730 5679/3063/730 5677/3061/729
f 5680/3062/730 5682/3064/731 5681/3065/731 5679/3063/730
f 5682/3064/731 5684/3066/732 5683/3067/732 5681/3065/731
f 5684/3066/732 5686/3068/733 5685/3069/733 5683/3067/732
f 5686/3068/733 5688/3070/734 5687/3071/734 5685/3069/733
f 5688/3070/734 5690/3072/735 5689/2034/735 5687/3071/734
f 5690/3072/735 5692/3073/736 5691/3074/736 5689/2034/735
f 5692/3073/736 5694/3075/737 5693/3076/737 5691/3074/736
f 5694/3075/737 5696/3077/738 5695/3078/738 5693/3076/737
f 5696/3077/738 5698/3079/739 5697/3080/739 5695/3078/738
f 5698/3079/739 5700/3081/740 5699/3082/740 5697/3080/739
f 5700/3081/740 5702/3083/741 5701/3084/741 5699/3082/740
f 5702/3083/741 5704/3085/742 5703/3086/742 5701/3084/741
f 5704/3085/742 5706/3087/743 5705/1786/743 5703/3086/742
f 5706/3087/743 5708/3088/744 5707/3089/744 5705/1786/743
f 5708/3088/744 5710/3090/745 5709/3091/745 5707/3089/744
f 5710/3090/745 5712/3092/746 5711/3093/746 5709/3091/745
f 5712/3092/746 5714/3094/747 5713/3095/747 5711/3093/746
f 5714/3094/747 5716/3096/748 5715/3097/748 5713/3095/747
f 5716/3096/748 5718/3098/749 5717/3099/749 5715/3097/748
f 5718/3098/749 5720/3100/750 5719/3101/750 5717/3099/749
f 5720/3100/750 5722/2371/751 5721/1755/751 5719/3101/750
f 5722/2371/751 5724/3102/752 5723/3103/752 5721/1755/751
f 5724/3102/752 5726/3104/753 5725/3105/753 5723/3103/752
f 5726/3104/753 5728/3106/754 5727/3107/754 5725/3105/753
f 5728/3106/754 5730/3108/755 5729/3109/755 5727/3107/754
f 5730/3108/755 5732/3110/756 5731/3111/756 5729/3109/755
f 5732/3110/756 5734/3112/757 5733/3113/757 5731/3111/756
f 5734/3112/757 5736/3114/758 5735/3115/758 5733/3113/757
f 5736/3114/758 5738/3116/759 5737/1716/759 5735/3115/758
f 5738/3116/759 5740/3117/760 5739/3118/760 5737/1716/759
f 5740/3117/760 5742/3119/761 5741/3120/761 5739/3118/760
f 5742/3119/761 5744/3121/762 5743/3122/762 5741/3120/761
f 5744/3121/762 5746/3123/763 5745/3124/763 5743/3122/762
f 5746/3123/763 5748/3125/764 5747/3126/764 5745/3124/763
f 5748/3125/764 5750/3127/765 5749/3128/765 5747/3126/764
f 5750/3127/765 5752/3129/766 5751/3130/766 5749/3128/765
f 5752/3129/766 5754/3131/767 5753/1734/767 5751/3130/766
f 5754/3131/767 5756/3132/768 5755/3133/768 5753/1734/767
f 5756/3132/768 5758/3134/769 5757/3135/769 5755/3133/768
f 5758/3134/769 5760/3136/770 5759/3137/770 5757/3135/769
f 5760/3136/770 5762/3138/400 5761/3139/400 5759/3137/770
f 5762/3138/400 5764/3140/771 5763/3141/771 5761/3139/400
f 5764/3140/771 5766/3142/772 5765/3143/772 5763/3141/771
f 5766/3142/772 5768/3144/773 5767/3145/773 5765/3143/772
f 5768/3144/773 5770/3146/774 5769/1753/774 5767/3145/773
f 5770/3146/774 5772/3147/775 5771/3148/775 5769/1753/774
f 5772/3147/775 5774/3149/776 5773/3150/776 5771/3148/775
f 5774/3149/776 5776/3151/777 5775/3152/777 5773/3150/776
f 5776/3151/777 5778/3153/778 5777/3154/778 5775/3152/777
f 5778/3153/778 5780/3155/779 5779/3156/779 5777/3154/778
f 5780/3155/779 5782/3157/780 5781/3158/780 5779/3156/779
f 5782/3157/780 5784/3159/781 5783/3160/781 5781/3158/780
f 5784/3159/781 5786/3161/782 5785/1775/782 5783/3160/781
f 5786/3161/782 5788/3162/783 5787/3163/783 5785/1775/782
f 5788/3162/783 5790/3164/784 5789/3165/784 5787/3163/783
f 5790/3164/784 5792/3166/785 5791/3167/785 5789/3165/784
f 5792/3166/785 5794/3168/786 5793/3169/786 5791/3167/785
f 5794/3168/786 5796/3170/787 5795/3171/787 5793/3169/786
f 5796/3170/787 5798/3172/788 5797/3173/788 5795/3171/787
f 5798/3172/788 5800/3174/789 5799/3175/789 5797/3173/788
f 5800/3174/789 5802/2800/790 5801/1794/790 5799/3175/789
f 5802/2800/790 5804/3176/791 5803/3177/791 5801/1794/790
f 5804/3176/791 5806/3178/792 5805/3179/792 5803/3177/791
f 5806/3178/792 5808/3180/793 5807/3181/793 5805/3179/792
f 5808/3180/793 5810/3182/794 5809/3183/794 5807/3181/793
f 5810/3182/794 5812/3184/795 5811/3185/795 5809/3183/794
f 5812/3184/795 5814/3186/796 5813/3187/796 5811/3185/795
f 5814/3186/796 5816/3188/797 5815/3189/797 5813/3187/796
f 5816/3188/797 5818/3190/798 5817/1877/798 5815/3189/797
f 5818/3190/798 5820/3191/799 5819/3192/799 5817/1877/798
f 5820/3191/799 5822/3193/800 5821/3194/800 5819/3192/799
f 5822/3193/800 5824/3195/801 5823/3196/801 5821/3194/800
f 5824/3195/801 5826/3197/802 5825/3198/802 5823/3196/801
f 5826/3197/802 5828/3199/803 5827/3200/803 5825/3198/802
f 5828/3199/803 5830/3201/804 5829/3202/804 5827/3200/803
f 5830/3201/804 5832/3203/805 5831/3204/805 5829/3202/804
f 5832/3203/805 5834/3205/806 5833/1855/806 5831/3204/805
f 5834/3205/806 5836/3206/807 5835/3207/807 5833/1855/806
f 5836/3206/807 5838/3208/808 5837/3209/808 5835/3207/807
f 5838/3208/808 5840/3210/809 5839/3211/809 5837/3209/808
f 5840/3210/809 5842/2504/810 5841/2505/810 5839/3211/809
f 5842/2504/810 5844/3212/811 5843/3213/811 5841/2505/810
f 5844/3212/811 5846/3214/812 5845/3215/812 5843/3213/811
f 5846/3214/812 5848/3216/813 5847/3217/813 5845/3215/812
f 5848/3216/813 5850/3218/814 5849/1835/814 5847/3217/813
f 5850/3218/814 5852/3219/815 5851/3220/815 5849/1835/814
f 5852/3219/815 5854/3221/816 5853/3222/816 5851/3220/815
f 5854/3221/816 5856/3223/817 5855/3224/817 5853/3222/816
f 5856/3223/817 5858/3225/818 5857/3226/818 5855/3224/817
f 5858/3225/818 5860/3227/819 5859/3228/819 5857/3226/818
f 5860/3227/819 5862/3229/820 5861/3230/820 5859/3228/819
f 5862/3229/820 5864/3231/821 5863/3232/821 5861/3230/820
f 5864/3231/821 5866/3233/822 5865/1820/822 5863/3232/821
f 5866/3233/822 5868/3234/823 5867/3235/823 5865/1820/822
f 5868/3234/823 5870/3236/824 5869/3237/824 5867/3235/823
f 5870/3236/824 5872/3238/825 5871/3239/825 5869/3237/824
f 5872/3238/825 5874/3240/826 5873/3241/826 5871/3239/825
f 5874/3240/826 5876/3242/827 5875/3243/827 5873/3241/826
f 5876/3242/827 5878/3244/828 5877/3245/828 5875/3243/827
f 5878/3244/828 5880/3246/829 5879/3247/829 5877/3245/828
f 5880/3246/829 5882/3248/830 5881/1805/830 5879/3247/829
f 5882/3248/830 5884/3249/831 5883/3250/831 5881/1805/830
f 5884/3249/831 5886/3251/832 5885/3252/832 5883/3250/831
f 5886/3251/832 5888/3253/833 5887/3254/833 5885/3252/832
f 5888/3253/833 5890/3255/834 5889/3256/834 5887/3254/833
f 5890/3255/834 5892/3257/835 5891/3258/835 5889/3256/834
f 5892/3257/835 5894/3259/836 5893/3260/836 5891/3258/835
f 5894/3259/836 5896/3261/837 5895/3262/837 5893/3260/836
f 5896/3261/837 5898/3263/838 5897/1960/838 5895/3262/837
f 5898/3263/838 5900/3264/839 5899/3265/839 5897/1960/838
f 5900/3264/839 5902/3266/840 5901/3267/840 5899/3265/839
f 5902/3266/840 5904/3268/841 5903/3269/841 5901/3267/840
f 5904/3268/841 5906/3270/842 5905/3271/842 5903/3269/841
f 5906/3270/842 5908/3272/843 5907/3273/843 5905/3271/842
f 5908/3272/843 5910/3274/844 5909/3275/844 5907/3273/843
f 5910/3274/844 5912/3276/845 5911/3277/845 5909/3275/844
f 5912/3276/845 5914/3278/846 5913/1944/846 5911/3277/845
f 5914/3278/846 5916/3279/847 5915/3280/847 5913/1944/846
f 5916/3279/847 5918/3281/848 5917/3282/848 5915/3280/847
f 5918/3281/848 5920/3283/849 5919/3284/849 5917/3282/848
f 5920/3283/849 5922/3285/850 5921/3286/850 5919/3284/849
f 5922/3285/850 5924/3287/851 5923/3288/851 5921/3286/850
f 5924/3287/851 5926/3289/852 5925/3290/852 5923/3288/851
f 5926/3289/852 5928/3291/853 5927/3292/853 5925/3290/852
f 5928/3291/853 5930/3293/854 5929/1925/854 5927/3292/853
f 5930/3293/854 5932/3294/855 5931/3295/855 5929/1925/854
f 5932/3294/855 5934/3296/856 5933/3297/856 5931/3295/855
f 5934/3296/856 5936/3298/857 5935/3299/857 5933/3297/856
f 5936/3298/857 5938/3300/858 5937/3301/858 5935/3299/857
f 5938/3300/858 5940/3302/859 5939/3303/859 5937/3301/858
f 5940/3302/859 5942/3304/860 5941/3305/860 5939/3303/859
f 5942/3304/860 5944/3306/861 5943/3307/861 5941/3305/860
f 5944/3306/861 5946/3308/862 5945/1905/862 5943/3307/861
f 5946/3308/862 5948/3309/863 5947/3310/863 5945/1905/862
f 5948/3309/863 5950/3311/864 5949/3312/864 5947/3310/863
f 5950/3311/864 5952/3313/865 5951/3314/865 5949/3312/864
f 5952/3313/865 5954/3315/393 5953/3316/393 5951/3314/865
f 5954/3315/393 5956/3317/866 5955/3318/866 5953/3316/393
f 5956/3317/866 5958/3319/867 5957/3320/867 5955/3318/866
f 5958/3319/867 5960/3321/868 5959/3322/868 5957/3320/867
f 5960/3321/868 5482/2638/631 5481/176/631 5959/3322/868
f 5962/2104/869 5964/3323/870 5963/3324/870 5961/66/869
f 5964/3323/870 5966/3325/871 5965/3326/871 5963/3324/870
f 5966/3325/871 5968/3327/872 5967/3328/872 5965/3326/871
f 5968/3327/872 5970/3329/873 5969/3330/873 5967/3328/872
f 5970/3329/873 5972/3331/874 5971/3332/874 5969/3330/873
f 5972/3331/874 5974/3333/875 5973/3334/875 5971/3332/874
f 5974/3333/875 5976/3335/876 5975/3336/876 5973/3334/875
f 5976/3335/876 5978/3337/877 5977/3338/877 5975/3336/876
f 5978/3337/877 5980/3339/878 5979/3340/878 5977/3338/877
f 5980/3339/878 5982/3341/879 5981/3342/879 5979/3340/878
f 5982/3341/879 5984/3343/880 5983/3344/880 5981/3342/879
f 5984/3343/880 5986/3345/881 5985/3346/881 5983/3344/880
f 5986/3345/881 5988/3347/882 5987/3348/882 5985/3346/881
f 5988/3347/882 5990/3349/883 5989/3350/883 5987/3348/882
f 5990/3349/883 5992/3351/884 5991/3352/884 5989/3350/883
f 5992/3351/884 5994/3353/885 5993/3354/885 5991/3352/884
f 5994/3353/885 5996/3355/886 5995/3356/886 5993/3354/885
f 5996/3355/886 5998/3357/887 5997/3358/887 5995/3356/886
f 5998/3357/887 6000/3359/888 5999/3360/888 5997/3358/887
f 6000/3359/888 6002/3361/889 6001/3362/889 5999/3360/888
f 6002/3361/889 6004/3363/890 6003/3364/890 6001/3362/889
f 6004/3363/890 6006/3365/414 6005/3366/414 6003/3364/890
f 6006/3365/414 6008/3367/891 6007/3368/891 6005/3366/414
f 6008/3367/891 6010/3369/892 6009/3370/892 6007/3368/891
f 6010/3369/892 6012/3371/893 6011/3372/893 6009/3370/892
f 6012/3371/893 6014/3373/25 6013/3374/25 6011/3372/893
f 6014/3373/25 6016/3375/894 6015/3376/894 6013/3374/25
f 6016/3375/894 6018/3377/747 6017/3378/747 6015/3376/894
f 6018/3377/747 6020/3379/895 6019/3380/895 6017/3378/747
f 6020/3379/895 6022/3381/896 6021/3382/896 6019/3380/895
f 6022/3381/896 6024/3383/897 6023/3384/897 6021/3382/896
f 6024/3383/897 6026/3385/898 6025/3386/898 6023/3384/897
f 6026/3385/898 6028/3387/899 6027/3388/899 6025/3386/898
f 6028/3387/899 6030/3389/900 6029/3390/900 6027/3388/899
f 6030/3389/900 6032/3391/901 6031/3392/901 6029/3390/900
f 6032/3391/901 6034/3393/902 6033/3394/902 6031/3392/901
f 6034/3393/902 6036/3395/903 6035/3396/903 6033/3394/902
f 6036/3395/903 6038/3397/904 6037/3398/904 6035/3396/903
f 6038/3397/904 6040/3399/905 6039/3400/905 6037/3398/904
f 6040/3399/905 6042/3401/906 6041/3402/906 6039/3400/905
f 6042/3401/906 6044/3403/907 6043/3404/907 6041/3402/906
f 6044/3403/907 6046/3405/908 6045/3406/908 6043/3404/907
f 6046/3405/908 6048/3407/909 6047/3408/909 6045/3406/908
f 6048/3407/909 6050/3409/910 6049/3410/910 6047/3408/909
f 6050/3409/910 6052/3411/911 6051/3412/911 6049/3410/910
f 6052/3411/911 6054/3413/912 6053/3414/912 6051/3412/911
f 6054/3413/912 6056/3415/913 6055/3416/913 6053/3414/912
f 6056/3415/913 6058/3417/914 6057/3418/914 6055/3416/913
f 6058/3417/914 6060/3419/915 6059/3420/915 6057/3418/914
f 6060/3419/915 6062/3421/916 6061/3422/916 6059/3420/915
f 6062/3421/916 6064/3423/917 6063/3424/917 6061/3422/916
f 6064/3423/917 6066/3425/918 6065/3426/918 6063/3424/917
f 6066/3425/918 6068/3427/919 6067/3428/919 6065/3426/918
f 6068/3427/919 6070/3429/920 6069/3430/920 6067/3428/919
f 6070/3429/920 6072/3431/921 6071/3432/921 6069/3430/920
f 6072/3431/921 6074/3433/922 6073/3434/922 6071/3432/921
f 6074/3433/922 6076/2917/923 6075/2918/923 6073/3434/922
f 6076/2917/923 6078/3435/924 6077/3436/924 6075/2918/923
f 6078/3435/924 6080/3437/925 6079/3438/925 6077/3436/924
f 6080/3437/925 6082/3439/926 6081/3440/926 6079/3438/925
f 6082/3439/926 6084/3441/927 6083/3442/927 6081/3440/926
f 6084/3441/927 6086/3443/928 6085/3444/928 6083/3442/927
f 6086/3443/928 6088/3445/929 6087/3446/929 6085/3444/928
f 6088/3445/929 6090/3447/930 6089/3448/930 6087/3446/929
f 6090/3447/930 6092/3449/931 6091/3450/931 6089/3448/930
f 6092/3449/931 6094/3451/932 6093/3452/932 6091/3450/931
f 6094/3451/932 6096/3453/933 6095/3454/933 6093/3452/932
f 6096/3453/933 6098/3455/934 6097/3456/934 6095/3454/933
f 6098/3455/934 6100/3457/935 6099/3458/935 6097/3456/934
f 6100/3457/935 6102/3459/936 6101/3460/936 6099/3458/935
f 6102/3459/936 6104/3461/937 6103/3462/937 6101/3460/936
f 6104/3461/937 6106/3463/938 6105/3464/938 6103/3462/937
f 6106/3463/938 6108/3465/939 6107/3466/939 6105/3464/938
f 6108/3465/939 6110/3467/940 6109/3468/940 6107/3466/939
f 6110/3467/940 6112/3469/941 6111/3470/941 6109/3468/940
f 6112/3469/941 6114/3471/942 6113/3472/942 6111/3470/941
f 6114/3471/942 6116/3473/943 6115/3474/943 6113/3472/942
f 6116/3473/943 6118/3475/944 6117/3476/944 6115/3474/943
f 6118/3475/944 6120/3477/945 6119/3478/945 6117/3476/944
f 6120/3477/945 6122/3479/946 6121/3480/946 6119/3478/945
f 6122/3479/946 6124/3481/947 6123/3482/947 6121/3480/946
f 6124/3481/947 6126/3483/948 6125/3484/948 6123/3482/947
f 6126/3483/948 6128/3485/949 6127/3486/949 6125/3484/948
f 6128/3485/949 6130/3487/950 6129/3488/950 6127/3486/949
f 6130/3487/950 6132/3489/951 6131/3490/951 6129/3488/950
f 6132/3489/951 6134/3491/952 6133/3492/952 6131/3490/951
f 6134/3491/952 6136/3493/953 6135/3494/953 6133/3492/952
f 6136/3493/953 6138/3495/954 6137/3496/954 6135/3494/953
f 6138/3495/954 6140/3497/955 6139/3498/955 6137/3496/954
f 6140/3497/955 6142/3499/956 6141/3500/956 6139/3498/955
f 6142/3499/956 6144/3501/957 6143/3502/957 6141/3500/956
f 6144/3501/957 6146/3503/958 6145/3504/958 6143/3502/957
f 6146/3503/958 6148/3505/959 6147/3506/959 6145/3504/958
f 6148/3505/959 6150/3507/960 6149/3508/960 6147/3506/959
f 6150/3507/960 6152/3509/961 6151/3510/961 6149/3508/960
f 6152/3509/961 6154/3511/962 6153/3512/962 6151/3510/961
f 6154/3511/962 6156/3513/963 6155/3514/963 6153/3512/962
f 6156/3513/963 6158/3515/964 6157/3516/964 6155/3514/963
f 6158/3515/964 6160/3517/965 6159/3518/965 6157/3516/964
f 6160/3517/965 6162/3519/966 6161/3520/966 6159/3518/965
f 6162/3519/966 6164/3521/967 6163/3522/967 6161/3520/966
f 6164/3521/967 6166/3523/150 6165/3524/150 6163/3522/967
f 6166/3523/150 6168/3525/968 6167/3526/968 6165/3524/150
f 6168/3525/968 6170/3527/969 6169/3528/969 6167/3526/968
f 6170/3527/969 6172/3529/970 6171/3530/970 6169/3528/969
f 6172/3529/970 6174/3531/971 6173/3532/971 6171/3530/970
f 6174/3531/971 6176/3533/972 6175/3534/972 6173/3532/971
f 6176/3533/972 6178/3535/973 6177/3536/973 6175/3534/972
f 6178/3535/973 6180/3537/974 6179/3538/974 6177/3536/973
f 6180/3537/974 6182/3539/975 6181/3540/975 6179/3538/974
f 6182/3539/975 6184/3541/976 6183/3542/976 6181/3540/975
f 6184/3541/976 6186/3543/977 6185/3544/977 6183/3542/976
f 6186/3543/977 6188/3545/978 6187/3546/978 6185/3544/977
f 6188/3545/978 6190/2955/979 6189/1988/979 6187/3546/978
f 6190/2955/979 6192/3547/980 6191/3548/980 6189/1988/979
f 6192/3547/980 6194/3549/981 6193/3550/981 6191/3548/980
f 6194/3549/981 6196/3551/982 6195/3552/982 6193/3550/981
f 6196/3551/982 6198/3553/983 6197/3554/983 6195/3552/982
f 6198/3553/983 6200/3555/984 6199/3556/984 6197/3554/983
f 6200/3555/984 6202/3557/985 6201/3558/985 6199/3556/984
f 6202/3557/985 6204/3559/986 6203/3560/986 6201/3558/985
f 6204/3559/986 6206/3561/987 6205/3562/987 6203/3560/986
f 6206/3561/987 6208/3563/988 6207/3564/988 6205/3562/987
f 6208/3563/988 6210/3565/989 6209/3566/989 6207/3564/988
f 6210/3565/989 6212/3567/990 6211/3568/990 6209/3566/989
f 6212/3567/990 6214/3569/991 6213/3570/991 6211/3568/990
f 6214/3569/991 6216/3571/992 6215/3572/992 6213/3570/991
f 6216/3571/992 6218/3573/993 6217/3574/993 6215/3572/992
f 6218/3573/993 6220/3575/994 6219/3576/994 6217/3574/993
f 6220/3575/994 6222/3577/995 6221/3578/995 6219/3576/994
f 6222/3577/995 6224/3579/996 6223/3580/996 6221/3578/995
f 6224/3579/996 6226/3581/997 6225/3582/997 6223/3580/996
f 6226/3581/997 6228/3583/998 6227/3584/998 6225/3582/997
f 6228/3583/998 6230/3585/999 6229/3586/999 6227/3584/998
f 6230/3585/999 6232/3587/1000 6231/3588/1000 6229/3586/999
f 6232/3587/1000 6234/3589/1001 6233/3590/1001 6231/3588/1000
f 6234/3589/1001 6236/3591/1002 6235/3592/1002 6233/3590/1001
f 6236/3591/1002 6238/3593/1003 6237/3594/1003 6235/3592/1002
f 6238/3593/1003 6240/3595/1004 6239/3596/1004 6237/3594/1003
f 6240/3595/1004 6242/3597/1005 6241/3598/1005 6239/3596/1004
f 6242/3597/1005 6244/3599/1006 6243/3600/1006 6241/3598/1005
f 6244/3599/1006 6246/3601/1007 6245/3602/1007 6243/3600/1006
f 6246/3601/1007 6248/3603/1008 6247/3604/1008 6245/3602/1007
f 6248/3603/1008 6250/3605/1009 6249/3606/1009 6247/3604/1008
f 6250/3605/1009 6252/3607/1010 6251/3608/1010 6249/3606/1009
f 6252/3607/1010 6254/3609/1011 6253/3610/1011 6251/3608/1010
f 6254/3609/1011 6256/3611/1012 6255/3612/1012 6253/3610/1011
f 6256/3611/1012 6258/3613/1013 6257/3614/1013 6255/3612/1012
f 6258/3613/1013 6260/3615/1014 6259/3616/1014 6257/3614/1013
f 6260/3615/1014 6262/3617/1015 6261/3618/1015 6259/3616/1014
f 6262/3617/1015 6264/3619/1016 6263/3620/1016 6261/3618/1015
f 6264/3619/1016 6266/3621/1017 6265/3622/1017 6263/3620/1016
f 6266/3621/1017 6268/3623/1018 6267/3624/1018 6265/3622/1017
f 6268/3623/1018 6270/3625/1019 6269/3626/1019 6267/3624/1018
f 6270/3625/1019 6272/3627/1020 6271/3628/1020 6269/3626/1019
f 6272/3627/1020 6274/3629/1021 6273/3630/1021 6271/3628/1020
f 6274/3629/1021 6276/3631/1022 6275/3632/1022 6273/3630/1021
f 6276/3631/1022 6278/3633/1023 6277/3634/1023 6275/3632/1022
f 6278/3633/1023 6280/3635/1024 6279/3636/1024 6277/3634/1023
f 6280/3635/1024 6282/3637/1025 6281/3638/1025 6279/3636/1024
f 6282/3637/1025 6284/3639/1026 6283/3640/1026 6281/3638/1025
f 6284/3639/1026 6286/3641/1027 6285/3642/1027 6283/3640/1026
f 6286/3641/1027 6288/3643/1028 6287/3644/1028 6285/3642/1027
f 6288/3643/1028 6290/3645/1029 6289/3646/1029 6287/3644/1028
f 6290/3645/1029 6292/3647/1030 6291/3648/1030 6289/3646/1029
f 6292/3647/1030 6294/3649/1031 6293/3650/1031 6291/3648/1030
f 6294/3649/1031 6296/3651/1032 6295/3652/1032 6293/3650/1031
f 6296/3651/1032 6298/3653/1033 6297/3654/1033 6295/3652/1032
f 6298/3653/1033 6300/3655/1034 6299/3656/1034 6297/3654/1033
f 6300/3655/1034 6302/3657/1035 6301/3658/1035 6299/3656/1034
f 6302/3657/1035 6304/2237/1036 6303/2238/1036 6301/3658/1035
f 6304/2237/1036 6306/3659/1037 6305/3660/1037 6303/2238/1036
f 6306/3659/1037 6308/3661/1038 6307/3662/1038 6305/3660/1037
f 6308/3661/1038 6310/3663/1039 6309/3664/1039 6307/3662/1038
f 6310/3663/1039 6312/3665/1040 6311/3666/1040 6309/3664/1039
f 6312/3665/1040 6314/3667/1041 6313/3668/1041 6311/3666/1040
f 6314/3667/1041 6316/3669/1042 6315/3670/1042 6313/3668/1041
f 6316/3669/1042 6318/3671/1043 6317/3672/1043 6315/3670/1042
f 6318/3671/1043 6320/3673/1044 6319/3674/1044 6317/3672/1043
f 6320/3673/1044 6322/3675/1045 6321/3676/1045 6319/3674/1044
f 6322/3675/1045 6324/3677/1046 6323/3678/1046 6321/3676/1045
f 6324/3677/1046 6326/3679/1047 6325/3680/1047 6323/3678/1046
f 6326/3679/1047 6328/3681/1048 6327/3682/1048 6325/3680/1047
f 6328/3681/1048 6330/3683/1049 6329/3684/1049 6327/3682/1048
f 6330/3683/1049 6332/3685/1050 6331/3686/1050 6329/3684/1049
f 6332/3685/1050 6334/3687/1051 6333/3688/1051 6331/3686/1050
f 6334/3687/1051 6336/3689/1052 6335/3690/1052 6333/3688/1051
f 6336/3689/1052 6338/3691/1053 6337/3692/1053 6335/3690/1052
f 6338/3691/1053 6340/3693/1054 6339/3694/1054 6337/3692/1053
f 6340/3693/1054 6342/3695/1055 6341/3696/1055 6339/3694/1054
f 6342/3695/1055 6344/3697/1056 6343/3698/1056 6341/3696/1055
f 6344/3697/1056 6346/3699/1057 6345/3700/1057 6343/3698/1056
f 6346/3699/1057 6348/3701/1058 6347/3702/1058 6345/3700/1057
f 6348/3701/1058 6350/3703/1059 6349/3704/1059 6347/3702/1058
f 6350/3703/1059 6352/3705/1060 6351/3706/1060 6349/3704/1059
f 6352/3705/1060 6354/3707/1061 6353/3708/1061 6351/3706/1060
f 6354/3707/1061 6356/3709/1062 6355/3710/1062 6353/3708/1061
f 6356/3709/1062 6358/3711/1063 6357/3712/1063 6355/3710/1062
f 6358/3711/1063 6360/3713/1064 6359/3714/1064 6357/3712/1063
f 6360/3713/1064 6362/3715/1065 6361/3716/1065 6359/3714/1064
f 6362/3715/1065 6364/3717/1066 6363/3718/1066 6361/3716/1065
f 6364/3717/1066 6366/3719/1067 6365/3720/1067 6363/3718/1066
f 6366/3719/1067 6368/3721/253 6367/3722/253 6365/3720/1067
f 6368/3721/253 6370/3723/1068 6369/3724/1068 6367/3722/253
f 6370/3723/1068 6372/3725/1069 6371/3726/1069 6369/3724/1068
f 6372/3725/1069 6374/3727/1070 6373/3728/1070 6371/3726/1069
f 6374/3727/1070 6376/3729/1071 6375/3730/1071 6373/3728/1070
f 6376/3729/1071 6378/3731/1072 6377/3732/1072 6375/3730/1071
f 6378/3731/1072 6380/3733/1073 6379/3734/1073 6377/3732/1072
f 6380/3733/1073 6382/3735/1074 6381/3736/1074 6379/3734/1073
f 6382/3735/1074 6384/3737/1075 6383/3738/1075 6381/3736/1074
f 6384/3737/1075 6386/3739/1076 6385/3740/1076 6383/3738/1075
f 6386/3739/1076 6388/3741/1077 6387/3742/1077 6385/3740/1076
f 6388/3741/1077 6390/3743/1078 6389/3744/1078 6387/3742/1077
f 6390/3743/1078 6392/3745/1079 6391/3746/1079 6389/3744/1078
f 6392/3745/1079 6394/3747/1080 6393/3748/1080 6391/3746/1079
f 6394/3747/1080 6396/3749/1081 6395/3750/1081 6393/3748/1080
f 6396/3749/1081 6398/3751/1082 6397/3752/1082 6395/3750/1081
f 6398/3751/1082 6400/3753/1083 6399/3754/1083 6397/3752/1082
f 6400/3753/1083 6402/3755/1084 6401/3756/1084 6399/3754/1083
f 6402/3755/1084 6404/3757/1085 6403/3758/1085 6401/3756/1084
f 6404/3757/1085 6406/3759/1086 6405/3760/1086 6403/3758/1085
f 6406/3759/1086 6408/3761/1087 6407/3762/1087 6405/3760/1086
f 6408/3761/1087 6410/3763/1088 6409/3764/1088 6407/3762/1087
f 6410/3763/1088 6412/3765/1089 6411/3766/1089 6409/3764/1088
f 6412/3765/1089 6414/3767/1090 6413/3768/1090 6411/3766/1089
f 6414/3767/1090 6416/3769/1091 6415/3770/1091 6413/3768/1090
f 6416/3769/1091 6418/2719/1092 6417/2096/1092 6415/3770/1091
f 6418/2719/1092 6420/3771/1093 6419/3772/1093 6417/2096/1092
f 6420/3771/1093 6422/3773/1094 6421/3774/1094 6419/3772/1093
f 6422/3773/1094 6424/3775/1095 6423/3776/1095 6421/3774/1094
f 6424/3775/1095 6426/3777/1096 6425/3778/1096 6423/3776/1095
f 6426/3777/1096 6428/3779/1097 6427/3780/1097 6425/3778/1096
f 6428/3779/1097 6430/3781/27 6429/3782/27 6427/3780/1097
f 6430/3781/27 6432/3783/1098 6431/3784/1098 6429/3782/27
f 6432/3783/1098 6434/3785/1099 6433/3786/1099 6431/3784/1098
f 6434/3785/1099 6436/3787/1100 6435/3788/1100 6433/3786/1099
f 6436/3787/1100 6438/3789/1101 6437/3790/1101 6435/3788/1100
f 6438/3789/1101 6440/3791/1102 6439/3792/1102 6437/3790/1101
f 6440/3791/1102 6442/3793/1103 6441/3794/1103 6439/3792/1102
f 6442/3793/1103 6444/3795/1104 6443/3796/1104 6441/3794/1103
f 6444/3795/1104 6446/3797/1105 6445/3798/1105 6443/3796/1104
f 6446/3797/1105 6448/3799/1106 6447/3800/1106 6445/3798/1105
f 6448/3799/1106 6450/3801/1107 6449/3802/1107 6447/3800/1106
f 6450/3801/1107 6452/3803/1108 6451/3804/1108 6449/3802/1107
f 6452/3803/1108 6454/3805/1109 6453/3806/1109 6451/3804/1108
f 6454/3805/1109 6456/3807/1110 6455/3808/1110 6453/3806/1109
f 6456/3807/1110 6458/3809/1111 6457/3810/1111 6455/3808/1110
f 6458/3809/1111 6460/3811/1112 6459/3812/1112 6457/3810/1111
f 6460/3811/1112 6462/3813/1113 6461/3814/1113 6459/3812/1112
f 6462/3813/1113 6464/3815/1114 6463/3816/1114 6461/3814/1113
f 6464/3815/1114 6466/3817/1115 6465/3818/1115 6463/3816/1114
f 6466/3817/1115 6468/3819/1116 6467/3820/1116 6465/3818/1115
f 6468/3819/1116 6470/3821/1117 6469/3822/1117 6467/3820/1116
f 6470/3821/1117 6472/3823/1118 6471/3824/1118 6469/3822/1117
f 6472/3823/1118 6474/3825/1119 6473/3826/1119 6471/3824/1118
f 6474/3825/1119 6476/3827/1120 6475/3828/1120 6473/3826/1119
f 6476/3827/1120 6478/3829/1121 6477/3830/1121 6475/3828/1120
f 6478/3829/1121 6480/3831/1122 6479/3832/1122 6477/3830/1121
f 6480/3831/1122 6482/3833/1123 6481/3834/1123 6479/3832/1122
f 6482/3833/1123 6484/3835/1124 6483/3836/1124 6481/3834/1123
f 6484/3835/1124 6486/3837/1125 6485/3838/1125 6483/3836/1124
f 6486/3837/1125 6488/3839/1126 6487/3840/1126 6485/3838/1125
f 6488/3839/1126 6490/3841/1127 6489/3842/1127 6487/3840/1126
f 6490/3841/1127 6492/3843/74 6491/3844/74 6489/3842/1127
f 6492/3843/74 6494/3845/1128 6493/3846/1128 6491/3844/74
f 6494/3845/1128 6496/3847/1129 6495/3848/1129 6493/3846/1128
f 6496/3847/1129 6498/3849/1130 6497/3850/1130 6495/3848/1129
f 6498/3849/1130 6500/3851/1131 6499/3852/1131 6497/3850/1130
f 6500/3851/1131 6502/3853/1132 6501/3854/1132 6499/3852/1131
f 6502/3853/1132 6504/3855/1133 6503/3856/1133 6501/3854/1132
f 6504/3855/1133 6506/3857/1134 6505/3858/1134 6503/3856/1133
f 6506/3857/1134 6508/3859/1135 6507/3860/1135 6505/3858/1134
f 6508/3859/1135 6510/3861/1136 6509/3862/1136 6507/3860/1135
f 6510/3861/1136 6512/3863/1137 6511/3864/1137 6509/3862/1136
f 6512/3863/1137 6514/3865/1138 6513/3866/1138 6511/3864/1137
f 6514/3865/1138 6516/3867/1139 6515/3868/1139 6513/3866/1138
f 6516/3867/1139 6518/3869/1140 6517/3870/1140 6515/3868/1139
f 6518/3869/1140 6520/3871/1141 6519/3872/1141 6517/3870/1140
f 6520/3871/1141 6522/3873/1142 6521/3874/1142 6519/3872/1141
f 6522/3873/1142 6524/3875/1143 6523/3876/1143 6521/3874/1142
f 6524/3875/1143 6526/3877/1144 6525/3878/1144 6523/3876/1143
f 6526/3877/1144 6528/3879/1145 6527/3880/1145 6525/3878/1144
f 6528/3879/1145 6530/3881/1146 6529/3882/1146 6527/3880/1145
f 6530/3881/1146 6532/3064/1147 6531/3065/1147 6529/3882/1146
f 6532/3064/1147 6534/3883/1148 6533/3884/1148 6531/3065/1147
f 6534/3883/1148 6536/3885/1149 6535/3886/1149 6533/3884/1148
f 6536/3885/1149 6538/3887/1150 6537/3888/1150 6535/3886/1149
f 6538/3887/1150 6540/3889/1151 6539/3890/1151 6537/3888/1150
f 6540/3889/1151 6542/3891/1152 6541/3892/1152 6539/3890/1151
f 6542/3891/1152 6544/3893/1153 6543/3894/1153 6541/3892/1152
f 6544/3893/1153 6546/3895/1154 6545/3896/1154 6543/3894/1153
f 6546/3895/1154 6548/3897/1155 6547/3898/1155 6545/3896/1154
f 6548/3897/1155 6550/3899/930 6549/3900/930 6547/3898/1155
f 6550/3899/930 6552/3901/683 6551/3902/683 6549/3900/930
f 6552/3901/683 6554/3903/1156 6553/3904/1156 6551/3902/683
f 6554/3903/1156 6556/3905/1157 6555/3906/1157 6553/3904/1156
f 6556/3905/1157 6558/3907/1158 6557/3908/1158 6555/3906/1157
f 6558/3907/1158 6560/3909/1159 6559/3910/1159 6557/3908/1158
f 6560/3909/1159 6562/3911/1160 6561/3912/1160 6559/3910/1159
f 6562/3911/1160 6564/3913/1161 6563/3914/1161 6561/3912/1160
f 6564/3913/1161 6566/3915/958 6565/3916/958 6563/3914/1161
f 6566/3915/958 6568/3917/1162 6567/3918/1162 6565/3916/958
f 6568/3917/1162 6570/3919/1163 6569/3920/1163 6567/3918/1162
f 6570/3919/1163 6572/3921/1164 6571/3922/1164 6569/3920/1163
f 6572/3921/1164 6574/3923/1165 6573/3924/1165 6571/3922/1164
f 6574/3923/1165 6576/3925/1166 6575/3926/1166 6573/3924/1165
f 6576/3925/1166 6578/3927/1167 6577/3928/1167 6575/3926/1166
f 6578/3927/1167 6580/3929/1168 6579/3930/1168 6577/3928/1167
f 6580/3929/1168 6582/3931/1169 6581/3932/1169 6579/3930/1168
f 6582/3931/1169 6584/3933/1170 6583/3934/1170 6581/3932/1169
f 6584/3933/1170 6586/3935/1171 6585/3936/1171 6583/3934/1170
f 6586/3935/1171 6588/3937/1172 6587/3938/1172 6585/3936/1171
f 6588/3937/1172 6590/3939/1173 6589/3940/1173 6587/3938/1172
f 6590/3939/1173 6592/3941/1174 6591/3942/1174 6589/3940/1173
f 6592/3941/1174 6594/3943/1175 6593/3944/1175 6591/3942/1174
f 6594/3943/1175 6596/3945/1176 6595/3946/1176 6593/3944/1175
f 6596/3945/1176 6598/3947/1177 6597/3948/1177 6595/3946/1176
f 6598/3947/1177 6600/3949/1178 6599/3950/1178 6597/3948/1177
f 6600/3949/1178 6602/3951/1179 6601/3952/1179 6599/3950/1178
f 6602/3951/1179 6604/3953/1180 6603/3954/1180 6601/3952/1179
f 6604/3953/1180 6606/3955/1181 6605/3956/1181 6603/3954/1180
f 6606/3955/1181 6608/3957/1182 6607/3958/1182 6605/3956/1181
f 6608/3957/1182 6610/3959/1183 6609/3960/1183 6607/3958/1182
f 6610/3959/1183 6612/3961/1184 6611/3962/1184 6609/3960/1183
f 6612/3961/1184 6614/3963/1185 6613/3964/1185 6611/3962/1184
f 6614/3963/1185 6616/3965/1186 6615/3966/1186 6613/3964/1185
f 6616/3965/1186 6618/3967/1187 6617/3968/1187 6615/3966/1186
f 6618/3967/1187 6620/3969/1188 6619/3970/1188 6617/3968/1187
f 6620/3969/1188 6622/3971/1189 6621/3972/1189 6619/3970/1188
f 6622/3971/1189 6624/3973/1190 6623/3974/1190 6621/3972/1189
f 6624/3973/1190 6626/3975/1191 6625/3976/1191 6623/3974/1190
f 6626/3975/1191 6628/3977/1192 6627/3978/1192 6625/3976/1191
f 6628/3977/1192 6630/3979/1193 6629/3980/1193 6627/3978/1192
f 6630/3979/1193 6632/3981/1194 6631/3982/1194 6629/3980/1193
f 6632/3981/1194 6634/3983/1195 6633/3984/1195 6631/3982/1194
f 6634/3983/1195 6636/3985/1196 6635/3986/1196 6633/3984/1195
f 6636/3985/1196 6638/3987/1197 6637/3988/1197 6635/3986/1196
f 6638/3987/1197 6640/3989/1198 6639/3990/1198 6637/3988/1197
f 6640/3989/1198 6642/3991/1199 6641/3992/1199 6639/3990/1198
f 6642/3991/1199 6644/3993/1200 6643/3994/1200 6641/3992/1199
f 6644/3993/1200 6646/2371/1201 6645/1755/1201 6643/3994/1200
f 6646/2371/1201 6648/3995/1202 6647/3996/1202 6645/1755/1201
f 6648/3995/1202 6650/3997/1203 6649/3998/1203 6647/3996/1202
f 6650/3997/1203 6652/3999/1204 6651/4000/1204 6649/3998/1203
f 6652/3999/1204 6654/4001/1205 6653/4002/1205 6651/4000/1204
f 6654/4001/1205 6656/4003/1206 6655/4004/1206 6653/4002/1205
f 6656/4003/1206 6658/4005/1207 6657/4006/1207 6655/4004/1206
f 6658/4005/1207 6660/4007/1208 6659/4008/1208 6657/4006/1207
f 6660/4007/1208 6662/4009/1209 6661/4010/1209 6659/4008/1208
f 6662/4009/1209 6664/4011/1210 6663/4012/1210 6661/4010/1209
f 6664/4011/1210 6666/4013/1211 6665/4014/1211 6663/4012/1210
f 6666/4013/1211 6668/4015/1212 6667/4016/1212 6665/4014/1211
f 6668/4015/1212 6670/4017/1213 6669/4018/1213 6667/4016/1212
f 6670/4017/1213 6672/4019/1214 6671/4020/1214 6669/4018/1213
f 6672/4019/1214 6674/4021/1215 6673/4022/1215 6671/4020/1214
f 6674/4021/1215 6676/4023/1216 6675/4024/1216 6673/4022/1215
f 6676/4023/1216 6678/4025/1217 6677/4026/1217 6675/4024/1216
f 6678/4025/1217 6680/4027/1218 6679/4028/1218 6677/4026/1217
f 6680/4027/1218 6682/4029/1219 6681/4030/1219 6679/4028/1218
f 6682/4029/1219 6684/4031/1220 6683/4032/1220 6681/4030/1219
f 6684/4031/1220 6686/4033/1221 6685/4034/1221 6683/4032/1220
f 6686/4033/1221 6688/4035/1222 6687/4036/1222 6685/4034/1221
f 6688/4035/1222 6690/4037/1223 6689/4038/1223 6687/4036/1222
f 6690/4037/1223 6692/4039/1224 6691/4040/1224 6689/4038/1223
f 6692/4039/1224 6694/4041/1225 6693/4042/1225 6691/4040/1224
f 6694/4041/1225 6696/4043/1226 6695/4044/1226 6693/4042/1225
f 6696/4043/1226 6698/4045/1227 6697/4046/1227 6695/4044/1226
f 6698/4045/1227 6700/4047/1228 6699/4048/1228 6697/4046/1227
f 6700/4047/1228 6702/4049/1229 6701/4050/1229 6699/4048/1228
f 6702/4049/1229 6704/4051/1230 6703/4052/1230 6701/4050/1229
f 6704/4051/1230 6706/4053/1231 6705/4054/1231 6703/4052/1230
f 6706/4053/1231 6708/4055/1232 6707/4056/1232 6705/4054/1231
f 6708/4055/1232 6710/4057/1233 6709/4058/1233 6707/4056/1232
f 6710/4057/1233 6712/4059/1234 6711/4060/1234 6709/4058/1233
f 6712/4059/1234 6714/4061/1235 6713/4062/1235 6711/4060/1234
f 6714/4061/1235 6716/4063/1236 6715/4064/1236 6713/4062/1235
f 6716/4063/1236 6718/4065/1237 6717/4066/1237 6715/4064/1236
f 6718/4065/1237 6720/4067/1238 6719/4068/1238 6717/4066/1237
f 6720/4067/1238 6722/4069/1239 6721/4070/1239 6719/4068/1238
f 6722/4069/1239 6724/4071/539 6723/4072/539 6721/4070/1239
f 6724/4071/539 6726/4073/1240 6725/4074/1240 6723/4072/539
f 6726/4073/1240 6728/4075/1241 6727/4076/1241 6725/4074/1240
f 6728/4075/1241 6730/4077/1242 6729/4078/1242 6727/4076/1241
f 6730/4077/1242 6732/4079/1243 6731/4080/1243 6729/4078/1242
f 6732/4079/1243 6734/4081/1244 6733/4082/1244 6731/4080/1243
f 6734/4081/1244 6736/4083/1245 6735/4084/1245 6733/4082/1244
f 6736/4083/1245 6738/4085/1246 6737/4086/1246 6735/4084/1245
f 6738/4085/1246 6740/4087/1247 6739/4088/1247 6737/4086/1246
f 6740/4087/1247 6742/4089/1248 6741/4090/1248 6739/4088/1247
f 6742/4089/1248 6744/4091/1249 6743/4092/1249 6741/4090/1248
f 6744/4091/1249 6746/4093/1250 6745/4094/1250 6743/4092/1249
f 6746/4093/1250 6748/4095/1251 6747/4096/1251 6745/4094/1250
f 6748/4095/1251 6750/4097/1252 6749/4098/1252 6747/4096/1251
f 6750/4097/1252 6752/4099/1253 6751/4100/1253 6749/4098/1252
f 6752/4099/1253 6754/4101/1254 6753/4102/1254 6751/4100/1253
f 6754/4101/1254 6756/4103/1255 6755/4104/1255 6753/4102/1254
f 6756/4103/1255 6758/4105/1256 6757/4106/1256 6755/4104/1255
f 6758/4105/1256 6760/3138/1257 6759/3139/1257 6757/4106/1256
f 6760/3138/1257 6762/4107/1258 6761/4108/1258 6759/3139/1257
f 6762/4107/1258 6764/4109/1259 6763/4110/1259 6761/4108/1258
f 6764/4109/1259 6766/4111/1260 6765/4112/1260 6763/4110/1259
f 6766/4111/1260 6768/4113/1261 6767/4114/1261 6765/4112/1260
f 6768/4113/1261 6770/4115/1262 6769/4116/1262 6767/4114/1261
f 6770/4115/1262 6772/4117/1263 6771/4118/1263 6769/4116/1262
f 6772/4117/1263 6774/4119/1264 6773/4120/1264 6771/4118/1263
f 6774/4119/1264 6776/4121/1265 6775/4122/1265 6773/4120/1264
f 6776/4121/1265 6778/4123/1266 6777/4124/1266 6775/4122/1265
f 6778/4123/1266 6780/4125/1267 6779/4126/1267 6777/4124/1266
f 6780/4125/1267 6782/4127/1268 6781/4128/1268 6779/4126/1267
f 6782/4127/1268 6784/4129/1269 6783/4130/1269 6781/4128/1268
f 6784/4129/1269 6786/4131/1270 6785/4132/1270 6783/4130/1269
f 6786/4131/1270 6788/4133/1271 6787/4134/1271 6785/4132/1270
f 6788/4133/1271 6790/4135/824 6789/4136/824 6787/4134/1271
f 6790/4135/824 6792/4137/1272 6791/4138/1272 6789/4136/824
f 6792/4137/1272 6794/4139/1273 6793/4140/1273 6791/4138/1272
f 6794/4139/1273 6796/4141/1274 6795/4142/1274 6793/4140/1273
f 6796/4141/1274 6798/4143/1275 6797/4144/1275 6795/4142/1274
f 6798/4143/1275 6800/4145/1276 6799/4146/1276 6797/4144/1275
f 6800/4145/1276 6802/4147/1277 6801/4148/1277 6799/4146/1276
f 6802/4147/1277 6804/4149/1278 6803/4150/1278 6801/4148/1277
f 6804/4149/1278 6806/4151/1279 6805/4152/1279 6803/4150/1278
f 6806/4151/1279 6808/4153/1280 6807/4154/1280 6805/4152/1279
f 6808/4153/1280 6810/4155/1281 6809/4156/1281 6807/4154/1280
f 6810/4155/1281 6812/4157/1282 6811/4158/1282 6809/4156/1281
f 6812/4157/1282 6814/4159/1283 6813/4160/1283 6811/4158/1282
f 6814/4159/1283 6816/4161/1284 6815/4162/1284 6813/4160/1283
f 6816/4161/1284 6818/4163/1285 6817/4164/1285 6815/4162/1284
f 6818/4163/1285 6820/4165/1286 6819/4166/1286 6817/4164/1285
f 6820/4165/1286 6822/4167/1287 6821/4168/1287 6819/4166/1286
f 6822/4167/1287 6824/4169/1288 6823/4170/1288 6821/4168/1287
f 6824/4169/1288 6826/4171/1289 6825/4172/1289 6823/4170/1288
f 6826/4171/1289 6828/4173/1290 6827/4174/1290 6825/4172/1289
f 6828/4173/1290 6830/4175/1291 6829/4176/1291 6827/4174/1290
f 6830/4175/1291 6832/4177/1292 6831/4178/1292 6829/4176/1291
f 6832/4177/1292 6834/4179/1293 6833/4180/1293 6831/4178/1292
f 6834/4179/1293 6836/4181/1294 6835/4182/1294 6833/4180/1293
f 6836/4181/1294 6838/4183/1295 6837/4184/1295 6835/4182/1294
f 6838/4183/1295 6840/4185/1296 6839/4186/1296 6837/4184/1295
f 6840/4185/1296 6842/4187/1297 6841/4188/1297 6839/4186/1296
f 6842/4187/1297 6844/4189/1298 6843/4190/1298 6841/4188/1297
f 6844/4189/1298 6846/4191/1299 6845/4192/1299 6843/4190/1298
f 6846/4191/1299 6848/4193/1300 6847/4194/1300 6845/4192/1299
f 6848/4193/1300 6850/4195/1301 6849/4196/1301 6847/4194/1300
f 6850/4195/1301 6852/4197/1302 6851/4198/1302 6849/4196/1301
f 6852/4197/1302 6854/4199/1303 6853/4200/1303 6851/4198/1302
f 6854/4199/1303 6856/4201/1304 6855/4202/1304 6853/4200/1303
f 6856/4201/1304 6858/4203/1305 6857/4204/1305 6855/4202/1304
f 6858/4203/1305 6860/4205/1306 6859/4206/1306 6857/4204/1305
f 6860/4205/1306 6862/4207/1307 6861/4208/1307 6859/4206/1306
f 6862/4207/1307 6864/4209/1308 6863/4210/1308 6861/4208/1307
f 6864/4209/1308 6866/4211/1309 6865/4212/1309 6863/4210/1308
f 6866/4211/1309 6868/4213/1310 6867/4214/1310 6865/4212/1309
f 6868/4213/1310 6870/4215/1311 6869/4216/1311 6867/4214/1310
f 6870/4215/1311 6872/4217/1312 6871/4218/1312 6869/4216/1311
f 6872/4217/1312 6874/2800/1313 6873/1794/1313 6871/4218/1312
f 6874/2800/1313 6876/4219/1314 6875/4220/1314 6873/1794/1313
f 6876/4219/1314 6878/4221/1315 6877/4222/1315 6875/4220/1314
f 6878/4221/1315 6880/4223/1316 6879/4224/1316 6877/4222/1315
f 6880/4223/1316 6882/4225/1317 6881/4226/1317 6879/4224/1316
f 6882/4225/1317 6884/4227/1318 6883/4228/1318 6881/4226/1317
f 6884/4227/1318 6886/4229/1319 6885/4230/1319 6883/4228/1318
f 6886/4229/1319 6888/4231/1320 6887/4232/1320 6885/4230/1319
f 6888/4231/1320 6890/4233/1321 6889/4234/1321 6887/4232/1320
f 6890/4233/1321 6892/4235/1322 6891/4236/1322 6889/4234/1321
f 6892/4235/1322 6894/4237/1323 6893/4238/1323 6891/4236/1322
f 6894/4237/1323 6896/4239/1324 6895/4240/1324 6893/4238/1323
f 6896/4239/1324 6898/4241/1325 6897/4242/1325 6895/4240/1324
f 6898/4241/1325 6900/4243/1326 6899/4244/1326 6897/4242/1325
f 6900/4243/1326 6902/4245/1327 6901/4246/1327 6899/4244/1326
f 6902/4245/1327 6904/4247/1328 6903/4248/1328 6901/4246/1327
f 6904/4247/1328 6906/4249/1329 6905/4250/1329 6903/4248/1328
f 6906/4249/1329 6908/4251/1330 6907/4252/1330 6905/4250/1329
f 6908/4251/1330 6910/4253/1331 6909/4254/1331 6907/4252/1330
f 6910/4253/1331 6912/4255/1332 6911/4256/1332 6909/4254/1331
f 6912/4255/1332 6914/4257/1333 6913/4258/1333 6911/4256/1332
f 6914/4257/1333 6916/4259/1334 6915/4260/1334 6913/4258/1333
f 6916/4259/1334 6918/4261/1335 6917/4262/1335 6915/4260/1334
f 6918/4261/1335 6920/4263/1336 6919/4264/1336 6917/4262/1335
f 6920/4263/1336 6922/4265/1337 6921/4266/1337 6919/4264/1336
f 6922/4265/1337 6924/4267/1338 6923/4268/1338 6921/4266/1337
f 6924/4267/1338 6926/4269/1339 6925/4270/1339 6923/4268/1338
f 6926/4269/1339 6928/4271/1340 6927/4272/1340 6925/4270/1339
f 6928/4271/1340 6930/4273/1341 6929/4274/1341 6927/4272/1340
f 6930/4273/1341 6932/4275/1342 6931/4276/1342 6929/4274/1341
f 6932/4275/1342 6934/4277/1343 6933/4278/1343 6931/4276/1342
f 6934/4277/1343 6936/4279/1344 6935/4280/1344 6933/4278/1343
f 6936/4279/1344 6938/4281/1345 6937/4282/1345 6935/4280/1344
f 6938/4281/1345 6940/4283/1346 6939/4284/1346 6937/4282/1345
f 6940/4283/1346 6942/4285/1347 6941/4286/1347 6939/4284/1346
f 6942/4285/1347 6944/4287/1348 6943/4288/1348 6941/4286/1347
f 6944/4287/1348 6946/4289/1349 6945/4290/1349 6943/4288/1348
f 6946/4289/1349 6948/4291/1350 6947/4292/1350 6945/4290/1349
f 6948/4291/1350 6950/4293/1351 6949/4294/1351 6947/4292/1350
f 6950/4293/1351 6952/4295/1352 6951/4296/1352 6949/4294/1351
f 6952/4295/1352 6954/4297/1353 6953/4298/1353 6951/4296/1352
f 6954/4297/1353 6956/4299/1354 6955/4300/1354 6953/4298/1353
f 6956/4299/1354 6958/4301/1355 6957/4302/1355 6955/4300/1354
f 6958/4301/1355 6960/4303/1356 6959/4304/1356 6957/4302/1355
f 6960/4303/1356 6962/4305/1357 6961/4306/1357 6959/4304/1356
f 6962/4305/1357 6964/4307/1358 6963/4308/1358 6961/4306/1357
f 6964/4307/1358 6966/4309/1359 6965/4310/1359 6963/4308/1358
f 6966/4309/1359 6968/4311/1360 6967/4312/1360 6965/4310/1359
f 6968/4311/1360 6970/4313/1361 6969/4314/1361 6967/4312/1360
f 6970/4313/1361 6972/4315/1362 6971/4316/1362 6969/4314/1361
f 6972/4315/1362 6974/4317/1363 6973/4318/1363 6971/4316/1362
f 6974/4317/1363 6976/4319/1364 6975/4320/1364 6973/4318/1363
f 6976/4319/1364 6978/4321/1365 6977/4322/1365 6975/4320/1364
f 6978/4321/1365 6980/4323/1366 6979/4324/1366 6977/4322/1365
f 6980/4323/1366 6982/4325/1367 6981/4326/1367 6979/4324/1366
f 6982/4325/1367 6984/4327/1368 6983/4328/1368 6981/4326/1367
f 6984/4327/1368 6986/4329/1369 6985/4330/1369 6983/4328/1368
f 6986/4329/1369 6988/2504/1370 6987/2505/1370 6985/4330/1369
f 6988/2504/1370 6990/4331/1371 6989/4332/1371 6987/2505/1370
f 6990/4331/1371 6992/4333/1372 6991/4334/1372 6989/4332/1371
f 6992/4333/1372 6994/4335/1373 6993/4336/1373 6991/4334/1372
f 6994/4335/1373 6996/4337/1374 6995/4338/1374 6993/4336/1373
f 6996/4337/1374 6998/4339/1375 6997/4340/1375 6995/4338/1374
f 6998/4339/1375 7000/4341/1376 6999/4342/1376 6997/4340/1375
f 7000/4341/1376 7002/4343/1377 7001/4344/1377 6999/4342/1376
f 7002/4343/1377 7004/4345/1378 7003/4346/1378 7001/4344/1377
f 7004/4345/1378 7006/4347/1379 7005/4348/1379 7003/4346/1378
f 7006/4347/1379 7008/4349/1380 7007/4350/1380 7005/4348/1379
f 7008/4349/1380 7010/4351/1381 7009/4352/1381 7007/4350/1380
f 7010/4351/1381 7012/4353/1382 7011/4354/1382 7009/4352/1381
f 7012/4353/1382 7014/4355/1383 7013/4356/1383 7011/4354/1382
f 7014/4355/1383 7016/4357/1384 7015/4358/1384 7013/4356/1383
f 7016/4357/1384 7018/4359/1385 7017/4360/1385 7015/4358/1384
f 7018/4359/1385 7020/4361/1386 7019/4362/1386 7017/4360/1385
f 7020/4361/1386 7022/4363/1387 7021/4364/1387 7019/4362/1386
f 7022/4363/1387 7024/4365/1388 7023/4366/1388 7021/4364/1387
f 7024/4365/1388 7026/4367/1389 7025/4368/1389 7023/4366/1388
f 7026/4367/1389 7028/4369/1390 7027/4370/1390 7025/4368/1389
f 7028/4369/1390 7030/4371/1391 7029/4372/1391 7027/4370/1390
f 7030/4371/1391 7032/4373/1392 7031/4374/1392 7029/4372/1391
f 7032/4373/1392 7034/4375/1393 7033/4376/1393 7031/4374/1392
f 7034/4375/1393 7036/4377/1394 7035/4378/1394 7033/4376/1393
f 7036/4377/1394 7038/4379/1395 7037/4380/1395 7035/4378/1394
f 7038/4379/1395 7040/4381/1396 7039/4382/1396 7037/4380/1395
f 7040/4381/1396 7042/4383/1397 7041/4384/1397 7039/4382/1396
f 7042/4383/1397 7044/4385/942 7043/4386/942 7041/4384/1397
f 7044/4385/942 7046/4387/1398 7045/4388/1398 7043/4386/942
f 7046/4387/1398 7048/4389/1399 7047/4390/1399 7045/4388/1398
f 7048/4389/1399 7050/4391/1400 7049/4392/1400 7047/4390/1399
f 7050/4391/1400 7052/4393/1401 7051/4394/1401 7049/4392/1400
f 7052/4393/1401 7054/4395/1402 7053/4396/1402 7051/4394/1401
f 7054/4395/1402 7056/4397/1403 7055/4398/1403 7053/4396/1402
f 7056/4397/1403 7058/4399/1404 7057/4400/1404 7055/4398/1403
f 7058/4399/1404 7060/4401/1405 7059/4402/1405 7057/4400/1404
f 7060/4401/1405 7062/4403/1406 7061/4404/1406 7059/4402/1405
f 7062/4403/1406 7064/4405/1407 7063/4406/1407 7061/4404/1406
f 7064/4405/1407 7066/4407/1408 7065/4408/1408 7063/4406/1407
f 7066/4407/1408 7068/4409/1409 7067/4410/1409 7065/4408/1408
f 7068/4409/1409 7070/4411/1410 7069/4412/1410 7067/4410/1409
f 7070/4411/1410 7072/4413/1411 7071/4414/1411 7069/4412/1410
f 7072/4413/1411 7074/4415/1412 7073/4416/1412 7071/4414/1411
f 7074/4415/1412 7076/4417/1413 7075/4418/1413 7073/4416/1412
f 7076/4417/1413 7078/4419/1414 7077/4420/1414 7075/4418/1413
f 7078/4419/1414 7080/4421/1415 7079/4422/1415 7077/4420/1414
f 7080/4421/1415 7082/4423/1416 7081/4424/1416 7079/4422/1415
f 7082/4423/1416 7084/4425/1417 7083/4426/1417 7081/4424/1416
f 7084/4425/1417 7086/4427/1418 7085/4428/1418 7083/4426/1417
f 7086/4427/1418 7088/4429/1419 7087/4430/1419 7085/4428/1418
f 7088/4429/1419 7090/4431/1420 7089/4432/1420 7087/4430/1419
f 7090/4431/1420 7092/4433/1421 7091/4434/1421 7089/4432/1420
f 7092/4433/1421 7094/4435/1422 7093/4436/1422 7091/4434/1421
f 7094/4435/1422 7096/4437/1423 7095/4438/1423 7093/4436/1422
f 7096/4437/1423 7098/4439/1424 7097/4440/1424 7095/4438/1423
f 7098/4439/1424 7100/4441/1425 7099/4442/1425 7097/4440/1424
f 7100/4441/1425 7102/3248/1426 7101/1805/1426 7099/4442/1425
f 7102/3248/1426 7104/4443/1427 7103/4444/1427 7101/1805/1426
f 7104/4443/1427 7106/4445/1428 7105/4446/1428 7103/4444/1427
f 7106/4445/1428 7108/4447/1429 7107/4448/1429 7105/4446/1428
f 7108/4447/1429 7110/4449/1430 7109/4450/1430 7107/4448/1429
f 7110/4449/1430 7112/4451/1431 7111/4452/1431 7109/4450/1430
f 7112/4451/1431 7114/4453/1432 7113/4454/1432 7111/4452/1431
f 7114/4453/1432 7116/4455/1433 7115/4456/1433 7113/4454/1432
f 7116/4455/1433 7118/4457/1434 7117/4458/1434 7115/4456/1433
f 7118/4457/1434 7120/4459/1435 7119/4460/1435 7117/4458/1434
f 7120/4459/1435 7122/4461/1436 7121/4462/1436 7119/4460/1435
f 7122/4461/1436 7124/4463/1437 7123/4464/1437 7121/4462/1436
f 7124/4463/1437 7126/4465/1438 7125/4466/1438 7123/4464/1437
f 7126/4465/1438 7128/4467/1439 7127/4468/1439 7125/4466/1438
f 7128/4467/1439 7130/4469/1440 7129/4470/1440 7127/4468/1439
f 7130/4469/1440 7132/4471/1441 7131/4472/1441 7129/4470/1440
f 7132/4471/1441 7134/4473/1442 7133/4474/1442 7131/4472/1441
f 7134/4473/1442 7136/4475/1443 7135/4476/1443 7133/4474/1442
f 7136/4475/1443 7138/4477/1444 7137/4478/1444 7135/4476/1443
f 7138/4477/1444 7140/4479/1445 7139/4480/1445 7137/4478/1444
f 7140/4479/1445 7142/4481/1446 7141/4482/1446 7139/4480/1445
f 7142/4481/1446 7144/4483/1447 7143/4484/1447 7141/4482/1446
f 7144/4483/1447 7146/4485/1448 7145/4486/1448 7143/4484/1447
f 7146/4485/1448 7148/4487/1449 7147/4488/1449 7145/4486/1448
f 7148/4487/1449 7150/4489/1450 7149/4490/1450 7147/4488/1449
f 7150/4489/1450 7152/4491/1451 7151/4492/1451 7149/4490/1450
f 7152/4491/1451 7154/4493/1452 7153/4494/1452 7151/4492/1451
f 7154/4493/1452 7156/4495/1453 7155/4496/1453 7153/4494/1452
f 7156/4495/1453 7158/4497/1454 7157/4498/1454 7155/4496/1453
f 7158/4497/1454 7160/4499/1455 7159/4500/1455 7157/4498/1454
f 7160/4499/1455 7162/4501/1456 7161/4502/1456 7159/4500/1455
f 7162/4501/1456 7164/4503/1457 7163/4504/1457 7161/4502/1456
f 7164/4503/1457 7166/4505/1458 7165/4506/1458 7163/4504/1457
f 7166/4505/1458 7168/4507/1459 7167/4508/1459 7165/4506/1458
f 7168/4507/1459 7170/4509/1460 7169/4510/1460 7167/4508/1459
f 7170/4509/1460 7172/4511/1461 7171/4512/1461 7169/4510/1460
f 7172/4511/1461 7174/4513/1462 7173/4514/1462 7171/4512/1461
f 7174/4513/1462 7176/4515/1463 7175/4516/1463 7173/4514/1462
f 7176/4515/1463 7178/4517/1464 7177/4518/1464 7175/4516/1463
f 7178/4517/1464 7180/4519/1465 7179/4520/1465 7177/4518/1464
f 7180/4519/1465 7182/4521/1466 7181/4522/1466 7179/4520/1465
f 7182/4521/1466 7184/4523/1467 7183/4524/1467 7181/4522/1466
f 7184/4523/1467 7186/4525/1468 7185/4526/1468 7183/4524/1467
f 7186/4525/1468 7188/4527/1469 7187/4528/1469 7185/4526/1468
f 7188/4527/1469 7190/4529/1470 7189/4530/1470 7187/4528/1469
f 7190/4529/1470 7192/4531/1471 7191/4532/1471 7189/4530/1470
f 7192/4531/1471 7194/4533/1472 7193/4534/1472 7191/4532/1471
f 7194/4533/1472 7196/4535/1473 7195/4536/1473 7193/4534/1472
f 7196/4535/1473 7198/4537/1474 7197/4538/1474 7195/4536/1473
f 7198/4537/1474 7200/4539/1475 7199/4540/1475 7197/4538/1474
f 7200/4539/1475 7202/4541/1476 7201/4542/1476 7199/4540/1475
f 7202/4541/1476 7204/4543/1477 7203/4544/1477 7201/4542/1476
f 7204/4543/1477 7206/4545/1478 7205/4546/1478 7203/4544/1477
f 7206/4545/1478 7208/4547/1479 7207/4548/1479 7205/4546/1478
f 7208/4547/1479 7210/4549/1480 7209/4550/1480 7207/4548/1479
f 7210/4549/1480 7212/4551/1481 7211/4552/1481 7209/4550/1480
f 7212/4551/1481 7214/4553/1482 7213/4554/1482 7211/4552/1481
f 7214/4553/1482 7216/3285/1483 7215/3286/1483 7213/4554/1482
f 7216/3285/1483 7218/4555/1484 7217/4556/1484 7215/3286/1483
f 7218/4555/1484 7220/4557/1485 7219/4558/1485 7217/4556/1484
f 7220/4557/1485 7222/4559/1486 7221/4560/1486 7219/4558/1485
f 7222/4559/1486 7224/4561/1487 7223/4562/1487 7221/4560/1486
f 7224/4561/1487 7226/4563/1488 7225/4564/1488 7223/4562/1487
f 7226/4563/1488 7228/4565/1489 7227/4566/1489 7225/4564/1488
f 7228/4565/1489 7230/4567/593 7229/4568/593 7227/4566/1489
f 7230/4567/593 7232/4569/594 7231/4570/594 7229/4568/593
f 7232/4569/594 7234/4571/1490 7233/4572/1490 7231/4570/594
f 7234/4571/1490 7236/4573/1491 7235/4574/1491 7233/4572/1490
f 7236/4573/1491 7238/4575/1492 7237/4576/1492 7235/4574/1491
f 7238/4575/1492 7240/4577/1493 7239/4578/1493 7237/4576/1492
f 7240/4577/1493 7242/4579/1494 7241/4580/1494 7239/4578/1493
f 7242/4579/1494 7244/4581/1495 7243/4582/1495 7241/4580/1494
f 7244/4581/1495 7246/4583/1496 7245/4584/1496 7243/4582/1495
f 7246/4583/1496 7248/4585/1497 7247/4586/1497 7245/4584/1496
f 7248/4585/1497 7250/4587/1498 7249/4588/1498 7247/4586/1497
f 7250/4587/1498 7252/4589/1499 7251/4590/1499 7249/4588/1498
f 7252/4589/1499 7254/4591/1500 7253/4592/1500 7251/4590/1499
f 7254/4591/1500 7256/4593/1501 7255/4594/1501 7253/4592/1500
f 7256/4593/1501 7258/4595/1502 7257/4596/1502 7255/4594/1501
f 7258/4595/1502 7260/4597/1503 7259/4598/1503 7257/4596/1502
f 7260/4597/1503 7262/4599/1504 7261/4600/1504 7259/4598/1503
f 7262/4599/1504 7264/4601/1505 7263/4602/1505 7261/4600/1504
f 7264/4601/1505 7266/4603/1506 7265/4604/1506 7263/4602/1505
f 7266/4603/1506 7268/4605/1507 7267/4606/1507 7265/4604/1506
f 7268/4605/1507 7270/4607/1508 7269/4608/1508 7267/4606/1507
f 7270/4607/1508 7272/4609/1509 7271/4610/1509 7269/4608/1508
f 7272/4609/1509 7274/4611/1510 7273/4612/1510 7271/4610/1509
f 7274/4611/1510 7276/4613/1511 7275/4614/1511 7273/4612/1510
f 7276/4613/1511 7278/4615/1512 7277/4616/1512 7275/4614/1511
f 7278/4615/1512 7280/4617/1513 7279/4618/1513 7277/4616/1512
f 7280/4617/1513 7282/4619/1514 7281/4620/1514 7279/4618/1513
f 7282/4619/1514 7284/4621/1515 7283/4622/1515 7281/4620/1514
f 7284/4621/1515 7286/4623/1516 7285/4624/1516 7283/4622/1515
f 7286/4623/1516 7288/4625/1517 7287/4626/1517 7285/4624/1516
f 7288/4625/1517 7290/4627/1518 7289/4628/1518 7287/4626/1517
f 7290/4627/1518 7292/4629/1519 7291/4630/1519 7289/4628/1518
f 7292/4629/1519 7294/4631/1520 7293/4632/1520 7291/4630/1519
f 7294/4631/1520 7296/4633/1521 7295/4634/1521 7293/4632/1520
f 7296/4633/1521 7298/4635/1522 7297/4636/1522 7295/4634/1521
f 7298/4635/1522 7300/4637/1523 7299/4638/1523 7297/4636/1522
f 7300/4637/1523 7302/4639/1524 7301/4640/1524 7299/4638/1523
f 7302/4639/1524 7304/4641/1525 7303/4642/1525 7301/4640/1524
f 7304/4641/1525 7306/4643/1526 7305/4644/1526 7303/4642/1525
f 7306/4643/1526 7308/4645/1527 7307/4646/1527 7305/4644/1526
f 7308/4645/1527 7310/4647/1528 7309/4648/1528 7307/4646/1527
f 7310/4647/1528 7312/4649/1529 7311/4650/1529 7309/4648/1528
f 7312/4649/1529 7314/4651/1530 7313/4652/1530 7311/4650/1529
f 7314/4651/1530 7316/4653/1531 7315/4654/1531 7313/4652/1530
f 7316/4653/1531 7318/4655/1532 7317/4656/1532 7315/4654/1531
f 7318/4655/1532 7320/4657/1533 7319/4658/1533 7317/4656/1532
f 7320/4657/1533 7322/4659/1534 7321/4660/1534 7319/4658/1533
f 7322/4659/1534 7324/4661/1535 7323/4662/1535 7321/4660/1534
f 7324/4661/1535 7326/4663/1536 7325/4664/1536 7323/4662/1535
f 7326/4663/1536 7328/4665/1537 7327/4666/1537 7325/4664/1536
f 7328/4665/1537 5962/2638/869 5961/176/869 7327/4666/1537
f 7330/2104/1538 7332/4667/1539 7331/4668/1539 7329/66/1538
f 7332/4667/1539 7334/4669/1540 7333/4670/1540 7331/4668/1539
f 7334/4669/1540 7336/4671/1541 7335/4672/1541 7333/4670/1540
f 7336/4671/1541 7338/4673/1542 7337/4674/1542 7335/4672/1541
f 7338/4673/1542 7340/4675/1543 7339/4676/1543 7337/4674/1542
f 7340/4675/1543 7342/4677/1544 7341/4678/1544 7339/4676/1543
f 7342/4677/1544 7344/4679/1545 7343/4680/1545 7341/4678/1544
f 7344/4679/1545 7346/4681/1546 7345/4682/1546 7343/4680/1545
f 7346/4681/1546 7348/4683/1547 7347/4684/1547 7345/4682/1546
f 7348/4683/1547 7350/4685/1548 7349/4686/1548 7347/4684/1547
f 7350/4685/1548 7352/4687/1549 7351/4688/1549 7349/4686/1548
f 7352/4687/1549 7354/4689/1550 7353/4690/1550 7351/4688/1549
f 7354/4689/1550 7356/4691/1551 7355/4692/1551 7353/4690/1550
f 7356/4691/1551 7358/4693/1552 7357/4694/1552 7355/4692/1551
f 7358/4693/1552 7360/4695/1553 7359/4696/1553 7357/4694/1552
f 7360/4695/1553 7362/4697/1554 7361/4698/1554 7359/4696/1553
f 7362/4697/1554 7364/4699/1555 7363/4700/1555 7361/4698/1554
f 7364/4699/1555 7366/4701/1556 7365/4702/1556 7363/4700/1555
f 7366/4701/1556 7368/4703/1557 7367/4704/1557 7365/4702/1556
f 7368/4703/1557 7370/4705/1558 7369/4706/1558 7367/4704/1557
f 7370/4705/1558 7372/4707/1559 7371/4708/1559 7369/4706/1558
f 7372/4707/1559 7374/4709/1560 7373/4710/1560 7371/4708/1559
f 7374/4709/1560 7376/4711/1561 7375/4712/1561 7373/4710/1560
f 7376/4711/1561 7378/4713/1562 7377/4714/1562 7375/4712/1561
f 7378/4713/1562 7380/4715/1563 7379/4716/1563 7377/4714/1562
f 7380/4715/1563 7382/4717/1564 7381/4718/1564 7379/4716/1563
f 7382/4717/1564 7384/4719/1565 7383/4720/1565 7381/4718/1564
f 7384/4719/1565 7386/4721/1566 7385/4722/1566 7383/4720/1565
f 7386/4721/1566 7388/4723/1567 7387/4724/1567 7385/4722/1566
f 7388/4723/1567 7390/4725/1568 7389/4726/1568 7387/4724/1567
f 7390/4725/1568 7392/4727/1569 7391/4728/1569 7389/4726/1568
f 7392/4727/1569 7394/4729/1570 7393/4730/1570 7391/4728/1569
f 7394/4729/1570 7396/4731/1571 7395/4732/1571 7393/4730/1570
f 7396/4731/1571 7398/4733/1572 7397/4734/1572 7395/4732/1571
f 7398/4733/1572 7400/4735/1573 7399/4736/1573 7397/4734/1572
f 7400/4735/1573 7402/4737/1574 7401/4738/1574 7399/4736/1573
f 7402/4737/1574 7404/4739/1575 7403/4740/1575 7401/4738/1574
f 7404/4739/1575 7406/4741/1576 7405/4742/1576 7403/4740/1575
f 7406/4741/1576 7408/4743/1577 7407/4744/1577 7405/4742/1576
f 7408/4743/1577 7410/4745/1578 7409/4746/1578 7407/4744/1577
f 7410/4745/1578 7412/4747/1579 7411/4748/1579 7409/4746/1578
f 7412/4747/1579 7414/4749/1580 7413/4750/1580 7411/4748/1579
f 7414/4749/1580 7416/4751/1581 7415/4752/1581 7413/4750/1580
f 7416/4751/1581 7418/4753/1582 7417/4754/1582 7415/4752/1581
f 7418/4753/1582 7420/4755/1583 7419/4756/1583 7417/4754/1582
f 7420/4755/1583 7422/4757/1584 7421/4758/1584 7419/4756/1583
f 7422/4757/1584 7424/4759/1585 7423/4760/1585 7421/4758/1584
f 7424/4759/1585 7426/4761/1586 7425/4762/1586 7423/4760/1585
f 7426/4761/1586 7428/4763/1587 7427/4764/1587 7425/4762/1586
f 7428/4763/1587 7430/4765/1588 7429/4766/1588 7427/4764/1587
f 7430/4765/1588 7432/4767/1589 7431/4768/1589 7429/4766/1588
f 7432/4767/1589 7434/4769/1590 7433/4770/1590 7431/4768/1589
f 7434/4769/1590 7436/4771/1591 7435/4772/1591 7433/4770/1590
f 7436/4771/1591 7438/4773/1592 7437/4774/1592 7435/4772/1591
f 7438/4773/1592 7440/4775/1593 7439/4776/1593 7437/4774/1592
f 7440/4775/1593 7442/4777/1594 7441/4778/1594 7439/4776/1593
f 7442/4777/1594 7444/4779/1595 7443/4780/1595 7441/4778/1594
f 7444/4779/1595 7446/4781/1596 7445/4782/1596 7443/4780/1595
f 7446/4781/1596 7448/4783/1597 7447/4784/1597 7445/4782/1596
f 7448/4783/1597 7450/4785/1598 7449/4786/1598 7447/4784/1597
f 7450/4785/1598 7452/4787/1599 7451/4788/1599 7449/4786/1598
f 7452/4787/1599 7454/4789/1600 7453/4790/1600 7451/4788/1599
f 7454/4789/1600 7456/4791/1601 7455/4792/1601 7453/4790/1600
f 7456/4791/1601 7458/4793/1602 7457/4794/1602 7455/4792/1601
f 7458/4793/1602 7460/4795/1603 7459/4796/1603 7457/4794/1602
f 7460/4795/1603 7462/4797/1604 7461/4798/1604 7459/4796/1603
f 7462/4797/1604 7464/4799/1605 7463/4800/1605 7461/4798/1604
f 7464/4799/1605 7466/4801/1606 7465/4802/1606 7463/4800/1605
f 7466/4801/1606 7468/4803/1607 7467/4804/1607 7465/4802/1606
f 7468/4803/1607 7470/4805/1608 7469/4806/1608 7467/4804/1607
f 7470/4805/1608 7472/4807/1609 7471/4808/1609 7469/4806/1608
f 7472/4807/1609 7474/4809/1610 7473/4810/1610 7471/4808/1609
f 7474/4809/1610 7476/4811/1611 7475/4812/1611 7473/4810/1610
f 7476/4811/1611 7478/4813/1612 7477/4814/1612 7475/4812/1611
f 7478/4813/1612 7480/4815/1613 7479/4816/1613 7477/4814/1612
f 7480/4815/1613 7482/4817/1614 7481/4818/1614 7479/4816/1613
f 7482/4817/1614 7484/4819/1615 7483/4820/1615 7481/4818/1614
f 7484/4819/1615 7486/4821/1616 7485/4822/1616 7483/4820/1615
f 7486/4821/1616 7488/4823/1617 7487/4824/1617 7485/4822/1616
f 7488/4823/1617 7490/4825/1618 7489/4826/1618 7487/4824/1617
f 7490/4825/1618 7492/4827/1619 7491/4828/1619 7489/4826/1618
f 7492/4827/1619 7494/4829/1620 7493/4830/1620 7491/4828/1619
f 7494/4829/1620 7496/4831/1621 7495/4832/1621 7493/4830/1620
f 7496/4831/1621 7498/4833/1622 7497/4834/1622 7495/4832/1621
f 7498/4833/1622 7500/4835/1623 7499/4836/1623 7497/4834/1622
f 7500/4835/1623 7502/4837/1624 7501/4838/1624 7499/4836/1623
f 7502/4837/1624 7504/4839/1625 7503/4840/1625 7501/4838/1624
f 7504/4839/1625 7506/4841/1626 7505/4842/1626 7503/4840/1625
f 7506/4841/1626 7508/4843/1627 7507/4844/1627 7505/4842/1626
f 7508/4843/1627 7510/4845/1628 7509/4846/1628 7507/4844/1627
f 7510/4845/1628 7512/4847/1629 7511/4848/1629 7509/4846/1628
f 7512/4847/1629 7514/4849/1630 7513/4850/1630 7511/4848/1629
f 7514/4849/1630 7516/4851/1631 7515/4852/1631 7513/4850/1630
f 7516/4851/1631 7518/4853/1632 7517/4854/1632 7515/4852/1631
f 7518/4853/1632 7520/4855/1633 7519/4856/1633 7517/4854/1632
f 7520/4855/1633 7522/4857/1634 7521/4858/1634 7519/4856/1633
f 7522/4857/1634 7524/4859/1635 7523/4860/1635 7521/4858/1634
f 7524/4859/1635 7526/4861/1636 7525/4862/1636 7523/4860/1635
f 7526/4861/1636 7528/4863/1637 7527/4864/1637 7525/4862/1636
f 7528/4863/1637 7530/4865/1638 7529/4866/1638 7527/4864/1637
f 7530/4865/1638 7532/4867/1639 7531/4868/1639 7529/4866/1638
f 7532/4867/1639 7534/4869/1521 7533/4870/1521 7531/4868/1639
f 7534/4869/1521 7536/4871/1640 7535/4872/1640 7533/4870/1521
f 7536/4871/1640 7538/4873/1641 7537/4874/1641 7535/4872/1640
f 7538/4873/1641 7540/4875/233 7539/4876/233 7537/4874/1641
f 7540/4875/233 7542/4877/1642 7541/4878/1642 7539/4876/233
f 7542/4877/1642 7544/4879/1643 7543/4880/1643 7541/4878/1642
f 7544/4879/1643 7546/4881/1644 7545/4882/1644 7543/4880/1643
f 7546/4881/1644 7548/4883/1645 7547/4884/1645 7545/4882/1644
f 7548/4883/1645 7550/4885/1646 7549/4886/1646 7547/4884/1645
f 7550/4885/1646 7552/4887/1647 7551/4888/1647 7549/4886/1646
f 7552/4887/1647 7554/4889/1648 7553/4890/1648 7551/4888/1647
f 7554/4889/1648 7556/4891/1649 7555/4892/1649 7553/4890/1648
f 7556/4891/1649 7558/4893/1650 7557/4894/1650 7555/4892/1649
f 7558/4893/1650 7560/4895/1651 7559/4896/1651 7557/4894/1650
f 7560/4895/1651 7562/4897/1652 7561/4898/1652 7559/4896/1651
f 7562/4897/1652 7564/4899/1653 7563/4900/1653 7561/4898/1652
f 7564/4899/1653 7566/4901/1654 7565/4902/1654 7563/4900/1653
f 7566/4901/1654 7568/4903/1655 7567/4904/1655 7565/4902/1654
f 7568/4903/1655 7570/4905/1656 7569/4906/1656 7567/4904/1655
f 7570/4905/1656 7572/4907/1657 7571/4908/1657 7569/4906/1656
f 7572/4907/1657 7574/4909/1658 7573/4910/1658 7571/4908/1657
f 7574/4909/1658 7576/4911/1659 7575/4912/1659 7573/4910/1658
f 7576/4911/1659 7578/4913/1660 7577/4914/1660 7575/4912/1659
f 7578/4913/1660 7580/4915/1661 7579/4916/1661 7577/4914/1660
f 7580/4915/1661 7582/4917/1662 7581/4918/1662 7579/4916/1661
f 7582/4917/1662 7584/4919/1663 7583/4920/1663 7581/4918/1662
f 7584/4919/1663 7586/4921/1664 7585/4922/1664 7583/4920/1663
f 7586/4921/1664 7588/4923/1665 7587/4924/1665 7585/4922/1664
f 7588/4923/1665 7590/4925/1666 7589/4926/1666 7587/4924/1665
f 7590/4925/1666 7592/4927/1667 7591/4928/1667 7589/4926/1666
f 7592/4927/1667 7594/4929/1668 7593/4930/1668 7591/4928/1667
f 7594/4929/1668 7596/4931/1669 7595/4932/1669 7593/4930/1668
f 7596/4931/1669 7598/4933/1670 7597/4934/1670 7595/4932/1669
f 7598/4933/1670 7600/4935/1671 7599/4936/1671 7597/4934/1670
f 7600/4935/1671 7602/4937/1672 7601/4938/1672 7599/4936/1671
f 7602/4937/1672 7604/4939/1673 7603/4940/1673 7601/4938/1672
f 7604/4939/1673 7606/4941/1674 7605/4942/1674 7603/4940/1673
f 7606/4941/1674 7608/4943/1675 7607/4944/1675 7605/4942/1674
f 7608/4943/1675 7610/4945/1676 7609/4946/1676 7607/4944/1675
f 7610/4945/1676 7612/4947/1677 7611/4948/1677 7609/4946/1676
f 7612/4947/1677 7614/4949/1678 7613/4950/1678 7611/4948/1677
f 7614/4949/1678 7616/4951/1679 7615/4952/1679 7613/4950/1678
f 7616/4951/1679 7618/4953/1680 7617/4954/1680 7615/4952/1679
f 7618/4953/1680 7620/4955/1681 7619/4956/1681 7617/4954/1680
f 7620/4955/1681 7622/4957/1682 7621/4958/1682 7619/4956/1681
f 7622/4957/1682 7624/4959/1683 7623/4960/1683 7621/4958/1682
f 7624/4959/1683 7626/4961/1684 7625/4962/1684 7623/4960/1683
f 7626/4961/1684 7628/4963/1685 7627/4964/1685 7625/4962/1684
f 7628/4963/1685 7630/4965/1686 7629/4966/1686 7627/4964/1685
f 7630/4965/1686 7632/4967/1687 7631/4968/1687 7629/4966/1686
f 7632/4967/1687 7634/4969/1688 7633/4970/1688 7631/4968/1687
f 7634/4969/1688 7636/4971/1689 7635/4972/1689 7633/4970/1688
f 7636/4971/1689 7638/4973/1690 7637/4974/1690 7635/4972/1689
f 7638/4973/1690 7640/4975/1691 7639/4976/1691 7637/4974/1690
f 7640/4975/1691 7642/4977/1692 7641/4978/1692 7639/4976/1691
f 7642/4977/1692 7644/4979/1693 7643/4980/1693 7641/4978/1692
f 7644/4979/1693 7646/4981/1694 7645/4982/1694 7643/4980/1693
f 7646/4981/1694 7648/4983/1695 7647/4984/1695 7645/4982/1694
f 7648/4983/1695 7650/4985/1696 7649/4986/1696 7647/4984/1695
f 7650/4985/1696 7652/4987/1697 7651/4988/1697 7649/4986/1696
f 7652/4987/1697 7654/4989/1698 7653/4990/1698 7651/4988/1697
f 7654/4989/1698 7656/4991/1699 7655/4992/1699 7653/4990/1698
f 7656/4991/1699 7658/4993/1700 7657/4994/1700 7655/4992/1699
f 7658/4993/1700 7660/4995/1701 7659/4996/1701 7657/4994/1700
f 7660/4995/1701 7662/4997/1702 7661/4998/1702 7659/4996/1701
f 7662/4997/1702 7664/4999/1703 7663/5000/1703 7661/4998/1702
f 7664/4999/1703 7666/5001/1704 7665/5002/1704 7663/5000/1703
f 7666/5001/1704 7668/5003/1705 7667/5004/1705 7665/5002/1704
f 7668/5003/1705 7670/5005/1706 7669/5006/1706 7667/5004/1705
f 7670/5005/1706 7672/5007/873 7671/5008/873 7669/5006/1706
f 7672/5007/873 7674/5009/1707 7673/5010/1707 7671/5008/873
f 7674/5009/1707 7676/5011/1708 7675/5012/1708 7673/5010/1707
f 7676/5011/1708 7678/5013/1709 7677/5014/1709 7675/5012/1708
f 7678/5013/1709 7680/5015/1710 7679/5016/1710 7677/5014/1709
f 7680/5015/1710 7682/5017/1711 7681/5018/1711 7679/5016/1710
f 7682/5017/1711 7684/5019/1712 7683/5020/1712 7681/5018/1711
f 7684/5019/1712 7686/5021/1713 7685/5022/1713 7683/5020/1712
f 7686/5021/1713 7688/5023/1714 7687/5024/1714 7685/5022/1713
f 7688/5023/1714 7690/5025/1715 7689/5026/1715 7687/5024/1714
f 7690/5025/1715 7692/5027/1716 7691/5028/1716 7689/5026/1715
f 7692/5027/1716 7694/5029/1717 7693/5030/1717 7691/5028/1716
f 7694/5029/1717 7696/5031/1718 7695/5032/1718 7693/5030/1717
f 7696/5031/1718 7698/5033/1719 7697/5034/1719 7695/5032/1718
f 7698/5033/1719 7700/5035/1720 7699/5036/1720 7697/5034/1719
f 7700/5035/1720 7702/5037/1721 7701/5038/1721 7699/5036/1720
f 7702/5037/1721 7704/5039/1722 7703/5040/1722 7701/5038/1721
f 7704/5039/1722 7706/5041/1723 7705/5042/1723 7703/5040/1722
f 7706/5041/1723 7708/5043/1724 7707/5044/1724 7705/5042/1723
f 7708/5043/1724 7710/5045/1725 7709/5046/1725 7707/5044/1724
f 7710/5045/1725 7712/5047/1726 7711/5048/1726 7709/5046/1725
f 7712/5047/1726 7714/5049/1727 7713/5050/1727 7711/5048/1726
f 7714/5049/1727 7716/5051/1728 7715/5052/1728 7713/5050/1727
f 7716/5051/1728 7718/5053/1729 7717/5054/1729 7715/5052/1728
f 7718/5053/1729 7720/5055/1730 7719/5056/1730 7717/5054/1729
f 7720/5055/1730 7722/5057/1731 7721/5058/1731 7719/5056/1730
f 7722/5057/1731 7724/5059/1732 7723/5060/1732 7721/5058/1731
f 7724/5059/1732 7726/5061/1733 7725/5062/1733 7723/5060/1732
f 7726/5061/1733 7728/5063/418 7727/5064/418 7725/5062/1733
f 7728/5063/418 7730/5065/1734 7729/5066/1734 7727/5064/418
f 7730/5065/1734 7732/5067/1735 7731/5068/1735 7729/5066/1734
f 7732/5067/1735 7734/5069/1736 7733/5070/1736 7731/5068/1735
f 7734/5069/1736 7736/5071/1737 7735/5072/1737 7733/5070/1736
f 7736/5071/1737 7738/5073/1738 7737/5074/1738 7735/5072/1737
f 7738/5073/1738 7740/5075/1739 7739/5076/1739 7737/5074/1738
f 7740/5075/1739 7742/5077/1740 7741/5078/1740 7739/5076/1739
f 7742/5077/1740 7744/5079/1741 7743/5080/1741 7741/5078/1740
f 7744/5079/1741 7746/5081/1742 7745/5082/1742 7743/5080/1741
f 7746/5081/1742 7748/5083/1743 7747/5084/1743 7745/5082/1742
f 7748/5083/1743 7750/5085/1744 7749/5086/1744 7747/5084/1743
f 7750/5085/1744 7752/5087/737 7751/5088/737 7749/5086/1744
f 7752/5087/737 7754/5089/34 7753/5090/34 7751/5088/737
f 7754/5089/34 7756/5091/1745 7755/5092/1745 7753/5090/34
f 7756/5091/1745 7758/5093/1746 7757/5094/1746 7755/5092/1745
f 7758/5093/1746 7760/5095/1747 7759/5096/1747 7757/5094/1746
f 7760/5095/1747 7762/5097/1748 7761/5098/1748 7759/5096/1747
f 7762/5097/1748 7764/5099/1749 7763/5100/1749 7761/5098/1748
f 7764/5099/1749 7766/5101/1750 7765/5102/1750 7763/5100/1749
f 7766/5101/1750 7768/5103/1751 7767/5104/1751 7765/5102/1750
f 7768/5103/1751 7770/5105/1752 7769/5106/1752 7767/5104/1751
f 7770/5105/1752 7772/5107/1753 7771/5108/1753 7769/5106/1752
f 7772/5107/1753 7774/5109/1754 7773/5110/1754 7771/5108/1753
f 7774/5109/1754 7776/5111/1755 7775/5112/1755 7773/5110/1754
f 7776/5111/1755 7778/5113/1756 7777/5114/1756 7775/5112/1755
f 7778/5113/1756 7780/5115/1757 7779/5116/1757 7777/5114/1756
f 7780/5115/1757 7782/5117/1758 7781/5118/1758 7779/5116/1757
f 7782/5117/1758 7784/5119/1759 7783/5120/1759 7781/5118/1758
f 7784/5119/1759 7786/5121/1760 7785/5122/1760 7783/5120/1759
f 7786/5121/1760 7788/5123/1761 7787/5124/1761 7785/5122/1760
f 7788/5123/1761 7790/5125/1762 7789/5126/1762 7787/5124/1761
f 7790/5125/1762 7792/5127/1763 7791/5128/1763 7789/5126/1762
f 7792/5127/1763 7794/5129/1572 7793/5130/1572 7791/5128/1763
f 7794/5129/1572 7796/5131/1764 7795/5132/1764 7793/5130/1572
f 7796/5131/1764 7798/5133/1765 7797/5134/1765 7795/5132/1764
f 7798/5133/1765 7800/5135/1766 7799/5136/1766 7797/5134/1765
f 7800/5135/1766 7802/5137/1767 7801/5138/1767 7799/5136/1766
f 7802/5137/1767 7804/5139/1768 7803/5140/1768 7801/5138/1767
f 7804/5139/1768 7806/5141/1769 7805/5142/1769 7803/5140/1768
f 7806/5141/1769 7808/5143/1770 7807/5144/1770 7805/5142/1769
f 7808/5143/1770 7810/5145/1771 7809/5146/1771 7807/5144/1770
f 7810/5145/1771 7812/5147/1772 7811/5148/1772 7809/5146/1771
f 7812/5147/1772 7814/5149/1773 7813/5150/1773 7811/5148/1772
f 7814/5149/1773 7816/5151/1774 7815/5152/1774 7813/5150/1773
f 7816/5151/1774 7818/5153/1775 7817/5154/1775 7815/5152/1774
f 7818/5153/1775 7820/5155/1776 7819/5156/1776 7817/5154/1775
f 7820/5155/1776 7822/5157/1777 7821/5158/1777 7819/5156/1776
f 7822/5157/1777 7824/5159/1778 7823/5160/1778 7821/5158/1777
f 7824/5159/1778 7826/5161/1779 7825/5162/1779 7823/5160/1778
f 7826/5161/1779 7828/5163/1780 7827/5164/1780 7825/5162/1779
f 7828/5163/1780 7830/5165/1781 7829/5166/1781 7827/5164/1780
f 7830/5165/1781 7832/5167/1782 7831/5168/1782 7829/5166/1781
f 7832/5167/1782 7834/5169/1783 7833/5170/1783 7831/5168/1782
f 7834/5169/1783 7836/5171/1784 7835/5172/1784 7833/5170/1783
f 7836/5171/1784 7838/5173/1785 7837/5174/1785 7835/5172/1784
f 7838/5173/1785 7840/5175/1786 7839/5176/1786 7837/5174/1785
f 7840/5175/1786 7842/5177/1787 7841/5178/1787 7839/5176/1786
f 7842/5177/1787 7844/5179/1788 7843/5180/1788 7841/5178/1787
f 7844/5179/1788 7846/5181/1789 7845/5182/1789 7843/5180/1788
f 7846/5181/1789 7848/5183/1588 7847/5184/1588 7845/5182/1789
f 7848/5183/1588 7850/5185/1790 7849/5186/1790 7847/5184/1588
f 7850/5185/1790 7852/5187/1791 7851/5188/1791 7849/5186/1790
f 7852/5187/1791 7854/5189/1792 7853/5190/1792 7851/5188/1791
f 7854/5189/1792 7856/5191/1793 7855/5192/1793 7853/5190/1792
f 7856/5191/1793 7858/5193/1590 7857/5194/1590 7855/5192/1793
f 7858/5193/1590 7860/5195/1794 7859/5196/1794 7857/5194/1590
f 7860/5195/1794 7862/5197/1795 7861/5198/1795 7859/5196/1794
f 7862/5197/1795 7864/5199/1796 7863/5200/1796 7861/5198/1795
f 7864/5199/1796 7866/5201/1797 7865/5202/1797 7863/5200/1796
f 7866/5201/1797 7868/5203/1798 7867/5204/1798 7865/5202/1797
f 7868/5203/1798 7870/5205/1799 7869/5206/1799 7867/5204/1798
f 7870/5205/1799 7872/5207/1800 7871/5208/1800 7869/5206/1799
f 7872/5207/1800 7874/5209/1801 7873/5210/1801 7871/5208/1800
f 7874/5209/1801 7876/5211/1802 7875/5212/1802 7873/5210/1801
f 7876/5211/1802 7878/5213/1803 7877/5214/1803 7875/5212/1802
f 7878/5213/1803 7880/5215/1804 7879/5216/1804 7877/5214/1803
f 7880/5215/1804 7882/5217/1805 7881/5218/1805 7879/5216/1804
f 7882/5217/1805 7884/5219/1806 7883/5220/1806 7881/5218/1805
f 7884/5219/1806 7886/5221/1807 7885/5222/1807 7883/5220/1806
f 7886/5221/1807 7888/5223/1808 7887/5224/1808 7885/5222/1807
f 7888/5223/1808 7890/5225/1809 7889/5226/1809 7887/5224/1808
f 7890/5225/1809 7892/5227/1810 7891/5228/1810 7889/5226/1809
f 7892/5227/1810 7894/5229/1811 7893/5230/1811 7891/5228/1810
f 7894/5229/1811 7896/5231/1812 7895/5232/1812 7893/5230/1811
f 7896/5231/1812 7898/5233/1813 7897/5234/1813 7895/5232/1812
f 7898/5233/1813 7900/5235/1814 7899/5236/1814 7897/5234/1813
f 7900/5235/1814 7902/5237/1815 7901/5238/1815 7899/5236/1814
f 7902/5237/1815 7904/5239/1816 7903/5240/1816 7901/5238/1815
f 7904/5239/1816 7906/5241/1817 7905/5242/1817 7903/5240/1816
f 7906/5241/1817 7908/5243/1818 7907/5244/1818 7905/5242/1817
f 7908/5243/1818 7910/5245/1819 7909/5246/1819 7907/5244/1818
f 7910/5245/1819 7912/5247/1820 7911/5248/1820 7909/5246/1819
f 7912/5247/1820 7914/5249/1821 7913/5250/1821 7911/5248/1820
f 7914/5249/1821 7916/5251/1822 7915/5252/1822 7913/5250/1821
f 7916/5251/1822 7918/5253/1823 7917/5254/1823 7915/5252/1822
f 7918/5253/1823 7920/5255/1824 7919/5256/1824 7917/5254/1823
f 7920/5255/1824 7922/5257/1172 7921/5258/1172 7919/5256/1824
f 7922/5257/1172 7924/5259/1825 7923/5260/1825 7921/5258/1172
f 7924/5259/1825 7926/5261/1826 7925/5262/1826 7923/5260/1825
f 7926/5261/1826 7928/5263/1827 7927/5264/1827 7925/5262/1826
f 7928/5263/1827 7930/5265/1828 7929/5266/1828 7927/5264/1827
f 7930/5265/1828 7932/5267/1829 7931/5268/1829 7929/5266/1828
f 7932/5267/1829 7934/5269/1830 7933/5270/1830 7931/5268/1829
f 7934/5269/1830 7936/5271/1831 7935/5272/1831 7933/5270/1830
f 7936/5271/1831 7938/5273/1832 7937/5274/1832 7935/5272/1831
f 7938/5273/1832 7940/5275/1833 7939/5276/1833 7937/5274/1832
f 7940/5275/1833 7942/5277/296 7941/5278/296 7939/5276/1833
f 7942/5277/296 7944/5279/1834 7943/5280/1834 7941/5278/296
f 7944/5279/1834 7946/5281/1835 7945/5282/1835 7943/5280/1834
f 7946/5281/1835 7948/5283/1836 7947/5284/1836 7945/5282/1835
f 7948/5283/1836 7950/5285/1837 7949/5286/1837 7947/5284/1836
f 7950/5285/1837 7952/5287/1838 7951/5288/1838 7949/5286/1837
f 7952/5287/1838 7954/5289/1839 7953/5290/1839 7951/5288/1838
f 7954/5289/1839 7956/5291/1840 7955/5292/1840 7953/5290/1839
f 7956/5291/1840 7958/5293/1841 7957/5294/1841 7955/5292/1840
f 7958/5293/1841 7960/5295/1842 7959/5296/1842 7957/5294/1841
f 7960/5295/1842 7962/5297/1843 7961/5298/1843 7959/5296/1842
f 7962/5297/1843 7964/5299/1844 7963/5300/1844 7961/5298/1843
f 7964/5299/1844 7966/5301/1845 7965/5302/1845 7963/5300/1844
f 7966/5301/1845 7968/5303/1846 7967/5304/1846 7965/5302/1845
f 7968/5303/1846 7970/5305/1847 7969/5306/1847 7967/5304/1846
f 7970/5305/1847 7972/5307/1848 7971/5308/1848 7969/5306/1847
f 7972/5307/1848 7974/5309/520 7973/5310/520 7971/5308/1848
f 7974/5309/520 7976/5311/1849 7975/5312/1849 7973/5310/520
f 7976/5311/1849 7978/5313/1850 7977/5314/1850 7975/5312/1849
f 7978/5313/1850 7980/5315/523 7979/5316/523 7977/5314/1850
f 7980/5315/523 7982/5317/1851 7981/5318/1851 7979/5316/523
f 7982/5317/1851 7984/5319/1852 7983/5320/1852 7981/5318/1851
f 7984/5319/1852 7986/5321/1853 7985/5322/1853 7983/5320/1852
f 7986/5321/1853 7988/5323/1854 7987/5324/1854 7985/5322/1853
f 7988/5323/1854 7990/5325/1214 7989/5326/1214 7987/5324/1854
f 7990/5325/1214 7992/5327/1855 7991/5328/1855 7989/5326/1214
f 7992/5327/1855 7994/5329/1856 7993/5330/1856 7991/5328/1855
f 7994/5329/1856 7996/5331/1857 7995/5332/1857 7993/5330/1856
f 7996/5331/1857 7998/5333/1221 7997/5334/1221 7995/5332/1857
f 7998/5333/1221 8000/5335/1858 7999/5336/1858 7997/5334/1221
f 8000/5335/1858 8002/5337/1859 8001/5338/1859 7999/5336/1858
f 8002/5337/1859 8004/5339/1860 8003/5340/1860 8001/5338/1859
f 8004/5339/1860 8006/5341/1861 8005/5342/1861 8003/5340/1860
f 8006/5341/1861 8008/5343/1862 8007/5344/1862 8005/5342/1861
f 8008/5343/1862 8010/5345/1863 8009/5346/1863 8007/5344/1862
f 8010/5345/1863 8012/5347/1864 8011/5348/1864 8009/5346/1863
f 8012/5347/1864 8014/5349/1865 8013/5350/1865 8011/5348/1864
f 8014/5349/1865 8016/5351/1866 8015/5352/1866 8013/5350/1865
f 8016/5351/1866 8018/5353/1867 8017/5354/1867 8015/5352/1866
f 8018/5353/1867 8020/5355/1868 8019/5356/1868 8017/5354/1867
f 8020/5355/1868 8022/5357/1869 8021/5358/1869 8019/5356/1868
f 8022/5357/1869 8024/5359/1870 8023/5360/1870 8021/5358/1869
f 8024/5359/1870 8026/5361/1871 8025/5362/1871 8023/5360/1870
f 8026/5361/1871 8028/5363/1872 8027/5364/1872 8025/5362/1871
f 8028/5363/1872 8030/5365/1252 8029/5366/1252 8027/5364/1872
f 8030/5365/1252 8032/5367/1873 8031/5368/1873 8029/5366/1252
f 8032/5367/1873 8034/5369/1874 8033/5370/1874 8031/5368/1873
f 8034/5369/1874 8036/5371/1875 8035/5372/1875 8033/5370/1874
f 8036/5371/1875 8038/5373/1876 8037/5374/1876 8035/5372/1875
f 8038/5373/1876 8040/5375/1877 8039/5376/1877 8037/5374/1876
f 8040/5375/1877 8042/5377/1878 8041/5378/1878 8039/5376/1877
f 8042/5377/1878 8044/5379/1879 8043/5380/1879 8041/5378/1878
f 8044/5379/1879 8046/5381/1880 8045/5382/1880 8043/5380/1879
f 8046/5381/1880 8048/5383/1881 8047/5384/1881 8045/5382/1880
f 8048/5383/1881 8050/5385/1882 8049/5386/1882 8047/5384/1881
f 8050/5385/1882 8052/5387/1883 8051/5388/1883 8049/5386/1882
f 8052/5387/1883 8054/5389/1884 8053/5390/1884 8051/5388/1883
f 8054/5389/1884 8056/5391/1885 8055/5392/1885 8053/5390/1884
f 8056/5391/1885 8058/5393/1886 8057/5394/1886 8055/5392/1885
f 8058/5393/1886 8060/5395/1887 8059/5396/1887 8057/5394/1886
f 8060/5395/1887 8062/5397/1888 8061/5398/1888 8059/5396/1887
f 8062/5397/1888 8064/5399/1889 8063/5400/1889 8061/5398/1888
f 8064/5399/1889 8066/5401/1890 8065/5402/1890 8063/5400/1889
f 8066/5401/1890 8068/5403/1891 8067/5404/1891 8065/5402/1890
f 8068/5403/1891 8070/5405/1892 8069/5406/1892 8067/5404/1891
f 8070/5405/1892 8072/5407/1893 8071/5408/1893 8069/5406/1892
f 8072/5407/1893 8074/5409/1894 8073/5410/1894 8071/5408/1893
f 8074/5409/1894 8076/5411/1895 8075/5412/1895 8073/5410/1894
f 8076/5411/1895 8078/5413/1896 8077/5414/1896 8075/5412/1895
f 8078/5413/1896 8080/5415/1897 8079/5416/1897 8077/5414/1896
f 8080/5415/1897 8082/5417/1898 8081/5418/1898 8079/5416/1897
f 8082/5417/1898 8084/5419/1899 8083/5420/1899 8081/5418/1898
f 8084/5419/1899 8086/5421/1900 8085/5422/1900 8083/5420/1899
f 8086/5421/1900 8088/5423/1901 8087/5424/1901 8085/5422/1900
f 8088/5423/1901 8090/5425/1902 8089/5426/1902 8087/5424/1901
f 8090/5425/1902 8092/5427/1903 8091/5428/1903 8089/5426/1902
f 8092/5427/1903 8094/5429/1904 8093/5430/1904 8091/5428/1903
f 8094/5429/1904 8096/5431/1905 8095/5432/1905 8093/5430/1904
f 8096/5431/1905 8098/5433/1906 8097/5434/1906 8095/5432/1905
f 8098/5433/1906 8100/5435/1907 8099/5436/1907 8097/5434/1906
f 8100/5435/1907 8102/5437/1908 8101/5438/1908 8099/5436/1907
f 8102/5437/1908 8104/5439/1909 8103/5440/1909 8101/5438/1908
f 8104/5439/1909 8106/5441/1910 8105/5442/1910 8103/5440/1909
f 8106/5441/1910 8108/5443/1911 8107/5444/1911 8105/5442/1910
f 8108/5443/1911 8110/5445/1912 8109/5446/1912 8107/5444/1911
f 8110/5445/1912 8112/5447/1913 8111/5448/1913 8109/5446/1912
f 8112/5447/1913 8114/5449/1914 8113/5450/1914 8111/5448/1913
f 8114/5449/1914 8116/5451/1915 8115/5452/1915 8113/5450/1914
f 8116/5451/1915 8118/5453/1916 8117/5454/1916 8115/5452/1915
f 8118/5453/1916 8120/5455/1917 8119/5456/1917 8117/5454/1916
f 8120/5455/1917 8122/5457/1918 8121/5458/1918 8119/5456/1917
f 8122/5457/1918 8124/5459/1919 8123/5460/1919 8121/5458/1918
f 8124/5459/1919 8126/5461/1920 8125/5462/1920 8123/5460/1919
f 8126/5461/1920 8128/5463/1921 8127/5464/1921 8125/5462/1920
f 8128/5463/1921 8130/5465/1922 8129/5466/1922 8127/5464/1921
f 8130/5465/1922 8132/5467/1923 8131/5468/1923 8129/5466/1922
f 8132/5467/1923 8134/5469/1924 8133/5470/1924 8131/5468/1923
f 8134/5469/1924 8136/5471/1925 8135/5472/1925 8133/5470/1924
f 8136/5471/1925 8138/5473/1926 8137/5474/1926 8135/5472/1925
f 8138/5473/1926 8140/5475/1927 8139/5476/1927 8137/5474/1926
f 8140/5475/1927 8142/5477/1928 8141/5478/1928 8139/5476/1927
f 8142/5477/1928 8144/5479/1929 8143/5480/1929 8141/5478/1928
f 8144/5479/1929 8146/5481/1930 8145/5482/1930 8143/5480/1929
f 8146/5481/1930 8148/5483/1931 8147/5484/1931 8145/5482/1930
f 8148/5483/1931 8150/5485/1932 8149/5486/1932 8147/5484/1931
f 8150/5485/1932 8152/5487/1933 8151/5488/1933 8149/5486/1932
f 8152/5487/1933 8154/5489/1934 8153/5490/1934 8151/5488/1933
f 8154/5489/1934 8156/5491/1935 8155/5492/1935 8153/5490/1934
f 8156/5491/1935 8158/5493/1045 8157/5494/1045 8155/5492/1935
f 8158/5493/1045 8160/5495/1936 8159/5496/1936 8157/5494/1045
f 8160/5495/1936 8162/5497/1937 8161/5498/1937 8159/5496/1936
f 8162/5497/1937 8164/5499/1938 8163/5500/1938 8161/5498/1937
f 8164/5499/1938 8166/5501/1939 8165/5502/1939 8163/5500/1938
f 8166/5501/1939 8168/5503/1940 8167/5504/1940 8165/5502/1939
f 8168/5503/1940 8170/5505/1941 8169/5506/1941 8167/5504/1940
f 8170/5505/1941 8172/5507/1942 8171/5508/1942 8169/5506/1941
f 8172/5507/1942 8174/5509/1943 8173/5510/1943 8171/5508/1942
f 8174/5509/1943 8176/5511/1944 8175/5512/1944 8173/5510/1943
f 8176/5511/1944 8178/5513/1945 8177/5514/1945 8175/5512/1944
f 8178/5513/1945 8180/5515/1946 8179/5516/1946 8177/5514/1945
f 8180/5515/1946 8182/5517/1947 8181/5518/1947 8179/5516/1946
f 8182/5517/1947 8184/5519/1948 8183/5520/1948 8181/5518/1947
f 8184/5519/1948 8186/5521/1949 8185/5522/1949 8183/5520/1948
f 8186/5521/1949 8188/5523/1950 8187/5524/1950 8185/5522/1949
f 8188/5523/1950 8190/5525/1951 8189/5526/1951 8187/5524/1950
f 8190/5525/1951 8192/5527/1952 8191/5528/1952 8189/5526/1951
f 8192/5527/1952 8194/5529/1953 8193/5530/1953 8191/5528/1952
f 8194/5529/1953 7330/2638/1538 7329/176/1538 8193/5530/1953
f 8196/2104/1954 8198/5531/1955 8197/5532/1955 8195/66/1954
f 8198/5531/1955 8200/5533/1956 8199/5534/1956 8197/5532/1955
f 8200/5533/1956 8202/5535/1957 8201/5536/1957 8199/5534/1956
f 8202/5535/1957 8204/5537/1958 8203/5538/1958 8201/5536/1957
f 8204/5537/1958 8206/5539/1959 8205/5540/1959 8203/5538/1958
f 8206/5539/1959 8208/5541/1960 8207/5542/1960 8205/5540/1959
f 8208/5541/1960 8210/5543/1961 8209/5544/1961 8207/5542/1960
f 8210/5543/1961 8212/5545/1962 8211/5546/1962 8209/5544/1961
f 8212/5545/1962 8214/5547/1963 8213/5548/1963 8211/5546/1962
f 8214/5547/1963 8216/5549/1964 8215/5550/1964 8213/5548/1963
f 8216/5549/1964 8218/5551/1965 8217/5552/1965 8215/5550/1964
f 8218/5551/1965 8220/5553/1966 8219/5554/1966 8217/5552/1965
f 8220/5553/1966 8222/5555/1967 8221/5556/1967 8219/5554/1966
f 8222/5555/1967 8224/5557/1968 8223/5558/1968 8221/5556/1967
f 8224/5557/1968 8226/5559/1969 8225/5560/1969 8223/5558/1968
f 8226/5559/1969 8228/5561/1970 8227/5562/1970 8225/5560/1969
f 8228/5561/1970 8230/5563/1971 8229/5564/1971 8227/5562/1970
f 8230/5563/1971 8232/5565/1972 8231/5566/1972 8229/5564/1971
f 8232/5565/1972 8234/5567/1973 8233/5568/1973 8231/5566/1972
f 8234/5567/1973 8236/5569/1974 8235/5570/1974 8233/5568/1973
f 8236/5569/1974 8238/5571/1975 8237/5572/1975 8235/5570/1974
f 8238/5571/1975 8240/5573/1976 8239/5574/1976 8237/5572/1975
f 8240/5573/1976 8242/5575/1977 8241/5576/1977 8239/5574/1976
f 8242/5575/1977 8244/5577/1978 8243/5578/1978 8241/5576/1977
f 8244/5577/1978 8246/5579/1979 8245/5580/1979 8243/5578/1978
f 8246/5579/1979 8248/5581/1980 8247/5582/1980 8245/5580/1979
f 8248/5581/1980 8250/5583/1981 8249/5584/1981 8247/5582/1980
f 8250/5583/1981 8252/5585/1982 8251/5586/1982 8249/5584/1981
f 8252/5585/1982 8254/5587/1983 8253/5588/1983 8251/5586/1982
f 8254/5587/1983 8256/5589/1160 8255/5590/1160 8253/5588/1983
f 8256/5589/1160 8258/5591/1984 8257/5592/1984 8255/5590/1160
f 8258/5591/1984 8260/5593/1985 8259/5594/1985 8257/5592/1984
f 8260/5593/1985 8262/5595/1986 8261/5596/1986 8259/5594/1985
f 8262/5595/1986 8264/5597/1987 8263/5598/1987 8261/5596/1986
f 8264/5597/1987 8266/5599/1988 8265/5600/1988 8263/5598/1987
f 8266/5599/1988 8268/5601/1989 8267/5602/1989 8265/5600/1988
f 8268/5601/1989 8270/5603/1990 8269/5604/1990 8267/5602/1989
f 8270/5603/1990 8272/5605/1991 8271/5606/1991 8269/5604/1990
f 8272/5605/1991 8274/5607/1992 8273/5608/1992 8271/5606/1991
f 8274/5607/1992 8276/5609/1993 8275/5610/1993 8273/5608/1992
f 8276/5609/1993 8278/5611/1994 8277/5612/1994 8275/5610/1993
f 8278/5611/1994 8280/5613/1995 8279/5614/1995 8277/5612/1994
f 8280/5613/1995 8282/5615/1996 8281/5616/1996 8279/5614/1995
f 8282/5615/1996 8284/5617/1997 8283/5618/1997 8281/5616/1996
f 8284/5617/1997 8286/5619/1998 8285/5620/1998 8283/5618/1997
f 8286/5619/1998 8288/5621/1999 8287/5622/1999 8285/5620/1998
f 8288/5621/1999 8290/5623/2000 8289/5624/2000 8287/5622/1999
f 8290/5623/2000 8292/5625/2001 8291/5626/2001 8289/5624/2000
f 8292/5625/2001 8294/5627/2002 8293/5628/2002 8291/5626/2001
f 8294/5627/2002 8296/5629/2003 8295/5630/2003 8293/5628/2002
f 8296/5629/2003 8298/5631/2004 8297/5632/2004 8295/5630/2003
f 8298/5631/2004 8300/5633/2005 8299/5634/2005 8297/5632/2004
f 8300/5633/2005 8302/5635/2006 8301/5636/2006 8299/5634/2005
f 8302/5635/2006 8304/5637/2007 8303/5638/2007 8301/5636/2006
f 8304/5637/2007 8306/5639/2008 8305/5640/2008 8303/5638/2007
f 8306/5639/2008 8308/5641/2009 8307/5642/2009 8305/5640/2008
f 8308/5641/2009 8310/5643/2010 8309/5644/2010 8307/5642/2009
f 8310/5643/2010 8312/5645/2011 8311/5646/2011 8309/5644/2010
f 8312/5645/2011 8314/5647/2012 8313/5648/2012 8311/5646/2011
f 8314/5647/2012 8316/5649/2013 8315/5650/2013 8313/5648/2012
f 8316/5649/2013 8318/5651/2014 8317/5652/2014 8315/5650/2013
f 8318/5651/2014 8320/5653/2015 8319/5654/2015 8317/5652/2014
f 8320/5653/2015 8322/5655/2016 8321/5656/2016 8319/5654/2015
f 8322/5655/2016 8324/5657/2017 8323/5658/2017 8321/5656/2016
f 8324/5657/2017 8326/5659/2018 8325/5660/2018 8323/5658/2017
f 8326/5659/2018 8328/5661/2019 8327/5662/2019 8325/5660/2018
f 8328/5661/2019 8330/5663/722 8329/5664/722 8327/5662/2019
f 8330/5663/722 8332/5665/2020 8331/5666/2020 8329/5664/722
f 8332/5665/2020 8334/5667/2021 8333/5668/2021 8331/5666/2020
f 8334/5667/2021 8336/5669/2022 8335/5670/2022 8333/5668/2021
f 8336/5669/2022 8338/5671/2023 8337/5672/2023 8335/5670/2022
f 8338/5671/2023 8340/5673/2024 8339/5674/2024 8337/5672/2023
f 8340/5673/2024 8342/5675/2025 8341/5676/2025 8339/5674/2024
f 8342/5675/2025 8344/5677/2026 8343/5678/2026 8341/5676/2025
f 8344/5677/2026 8346/5679/731 8345/5680/731 8343/5678/2026
f 8346/5679/731 8348/5681/2027 8347/5682/2027 8345/5680/731
f 8348/5681/2027 8350/5683/2028 8349/5684/2028 8347/5682/2027
f 8350/5683/2028 8352/5685/2029 8351/5686/2029 8349/5684/2028
f 8352/5685/2029 8354/5687/2030 8353/5688/2030 8351/5686/2029
f 8354/5687/2030 8356/5689/2031 8355/5690/2031 8353/5688/2030
f 8356/5689/2031 8358/5691/2032 8357/5692/2032 8355/5690/2031
f 8358/5691/2032 8360/5693/739 8359/5694/739 8357/5692/2032
f 8360/5693/739 8362/5695/2033 8361/5696/2033 8359/5694/739
f 8362/5695/2033 8364/5697/2034 8363/5698/2034 8361/5696/2033
f 8364/5697/2034 8366/5699/2035 8365/5700/2035 8363/5698/2034
f 8366/5699/2035 8368/5701/210 8367/5702/210 8365/5700/2035
f 8368/5701/210 8370/5703/2036 8369/5704/2036 8367/5702/210
f 8370/5703/2036 8372/5705/2037 8371/5706/2037 8369/5704/2036
f 8372/5705/2037 8374/5707/2038 8373/5708/2038 8371/5706/2037
f 8374/5707/2038 8376/5709/2039 8375/5710/2039 8373/5708/2038
f 8376/5709/2039 8378/5711/2040 8377/5712/2040 8375/5710/2039
f 8378/5711/2040 8380/5713/2041 8379/5714/2041 8377/5712/2040
f 8380/5713/2041 8382/5715/2042 8381/5716/2042 8379/5714/2041
f 8382/5715/2042 8384/5717/2043 8383/5718/2043 8381/5716/2042
f 8384/5717/2043 8386/5719/2044 8385/5720/2044 8383/5718/2043
f 8386/5719/2044 8388/5721/2045 8387/5722/2045 8385/5720/2044
f 8388/5721/2045 8390/5723/2046 8389/5724/2046 8387/5722/2045
f 8390/5723/2046 8392/5725/2047 8391/5726/2047 8389/5724/2046
f 8392/5725/2047 8394/5727/2048 8393/5728/2048 8391/5726/2047
f 8394/5727/2048 8396/5729/2049 8395/5730/2049 8393/5728/2048
f 8396/5729/2049 8398/5731/2050 8397/5732/2050 8395/5730/2049
f 8398/5731/2050 8400/5733/2051 8399/5734/2051 8397/5732/2050
f 8400/5733/2051 8402/5735/2052 8401/5736/2052 8399/5734/2051
f 8402/5735/2052 8404/5737/1680 8403/5738/1680 8401/5736/2052
f 8404/5737/1680 8406/5739/2053 8405/5740/2053 8403/5738/1680
f 8406/5739/2053 8408/5741/2054 8407/5742/2054 8405/5740/2053
f 8408/5741/2054 8410/5743/2055 8409/5744/2055 8407/5742/2054
f 8410/5743/2055 8412/5745/2056 8411/5746/2056 8409/5744/2055
f 8412/5745/2056 8414/5747/2057 8413/5748/2057 8411/5746/2056
f 8414/5747/2057 8416/5749/2058 8415/5750/2058 8413/5748/2057
f 8416/5749/2058 8418/5751/2059 8417/5752/2059 8415/5750/2058
f 8418/5751/2059 8420/5753/2060 8419/5754/2060 8417/5752/2059
f 8420/5753/2060 8422/5755/2061 8421/5756/2061 8419/5754/2060
f 8422/5755/2061 8424/5757/2062 8423/5758/2062 8421/5756/2061
f 8424/5757/2062 8426/5759/2063 8425/5760/2063 8423/5758/2062
f 8426/5759/2063 8428/5761/2064 8427/5762/2064 8425/5760/2063
f 8428/5761/2064 8430/5763/2065 8429/5764/2065 8427/5762/2064
f 8430/5763/2065 8432/5765/2066 8431/5766/2066 8429/5764/2065
f 8432/5765/2066 8434/5767/2067 8433/5768/2067 8431/5766/2066
f 8434/5767/2067 8436/5769/2068 8435/5770/2068 8433/5768/2067
f 8436/5769/2068 8196/2638/1954 8195/176/1954 8435/5770/2068
