# Blender 4.4.1
# www.blender.org
mtllib gameFont.mtl
o テキスト
v -6.254264 0.791470 -0.200000
v -6.262584 0.772158 -0.200000
v -6.270180 0.752758 -0.199999
v -6.277053 0.733269 -0.199999
v -6.283202 0.713692 -0.199999
v -6.288628 0.694027 -0.199999
v -6.293330 0.674274 -0.199999
v -6.297309 0.654433 -0.199999
v -6.300564 0.634503 -0.199999
v -6.303097 0.614485 -0.199999
v -6.304905 0.594379 -0.199999
v -6.305990 0.574185 -0.199999
v -6.306352 0.553902 -0.199999
v -6.305779 0.523668 -0.199999
v -6.304058 0.493946 -0.199999
v -6.301191 0.464735 -0.199999
v -6.297177 0.436036 -0.199999
v -6.292016 0.407848 -0.199999
v -6.285707 0.380173 -0.199999
v -6.278253 0.353009 -0.199999
v -6.269651 0.326356 -0.199999
v -6.259902 0.300216 -0.199999
v -6.249007 0.274587 -0.199999
v -6.236964 0.249470 -0.199999
v -6.223775 0.224864 -0.199999
v -6.209377 0.200797 -0.199999
v -6.193708 0.177294 -0.199999
v -6.176770 0.154356 -0.199999
v -6.158561 0.131982 -0.199999
v -6.139081 0.110174 -0.199999
v -6.118330 0.088929 -0.199999
v -6.096310 0.068250 -0.199999
v -6.073019 0.048135 -0.199999
v -6.048457 0.028585 -0.199999
v -6.022625 0.009599 -0.199999
v -5.995523 -0.008822 -0.199999
v -5.967150 -0.026679 -0.199999
v -5.937490 -0.043909 -0.199999
v -5.906523 -0.060450 -0.199999
v -5.874251 -0.076304 -0.199999
v -5.840673 -0.091470 -0.199999
v -5.805789 -0.105947 -0.200000
v -5.769600 -0.119737 -0.200000
v -5.732105 -0.132838 -0.200000
v -5.693305 -0.145251 -0.200000
v -5.653198 -0.156976 -0.200000
v -5.611786 -0.168013 -0.200000
v -5.569068 -0.178361 -0.200000
v -5.525045 -0.188022 -0.200000
v -5.479654 -0.196950 -0.200000
v -5.432834 -0.205102 -0.200000
v -5.384584 -0.212477 -0.200000
v -5.334906 -0.219076 -0.200000
v -5.283798 -0.224899 -0.200000
v -5.231261 -0.229945 -0.200000
v -5.177295 -0.234215 -0.200000
v -5.121899 -0.237709 -0.200000
v -5.065074 -0.240426 -0.200000
v -5.006821 -0.242367 -0.200000
v -4.947138 -0.243532 -0.200000
v -4.886025 -0.243920 -0.200000
v -4.652268 -0.243920 -0.200000
v -4.650609 -0.253651 -0.200000
v -4.649022 -0.263364 -0.200000
v -4.647504 -0.273060 -0.200000
v -4.646057 -0.282738 -0.200000
v -4.644681 -0.292399 -0.200000
v -4.643375 -0.302042 -0.200000
v -4.642140 -0.311667 -0.200000
v -4.640976 -0.321274 -0.200000
v -4.639882 -0.330864 -0.200000
v -4.638858 -0.340436 -0.200000
v -4.637905 -0.349991 -0.200000
v -4.637023 -0.359528 -0.200000
v -4.636212 -0.368994 -0.200000
v -4.635471 -0.378337 -0.200000
v -4.634800 -0.387556 -0.200000
v -4.634200 -0.396652 -0.200000
v -4.633671 -0.405625 -0.200000
v -4.633212 -0.414473 -0.200000
v -4.632824 -0.423199 -0.200000
v -4.632506 -0.431801 -0.200000
v -4.632259 -0.440279 -0.200000
v -4.632083 -0.448634 -0.200000
v -4.631977 -0.456865 -0.200000
v -4.631941 -0.464973 -0.200000
v -4.632682 -0.498568 -0.200000
v -4.634906 -0.530752 -0.200000
v -4.638611 -0.561524 -0.200000
v -4.643799 -0.590885 -0.200000
v -4.650469 -0.618834 -0.200000
v -4.658620 -0.645372 -0.200000
v -4.668254 -0.670498 -0.200000
v -4.679371 -0.694212 -0.200000
v -4.691969 -0.716515 -0.200000
v -4.706049 -0.737406 -0.200000
v -4.721612 -0.756886 -0.200000
v -4.738657 -0.774954 -0.200000
v -4.757342 -0.791593 -0.200000
v -4.777828 -0.806785 -0.200000
v -4.800113 -0.820531 -0.200000
v -4.824198 -0.832829 -0.200000
v -4.850083 -0.843680 -0.200000
v -4.877768 -0.853085 -0.200000
v -4.907252 -0.861043 -0.200000
v -4.938536 -0.867554 -0.200000
v -4.971620 -0.872618 -0.200000
v -5.006503 -0.876235 -0.200000
v -5.043186 -0.878405 -0.200000
v -5.081669 -0.879129 -0.200000
v -5.109380 -0.878961 -0.200000
v -5.136615 -0.878458 -0.200000
v -5.163373 -0.877620 -0.200000
v -5.189655 -0.876447 -0.200000
v -5.215460 -0.874938 -0.200000
v -5.240789 -0.873094 -0.200000
v -5.265642 -0.870915 -0.200000
v -5.290018 -0.868401 -0.200000
v -5.313918 -0.865551 -0.200000
v -5.337341 -0.862366 -0.200000
v -5.360288 -0.858846 -0.200000
v -5.382758 -0.854991 -0.200000
v -5.404761 -0.850932 -0.200000
v -5.426305 -0.846804 -0.200000
v -5.447391 -0.842604 -0.200000
v -5.468018 -0.838334 -0.199999
v -5.488185 -0.833994 -0.199999
v -5.507895 -0.829582 -0.199999
v -5.527144 -0.825101 -0.199999
v -5.545937 -0.820548 -0.199999
v -5.564269 -0.815925 -0.199999
v -5.582143 -0.811232 -0.199999
v -5.599559 -0.806468 -0.199999
v -5.616515 -0.801633 -0.199999
v -5.633004 -0.796799 -0.199999
v -5.649016 -0.792034 -0.199999
v -5.664553 -0.787341 -0.199999
v -5.679612 -0.782718 -0.199999
v -5.694196 -0.778166 -0.199999
v -5.708303 -0.773684 -0.199999
v -5.721933 -0.769273 -0.199999
v -5.735087 -0.764932 -0.199999
v -5.747765 -0.760662 -0.199999
v -5.759966 -0.756463 -0.199999
v -5.771691 -0.752334 -0.199999
v -5.782939 -0.748276 -0.199999
v -5.793703 -0.744420 -0.199999
v -5.803972 -0.740900 -0.199999
v -5.813747 -0.737715 -0.199999
v -5.823029 -0.734866 -0.199999
v -5.831815 -0.732351 -0.199999
v -5.840108 -0.730172 -0.199999
v -5.847907 -0.728328 -0.199999
v -5.855212 -0.726820 -0.199999
v -5.862023 -0.725646 -0.199999
v -5.868340 -0.724808 -0.199999
v -5.874163 -0.724305 -0.199999
v -5.879491 -0.724138 -0.199999
v -5.884449 -0.724261 -0.199999
v -5.889160 -0.724632 -0.199999
v -5.893624 -0.725249 -0.199999
v -5.897841 -0.726114 -0.199999
v -5.901811 -0.727226 -0.199999
v -5.905534 -0.728584 -0.199999
v -5.909010 -0.730190 -0.199999
v -5.912239 -0.732043 -0.199999
v -5.915221 -0.734142 -0.199999
v -5.917956 -0.736489 -0.199999
v -5.920444 -0.739083 -0.199999
v -5.922686 -0.741924 -0.199999
v -5.924715 -0.745029 -0.199999
v -5.926567 -0.748417 -0.199999
v -5.928243 -0.752087 -0.199999
v -5.929743 -0.756039 -0.199999
v -5.931067 -0.760274 -0.199999
v -5.932214 -0.764791 -0.199999
v -5.933184 -0.769590 -0.199999
v -5.933978 -0.774672 -0.199999
v -5.934596 -0.780036 -0.199999
v -5.935037 -0.785682 -0.199999
v -5.935301 -0.791611 -0.199999
v -5.935390 -0.797822 -0.199999
v -5.935337 -0.805109 -0.199999
v -5.935178 -0.812573 -0.199999
v -5.934913 -0.820213 -0.199999
v -5.934543 -0.828030 -0.199999
v -5.934066 -0.836023 -0.199999
v -5.933484 -0.844192 -0.199999
v -5.932796 -0.852538 -0.199999
v -5.932002 -0.861061 -0.199999
v -5.931102 -0.869759 -0.199999
v -5.930096 -0.878635 -0.199999
v -5.928985 -0.887686 -0.199999
v -5.927768 -0.896914 -0.199999
v -5.926453 -0.906222 -0.199999
v -5.925050 -0.915512 -0.199999
v -5.923559 -0.924784 -0.199999
v -5.921980 -0.934039 -0.199999
v -5.920312 -0.943276 -0.199999
v -5.918557 -0.952495 -0.199999
v -5.916713 -0.961697 -0.199999
v -5.914781 -0.970881 -0.199999
v -5.912761 -0.980047 -0.199999
v -5.910652 -0.989196 -0.199999
v -5.908455 -0.998327 -0.199999
v -5.906170 -1.007441 -0.199999
v -5.903788 -1.016501 -0.199999
v -5.901300 -1.025474 -0.199999
v -5.898706 -1.034358 -0.199999
v -5.896007 -1.043154 -0.199999
v -5.893201 -1.051861 -0.199999
v -5.890290 -1.060481 -0.199999
v -5.887272 -1.069012 -0.199999
v -5.884149 -1.077455 -0.199999
v -5.880920 -1.085810 -0.199999
v -5.877585 -1.094076 -0.199999
v -5.874145 -1.102255 -0.199999
v -5.870598 -1.110345 -0.199999
v -5.866955 -1.118232 -0.199999
v -5.863223 -1.125801 -0.199999
v -5.859403 -1.133053 -0.199999
v -5.855494 -1.139988 -0.199999
v -5.851498 -1.146604 -0.199999
v -5.847413 -1.152904 -0.199999
v -5.843240 -1.158885 -0.199999
v -5.838979 -1.164549 -0.199999
v -5.834630 -1.169895 -0.199999
v -5.830192 -1.174924 -0.199999
v -5.825666 -1.179635 -0.199999
v -5.821052 -1.184029 -0.199999
v -5.815618 -1.189111 -0.199999
v -5.809477 -1.194192 -0.199999
v -5.802631 -1.199274 -0.199999
v -5.795079 -1.204355 -0.199999
v -5.786821 -1.209437 -0.199999
v -5.777858 -1.214519 -0.199999
v -5.768188 -1.219601 -0.199999
v -5.757813 -1.224682 -0.199999
v -5.746733 -1.229764 -0.199999
v -5.734946 -1.234846 -0.199999
v -5.722454 -1.239927 -0.199999
v -5.709255 -1.245009 -0.199999
v -5.695475 -1.250055 -0.199999
v -5.681236 -1.255031 -0.199999
v -5.666538 -1.259936 -0.199999
v -5.651381 -1.264771 -0.199999
v -5.635766 -1.269535 -0.199999
v -5.619691 -1.274228 -0.199999
v -5.603158 -1.278851 -0.199999
v -5.586166 -1.283404 -0.199999
v -5.568716 -1.287885 -0.199999
v -5.550806 -1.292297 -0.199999
v -5.532438 -1.296637 -0.199999
v -5.513611 -1.300907 -0.199999
v -5.494361 -1.305080 -0.199999
v -5.474722 -1.309130 -0.199999
v -5.454696 -1.313056 -0.199999
v -5.434281 -1.316858 -0.199999
v -5.413477 -1.320537 -0.199999
v -5.392286 -1.324092 -0.199999
v -5.370707 -1.327524 -0.199999
v -5.348739 -1.330833 -0.199999
v -5.326384 -1.334017 -0.199999
v -5.303639 -1.337079 -0.199999
v -5.280507 -1.340017 -0.199999
v -5.256987 -1.342831 -0.199999
v -5.233237 -1.345469 -0.199999
v -5.209417 -1.347877 -0.199999
v -5.185526 -1.350056 -0.200000
v -5.161565 -1.352006 -0.200000
v -5.137532 -1.353726 -0.200000
v -5.113430 -1.355217 -0.200000
v -5.089257 -1.356479 -0.200000
v -5.065013 -1.357511 -0.200000
v -5.040699 -1.358314 -0.200000
v -5.016314 -1.358888 -0.200000
v -4.991858 -1.359232 -0.200000
v -4.967332 -1.359346 -0.200000
v -4.927111 -1.358994 -0.200000
v -4.887754 -1.357935 -0.200000
v -4.849262 -1.356170 -0.200000
v -4.811635 -1.353700 -0.200000
v -4.774872 -1.350524 -0.200000
v -4.738974 -1.346642 -0.200000
v -4.703941 -1.342055 -0.200000
v -4.669772 -1.336761 -0.200000
v -4.636467 -1.330762 -0.200000
v -4.604028 -1.324057 -0.200000
v -4.572453 -1.316646 -0.200000
v -4.541742 -1.308530 -0.200000
v -4.511878 -1.299690 -0.200000
v -4.482844 -1.290109 -0.200000
v -4.454639 -1.279786 -0.200000
v -4.427263 -1.268723 -0.200000
v -4.400717 -1.256919 -0.200000
v -4.375000 -1.244374 -0.200000
v -4.350111 -1.231087 -0.200000
v -4.326053 -1.217059 -0.200000
v -4.302824 -1.202291 -0.200000
v -4.280424 -1.186781 -0.200000
v -4.258854 -1.170530 -0.200000
v -4.238112 -1.153539 -0.200000
v -4.218209 -1.135779 -0.200000
v -4.199153 -1.117226 -0.200000
v -4.180943 -1.097879 -0.200000
v -4.163581 -1.077737 -0.200000
v -4.147066 -1.056802 -0.200000
v -4.131398 -1.035072 -0.200000
v -4.116576 -1.012549 -0.200000
v -4.102602 -0.989231 -0.200000
v -4.089474 -0.965120 -0.200000
v -4.077193 -0.940215 -0.200000
v -4.065759 -0.914515 -0.200000
v -4.055172 -0.888022 -0.200000
v -4.045432 -0.860716 -0.200000
v -4.036539 -0.832582 -0.200000
v -4.028493 -0.803618 -0.200000
v -4.021295 -0.773825 -0.200000
v -4.014943 -0.743203 -0.200000
v -4.009438 -0.711751 -0.200000
v -4.004779 -0.679470 -0.200000
v -4.000968 -0.646360 -0.200000
v -3.998003 -0.612420 -0.200000
v -3.995886 -0.577651 -0.200000
v -3.994615 -0.542053 -0.200000
v -3.994192 -0.505626 -0.200000
v -3.994413 -0.477086 -0.200000
v -3.995074 -0.448210 -0.200000
v -3.996177 -0.418999 -0.200000
v -3.997721 -0.389453 -0.200000
v -3.999706 -0.359572 -0.200000
v -4.002132 -0.329356 -0.200000
v -4.005000 -0.298804 -0.200000
v -4.008307 -0.267917 -0.200000
v -4.012057 -0.236694 -0.200000
v -4.016248 -0.205137 -0.200000
v -4.020880 -0.173244 -0.200000
v -4.025952 -0.141016 -0.200000
v -4.031519 -0.108656 -0.200000
v -4.037633 -0.076366 -0.200000
v -4.044293 -0.044147 -0.200000
v -4.051501 -0.011998 -0.200000
v -4.059256 0.020080 -0.200000
v -4.067558 0.052087 -0.200000
v -4.076406 0.084024 -0.200000
v -4.085802 0.115890 -0.200000
v -4.095745 0.147686 -0.200000
v -4.106234 0.179411 -0.200000
v -4.117271 0.211066 -0.200000
v -4.128856 0.242650 -0.200000
v -4.140996 0.274084 -0.200000
v -4.153700 0.305289 -0.200000
v -4.166969 0.336264 -0.200000
v -4.180802 0.367010 -0.200000
v -4.195200 0.397526 -0.200000
v -4.210163 0.427813 -0.200000
v -4.225690 0.457871 -0.200000
v -4.241782 0.487699 -0.200000
v -4.258439 0.517298 -0.200000
v -4.275661 0.546668 -0.200000
v -4.293446 0.575808 -0.200000
v -4.311796 0.604719 -0.200000
v -4.330755 0.633224 -0.200000
v -4.350368 0.661147 -0.200000
v -4.370632 0.688487 -0.200000
v -4.391551 0.715245 -0.200000
v -4.413121 0.741421 -0.200000
v -4.435344 0.767015 -0.200000
v -4.458221 0.792026 -0.200000
v -4.481750 0.816455 -0.200000
v -4.505932 0.840302 -0.200000
v -4.530767 0.863566 -0.200000
v -4.556255 0.886249 -0.200000
v -4.582396 0.908349 -0.200000
v -4.609206 0.929796 -0.200000
v -4.636706 0.950519 -0.200000
v -4.664893 0.970520 -0.200000
v -4.693769 0.989797 -0.200000
v -4.723332 1.008350 -0.200000
v -4.753584 1.026180 -0.200000
v -4.784524 1.043286 -0.200000
v -4.816153 1.059669 -0.200000
v -4.848469 1.075329 -0.200000
v -4.881473 1.090265 -0.200000
v -4.915165 1.104478 -0.200000
v -4.949546 1.117967 -0.200000
v -4.984676 1.130548 -0.200000
v -5.020618 1.142035 -0.200000
v -5.057373 1.152428 -0.200000
v -5.094938 1.161726 -0.200000
v -5.133315 1.169931 -0.200000
v -5.172504 1.177042 -0.200000
v -5.212504 1.183059 -0.200000
v -5.253316 1.187982 -0.200000
v -5.294940 1.191811 -0.200000
v -5.337376 1.194546 -0.200000
v -5.380623 1.196187 -0.200000
v -5.424682 1.196733 -0.200000
v -5.462768 1.196354 -0.200000
v -5.499954 1.195216 -0.200000
v -5.536241 1.193319 -0.200000
v -5.571627 1.190664 -0.200000
v -5.606114 1.187249 -0.200000
v -5.639700 1.183076 -0.200000
v -5.672388 1.178145 -0.200000
v -5.704174 1.172454 -0.200000
v -5.735061 1.166005 -0.200000
v -5.765049 1.158797 -0.200000
v -5.794136 1.150831 -0.200000
v -5.822323 1.142105 -0.200000
v -5.849646 1.132754 -0.200000
v -5.876139 1.122908 -0.200000
v -5.901803 1.112568 -0.200000
v -5.926639 1.101734 -0.200000
v -5.950644 1.090407 -0.200000
v -5.973820 1.078585 -0.200000
v -5.996167 1.066269 -0.200000
v -6.017685 1.053459 -0.200000
v -6.038373 1.040154 -0.200000
v -6.058232 1.026356 -0.200000
v -6.077262 1.012064 -0.200000
v -6.095462 0.997278 -0.200000
v -6.112869 0.982068 -0.200000
v -6.129517 0.966506 -0.200000
v -6.145406 0.950590 -0.200000
v -6.160536 0.934322 -0.200000
v -6.174908 0.917700 -0.200000
v -6.188521 0.900726 -0.200000
v -6.201375 0.883399 -0.200000
v -6.213470 0.865719 -0.200000
v -6.224807 0.847686 -0.200000
v -6.235385 0.829301 -0.200000
v -6.245204 0.810562 -0.200000
v -5.640653 0.372233 -0.200000
v -5.646740 0.382669 -0.200000
v -5.652298 0.393230 -0.200000
v -5.657327 0.403914 -0.200000
v -5.661827 0.414721 -0.200000
v -5.665796 0.425652 -0.200000
v -5.669237 0.436706 -0.200000
v -5.672149 0.447884 -0.200000
v -5.674531 0.459186 -0.200000
v -5.676383 0.470610 -0.200000
v -5.677707 0.482159 -0.200000
v -5.678501 0.493831 -0.200000
v -5.678766 0.505626 -0.200000
v -5.678210 0.522327 -0.200000
v -5.676543 0.538551 -0.200000
v -5.673763 0.554299 -0.200000
v -5.669873 0.569571 -0.200000
v -5.664871 0.584366 -0.200000
v -5.658757 0.598684 -0.200000
v -5.651531 0.612527 -0.200000
v -5.643194 0.625893 -0.200000
v -5.633745 0.638782 -0.200000
v -5.623185 0.651195 -0.200000
v -5.611513 0.663132 -0.200000
v -5.598729 0.674592 -0.200000
v -5.584887 0.685346 -0.200000
v -5.570039 0.695165 -0.200000
v -5.554185 0.704050 -0.200000
v -5.537326 0.711998 -0.200000
v -5.519461 0.719012 -0.200000
v -5.500590 0.725091 -0.200000
v -5.480713 0.730234 -0.200000
v -5.459830 0.734443 -0.200000
v -5.437942 0.737716 -0.200000
v -5.415048 0.740054 -0.200000
v -5.391148 0.741456 -0.200000
v -5.366242 0.741924 -0.200000
v -5.345254 0.741606 -0.200000
v -5.324636 0.740653 -0.200000
v -5.304389 0.739065 -0.200000
v -5.284512 0.736842 -0.200000
v -5.265006 0.733984 -0.200000
v -5.245871 0.730490 -0.200000
v -5.227106 0.726361 -0.200000
v -5.208711 0.721597 -0.200000
v -5.190687 0.716198 -0.200000
v -5.173034 0.710164 -0.200000
v -5.155750 0.703494 -0.200000
v -5.138838 0.696189 -0.200000
v -5.122278 0.688346 -0.200000
v -5.106054 0.680062 -0.200000
v -5.090165 0.671336 -0.200000
v -5.074612 0.662170 -0.200000
v -5.059393 0.652562 -0.200000
v -5.044510 0.642514 -0.200000
v -5.029962 0.632024 -0.200000
v -5.015749 0.621093 -0.200000
v -5.001872 0.609721 -0.200000
v -4.988330 0.597908 -0.200000
v -4.975122 0.585654 -0.200000
v -4.962250 0.572958 -0.200000
v -4.949696 0.559848 -0.200000
v -4.937442 0.546350 -0.200000
v -4.925488 0.532464 -0.200000
v -4.913834 0.518189 -0.200000
v -4.902480 0.503527 -0.200000
v -4.891425 0.488476 -0.200000
v -4.880671 0.473037 -0.200000
v -4.870216 0.457209 -0.200000
v -4.860061 0.440994 -0.200000
v -4.850206 0.424390 -0.200000
v -4.840652 0.407398 -0.200000
v -4.831397 0.390018 -0.200000
v -4.822443 0.372347 -0.200000
v -4.813788 0.354482 -0.200000
v -4.805433 0.336423 -0.200000
v -4.797379 0.318169 -0.200000
v -4.789624 0.299722 -0.200000
v -4.782169 0.281080 -0.200000
v -4.775014 0.262244 -0.200000
v -4.768159 0.243215 -0.200000
v -4.761604 0.223991 -0.200000
v -4.755349 0.204573 -0.200000
v -4.749393 0.184961 -0.200000
v -4.743738 0.165154 -0.200000
v -4.957168 0.165154 -0.200000
v -4.990587 0.165340 -0.200000
v -5.023089 0.165896 -0.200000
v -5.054673 0.166822 -0.200000
v -5.085340 0.168119 -0.200000
v -5.115088 0.169786 -0.200000
v -5.143920 0.171824 -0.200000
v -5.171834 0.174233 -0.200000
v -5.198831 0.177012 -0.200000
v -5.224909 0.180161 -0.200000
v -5.250071 0.183681 -0.200000
v -5.274314 0.187572 -0.200000
v -5.297640 0.191833 -0.200000
v -5.320137 0.196412 -0.200000
v -5.341893 0.201255 -0.200000
v -5.362908 0.206364 -0.200000
v -5.383182 0.211736 -0.200000
v -5.402714 0.217374 -0.200000
v -5.421506 0.223276 -0.200000
v -5.439556 0.229443 -0.200000
v -5.456865 0.235874 -0.200000
v -5.473434 0.242570 -0.200000
v -5.489261 0.249531 -0.200000
v -5.504347 0.256757 -0.200000
v -5.518693 0.264247 -0.200000
v -5.532350 0.271984 -0.200000
v -5.545372 0.279951 -0.200000
v -5.557758 0.288147 -0.200000
v -5.569509 0.296572 -0.200000
v -5.580626 0.305227 -0.200000
v -5.591106 0.314111 -0.200000
v -5.600952 0.323224 -0.200000
v -5.610163 0.332567 -0.200000
v -5.618738 0.342140 -0.200000
v -5.626678 0.351941 -0.200000
v -5.633983 0.361972 -0.200000
v -3.597822 0.185481 -0.200000
v -3.318330 -1.214519 -0.200000
v -3.317386 -1.218709 -0.200000
v -3.316248 -1.222812 -0.200000
v -3.314916 -1.226826 -0.200000
v -3.313390 -1.230752 -0.200000
v -3.311670 -1.234590 -0.200000
v -3.309755 -1.238339 -0.200000
v -3.307647 -1.242000 -0.200000
v -3.305344 -1.245574 -0.200000
v -3.302847 -1.249058 -0.200000
v -3.300157 -1.252455 -0.200000
v -3.297271 -1.255763 -0.200000
v -3.294193 -1.258983 -0.200000
v -3.290867 -1.262115 -0.200000
v -3.287241 -1.265159 -0.200000
v -3.283315 -1.268115 -0.200000
v -3.279089 -1.270982 -0.200000
v -3.274563 -1.273761 -0.200000
v -3.269737 -1.276452 -0.200000
v -3.264611 -1.279054 -0.200000
v -3.259186 -1.281569 -0.200000
v -3.253460 -1.283995 -0.200000
v -3.247434 -1.286333 -0.200000
v -3.241109 -1.288582 -0.200000
v -3.234483 -1.290744 -0.200000
v -3.227557 -1.292817 -0.200000
v -3.220332 -1.294802 -0.200000
v -3.212806 -1.296699 -0.200000
v -3.204981 -1.298508 -0.200000
v -3.196856 -1.300228 -0.200000
v -3.188430 -1.301860 -0.200000
v -3.179705 -1.303404 -0.200000
v -3.170680 -1.304860 -0.200000
v -3.161355 -1.306227 -0.200000
v -3.151730 -1.307506 -0.200000
v -3.141804 -1.308697 -0.200000
v -3.131579 -1.309800 -0.200000
v -3.120984 -1.310815 -0.200000
v -3.109947 -1.311741 -0.200000
v -3.098469 -1.312579 -0.200000
v -3.086550 -1.313329 -0.200000
v -3.074190 -1.313991 -0.200000
v -3.061389 -1.314564 -0.200000
v -3.048146 -1.315050 -0.200000
v -3.034463 -1.315446 -0.200000
v -3.020339 -1.315755 -0.200000
v -3.005773 -1.315976 -0.200000
v -2.990766 -1.316108 -0.200000
v -2.975318 -1.316152 -0.200000
v -2.960284 -1.316108 -0.200000
v -2.945675 -1.315976 -0.200000
v -2.931488 -1.315755 -0.200000
v -2.917726 -1.315446 -0.200000
v -2.904386 -1.315049 -0.200000
v -2.891470 -1.314564 -0.200000
v -2.878978 -1.313991 -0.200000
v -2.866909 -1.313329 -0.200000
v -2.855264 -1.312579 -0.200000
v -2.844042 -1.311741 -0.200000
v -2.833243 -1.310815 -0.200000
v -2.822868 -1.309800 -0.200000
v -2.812898 -1.308697 -0.200000
v -2.803317 -1.307506 -0.200000
v -2.794124 -1.306227 -0.200000
v -2.785320 -1.304860 -0.200000
v -2.776903 -1.303404 -0.200000
v -2.768875 -1.301860 -0.200000
v -2.761235 -1.300228 -0.200000
v -2.753983 -1.298508 -0.200000
v -2.747119 -1.296699 -0.200000
v -2.740643 -1.294802 -0.200000
v -2.734556 -1.292817 -0.200000
v -2.728857 -1.290744 -0.200000
v -2.723501 -1.288582 -0.200000
v -2.718446 -1.286333 -0.200000
v -2.713691 -1.283995 -0.200000
v -2.709236 -1.281569 -0.200000
v -2.705081 -1.279054 -0.200000
v -2.701225 -1.276452 -0.200000
v -2.697670 -1.273761 -0.200000
v -2.694414 -1.270982 -0.200000
v -2.691459 -1.268114 -0.200000
v -2.688803 -1.265159 -0.200000
v -2.686448 -1.262115 -0.200000
v -2.684392 -1.258983 -0.200000
v -2.682619 -1.255763 -0.200000
v -2.681110 -1.252455 -0.200000
v -2.679866 -1.249058 -0.200000
v -2.678887 -1.245574 -0.200000
v -2.678173 -1.242000 -0.200000
v -2.677722 -1.238339 -0.200000
v -2.677537 -1.234590 -0.200000
v -2.677617 -1.230752 -0.200000
v -2.677961 -1.226826 -0.200000
v -2.678570 -1.222812 -0.200000
v -2.679443 -1.218709 -0.200000
v -2.680581 -1.214519 -0.200000
v -2.952450 0.144828 -0.200000
v -2.954127 0.154559 -0.200000
v -2.955768 0.164272 -0.200000
v -2.957373 0.173968 -0.200000
v -2.958944 0.183646 -0.200000
v -2.960479 0.193307 -0.200000
v -2.961978 0.202949 -0.200000
v -2.963443 0.212575 -0.200000
v -2.964872 0.222182 -0.200000
v -2.966266 0.231772 -0.200000
v -2.967625 0.241344 -0.200000
v -2.968948 0.250899 -0.200000
v -2.970236 0.260436 -0.200000
v -2.971454 0.269973 -0.200000
v -2.972565 0.279527 -0.200000
v -2.973571 0.289100 -0.200000
v -2.974471 0.298689 -0.200000
v -2.975265 0.308297 -0.200000
v -2.975953 0.317922 -0.200000
v -2.976535 0.327565 -0.200000
v -2.977012 0.337225 -0.200000
v -2.977382 0.346904 -0.200000
v -2.977647 0.356599 -0.200000
v -2.977806 0.366313 -0.200000
v -2.977859 0.376044 -0.200000
v -2.977550 0.395629 -0.200000
v -2.976624 0.414580 -0.200000
v -2.975080 0.432895 -0.200000
v -2.972918 0.450575 -0.200000
v -2.970139 0.467620 -0.200000
v -2.966743 0.484029 -0.200000
v -2.962728 0.499804 -0.200000
v -2.958097 0.514943 -0.200000
v -2.952847 0.529447 -0.200000
v -2.946980 0.543315 -0.200000
v -2.940496 0.556549 -0.200000
v -2.933394 0.569147 -0.200000
v -2.925498 0.580916 -0.200000
v -2.916632 0.591662 -0.200000
v -2.906795 0.601384 -0.200000
v -2.895988 0.610083 -0.200000
v -2.884210 0.617758 -0.200000
v -2.871461 0.624410 -0.200000
v -2.857743 0.630039 -0.200000
v -2.843053 0.634644 -0.200000
v -2.827394 0.638226 -0.200000
v -2.810763 0.640785 -0.200000
v -2.793163 0.642320 -0.200000
v -2.774592 0.642831 -0.200000
v -2.757600 0.642373 -0.200000
v -2.740502 0.640996 -0.200000
v -2.723299 0.638703 -0.200000
v -2.705989 0.635491 -0.200000
v -2.688574 0.631362 -0.200000
v -2.671053 0.626316 -0.200000
v -2.653426 0.620352 -0.200000
v -2.635693 0.613471 -0.200000
v -2.617854 0.605672 -0.200000
v -2.599909 0.596955 -0.200000
v -2.581859 0.587321 -0.200000
v -2.563703 0.576770 -0.200000
v -2.545555 0.565433 -0.200000
v -2.527531 0.553443 -0.200000
v -2.509630 0.540801 -0.200000
v -2.491853 0.527506 -0.200000
v -2.474200 0.513558 -0.200000
v -2.456670 0.498957 -0.200000
v -2.439263 0.483703 -0.200000
v -2.421980 0.467796 -0.200000
v -2.404821 0.451237 -0.200000
v -2.387785 0.434024 -0.200000
v -2.370872 0.416159 -0.200000
v -2.354084 0.397641 -0.200000
v -2.337515 0.378532 -0.200000
v -2.321265 0.358893 -0.200000
v -2.305331 0.338725 -0.200000
v -2.289716 0.318028 -0.200000
v -2.274418 0.296801 -0.200000
v -2.259438 0.275046 -0.200000
v -2.244775 0.252760 -0.200000
v -2.230430 0.229946 -0.200000
v -2.216402 0.206602 -0.200000
v -2.202692 0.182729 -0.200000
v -2.189300 0.158326 -0.200000
v -2.176225 0.133394 -0.200000
v -2.163618 0.108065 -0.200000
v -2.151628 0.082471 -0.200000
v -2.140256 0.056613 -0.200000
v -2.129502 0.030490 -0.200000
v -2.119365 0.004103 -0.200000
v -2.109846 -0.022550 -0.200000
v -2.100944 -0.049467 -0.200000
v -2.092660 -0.076648 -0.200000
v -2.084993 -0.104095 -0.200000
v -2.077944 -0.131806 -0.200000
v -2.071513 -0.159781 -0.200000
v -2.065699 -0.188022 -0.200000
v -1.859891 -1.214519 -0.200000
v -1.858947 -1.218709 -0.200000
v -1.857809 -1.222812 -0.200000
v -1.856477 -1.226826 -0.200000
v -1.854951 -1.230752 -0.200000
v -1.853230 -1.234590 -0.200000
v -1.851316 -1.238339 -0.200000
v -1.849207 -1.242000 -0.200000
v -1.846905 -1.245574 -0.200000
v -1.844408 -1.249058 -0.200000
v -1.841717 -1.252455 -0.200000
v -1.838832 -1.255763 -0.200000
v -1.835753 -1.258983 -0.200000
v -1.832427 -1.262115 -0.200000
v -1.828801 -1.265159 -0.200000
v -1.824875 -1.268115 -0.200000
v -1.820650 -1.270982 -0.200000
v -1.816124 -1.273761 -0.200000
v -1.811298 -1.276452 -0.200000
v -1.806172 -1.279054 -0.200000
v -1.800746 -1.281569 -0.200000
v -1.795021 -1.283995 -0.200000
v -1.788995 -1.286333 -0.200000
v -1.782669 -1.288582 -0.200000
v -1.776044 -1.290744 -0.200000
v -1.769118 -1.292817 -0.200000
v -1.761893 -1.294802 -0.200000
v -1.754367 -1.296699 -0.200000
v -1.746542 -1.298508 -0.200000
v -1.738417 -1.300228 -0.200000
v -1.729991 -1.301860 -0.200000
v -1.721266 -1.303404 -0.200000
v -1.712241 -1.304860 -0.200000
v -1.702915 -1.306227 -0.200000
v -1.693290 -1.307506 -0.200000
v -1.683365 -1.308697 -0.200000
v -1.673140 -1.309800 -0.200000
v -1.662544 -1.310815 -0.200000
v -1.651508 -1.311741 -0.200000
v -1.640030 -1.312579 -0.200000
v -1.628111 -1.313329 -0.200000
v -1.615751 -1.313991 -0.200000
v -1.602949 -1.314564 -0.200000
v -1.589707 -1.315050 -0.200000
v -1.576024 -1.315446 -0.200000
v -1.561899 -1.315755 -0.200000
v -1.547333 -1.315976 -0.200000
v -1.532327 -1.316108 -0.200000
v -1.516879 -1.316152 -0.200000
v -1.501854 -1.316108 -0.200000
v -1.487271 -1.315976 -0.200000
v -1.473129 -1.315755 -0.200000
v -1.459428 -1.315446 -0.200000
v -1.446168 -1.315049 -0.200000
v -1.433349 -1.314564 -0.200000
v -1.420971 -1.313991 -0.200000
v -1.409034 -1.313329 -0.200000
v -1.397539 -1.312579 -0.200000
v -1.386485 -1.311741 -0.200000
v -1.375871 -1.310815 -0.200000
v -1.365699 -1.309800 -0.200000
v -1.355933 -1.308697 -0.200000
v -1.346537 -1.307506 -0.200000
v -1.337512 -1.306227 -0.200000
v -1.328857 -1.304860 -0.200000
v -1.320573 -1.303404 -0.200000
v -1.312659 -1.301860 -0.200000
v -1.305116 -1.300228 -0.200000
v -1.297943 -1.298508 -0.200000
v -1.291141 -1.296699 -0.200000
v -1.284710 -1.294802 -0.200000
v -1.278649 -1.292817 -0.200000
v -1.272959 -1.290744 -0.200000
v -1.267603 -1.288582 -0.200000
v -1.262548 -1.286333 -0.200000
v -1.257793 -1.283995 -0.200000
v -1.253338 -1.281569 -0.200000
v -1.249182 -1.279054 -0.200000
v -1.245327 -1.276452 -0.200000
v -1.241771 -1.273761 -0.200000
v -1.238516 -1.270982 -0.200000
v -1.235561 -1.268114 -0.200000
v -1.232905 -1.265159 -0.200000
v -1.230549 -1.262115 -0.200000
v -1.228494 -1.258983 -0.200000
v -1.226703 -1.255763 -0.200000
v -1.225141 -1.252455 -0.200000
v -1.223809 -1.249058 -0.200000
v -1.222706 -1.245574 -0.200000
v -1.221833 -1.242000 -0.200000
v -1.221189 -1.238339 -0.200000
v -1.220774 -1.234590 -0.200000
v -1.220589 -1.230752 -0.200000
v -1.220633 -1.226826 -0.200000
v -1.220907 -1.222812 -0.200000
v -1.221409 -1.218709 -0.200000
v -1.222142 -1.214519 -0.200000
v -1.491470 0.144828 -0.200000
v -1.493949 0.154594 -0.200000
v -1.496305 0.164413 -0.200000
v -1.498537 0.174286 -0.200000
v -1.500646 0.184211 -0.200000
v -1.502631 0.194189 -0.200000
v -1.504492 0.204220 -0.200000
v -1.506230 0.214304 -0.200000
v -1.507845 0.224441 -0.200000
v -1.509336 0.234630 -0.200000
v -1.510703 0.244873 -0.200000
v -1.511947 0.255169 -0.200000
v -1.513067 0.265517 -0.200000
v -1.514082 0.275866 -0.200000
v -1.515008 0.286162 -0.200000
v -1.515846 0.296404 -0.200000
v -1.516596 0.306594 -0.200000
v -1.517258 0.316731 -0.200000
v -1.517831 0.326815 -0.200000
v -1.518317 0.336846 -0.200000
v -1.518714 0.346824 -0.200000
v -1.519022 0.356749 -0.200000
v -1.519243 0.366621 -0.200000
v -1.519375 0.376441 -0.200000
v -1.519419 0.386207 -0.200000
v -1.519102 0.404566 -0.200000
v -1.518149 0.422379 -0.200000
v -1.516561 0.439644 -0.200000
v -1.514338 0.456362 -0.200000
v -1.511479 0.472534 -0.200000
v -1.507986 0.488158 -0.200000
v -1.503857 0.503235 -0.200000
v -1.499093 0.517766 -0.200000
v -1.493693 0.531749 -0.200000
v -1.487659 0.545186 -0.200000
v -1.480989 0.558075 -0.200000
v -1.473684 0.570418 -0.200000
v -1.465603 0.581984 -0.200000
v -1.456604 0.592544 -0.200000
v -1.446688 0.602099 -0.200000
v -1.435854 0.610647 -0.200000
v -1.424103 0.618191 -0.200000
v -1.411434 0.624728 -0.200000
v -1.397848 0.630260 -0.200000
v -1.383344 0.634785 -0.200000
v -1.367922 0.638306 -0.200000
v -1.351583 0.640820 -0.200000
v -1.334327 0.642329 -0.200000
v -1.316153 0.642831 -0.200000
v -1.299161 0.642373 -0.200000
v -1.282063 0.640996 -0.200000
v -1.264860 0.638703 -0.200000
v -1.247550 0.635491 -0.200000
v -1.230135 0.631362 -0.200000
v -1.212614 0.626316 -0.200000
v -1.194987 0.620352 -0.200000
v -1.177254 0.613471 -0.200000
v -1.159415 0.605672 -0.200000
v -1.141470 0.596955 -0.200000
v -1.123420 0.587321 -0.200000
v -1.105263 0.576770 -0.200000
v -1.087116 0.565433 -0.200000
v -1.069092 0.553443 -0.200000
v -1.051191 0.540801 -0.200000
v -1.033414 0.527506 -0.200000
v -1.015761 0.513558 -0.200000
v -0.998231 0.498957 -0.200000
v -0.980824 0.483703 -0.200000
v -0.963541 0.467796 -0.200000
v -0.946382 0.451237 -0.200000
v -0.929346 0.434024 -0.200000
v -0.912434 0.416159 -0.200000
v -0.895644 0.397641 -0.200000
v -0.879076 0.378532 -0.200000
v -0.862825 0.358893 -0.200000
v -0.846892 0.338725 -0.200000
v -0.831277 0.318028 -0.200000
v -0.815979 0.296801 -0.200000
v -0.800998 0.275046 -0.200000
v -0.786336 0.252760 -0.200000
v -0.771990 0.229946 -0.200000
v -0.757963 0.206602 -0.200000
v -0.744253 0.182729 -0.200000
v -0.730861 0.158326 -0.200000
v -0.717786 0.133394 -0.200000
v -0.705179 0.108065 -0.200000
v -0.693189 0.082471 -0.200000
v -0.681817 0.056613 -0.200000
v -0.671063 0.030490 -0.200000
v -0.660926 0.004103 -0.200000
v -0.651407 -0.022550 -0.200000
v -0.642505 -0.049467 -0.200000
v -0.634221 -0.076648 -0.200000
v -0.626554 -0.104095 -0.200000
v -0.619505 -0.131806 -0.200000
v -0.613074 -0.159781 -0.200000
v -0.607260 -0.188022 -0.200000
v -0.401452 -1.214519 -0.200000
v -0.400508 -1.218709 -0.200000
v -0.399370 -1.222812 -0.200000
v -0.398038 -1.226826 -0.200000
v -0.396512 -1.230752 -0.200000
v -0.394791 -1.234590 -0.200000
v -0.392877 -1.238339 -0.200000
v -0.390768 -1.242000 -0.200000
v -0.388466 -1.245574 -0.200000
v -0.385969 -1.249058 -0.200000
v -0.383278 -1.252455 -0.200000
v -0.380393 -1.255763 -0.200000
v -0.377314 -1.258983 -0.200000
v -0.373997 -1.262115 -0.200000
v -0.370398 -1.265159 -0.200000
v -0.366516 -1.268115 -0.200000
v -0.362352 -1.270982 -0.200000
v -0.357905 -1.273761 -0.200000
v -0.353176 -1.276452 -0.200000
v -0.348165 -1.279054 -0.200000
v -0.342872 -1.281569 -0.200000
v -0.337296 -1.283995 -0.200000
v -0.331438 -1.286333 -0.200000
v -0.325298 -1.288582 -0.200000
v -0.318875 -1.290744 -0.200000
v -0.312144 -1.292817 -0.200000
v -0.305077 -1.294802 -0.200000
v -0.297675 -1.296699 -0.200000
v -0.289938 -1.298508 -0.200000
v -0.281865 -1.300228 -0.200000
v -0.273458 -1.301860 -0.200000
v -0.264715 -1.303404 -0.200000
v -0.255636 -1.304860 -0.200000
v -0.246223 -1.306227 -0.200000
v -0.236474 -1.307506 -0.200000
v -0.226390 -1.308697 -0.200000
v -0.215971 -1.309800 -0.200000
v -0.205190 -1.310815 -0.200000
v -0.194021 -1.311741 -0.200000
v -0.182464 -1.312579 -0.200000
v -0.170519 -1.313329 -0.200000
v -0.158185 -1.313991 -0.200000
v -0.145463 -1.314564 -0.200000
v -0.132353 -1.315050 -0.200000
v -0.118855 -1.315446 -0.200000
v -0.104968 -1.315755 -0.200000
v -0.090694 -1.315976 -0.200000
v -0.076031 -1.316108 -0.200000
v -0.060980 -1.316152 -0.200000
v -0.045550 -1.316108 -0.200000
v -0.030596 -1.315976 -0.200000
v -0.016119 -1.315755 -0.200000
v -0.002118 -1.315446 -0.200000
v 0.011407 -1.315049 -0.200000
v 0.024455 -1.314564 -0.200000
v 0.037027 -1.313991 -0.200000
v 0.049123 -1.313329 -0.200000
v 0.060742 -1.312579 -0.200000
v 0.071884 -1.311741 -0.200000
v 0.082550 -1.310815 -0.200000
v 0.092740 -1.309800 -0.200000
v 0.102515 -1.308697 -0.200000
v 0.111938 -1.307506 -0.200000
v 0.121007 -1.306227 -0.200000
v 0.129723 -1.304860 -0.200000
v 0.138087 -1.303404 -0.200000
v 0.146098 -1.301860 -0.200000
v 0.153756 -1.300228 -0.200000
v 0.161060 -1.298508 -0.200000
v 0.168012 -1.296699 -0.200000
v 0.174612 -1.294802 -0.200000
v 0.180858 -1.292817 -0.200000
v 0.186751 -1.290744 -0.200000
v 0.192300 -1.288582 -0.200000
v 0.197514 -1.286333 -0.200000
v 0.202393 -1.283995 -0.200000
v 0.206937 -1.281569 -0.200000
v 0.211145 -1.279054 -0.200000
v 0.215018 -1.276452 -0.200000
v 0.218556 -1.273761 -0.200000
v 0.221758 -1.270982 -0.200000
v 0.224625 -1.268114 -0.200000
v 0.227157 -1.265159 -0.200000
v 0.229354 -1.262115 -0.200000
v 0.231216 -1.258983 -0.200000
v 0.232804 -1.255763 -0.200000
v 0.234180 -1.252455 -0.200000
v 0.235345 -1.249058 -0.200000
v 0.236297 -1.245574 -0.200000
v 0.237038 -1.242000 -0.200000
v 0.237568 -1.238339 -0.200000
v 0.237885 -1.234590 -0.200000
v 0.237991 -1.230752 -0.200000
v 0.237885 -1.226826 -0.200000
v 0.237568 -1.222812 -0.200000
v 0.237038 -1.218709 -0.200000
v 0.236297 -1.214519 -0.200000
v -0.218512 1.054447 -0.200000
v -0.219438 1.058637 -0.200000
v -0.220524 1.062740 -0.200000
v -0.221767 1.066754 -0.200000
v -0.223170 1.070680 -0.200000
v -0.224732 1.074518 -0.200000
v -0.226452 1.078267 -0.200000
v -0.228331 1.081928 -0.200000
v -0.230369 1.085501 -0.200000
v -0.232566 1.088986 -0.200000
v -0.234922 1.092383 -0.200000
v -0.237436 1.095691 -0.200000
v -0.240109 1.098911 -0.200000
v -0.242985 1.102034 -0.200000
v -0.246108 1.105052 -0.200000
v -0.249478 1.107963 -0.200000
v -0.253096 1.110768 -0.200000
v -0.256960 1.113468 -0.200000
v -0.261071 1.116062 -0.200000
v -0.265429 1.118550 -0.200000
v -0.270034 1.120932 -0.200000
v -0.274887 1.123208 -0.200000
v -0.279986 1.125378 -0.200000
v -0.285332 1.127443 -0.200000
v -0.290926 1.129401 -0.200000
v -0.296784 1.131272 -0.200000
v -0.302924 1.133071 -0.200000
v -0.309347 1.134801 -0.200000
v -0.316052 1.136459 -0.200000
v -0.323039 1.138047 -0.200000
v -0.330309 1.139565 -0.200000
v -0.337861 1.141011 -0.200000
v -0.345695 1.142388 -0.200000
v -0.353812 1.143693 -0.200000
v -0.362210 1.144929 -0.200000
v -0.370892 1.146093 -0.200000
v -0.379855 1.147187 -0.200000
v -0.389110 1.148202 -0.200000
v -0.398664 1.149128 -0.200000
v -0.408519 1.149966 -0.200000
v -0.418673 1.150716 -0.200000
v -0.429128 1.151378 -0.200000
v -0.439882 1.151951 -0.200000
v -0.450937 1.152436 -0.200000
v -0.462291 1.152833 -0.200000
v -0.473945 1.153142 -0.200000
v -0.485900 1.153363 -0.200000
v -0.498154 1.153495 -0.200000
v -0.510708 1.153539 -0.200000
v -0.523633 1.153495 -0.200000
v -0.536152 1.153363 -0.200000
v -0.548265 1.153142 -0.200000
v -0.559972 1.152833 -0.200000
v -0.571273 1.152436 -0.200000
v -0.582169 1.151951 -0.200000
v -0.592659 1.151378 -0.200000
v -0.602743 1.150716 -0.200000
v -0.612421 1.149966 -0.200000
v -0.621693 1.149128 -0.200000
v -0.630560 1.148202 -0.200000
v -0.639020 1.147187 -0.200000
v -0.647128 1.146093 -0.200000
v -0.654936 1.144929 -0.200000
v -0.662443 1.143693 -0.200000
v -0.669651 1.142388 -0.200000
v -0.676559 1.141011 -0.200000
v -0.683167 1.139565 -0.200000
v -0.689475 1.138047 -0.200000
v -0.695483 1.136459 -0.200000
v -0.701191 1.134801 -0.200000
v -0.706599 1.133071 -0.200000
v -0.711707 1.131272 -0.200000
v -0.716516 1.129401 -0.200000
v -0.721041 1.127443 -0.200000
v -0.725303 1.125378 -0.200000
v -0.729299 1.123208 -0.200000
v -0.733031 1.120932 -0.200000
v -0.736498 1.118550 -0.200000
v -0.739701 1.116062 -0.200000
v -0.742639 1.113468 -0.200000
v -0.745312 1.110768 -0.200000
v -0.747720 1.107963 -0.200000
v -0.749864 1.105052 -0.200000
v -0.751743 1.102034 -0.200000
v -0.753358 1.098911 -0.200000
v -0.754743 1.095691 -0.200000
v -0.755934 1.092383 -0.200000
v -0.756931 1.088986 -0.200000
v -0.757734 1.085501 -0.200000
v -0.758342 1.081928 -0.200000
v -0.758757 1.078267 -0.200000
v -0.758977 1.074518 -0.200000
v -0.759004 1.070680 -0.200000
v -0.758836 1.066754 -0.200000
v -0.758475 1.062740 -0.200000
v -0.757919 1.058637 -0.200000
v -0.757169 1.054447 -0.200000
v -0.683485 0.680944 -0.200000
v -0.692625 0.695792 -0.200000
v -0.702259 0.710693 -0.200000
v -0.712387 0.725647 -0.200000
v -0.723009 0.740654 -0.200000
v -0.734125 0.755713 -0.200000
v -0.745735 0.770826 -0.200000
v -0.757840 0.785992 -0.200000
v -0.770438 0.801210 -0.200000
v -0.783530 0.816482 -0.200000
v -0.797117 0.831806 -0.200000
v -0.811197 0.847183 -0.200000
v -0.825772 0.862614 -0.200000
v -0.840761 0.877938 -0.200000
v -0.856085 0.892998 -0.200000
v -0.871745 0.907793 -0.200000
v -0.887740 0.922323 -0.200000
v -0.904070 0.936589 -0.200000
v -0.920735 0.950590 -0.200000
v -0.937736 0.964326 -0.200000
v -0.955072 0.977798 -0.200000
v -0.972743 0.991005 -0.200000
v -0.990749 1.003947 -0.200000
v -1.009091 1.016625 -0.200000
v -1.027768 1.029038 -0.200000
v -1.046754 1.041134 -0.200000
v -1.066022 1.052859 -0.200000
v -1.085572 1.064213 -0.200000
v -1.105404 1.075197 -0.200000
v -1.125519 1.085810 -0.200000
v -1.145917 1.096053 -0.200000
v -1.166596 1.105925 -0.200000
v -1.187558 1.115427 -0.200000
v -1.208802 1.124558 -0.200000
v -1.230329 1.133318 -0.200000
v -1.252138 1.141708 -0.200000
v -1.274229 1.149728 -0.200000
v -1.296523 1.157236 -0.200000
v -1.318941 1.164091 -0.200000
v -1.341482 1.170293 -0.200000
v -1.364146 1.175842 -0.200000
v -1.386934 1.180738 -0.200000
v -1.409846 1.184982 -0.200000
v -1.432881 1.188573 -0.200000
v -1.456040 1.191511 -0.200000
v -1.479322 1.193796 -0.200000
v -1.502728 1.195428 -0.200000
v -1.526257 1.196407 -0.200000
v -1.549909 1.196733 -0.200000
v -1.574197 1.196460 -0.200000
v -1.597938 1.195639 -0.200000
v -1.621132 1.194272 -0.200000
v -1.643779 1.192358 -0.200000
v -1.665879 1.189896 -0.200000
v -1.687432 1.186888 -0.200000
v -1.708438 1.183332 -0.200000
v -1.728897 1.179230 -0.200000
v -1.748809 1.174580 -0.200000
v -1.768174 1.169384 -0.200000
v -1.786992 1.163641 -0.200000
v -1.805263 1.157350 -0.200000
v -1.822996 1.150575 -0.200000
v -1.840200 1.143376 -0.200000
v -1.856874 1.135753 -0.200000
v -1.873019 1.127707 -0.200000
v -1.888634 1.119238 -0.200000
v -1.903721 1.110345 -0.200000
v -1.918278 1.101029 -0.200000
v -1.932305 1.091289 -0.200000
v -1.945803 1.081125 -0.200000
v -1.958772 1.070539 -0.200000
v -1.971212 1.059528 -0.200000
v -1.983122 1.048095 -0.200000
v -1.994538 1.036281 -0.200000
v -2.005495 1.024133 -0.200000
v -2.015994 1.011649 -0.200000
v -2.026034 0.998831 -0.200000
v -2.035615 0.985677 -0.200000
v -2.044737 0.972187 -0.200000
v -2.053401 0.958363 -0.200000
v -2.061606 0.944203 -0.200000
v -2.069352 0.929708 -0.200000
v -2.076639 0.914877 -0.200000
v -2.083468 0.899712 -0.200000
v -2.089837 0.884211 -0.200000
v -2.095792 0.868436 -0.200000
v -2.101377 0.852450 -0.200000
v -2.106591 0.836252 -0.200000
v -2.111434 0.819843 -0.200000
v -2.115907 0.803222 -0.200000
v -2.120009 0.786389 -0.200000
v -2.123741 0.769344 -0.200000
v -2.127102 0.752087 -0.200000
v -2.130093 0.734619 -0.200000
v -2.132713 0.716939 -0.200000
v -2.134963 0.699047 -0.200000
v -2.136842 0.680944 -0.200000
v -2.146803 0.696189 -0.200000
v -2.157204 0.711434 -0.200000
v -2.168047 0.726679 -0.200000
v -2.179331 0.741924 -0.200000
v -2.191056 0.757169 -0.200000
v -2.203222 0.772414 -0.200000
v -2.215829 0.787659 -0.200000
v -2.228877 0.802904 -0.200000
v -2.242367 0.818149 -0.200000
v -2.256297 0.833394 -0.200000
v -2.270669 0.848639 -0.200000
v -2.285481 0.863884 -0.200000
v -2.300673 0.879006 -0.200000
v -2.316183 0.893880 -0.200000
v -2.332010 0.908507 -0.200000
v -2.348155 0.922888 -0.200000
v -2.364618 0.937021 -0.200000
v -2.381397 0.950908 -0.200000
v -2.398495 0.964547 -0.200000
v -2.415911 0.977939 -0.200000
v -2.433644 0.991085 -0.200000
v -2.451694 1.003983 -0.200000
v -2.470062 1.016634 -0.200000
v -2.488748 1.029038 -0.200000
v -2.507725 1.041134 -0.200000
v -2.526966 1.052859 -0.200000
v -2.546473 1.064213 -0.200000
v -2.566243 1.075197 -0.200000
v -2.586279 1.085810 -0.200000
v -2.606579 1.096053 -0.200000
v -2.627144 1.105925 -0.200000
v -2.647973 1.115427 -0.200000
v -2.669067 1.124558 -0.200000
v -2.690426 1.133318 -0.200000
v -2.712050 1.141708 -0.200000
v -2.733938 1.149728 -0.200000
v -2.756012 1.157236 -0.200000
v -2.778191 1.164091 -0.200000
v -2.800477 1.170293 -0.200000
v -2.822868 1.175842 -0.200000
v -2.845365 1.180738 -0.200000
v -2.867967 1.184982 -0.200000
v -2.890676 1.188573 -0.200000
v -2.913491 1.191511 -0.200000
v -2.936411 1.193796 -0.200000
v -2.959437 1.195428 -0.200000
v -2.982569 1.196407 -0.200000
v -3.005808 1.196733 -0.200000
v -3.035054 1.196389 -0.200000
v -3.063506 1.195357 -0.200000
v -3.091164 1.193637 -0.200000
v -3.118028 1.191228 -0.200000
v -3.144098 1.188132 -0.200000
v -3.169374 1.184347 -0.200000
v -3.193856 1.179874 -0.200000
v -3.217544 1.174713 -0.200000
v -3.240438 1.168864 -0.200000
v -3.262538 1.162326 -0.200000
v -3.283844 1.155101 -0.200000
v -3.304356 1.147187 -0.200000
v -3.324144 1.138665 -0.200000
v -3.343280 1.129613 -0.200000
v -3.361763 1.120032 -0.200000
v -3.379593 1.109922 -0.200000
v -3.396770 1.099282 -0.200000
v -3.413294 1.088113 -0.200000
v -3.429166 1.076414 -0.200000
v -3.444384 1.064187 -0.200000
v -3.458950 1.051430 -0.200000
v -3.472862 1.038143 -0.200000
v -3.486122 1.024327 -0.200000
v -3.498729 1.009982 -0.200000
v -3.510728 0.995160 -0.200000
v -3.522162 0.979915 -0.200000
v -3.533031 0.964247 -0.200000
v -3.543335 0.948155 -0.200000
v -3.553075 0.931640 -0.200000
v -3.562251 0.914701 -0.200000
v -3.570861 0.897338 -0.200000
v -3.578907 0.879552 -0.200000
v -3.586388 0.861343 -0.200000
v -3.593305 0.842710 -0.200000
v -3.599657 0.823654 -0.200000
v -3.605445 0.804174 -0.200000
v -3.610721 0.784351 -0.200000
v -3.615538 0.764262 -0.200000
v -3.619896 0.743909 -0.200000
v -3.623796 0.723291 -0.200000
v -3.627236 0.702409 -0.200000
v -3.630218 0.681262 -0.200000
v -3.632741 0.659850 -0.200000
v -3.634806 0.638173 -0.200000
v -3.636411 0.616232 -0.200000
v -3.637558 0.594026 -0.200000
v -3.638246 0.571556 -0.200000
v -3.638476 0.548821 -0.200000
v -3.638405 0.533990 -0.200000
v -3.638194 0.519142 -0.200000
v -3.637841 0.504277 -0.200000
v -3.637347 0.489393 -0.200000
v -3.636712 0.474492 -0.200000
v -3.635935 0.459574 -0.200000
v -3.635018 0.444637 -0.200000
v -3.633959 0.429684 -0.200000
v -3.632759 0.414712 -0.200000
v -3.631418 0.399723 -0.200000
v -3.629936 0.384716 -0.200000
v -3.628312 0.369692 -0.200000
v -3.626548 0.354632 -0.200000
v -3.624642 0.339519 -0.200000
v -3.622595 0.324354 -0.200000
v -3.620408 0.309135 -0.200000
v -3.618078 0.293864 -0.200000
v -3.615608 0.278539 -0.200000
v -3.612997 0.263162 -0.200000
v -3.610244 0.247732 -0.200000
v -3.607350 0.232248 -0.200000
v -3.604315 0.216712 -0.200000
v -3.601139 0.201123 -0.200000
v 0.424319 1.054447 -0.200000
v 0.879129 -1.217060 -0.200000
v 0.881237 -1.225741 -0.200000
v 0.884175 -1.233999 -0.200000
v 0.887942 -1.241833 -0.200000
v 0.892539 -1.249244 -0.200000
v 0.897964 -1.256231 -0.200000
v 0.904219 -1.262795 -0.200000
v 0.911304 -1.268935 -0.200000
v 0.919217 -1.274652 -0.200000
v 0.927960 -1.279945 -0.200000
v 0.937532 -1.284815 -0.200000
v 0.947934 -1.289262 -0.200000
v 0.959165 -1.293285 -0.200000
v 0.971402 -1.296937 -0.200000
v 0.984820 -1.300272 -0.200000
v 0.999421 -1.303289 -0.200000
v 1.015205 -1.305989 -0.200000
v 1.032170 -1.308371 -0.200000
v 1.050317 -1.310435 -0.200000
v 1.069647 -1.312182 -0.200000
v 1.090159 -1.313611 -0.200000
v 1.111853 -1.314723 -0.200000
v 1.134730 -1.315517 -0.200000
v 1.158788 -1.315993 -0.200000
v 1.184029 -1.316152 -0.200000
v 1.196954 -1.316117 -0.200000
v 1.209473 -1.316011 -0.200000
v 1.221586 -1.315835 -0.200000
v 1.233293 -1.315588 -0.200000
v 1.244594 -1.315270 -0.200000
v 1.255490 -1.314882 -0.200000
v 1.265980 -1.314423 -0.200000
v 1.276064 -1.313894 -0.200000
v 1.285742 -1.313294 -0.200000
v 1.295014 -1.312623 -0.200000
v 1.303881 -1.311882 -0.200000
v 1.312341 -1.311071 -0.200000
v 1.320466 -1.310179 -0.200000
v 1.328327 -1.309200 -0.200000
v 1.335923 -1.308133 -0.200000
v 1.343255 -1.306977 -0.200000
v 1.350321 -1.305733 -0.200000
v 1.357123 -1.304401 -0.200000
v 1.363661 -1.302980 -0.200000
v 1.369933 -1.301472 -0.200000
v 1.375941 -1.299875 -0.200000
v 1.381685 -1.298190 -0.200000
v 1.387163 -1.296417 -0.200000
v 1.392377 -1.294555 -0.200000
v 1.397309 -1.292597 -0.200000
v 1.401941 -1.290532 -0.200000
v 1.406273 -1.288362 -0.200000
v 1.410304 -1.286085 -0.200000
v 1.414036 -1.283703 -0.200000
v 1.417468 -1.281215 -0.200000
v 1.420600 -1.278622 -0.200000
v 1.423432 -1.275922 -0.200000
v 1.425964 -1.273117 -0.200000
v 1.428196 -1.270205 -0.200000
v 1.430128 -1.267188 -0.200000
v 1.431760 -1.264065 -0.200000
v 1.433145 -1.260827 -0.200000
v 1.434336 -1.257466 -0.200000
v 1.435333 -1.253981 -0.200000
v 1.436136 -1.250373 -0.200000
v 1.436745 -1.246641 -0.200000
v 1.437160 -1.242786 -0.200000
v 1.437380 -1.238807 -0.200000
v 1.437407 -1.234704 -0.200000
v 1.437239 -1.230478 -0.200000
v 1.436877 -1.226129 -0.200000
v 1.436321 -1.221656 -0.200000
v 1.435571 -1.217060 -0.200000
v 1.364428 -0.853720 -0.200000
v 1.371098 -0.867333 -0.200000
v 1.378403 -0.881070 -0.200000
v 1.386343 -0.894930 -0.200000
v 1.394918 -0.908913 -0.200000
v 1.404129 -0.923020 -0.200000
v 1.413974 -0.937250 -0.200000
v 1.424455 -0.951604 -0.200000
v 1.435571 -0.966082 -0.200000
v 1.447323 -0.980683 -0.200000
v 1.459709 -0.995407 -0.200000
v 1.472731 -1.010255 -0.200000
v 1.486388 -1.025227 -0.200000
v 1.500575 -1.040145 -0.200000
v 1.515184 -1.054834 -0.200000
v 1.530218 -1.069294 -0.200000
v 1.545674 -1.083525 -0.200000
v 1.561555 -1.097526 -0.200000
v 1.577858 -1.111297 -0.200000
v 1.594585 -1.124840 -0.200000
v 1.611736 -1.138153 -0.200000
v 1.629310 -1.151236 -0.200000
v 1.647308 -1.164091 -0.200000
v 1.665729 -1.176715 -0.200000
v 1.684573 -1.189111 -0.200000
v 1.703797 -1.201215 -0.200000
v 1.723356 -1.212966 -0.200000
v 1.743251 -1.224365 -0.200000
v 1.763480 -1.235410 -0.200000
v 1.784045 -1.246103 -0.200000
v 1.804945 -1.256443 -0.200000
v 1.826181 -1.266430 -0.200000
v 1.847751 -1.276063 -0.200000
v 1.869657 -1.285345 -0.200000
v 1.891898 -1.294273 -0.200000
v 1.914475 -1.302848 -0.200000
v 1.937386 -1.311071 -0.200000
v 1.960527 -1.318781 -0.200000
v 1.983792 -1.325821 -0.200000
v 2.007180 -1.332191 -0.200000
v 2.030692 -1.337890 -0.200000
v 2.054327 -1.342919 -0.200000
v 2.078085 -1.347277 -0.200000
v 2.101968 -1.350965 -0.200000
v 2.125973 -1.353982 -0.200000
v 2.150102 -1.356329 -0.200000
v 2.174355 -1.358005 -0.200000
v 2.198731 -1.359011 -0.200000
v 2.223230 -1.359346 -0.200000
v 2.256632 -1.358852 -0.200000
v 2.289080 -1.357370 -0.200000
v 2.320576 -1.354900 -0.200000
v 2.351119 -1.351442 -0.200000
v 2.380709 -1.346995 -0.200000
v 2.409347 -1.341561 -0.200000
v 2.437031 -1.335138 -0.200000
v 2.463763 -1.327727 -0.200000
v 2.489542 -1.319328 -0.200000
v 2.514368 -1.309941 -0.200000
v 2.538241 -1.299566 -0.200000
v 2.561161 -1.288203 -0.200000
v 2.583235 -1.276002 -0.200000
v 2.604567 -1.263112 -0.200000
v 2.625159 -1.249535 -0.200000
v 2.645009 -1.235269 -0.200000
v 2.664118 -1.220315 -0.200000
v 2.682486 -1.204673 -0.200000
v 2.700113 -1.188343 -0.200000
v 2.716999 -1.171325 -0.200000
v 2.733144 -1.153618 -0.200000
v 2.748548 -1.135224 -0.200000
v 2.763211 -1.116141 -0.200000
v 2.777132 -1.096370 -0.200000
v 2.790357 -1.076017 -0.200000
v 2.802929 -1.055187 -0.200000
v 2.814848 -1.033881 -0.200000
v 2.826114 -1.012099 -0.200000
v 2.836727 -0.989840 -0.200000
v 2.846688 -0.967105 -0.200000
v 2.855995 -0.943893 -0.200000
v 2.864650 -0.920205 -0.200000
v 2.872652 -0.896041 -0.200000
v 2.880001 -0.871400 -0.200000
v 2.886697 -0.846283 -0.200000
v 2.892740 -0.820689 -0.200000
v 2.898219 -0.794752 -0.200000
v 2.903221 -0.768602 -0.200000
v 2.907747 -0.742241 -0.200000
v 2.911797 -0.715668 -0.200000
v 2.915370 -0.688884 -0.200000
v 2.918466 -0.661887 -0.200000
v 2.921086 -0.634679 -0.200000
v 2.923230 -0.607259 -0.200000
v 2.924898 -0.579628 -0.200000
v 2.926089 -0.551784 -0.200000
v 2.926803 -0.523729 -0.200000
v 2.927042 -0.495463 -0.200000
v 2.926830 -0.468581 -0.200000
v 2.926194 -0.441293 -0.200000
v 2.925136 -0.413600 -0.200000
v 2.923654 -0.385501 -0.200000
v 2.921748 -0.356996 -0.200000
v 2.919419 -0.328085 -0.200000
v 2.916666 -0.298768 -0.200000
v 2.913490 -0.269046 -0.200000
v 2.909891 -0.238918 -0.200000
v 2.905868 -0.208384 -0.200000
v 2.901421 -0.177444 -0.200000
v 2.896551 -0.146098 -0.200000
v 2.891240 -0.114558 -0.200000
v 2.885471 -0.083036 -0.200000
v 2.879242 -0.051531 -0.200000
v 2.872555 -0.020044 -0.200000
v 2.865408 0.011425 -0.200000
v 2.857804 0.042877 -0.200000
v 2.849740 0.074311 -0.200000
v 2.841218 0.105727 -0.200000
v 2.832237 0.137126 -0.200000
v 2.822797 0.168507 -0.200000
v 2.812898 0.199870 -0.200000
v 2.802541 0.231216 -0.200000
v 2.791707 0.262456 -0.200000
v 2.780379 0.293502 -0.200000
v 2.768557 0.324354 -0.200000
v 2.756241 0.355011 -0.200000
v 2.743431 0.385475 -0.200000
v 2.730127 0.415744 -0.200000
v 2.716329 0.445820 -0.200000
v 2.702036 0.475701 -0.200000
v 2.687250 0.505388 -0.200000
v 2.671970 0.534881 -0.200000
v 2.656195 0.564180 -0.200000
v 2.639927 0.593285 -0.200000
v 2.623138 0.622019 -0.200000
v 2.605803 0.650207 -0.200000
v 2.587920 0.677847 -0.200000
v 2.569490 0.704941 -0.200000
v 2.550513 0.731487 -0.200000
v 2.530989 0.757487 -0.200000
v 2.510919 0.782939 -0.200000
v 2.490301 0.807845 -0.200000
v 2.469136 0.832203 -0.200000
v 2.447424 0.856015 -0.200000
v 2.425166 0.879279 -0.200000
v 2.402359 0.901997 -0.200000
v 2.378998 0.924061 -0.200000
v 2.355072 0.945367 -0.200000
v 2.330580 0.965915 -0.200000
v 2.305525 0.985703 -0.200000
v 2.279905 1.004733 -0.200000
v 2.253720 1.023004 -0.200000
v 2.226971 1.040516 -0.200000
v 2.199657 1.057270 -0.200000
v 2.171778 1.073265 -0.200000
v 2.143335 1.088501 -0.200000
v 2.114327 1.102978 -0.200000
v 2.084755 1.116697 -0.200000
v 2.054574 1.129481 -0.200000
v 2.023740 1.141153 -0.200000
v 1.992253 1.151713 -0.200000
v 1.960113 1.161162 -0.200000
v 1.927320 1.169499 -0.200000
v 1.893875 1.176725 -0.200000
v 1.859776 1.182838 -0.200000
v 1.825025 1.187841 -0.200000
v 1.789621 1.191731 -0.200000
v 1.753564 1.194510 -0.200000
v 1.716854 1.196178 -0.200000
v 1.679492 1.196733 -0.200000
v 1.644679 1.196125 -0.200000
v 1.610536 1.194299 -0.200000
v 1.577064 1.191255 -0.200000
v 1.544263 1.186994 -0.200000
v 1.512132 1.181515 -0.200000
v 1.480671 1.174819 -0.200000
v 1.449881 1.166905 -0.200000
v 1.419762 1.157774 -0.200000
v 1.390313 1.147425 -0.200000
v 1.361534 1.135859 -0.200000
v 1.333426 1.123076 -0.200000
v 1.305989 1.109075 -0.200000
v 1.279169 1.093909 -0.200000
v 1.252914 1.077632 -0.200000
v 1.227223 1.060243 -0.200000
v 1.202097 1.041743 -0.200000
v 1.177536 1.022131 -0.200000
v 1.153539 1.001407 -0.200000
v 1.130107 0.979572 -0.200000
v 1.107239 0.956625 -0.200000
v 1.084936 0.932566 -0.200000
v 1.063198 0.907396 -0.200000
v 1.042024 0.881114 -0.200000
v 1.021415 0.853721 -0.200000
v 0.980762 1.054447 -0.200000
v 0.978653 1.063128 -0.200000
v 0.975716 1.071386 -0.200000
v 0.971949 1.079220 -0.200000
v 0.967352 1.086631 -0.200000
v 0.961926 1.093618 -0.200000
v 0.955671 1.100182 -0.200000
v 0.948587 1.106322 -0.200000
v 0.940673 1.112039 -0.200000
v 0.931931 1.117332 -0.200000
v 0.922358 1.122202 -0.200000
v 0.911957 1.126649 -0.200000
v 0.900726 1.130672 -0.200000
v 0.888489 1.134324 -0.200000
v 0.875070 1.137659 -0.200000
v 0.860469 1.140676 -0.200000
v 0.844686 1.143376 -0.200000
v 0.827721 1.145758 -0.200000
v 0.809573 1.147822 -0.200000
v 0.790244 1.149569 -0.200000
v 0.769732 1.150998 -0.200000
v 0.748037 1.152110 -0.200000
v 0.725161 1.152904 -0.200000
v 0.701102 1.153380 -0.200000
v 0.675862 1.153539 -0.200000
v 0.663334 1.153495 -0.200000
v 0.651159 1.153363 -0.200000
v 0.639337 1.153142 -0.200000
v 0.627868 1.152833 -0.200000
v 0.616752 1.152436 -0.200000
v 0.605989 1.151951 -0.200000
v 0.595578 1.151378 -0.200000
v 0.585521 1.150716 -0.200000
v 0.575816 1.149966 -0.200000
v 0.566465 1.149128 -0.200000
v 0.557466 1.148202 -0.200000
v 0.548820 1.147187 -0.200000
v 0.540501 1.146093 -0.200000
v 0.532481 1.144929 -0.200000
v 0.524762 1.143693 -0.200000
v 0.517342 1.142388 -0.200000
v 0.510222 1.141011 -0.200000
v 0.503403 1.139565 -0.200000
v 0.496883 1.138047 -0.200000
v 0.490663 1.136459 -0.200000
v 0.484743 1.134801 -0.200000
v 0.479124 1.133071 -0.200000
v 0.473804 1.131272 -0.200000
v 0.468784 1.129401 -0.200000
v 0.464046 1.127443 -0.200000
v 0.459573 1.125378 -0.200000
v 0.455365 1.123208 -0.200000
v 0.451421 1.120932 -0.200000
v 0.447743 1.118550 -0.200000
v 0.444328 1.116062 -0.200000
v 0.441179 1.113468 -0.200000
v 0.438294 1.110768 -0.200000
v 0.435674 1.107963 -0.200000
v 0.433318 1.105052 -0.200000
v 0.431227 1.102034 -0.200000
v 0.429401 1.098911 -0.200000
v 0.427813 1.095691 -0.200000
v 0.426437 1.092383 -0.200000
v 0.425272 1.088986 -0.200000
v 0.424319 1.085501 -0.200000
v 0.423578 1.081928 -0.200000
v 0.423049 1.078267 -0.200000
v 0.422731 1.074518 -0.200000
v 0.422625 1.070680 -0.200000
v 0.422731 1.066754 -0.200000
v 0.423049 1.062740 -0.200000
v 0.423578 1.058637 -0.200000
v 1.265336 0.030490 -0.200000
v 1.194192 0.373503 -0.200000
v 1.209146 0.396309 -0.200000
v 1.224365 0.418144 -0.200000
v 1.239848 0.439009 -0.200000
v 1.255596 0.458903 -0.200000
v 1.271608 0.477827 -0.200000
v 1.287886 0.495781 -0.200000
v 1.304428 0.512764 -0.200000
v 1.321234 0.528776 -0.200000
v 1.338305 0.543818 -0.200000
v 1.355641 0.557890 -0.200000
v 1.373242 0.570991 -0.200000
v 1.391107 0.583122 -0.200000
v 1.409343 0.594282 -0.200000
v 1.428055 0.604472 -0.200000
v 1.447243 0.613691 -0.200000
v 1.466908 0.621940 -0.200000
v 1.487050 0.629219 -0.200000
v 1.507668 0.635527 -0.200000
v 1.528762 0.640864 -0.200000
v 1.550333 0.645231 -0.200000
v 1.572380 0.648628 -0.200000
v 1.594903 0.651054 -0.200000
v 1.617903 0.652510 -0.200000
v 1.641379 0.652995 -0.200000
v 1.659041 0.652642 -0.200000
v 1.676457 0.651583 -0.200000
v 1.693625 0.649819 -0.200000
v 1.710546 0.647348 -0.200000
v 1.727220 0.644172 -0.200000
v 1.743648 0.640291 -0.200000
v 1.759828 0.635703 -0.200000
v 1.775761 0.630410 -0.200000
v 1.791447 0.624410 -0.200000
v 1.806886 0.617705 -0.200000
v 1.822078 0.610295 -0.200000
v 1.837023 0.602178 -0.200000
v 1.851704 0.593470 -0.200000
v 1.866102 0.584286 -0.200000
v 1.880218 0.574626 -0.200000
v 1.894051 0.564489 -0.200000
v 1.907602 0.553876 -0.200000
v 1.920871 0.542786 -0.200000
v 1.933857 0.531220 -0.200000
v 1.946561 0.519177 -0.200000
v 1.958983 0.506659 -0.200000
v 1.971123 0.493663 -0.200000
v 1.982980 0.480191 -0.200000
v 1.994555 0.466243 -0.200000
v 2.005874 0.451872 -0.200000
v 2.016964 0.437130 -0.200000
v 2.027824 0.422017 -0.200000
v 2.038455 0.406534 -0.200000
v 2.048857 0.390680 -0.200000
v 2.059029 0.374456 -0.200000
v 2.068972 0.357861 -0.200000
v 2.078685 0.340895 -0.200000
v 2.088169 0.323560 -0.200000
v 2.097424 0.305853 -0.200000
v 2.106449 0.287776 -0.200000
v 2.115245 0.269329 -0.200000
v 2.123803 0.250634 -0.200000
v 2.132113 0.231816 -0.200000
v 2.140177 0.212874 -0.200000
v 2.147994 0.193809 -0.200000
v 2.155563 0.174621 -0.200000
v 2.162886 0.155309 -0.200000
v 2.169961 0.135873 -0.200000
v 2.176790 0.116314 -0.200000
v 2.183371 0.096631 -0.200000
v 2.189705 0.076825 -0.200000
v 2.195793 0.056896 -0.200000
v 2.201633 0.036842 -0.200000
v 2.207227 0.016710 -0.200000
v 2.212573 -0.003458 -0.200000
v 2.217672 -0.023661 -0.200000
v 2.222525 -0.043900 -0.200000
v 2.227130 -0.064174 -0.200000
v 2.231488 -0.084483 -0.200000
v 2.235599 -0.104827 -0.200000
v 2.239463 -0.125206 -0.200000
v 2.243081 -0.145621 -0.200000
v 2.246451 -0.166072 -0.200000
v 2.249574 -0.186557 -0.200000
v 2.252450 -0.207078 -0.200000
v 2.255088 -0.227484 -0.200000
v 2.257496 -0.247625 -0.200000
v 2.259676 -0.267502 -0.200000
v 2.261625 -0.287114 -0.200000
v 2.263345 -0.306462 -0.200000
v 2.264837 -0.325544 -0.200000
v 2.266098 -0.344362 -0.200000
v 2.267130 -0.362916 -0.200000
v 2.267933 -0.381204 -0.200000
v 2.268507 -0.399228 -0.200000
v 2.268851 -0.416988 -0.200000
v 2.268965 -0.434483 -0.200000
v 2.268886 -0.447134 -0.200000
v 2.268648 -0.459679 -0.200000
v 2.268250 -0.472119 -0.200000
v 2.267695 -0.484452 -0.200000
v 2.266980 -0.496680 -0.200000
v 2.266107 -0.508802 -0.200000
v 2.265074 -0.520818 -0.200000
v 2.263884 -0.532728 -0.200000
v 2.262534 -0.544532 -0.200000
v 2.261025 -0.556231 -0.200000
v 2.259358 -0.567823 -0.200000
v 2.257532 -0.579310 -0.200000
v 2.255494 -0.590638 -0.200000
v 2.253191 -0.601754 -0.200000
v 2.250624 -0.612659 -0.200000
v 2.247792 -0.623351 -0.200000
v 2.244695 -0.633832 -0.200000
v 2.241334 -0.644101 -0.200000
v 2.237708 -0.654159 -0.200000
v 2.233817 -0.664005 -0.200000
v 2.229662 -0.673639 -0.200000
v 2.225242 -0.683061 -0.200000
v 2.220557 -0.692271 -0.200000
v 2.215608 -0.701270 -0.200000
v 2.210385 -0.710013 -0.200000
v 2.204880 -0.718456 -0.200000
v 2.199092 -0.726599 -0.200000
v 2.193022 -0.734442 -0.200000
v 2.186670 -0.741985 -0.200000
v 2.180036 -0.749228 -0.200000
v 2.173119 -0.756172 -0.200000
v 2.165920 -0.762815 -0.200000
v 2.158439 -0.769158 -0.200000
v 2.150675 -0.775201 -0.200000
v 2.142629 -0.780945 -0.200000
v 2.134301 -0.786388 -0.200000
v 2.125638 -0.791461 -0.200000
v 2.116586 -0.796093 -0.200000
v 2.107146 -0.800283 -0.200000
v 2.097318 -0.804033 -0.200000
v 2.087101 -0.807341 -0.200000
v 2.076497 -0.810209 -0.200000
v 2.065504 -0.812635 -0.200000
v 2.054123 -0.814620 -0.200000
v 2.042354 -0.816164 -0.200000
v 2.030197 -0.817266 -0.200000
v 2.017652 -0.817928 -0.200000
v 2.004718 -0.818149 -0.200000
v 1.986050 -0.817681 -0.200000
v 1.967312 -0.816278 -0.200000
v 1.948503 -0.813940 -0.200000
v 1.929623 -0.810667 -0.200000
v 1.910672 -0.806459 -0.200000
v 1.891651 -0.801316 -0.200000
v 1.872560 -0.795237 -0.200000
v 1.853397 -0.788223 -0.200000
v 1.834165 -0.780274 -0.200000
v 1.814862 -0.771390 -0.200000
v 1.795488 -0.761571 -0.200000
v 1.776043 -0.750816 -0.200000
v 1.756670 -0.739259 -0.200000
v 1.737507 -0.727031 -0.200000
v 1.718557 -0.714133 -0.200000
v 1.699818 -0.700564 -0.200000
v 1.681291 -0.686325 -0.200000
v 1.662976 -0.671415 -0.200000
v 1.644873 -0.655835 -0.200000
v 1.626981 -0.639584 -0.200000
v 1.609301 -0.622663 -0.200000
v 1.591833 -0.605071 -0.200000
v 1.574576 -0.586809 -0.200000
v 1.557532 -0.567876 -0.200000
v 1.540760 -0.548344 -0.200000
v 1.524324 -0.528282 -0.200000
v 1.508223 -0.507690 -0.200000
v 1.492458 -0.486570 -0.200000
v 1.477028 -0.464920 -0.200000
v 1.461933 -0.442740 -0.200000
v 1.447173 -0.420032 -0.200000
v 1.432748 -0.396793 -0.200000
v 1.418659 -0.373026 -0.200000
v 1.404905 -0.348729 -0.200000
v 1.391486 -0.323903 -0.200000
v 1.378403 -0.298548 -0.200000
v 1.365778 -0.272778 -0.200000
v 1.353735 -0.246708 -0.200000
v 1.342275 -0.220338 -0.200000
v 1.331397 -0.193668 -0.200000
v 1.321102 -0.166698 -0.200000
v 1.311388 -0.139428 -0.200000
v 1.302257 -0.111858 -0.200000
v 1.293708 -0.083989 -0.200000
v 1.285742 -0.055819 -0.200000
v 1.278358 -0.027349 -0.200000
v 1.271555 0.001421 -0.200000
v 3.076951 1.717605 -0.200000
v 3.075327 1.711994 -0.200000
v 3.073845 1.706171 -0.200000
v 3.072504 1.700136 -0.200000
v 3.071304 1.693890 -0.200000
v 3.070246 1.687432 -0.200000
v 3.069328 1.680762 -0.200000
v 3.068552 1.673881 -0.200000
v 3.067917 1.666788 -0.200000
v 3.067423 1.659483 -0.200000
v 3.067070 1.651966 -0.200000
v 3.066858 1.644238 -0.200000
v 3.066787 1.636298 -0.200000
v 3.066814 1.631957 -0.200000
v 3.066894 1.627405 -0.200000
v 3.067026 1.622641 -0.200000
v 3.067211 1.617665 -0.200000
v 3.067449 1.612478 -0.200000
v 3.067740 1.607078 -0.200000
v 3.068084 1.601467 -0.200000
v 3.068481 1.595644 -0.200000
v 3.068931 1.589610 -0.200000
v 3.069434 1.583364 -0.200000
v 3.069990 1.576906 -0.200000
v 3.070599 1.570236 -0.200000
v 3.071269 1.563416 -0.200000
v 3.072010 1.556508 -0.200000
v 3.072822 1.549512 -0.200000
v 3.073704 1.542428 -0.200000
v 3.074657 1.535255 -0.200000
v 3.075680 1.527995 -0.200000
v 3.076774 1.520646 -0.200000
v 3.077939 1.513208 -0.200000
v 3.079174 1.505683 -0.200000
v 3.080480 1.498069 -0.200000
v 3.081856 1.490367 -0.200000
v 3.083303 1.482577 -0.200000
v 3.084811 1.474743 -0.200000
v 3.086373 1.466909 -0.200000
v 3.087987 1.459074 -0.200000
v 3.089655 1.451240 -0.200000
v 3.091375 1.443406 -0.200000
v 3.093149 1.435572 -0.200000
v 3.094975 1.427737 -0.200000
v 3.096854 1.419903 -0.200000
v 3.098786 1.412069 -0.200000
v 3.100771 1.404235 -0.200000
v 3.102809 1.396400 -0.200000
v 3.104900 1.388566 -0.200000
v 3.107053 1.380794 -0.200000
v 3.109276 1.373145 -0.200000
v 3.111569 1.365619 -0.200000
v 3.113934 1.358217 -0.200000
v 3.116369 1.350939 -0.200000
v 3.118874 1.343784 -0.200000
v 3.121451 1.336753 -0.200000
v 3.124097 1.329845 -0.200000
v 3.126815 1.323061 -0.200000
v 3.129602 1.316400 -0.200000
v 3.132461 1.309862 -0.200000
v 3.135390 1.303448 -0.200000
v 3.138381 1.297193 -0.200000
v 3.141424 1.291132 -0.200000
v 3.144521 1.285266 -0.200000
v 3.147671 1.279593 -0.200000
v 3.150873 1.274114 -0.200000
v 3.154129 1.268830 -0.200000
v 3.157437 1.263739 -0.200000
v 3.160798 1.258843 -0.200000
v 3.164212 1.254140 -0.200000
v 3.167680 1.249632 -0.200000
v 3.171200 1.245318 -0.200000
v 3.174773 1.241198 -0.200000
v 3.178381 1.237343 -0.200000
v 3.182007 1.233823 -0.200000
v 3.185651 1.230638 -0.200000
v 3.189312 1.227788 -0.200000
v 3.192991 1.225274 -0.200000
v 3.196688 1.223095 -0.200000
v 3.200402 1.221251 -0.200000
v 3.204134 1.219742 -0.200000
v 3.207883 1.218569 -0.200000
v 3.211650 1.217731 -0.200000
v 3.215435 1.217228 -0.200000
v 3.219238 1.217060 -0.200000
v 3.225801 1.217360 -0.200000
v 3.232789 1.218260 -0.200000
v 3.240200 1.219760 -0.200000
v 3.248034 1.221860 -0.200000
v 3.256291 1.224559 -0.200000
v 3.264972 1.227859 -0.200000
v 3.274077 1.231758 -0.200000
v 3.283605 1.236258 -0.200000
v 3.293557 1.241357 -0.200000
v 3.303932 1.247056 -0.200000
v 3.314731 1.253355 -0.200000
v 3.325953 1.260254 -0.200000
v 3.337669 1.267524 -0.200000
v 3.349949 1.274935 -0.200000
v 3.362795 1.282487 -0.200000
v 3.376205 1.290180 -0.200000
v 3.390179 1.298014 -0.200000
v 3.404719 1.305989 -0.200000
v 3.419822 1.314106 -0.200000
v 3.435491 1.322364 -0.200000
v 3.451724 1.330763 -0.200000
v 3.468522 1.339303 -0.200000
v 3.485884 1.347984 -0.200000
v 3.503811 1.356806 -0.200000
v 3.522356 1.365628 -0.200000
v 3.541571 1.374310 -0.200000
v 3.561457 1.382850 -0.200000
v 3.582013 1.391248 -0.200000
v 3.603240 1.399506 -0.200000
v 3.625137 1.407623 -0.200000
v 3.647705 1.415598 -0.200000
v 3.670943 1.423432 -0.200000
v 3.694851 1.431125 -0.200000
v 3.719430 1.438677 -0.200000
v 3.744680 1.446088 -0.200000
v 3.770599 1.453358 -0.200000
v 3.797260 1.460257 -0.200000
v 3.824733 1.466556 -0.200000
v 3.853017 1.472255 -0.200000
v 3.882113 1.477354 -0.200000
v 3.912021 1.481854 -0.200000
v 3.942740 1.485753 -0.200000
v 3.974272 1.489053 -0.200000
v 4.006614 1.491753 -0.200000
v 4.039769 1.493852 -0.200000
v 4.073735 1.495352 -0.200000
v 4.108512 1.496252 -0.200000
v 4.144101 1.496552 -0.200000
v 4.179849 1.496120 -0.200000
v 4.215103 1.494823 -0.200000
v 4.249863 1.492661 -0.200000
v 4.284129 1.489635 -0.200000
v 4.317901 1.485744 -0.200000
v 4.351179 1.480989 -0.200000
v 4.383963 1.475370 -0.200000
v 4.416253 1.468885 -0.200000
v 4.448048 1.461536 -0.200000
v 4.479350 1.453322 -0.200000
v 4.510158 1.444244 -0.200000
v 4.540472 1.434301 -0.200000
v 4.570317 1.423609 -0.200000
v 4.599722 1.412281 -0.200000
v 4.628686 1.400318 -0.200000
v 4.657209 1.387719 -0.200000
v 4.685290 1.374486 -0.200000
v 4.712931 1.360617 -0.200000
v 4.740130 1.346113 -0.200000
v 4.766888 1.330974 -0.200000
v 4.793205 1.315200 -0.200000
v 4.819081 1.298790 -0.200000
v 4.844516 1.281745 -0.200000
v 4.869510 1.264066 -0.200000
v 4.894036 1.245803 -0.200000
v 4.918068 1.227012 -0.200000
v 4.941607 1.207691 -0.200001
v 4.964650 1.187840 -0.200001
v 4.987200 1.167461 -0.200001
v 5.009255 1.146552 -0.200001
v 5.030818 1.125113 -0.200001
v 5.051885 1.103146 -0.200001
v 5.072459 1.080649 -0.200001
v 5.092538 1.057623 -0.200001
v 5.112124 1.034067 -0.200001
v 5.131216 1.009982 -0.200001
v 5.149813 0.985482 -0.200001
v 5.167916 0.960683 -0.200001
v 5.185525 0.935583 -0.200001
v 5.202641 0.910184 -0.200001
v 5.219262 0.884484 -0.200001
v 5.235389 0.858485 -0.200001
v 5.251023 0.832185 -0.200001
v 5.266162 0.805586 -0.200001
v 5.280807 0.778687 -0.200001
v 5.294958 0.751487 -0.200001
v 5.308615 0.723988 -0.200001
v 5.321778 0.696189 -0.200001
v 5.334421 0.668152 -0.200001
v 5.346516 0.639938 -0.200001
v 5.358065 0.611547 -0.200001
v 5.369066 0.582981 -0.200001
v 5.379521 0.554237 -0.200001
v 5.389429 0.525318 -0.200001
v 5.398789 0.496222 -0.200001
v 5.407603 0.466949 -0.200001
v 5.415870 0.437500 -0.200001
v 5.423589 0.407875 -0.200001
v 5.430762 0.378073 -0.200001
v 5.437386 0.348095 -0.200001
v 5.443474 0.318063 -0.200001
v 5.449032 0.288103 -0.200001
v 5.454061 0.258213 -0.200001
v 5.458560 0.228393 -0.200001
v 5.462530 0.198644 -0.200001
v 5.465971 0.168966 -0.200001
v 5.468882 0.139358 -0.200000
v 5.471264 0.109821 -0.200000
v 5.473117 0.080354 -0.200000
v 5.474440 0.050958 -0.200000
v 5.475234 0.021633 -0.200000
v 5.475499 -0.007622 -0.200000
v 5.475111 -0.039894 -0.200000
v 5.473946 -0.071496 -0.200000
v 5.472005 -0.102427 -0.200000
v 5.469288 -0.132688 -0.200000
v 5.465795 -0.162278 -0.200000
v 5.461524 -0.191198 -0.200000
v 5.456478 -0.219447 -0.200000
v 5.450655 -0.247025 -0.200000
v 5.444056 -0.273934 -0.200000
v 5.436681 -0.300171 -0.200000
v 5.428529 -0.325738 -0.200000
v 5.419600 -0.350635 -0.200000
v 5.409940 -0.374861 -0.200000
v 5.399591 -0.398417 -0.200000
v 5.388555 -0.421302 -0.200000
v 5.376830 -0.443517 -0.200000
v 5.364417 -0.465061 -0.200000
v 5.351315 -0.485934 -0.200000
v 5.337526 -0.506138 -0.200000
v 5.323048 -0.525670 -0.200000
v 5.307883 -0.544532 -0.200000
v 5.292029 -0.562724 -0.200000
v 5.275487 -0.580245 -0.200000
v 5.258257 -0.597096 -0.200000
v 5.240375 -0.613276 -0.200000
v 5.221874 -0.628786 -0.200000
v 5.202756 -0.643625 -0.200000
v 5.183021 -0.657794 -0.200000
v 5.162667 -0.671292 -0.200000
v 5.141697 -0.684120 -0.200000
v 5.120109 -0.696277 -0.200000
v 5.097902 -0.707763 -0.200000
v 5.075079 -0.718580 -0.200000
v 5.051638 -0.728725 -0.200000
v 5.027580 -0.738200 -0.200000
v 5.002903 -0.747005 -0.200000
v 4.977672 -0.755122 -0.200000
v 4.951945 -0.762533 -0.200000
v 4.925725 -0.769238 -0.200000
v 4.899011 -0.775237 -0.200000
v 4.871803 -0.780530 -0.200000
v 4.844101 -0.785118 -0.200000
v 4.815905 -0.789000 -0.200000
v 4.787214 -0.792176 -0.200000
v 4.758030 -0.794646 -0.200000
v 4.728352 -0.796410 -0.200000
v 4.698180 -0.797469 -0.200000
v 4.667513 -0.797822 -0.200000
v 4.646780 -0.797645 -0.200000
v 4.626083 -0.797116 -0.200000
v 4.605422 -0.796234 -0.200000
v 4.584795 -0.794999 -0.200000
v 4.564204 -0.793411 -0.200000
v 4.543647 -0.791470 -0.200000
v 4.523127 -0.789176 -0.200000
v 4.502642 -0.786529 -0.200000
v 4.482191 -0.783530 -0.200000
v 4.461776 -0.780177 -0.200000
v 4.441397 -0.776472 -0.200000
v 4.421052 -0.772414 -0.200000
v 4.400849 -0.768002 -0.200000
v 4.380893 -0.763238 -0.200000
v 4.361184 -0.758121 -0.200000
v 4.341722 -0.752652 -0.200000
v 4.322506 -0.746829 -0.200000
v 4.303538 -0.740653 -0.200000
v 4.284817 -0.734125 -0.200000
v 4.266344 -0.727243 -0.200000
v 4.248116 -0.720009 -0.200000
v 4.230137 -0.712422 -0.200000
v 4.212404 -0.704481 -0.200000
v 4.194918 -0.696189 -0.200000
v 4.042468 0.063521 -0.200000
v 4.662432 0.063521 -0.200000
v 4.667425 0.063689 -0.200000
v 4.672242 0.064192 -0.200000
v 4.676882 0.065030 -0.200000
v 4.681346 0.066203 -0.200000
v 4.685634 0.067712 -0.200000
v 4.689745 0.069556 -0.200000
v 4.693680 0.071735 -0.200000
v 4.697439 0.074249 -0.200000
v 4.701020 0.077099 -0.200000
v 4.704426 0.080284 -0.200000
v 4.707655 0.083804 -0.200000
v 4.710707 0.087659 -0.200000
v 4.713548 0.091885 -0.200000
v 4.716142 0.096517 -0.200000
v 4.718489 0.101554 -0.200000
v 4.720589 0.106998 -0.200000
v 4.722442 0.112847 -0.200000
v 4.724047 0.119102 -0.200000
v 4.725406 0.125763 -0.200000
v 4.726517 0.132829 -0.200000
v 4.727382 0.140302 -0.200000
v 4.727999 0.148180 -0.200000
v 4.728370 0.156464 -0.200000
v 4.728494 0.165154 -0.200000
v 4.728458 0.169495 -0.200000
v 4.728352 0.174047 -0.200000
v 4.728176 0.178811 -0.200000
v 4.727929 0.183787 -0.200000
v 4.727611 0.188975 -0.200000
v 4.727223 0.194374 -0.200000
v 4.726764 0.199985 -0.200000
v 4.726234 0.205808 -0.200000
v 4.725635 0.211842 -0.200000
v 4.724964 0.218089 -0.200000
v 4.724223 0.224546 -0.200000
v 4.723412 0.231216 -0.200000
v 4.722538 0.238018 -0.200000
v 4.721612 0.244873 -0.200000
v 4.720633 0.251781 -0.200000
v 4.719601 0.258742 -0.200000
v 4.718515 0.265756 -0.200000
v 4.717377 0.272822 -0.200000
v 4.716186 0.279942 -0.200000
v 4.714942 0.287115 -0.200000
v 4.713645 0.294340 -0.200000
v 4.712296 0.301618 -0.200000
v 4.710893 0.308950 -0.200000
v 4.709437 0.316334 -0.200000
v 4.707928 0.323754 -0.200000
v 4.706367 0.331191 -0.200000
v 4.704752 0.338646 -0.200000
v 4.703085 0.346118 -0.200000
v 4.701365 0.353609 -0.200000
v 4.699592 0.361116 -0.200000
v 4.697765 0.368642 -0.200000
v 4.695886 0.376185 -0.200000
v 4.693954 0.383746 -0.200000
v 4.691968 0.391324 -0.200000
v 4.689931 0.398920 -0.200000
v 4.687840 0.406534 -0.200000
v 4.685679 0.414086 -0.200000
v 4.683429 0.421496 -0.200000
v 4.681091 0.428766 -0.200000
v 4.678665 0.435895 -0.200000
v 4.676151 0.442882 -0.200000
v 4.673548 0.449728 -0.200000
v 4.670857 0.456433 -0.200000
v 4.668078 0.462997 -0.200000
v 4.665211 0.469419 -0.200000
v 4.662255 0.475701 -0.200000
v 4.659212 0.481841 -0.200000
v 4.656079 0.487841 -0.200000
v 4.652877 0.493681 -0.200000
v 4.649622 0.499345 -0.200000
v 4.646314 0.504832 -0.200000
v 4.642952 0.510143 -0.200000
v 4.639538 0.515278 -0.200000
v 4.636071 0.520236 -0.200000
v 4.632551 0.525018 -0.200000
v 4.628978 0.529623 -0.200000
v 4.625351 0.534052 -0.200000
v 4.621673 0.538304 -0.200000
v 4.617941 0.542380 -0.200000
v 4.614156 0.546280 -0.200000
v 4.610310 0.549932 -0.200000
v 4.606392 0.553267 -0.200000
v 4.602405 0.556284 -0.200000
v 4.598346 0.558984 -0.200000
v 4.594217 0.561366 -0.200000
v 4.590018 0.563430 -0.200000
v 4.585748 0.565177 -0.200000
v 4.581408 0.566606 -0.200000
v 4.576996 0.567718 -0.200000
v 4.572515 0.568512 -0.200000
v 4.567962 0.568988 -0.200000
v 4.563339 0.569147 -0.200000
v 3.452994 0.569147 -0.200000
v 3.439355 0.568759 -0.200000
v 3.426386 0.567594 -0.200000
v 3.414088 0.565654 -0.200000
v 3.402460 0.562936 -0.200000
v 3.391503 0.559443 -0.200000
v 3.381216 0.555173 -0.200000
v 3.371599 0.550126 -0.200000
v 3.362653 0.544303 -0.200000
v 3.354378 0.537704 -0.200000
v 3.346773 0.530329 -0.200000
v 3.339839 0.522177 -0.200000
v 3.333575 0.513249 -0.200000
v 3.328035 0.503615 -0.200000
v 3.323271 0.493346 -0.200000
v 3.319283 0.482441 -0.200000
v 3.316072 0.470902 -0.200000
v 3.313636 0.458727 -0.200000
v 3.311978 0.445917 -0.200000
v 3.311095 0.432471 -0.200000
v 3.310989 0.418391 -0.200000
v 3.311660 0.403675 -0.200000
v 3.313107 0.388324 -0.200000
v 3.315330 0.372338 -0.200000
v 3.318330 0.355717 -0.200000
v 3.582577 -0.960435 -0.200000
v 3.584306 -0.968384 -0.200000
v 3.586106 -0.976139 -0.200000
v 3.587976 -0.983700 -0.200000
v 3.589917 -0.991066 -0.200000
v 3.591928 -0.998239 -0.200000
v 3.594010 -1.005218 -0.200000
v 3.596163 -1.012002 -0.200000
v 3.598386 -1.018592 -0.200000
v 3.600680 -1.024988 -0.200000
v 3.603045 -1.031191 -0.200000
v 3.605480 -1.037199 -0.200000
v 3.607985 -1.043012 -0.200000
v 3.610597 -1.048685 -0.200000
v 3.613349 -1.054270 -0.200000
v 3.616243 -1.059766 -0.200000
v 3.619277 -1.065174 -0.200000
v 3.622454 -1.070494 -0.200000
v 3.625771 -1.075726 -0.200000
v 3.629229 -1.080869 -0.200000
v 3.632828 -1.085924 -0.200000
v 3.636569 -1.090891 -0.200000
v 3.640451 -1.095770 -0.200000
v 3.644474 -1.100561 -0.200000
v 3.648638 -1.105263 -0.200000
v 3.653808 -1.110424 -0.200000
v 3.660002 -1.115744 -0.200000
v 3.667218 -1.121223 -0.200000
v 3.675458 -1.126860 -0.200000
v 3.684722 -1.132656 -0.200000
v 3.695009 -1.138611 -0.200000
v 3.706319 -1.144725 -0.200000
v 3.718653 -1.150998 -0.200000
v 3.732010 -1.157429 -0.200000
v 3.746390 -1.164020 -0.200000
v 3.761794 -1.170769 -0.200000
v 3.778221 -1.177677 -0.200000
v 3.795469 -1.184655 -0.200000
v 3.813334 -1.191616 -0.200000
v 3.831817 -1.198559 -0.200000
v 3.850917 -1.205485 -0.200000
v 3.870635 -1.212393 -0.200000
v 3.890971 -1.219283 -0.200000
v 3.911924 -1.226155 -0.200000
v 3.933494 -1.233010 -0.200000
v 3.955682 -1.239848 -0.200000
v 3.978488 -1.246667 -0.200000
v 4.001912 -1.253469 -0.200000
v 4.025952 -1.260254 -0.200000
v 4.050540 -1.266941 -0.200000
v 4.075605 -1.273452 -0.200000
v 4.101146 -1.279786 -0.200000
v 4.127162 -1.285944 -0.200000
v 4.153656 -1.291926 -0.200000
v 4.180626 -1.297731 -0.200000
v 4.208072 -1.303360 -0.200000
v 4.235995 -1.308812 -0.200000
v 4.264394 -1.314088 -0.200000
v 4.293270 -1.319187 -0.200000
v 4.322621 -1.324110 -0.200000
v 4.352450 -1.328856 -0.200000
v 4.382569 -1.333320 -0.200000
v 4.412795 -1.337396 -0.200000
v 4.443126 -1.341084 -0.200000
v 4.473563 -1.344384 -0.200000
v 4.504106 -1.347295 -0.200000
v 4.534755 -1.349818 -0.200000
v 4.565509 -1.351953 -0.200000
v 4.596370 -1.353700 -0.200000
v 4.627337 -1.355059 -0.200000
v 4.658409 -1.356029 -0.200000
v 4.689587 -1.356611 -0.200000
v 4.720871 -1.356806 -0.200000
v 4.779151 -1.356241 -0.200000
v 4.836267 -1.354547 -0.200000
v 4.892218 -1.351724 -0.200000
v 4.947005 -1.347772 -0.200000
v 5.000627 -1.342690 -0.200000
v 5.053085 -1.336479 -0.200000
v 5.104378 -1.329139 -0.200000
v 5.154507 -1.320669 -0.200000
v 5.203471 -1.311071 -0.200000
v 5.251270 -1.300343 -0.200000
v 5.297905 -1.288485 -0.200000
v 5.343375 -1.275499 -0.200000
v 5.387655 -1.261392 -0.200000
v 5.430717 -1.246173 -0.200000
v 5.472560 -1.229843 -0.200000
v 5.513187 -1.212401 -0.200000
v 5.552597 -1.193848 -0.200000
v 5.590788 -1.174183 -0.200000
v 5.627763 -1.153406 -0.200000
v 5.663519 -1.131518 -0.200000
v 5.698059 -1.108518 -0.200000
v 5.731381 -1.084407 -0.200000
v 5.763485 -1.059184 -0.200000
v 5.794374 -1.032849 -0.200000
v 5.824043 -1.005456 -0.200000
v 5.852495 -0.977057 -0.200000
v 5.879729 -0.947652 -0.200000
v 5.905746 -0.917241 -0.200000
v 5.930546 -0.885825 -0.200000
v 5.954128 -0.853403 -0.200000
v 5.976492 -0.819975 -0.200001
v 5.997639 -0.785541 -0.200001
v 6.017569 -0.750102 -0.200001
v 6.036281 -0.713657 -0.200001
v 6.053775 -0.676206 -0.200001
v 6.070054 -0.637749 -0.200001
v 6.085070 -0.598296 -0.200001
v 6.098780 -0.557854 -0.200001
v 6.111184 -0.516424 -0.200001
v 6.122283 -0.474007 -0.200001
v 6.132075 -0.430601 -0.200001
v 6.140563 -0.386207 -0.200001
v 6.147744 -0.340825 -0.200001
v 6.153620 -0.294454 -0.200001
v 6.158190 -0.247096 -0.200001
v 6.161454 -0.198750 -0.200001
v 6.163413 -0.149415 -0.200001
v 6.164065 -0.099092 -0.200001
v 6.163651 -0.053428 -0.200001
v 6.162406 -0.007905 -0.200001
v 6.160333 0.037478 -0.200001
v 6.157431 0.082719 -0.200001
v 6.153699 0.127818 -0.200001
v 6.149137 0.172777 -0.200001
v 6.143747 0.217595 -0.200001
v 6.137527 0.262271 -0.200001
v 6.130478 0.306806 -0.200001
v 6.122600 0.351200 -0.200001
v 6.113893 0.395453 -0.200001
v 6.104355 0.439565 -0.200001
v 6.093998 0.483420 -0.200001
v 6.082829 0.526906 -0.200001
v 6.070848 0.570021 -0.200001
v 6.058056 0.612765 -0.200001
v 6.044452 0.655138 -0.200001
v 6.030036 0.697142 -0.200001
v 6.014809 0.738774 -0.200001
v 5.998770 0.780036 -0.200001
v 5.981919 0.820928 -0.200001
v 5.964257 0.861449 -0.200001
v 5.945783 0.901600 -0.200001
v 5.926497 0.941379 -0.200001
v 5.906417 0.980727 -0.200001
v 5.885561 1.019581 -0.200001
v 5.863929 1.057940 -0.200001
v 5.841520 1.095806 -0.200001
v 5.818335 1.133177 -0.200001
v 5.794374 1.170055 -0.200001
v 5.769636 1.206438 -0.200001
v 5.744122 1.242327 -0.200001
v 5.717831 1.277722 -0.200001
v 5.690763 1.312624 -0.200001
v 5.662920 1.347031 -0.200001
v 5.634301 1.380944 -0.200001
v 5.604905 1.414231 -0.200001
v 5.574732 1.446759 -0.200001
v 5.543784 1.478528 -0.200001
v 5.512059 1.509538 -0.200001
v 5.479557 1.539790 -0.200001
v 5.446279 1.569283 -0.200001
v 5.412225 1.598018 -0.200001
v 5.377395 1.625993 -0.200001
v 5.341787 1.653210 -0.200001
v 5.305404 1.679668 -0.200001
v 5.268244 1.705368 -0.200001
v 5.230309 1.730309 -0.200001
v 5.191623 1.754420 -0.200001
v 5.152213 1.777632 -0.200001
v 5.112081 1.799943 -0.200001
v 5.071224 1.821355 -0.200001
v 5.029644 1.841867 -0.200001
v 4.987341 1.861479 -0.200001
v 4.944314 1.880191 -0.200001
v 4.900564 1.898004 -0.200001
v 4.856091 1.914916 -0.200001
v 4.810894 1.930929 -0.200001
v 4.764974 1.946041 -0.200001
v 4.718330 1.960254 -0.200001
v 4.670954 1.973444 -0.200001
v 4.622837 1.985486 -0.200001
v 4.573979 1.996382 -0.200001
v 4.524380 2.006130 -0.200000
v 4.474039 2.014732 -0.200000
v 4.422958 2.022187 -0.200000
v 4.371136 2.028495 -0.200000
v 4.318572 2.033656 -0.200000
v 4.265268 2.037670 -0.200000
v 4.211222 2.040538 -0.200000
v 4.156435 2.042258 -0.200000
v 4.100907 2.042831 -0.200000
v 4.070135 2.042629 -0.200000
v 4.039645 2.042020 -0.200000
v 4.009437 2.041005 -0.200000
v 3.979511 2.039585 -0.200000
v 3.949868 2.037759 -0.200000
v 3.920508 2.035527 -0.200000
v 3.891429 2.032889 -0.200000
v 3.862633 2.029845 -0.200000
v 3.834119 2.026396 -0.200000
v 3.805888 2.022540 -0.200000
v 3.777939 2.018279 -0.200000
v 3.750272 2.013612 -0.200000
v 3.722985 2.008653 -0.200000
v 3.696174 2.003519 -0.200000
v 3.669839 1.998208 -0.200000
v 3.643980 1.992720 -0.200000
v 3.618598 1.987056 -0.200000
v 3.593693 1.981216 -0.200000
v 3.569264 1.975199 -0.200000
v 3.545311 1.969006 -0.200000
v 3.521835 1.962636 -0.200000
v 3.498835 1.956090 -0.200000
v 3.476312 1.949367 -0.200000
v 3.454265 1.942468 -0.200000
v 3.432747 1.935437 -0.200000
v 3.411811 1.928317 -0.200000
v 3.391458 1.921109 -0.200000
v 3.371687 1.913813 -0.200000
v 3.352499 1.906429 -0.200000
v 3.333893 1.898956 -0.200000
v 3.315869 1.891396 -0.200000
v 3.298427 1.883747 -0.200000
v 3.281567 1.876010 -0.200000
v 3.265290 1.868184 -0.200000
v 3.249595 1.860271 -0.200000
v 3.234482 1.852269 -0.200000
v 3.220076 1.844373 -0.200000
v 3.206498 1.836777 -0.200000
v 3.193750 1.829481 -0.200000
v 3.181831 1.822484 -0.200000
v 3.170741 1.815788 -0.200000
v 3.160480 1.809392 -0.200000
v 3.151049 1.803296 -0.200000
v 3.142447 1.797500 -0.200000
v 3.134675 1.792003 -0.200000
v 3.127732 1.786807 -0.200000
v 3.121618 1.781911 -0.200000
v 3.116334 1.777314 -0.200000
v 3.111596 1.772824 -0.200000
v 3.107123 1.768245 -0.200000
v 3.102915 1.763578 -0.200000
v 3.098971 1.758823 -0.200000
v 3.095292 1.753979 -0.200000
v 3.091878 1.749048 -0.200000
v 3.088728 1.744028 -0.200000
v 3.085844 1.738919 -0.200000
v 3.083223 1.733723 -0.200000
v 3.080868 1.728439 -0.200000
v 3.078777 1.723066 -0.200000
v -6.254264 0.791470 0.200001
v -6.262584 0.772158 0.200001
v -6.270180 0.752758 0.200001
v -6.277053 0.733269 0.200001
v -6.283202 0.713692 0.200001
v -6.288628 0.694027 0.200001
v -6.293330 0.674274 0.200001
v -6.297309 0.654433 0.200001
v -6.300564 0.634503 0.200001
v -6.303097 0.614485 0.200001
v -6.304905 0.594379 0.200001
v -6.305990 0.574185 0.200001
v -6.306352 0.553902 0.200001
v -6.305779 0.523668 0.200001
v -6.304058 0.493946 0.200001
v -6.301191 0.464735 0.200001
v -6.297177 0.436036 0.200001
v -6.292016 0.407848 0.200001
v -6.285707 0.380173 0.200001
v -6.278253 0.353009 0.200001
v -6.269651 0.326356 0.200001
v -6.259902 0.300216 0.200001
v -6.249007 0.274587 0.200001
v -6.236964 0.249470 0.200001
v -6.223775 0.224864 0.200001
v -6.209377 0.200797 0.200001
v -6.193708 0.177294 0.200001
v -6.176770 0.154356 0.200001
v -6.158561 0.131983 0.200001
v -6.139081 0.110174 0.200001
v -6.118330 0.088929 0.200001
v -6.096310 0.068250 0.200001
v -6.073019 0.048135 0.200001
v -6.048457 0.028585 0.200001
v -6.022625 0.009599 0.200001
v -5.995523 -0.008822 0.200001
v -5.967150 -0.026679 0.200001
v -5.937490 -0.043909 0.200001
v -5.906523 -0.060450 0.200001
v -5.874251 -0.076304 0.200001
v -5.840673 -0.091470 0.200001
v -5.805789 -0.105947 0.200001
v -5.769600 -0.119737 0.200001
v -5.732105 -0.132838 0.200001
v -5.693305 -0.145251 0.200001
v -5.653198 -0.156976 0.200001
v -5.611786 -0.168012 0.200001
v -5.569068 -0.178361 0.200001
v -5.525045 -0.188022 0.200001
v -5.479654 -0.196950 0.200001
v -5.432834 -0.205102 0.200000
v -5.384584 -0.212477 0.200000
v -5.334906 -0.219076 0.200000
v -5.283798 -0.224899 0.200000
v -5.231261 -0.229945 0.200000
v -5.177295 -0.234215 0.200000
v -5.121899 -0.237709 0.200000
v -5.065074 -0.240426 0.200000
v -5.006821 -0.242367 0.200000
v -4.947138 -0.243532 0.200000
v -4.886025 -0.243920 0.200000
v -4.652268 -0.243920 0.200000
v -4.650609 -0.253651 0.200000
v -4.649022 -0.263364 0.200000
v -4.647504 -0.273060 0.200000
v -4.646057 -0.282738 0.200000
v -4.644681 -0.292399 0.200000
v -4.643375 -0.302042 0.200000
v -4.642140 -0.311667 0.200000
v -4.640976 -0.321274 0.200000
v -4.639882 -0.330864 0.200000
v -4.638858 -0.340436 0.200000
v -4.637905 -0.349991 0.200000
v -4.637023 -0.359528 0.200000
v -4.636212 -0.368994 0.200000
v -4.635471 -0.378337 0.200000
v -4.634800 -0.387556 0.200000
v -4.634200 -0.396652 0.200000
v -4.633671 -0.405625 0.200000
v -4.633212 -0.414473 0.200000
v -4.632824 -0.423199 0.200000
v -4.632506 -0.431801 0.200000
v -4.632259 -0.440279 0.200000
v -4.632083 -0.448634 0.200000
v -4.631977 -0.456865 0.200000
v -4.631941 -0.464973 0.200000
v -4.632682 -0.498568 0.200000
v -4.634906 -0.530752 0.200000
v -4.638611 -0.561524 0.200000
v -4.643799 -0.590885 0.200000
v -4.650469 -0.618834 0.200000
v -4.658620 -0.645372 0.200000
v -4.668254 -0.670498 0.200000
v -4.679371 -0.694212 0.200000
v -4.691969 -0.716515 0.200000
v -4.706049 -0.737406 0.200000
v -4.721612 -0.756886 0.200000
v -4.738657 -0.774954 0.200000
v -4.757342 -0.791593 0.200000
v -4.777828 -0.806785 0.200000
v -4.800113 -0.820531 0.200000
v -4.824198 -0.832829 0.200000
v -4.850083 -0.843680 0.200000
v -4.877768 -0.853085 0.200000
v -4.907252 -0.861043 0.200000
v -4.938536 -0.867554 0.200000
v -4.971620 -0.872618 0.200000
v -5.006503 -0.876235 0.200000
v -5.043186 -0.878405 0.200000
v -5.081669 -0.879129 0.200000
v -5.109380 -0.878961 0.200001
v -5.136615 -0.878458 0.200001
v -5.163373 -0.877620 0.200001
v -5.189655 -0.876447 0.200001
v -5.215460 -0.874938 0.200001
v -5.240789 -0.873094 0.200001
v -5.265642 -0.870915 0.200001
v -5.290018 -0.868401 0.200001
v -5.313918 -0.865551 0.200001
v -5.337341 -0.862366 0.200001
v -5.360288 -0.858846 0.200001
v -5.382758 -0.854991 0.200001
v -5.404761 -0.850932 0.200001
v -5.426305 -0.846804 0.200001
v -5.447391 -0.842604 0.200001
v -5.468018 -0.838334 0.200001
v -5.488185 -0.833994 0.200001
v -5.507895 -0.829582 0.200001
v -5.527144 -0.825101 0.200001
v -5.545937 -0.820548 0.200001
v -5.564269 -0.815925 0.200001
v -5.582143 -0.811232 0.200001
v -5.599559 -0.806468 0.200001
v -5.616515 -0.801633 0.200001
v -5.633004 -0.796799 0.200001
v -5.649016 -0.792034 0.200001
v -5.664553 -0.787341 0.200001
v -5.679612 -0.782718 0.200001
v -5.694196 -0.778166 0.200001
v -5.708303 -0.773684 0.200001
v -5.721933 -0.769273 0.200001
v -5.735087 -0.764932 0.200001
v -5.747765 -0.760662 0.200001
v -5.759966 -0.756463 0.200001
v -5.771691 -0.752334 0.200001
v -5.782939 -0.748276 0.200001
v -5.793703 -0.744420 0.200001
v -5.803972 -0.740900 0.200001
v -5.813747 -0.737715 0.200001
v -5.823029 -0.734866 0.200001
v -5.831815 -0.732351 0.200001
v -5.840108 -0.730172 0.200001
v -5.847907 -0.728328 0.200001
v -5.855212 -0.726820 0.200001
v -5.862023 -0.725646 0.200001
v -5.868340 -0.724808 0.200001
v -5.874163 -0.724305 0.200001
v -5.879491 -0.724138 0.200001
v -5.884449 -0.724261 0.200001
v -5.889160 -0.724632 0.200001
v -5.893624 -0.725249 0.200001
v -5.897841 -0.726114 0.200001
v -5.901811 -0.727226 0.200001
v -5.905534 -0.728584 0.200001
v -5.909010 -0.730190 0.200001
v -5.912239 -0.732043 0.200001
v -5.915221 -0.734142 0.200001
v -5.917956 -0.736489 0.200001
v -5.920444 -0.739083 0.200001
v -5.922686 -0.741924 0.200001
v -5.924715 -0.745029 0.200001
v -5.926567 -0.748417 0.200001
v -5.928243 -0.752087 0.200001
v -5.929743 -0.756039 0.200001
v -5.931067 -0.760274 0.200001
v -5.932214 -0.764791 0.200001
v -5.933184 -0.769590 0.200001
v -5.933978 -0.774672 0.200001
v -5.934596 -0.780036 0.200001
v -5.935037 -0.785682 0.200001
v -5.935301 -0.791611 0.200001
v -5.935390 -0.797822 0.200001
v -5.935337 -0.805109 0.200001
v -5.935178 -0.812573 0.200001
v -5.934913 -0.820213 0.200001
v -5.934543 -0.828030 0.200001
v -5.934066 -0.836023 0.200001
v -5.933484 -0.844192 0.200001
v -5.932796 -0.852538 0.200001
v -5.932002 -0.861061 0.200001
v -5.931102 -0.869759 0.200001
v -5.930096 -0.878635 0.200001
v -5.928985 -0.887686 0.200001
v -5.927768 -0.896914 0.200001
v -5.926453 -0.906222 0.200001
v -5.925050 -0.915512 0.200001
v -5.923559 -0.924784 0.200001
v -5.921980 -0.934039 0.200001
v -5.920312 -0.943276 0.200001
v -5.918557 -0.952495 0.200001
v -5.916713 -0.961697 0.200001
v -5.914781 -0.970881 0.200001
v -5.912761 -0.980047 0.200001
v -5.910652 -0.989196 0.200001
v -5.908455 -0.998327 0.200001
v -5.906170 -1.007441 0.200001
v -5.903788 -1.016501 0.200001
v -5.901300 -1.025474 0.200001
v -5.898706 -1.034358 0.200001
v -5.896007 -1.043154 0.200001
v -5.893201 -1.051861 0.200001
v -5.890290 -1.060481 0.200001
v -5.887272 -1.069012 0.200001
v -5.884149 -1.077455 0.200001
v -5.880920 -1.085810 0.200001
v -5.877585 -1.094076 0.200001
v -5.874145 -1.102255 0.200001
v -5.870598 -1.110345 0.200001
v -5.866955 -1.118232 0.200001
v -5.863223 -1.125801 0.200001
v -5.859403 -1.133053 0.200001
v -5.855494 -1.139988 0.200001
v -5.851498 -1.146604 0.200001
v -5.847413 -1.152904 0.200001
v -5.843240 -1.158885 0.200001
v -5.838979 -1.164549 0.200001
v -5.834630 -1.169895 0.200001
v -5.830192 -1.174924 0.200001
v -5.825666 -1.179635 0.200001
v -5.821052 -1.184029 0.200001
v -5.815618 -1.189111 0.200001
v -5.809477 -1.194192 0.200001
v -5.802631 -1.199274 0.200001
v -5.795079 -1.204355 0.200001
v -5.786821 -1.209437 0.200001
v -5.777858 -1.214519 0.200001
v -5.768188 -1.219601 0.200001
v -5.757813 -1.224682 0.200001
v -5.746733 -1.229764 0.200001
v -5.734946 -1.234846 0.200001
v -5.722454 -1.239927 0.200001
v -5.709255 -1.245009 0.200001
v -5.695475 -1.250055 0.200001
v -5.681236 -1.255031 0.200001
v -5.666538 -1.259936 0.200001
v -5.651381 -1.264771 0.200001
v -5.635766 -1.269535 0.200001
v -5.619691 -1.274228 0.200001
v -5.603158 -1.278851 0.200001
v -5.586166 -1.283404 0.200001
v -5.568716 -1.287885 0.200001
v -5.550806 -1.292297 0.200001
v -5.532438 -1.296637 0.200001
v -5.513611 -1.300907 0.200001
v -5.494361 -1.305080 0.200001
v -5.474722 -1.309130 0.200001
v -5.454696 -1.313056 0.200001
v -5.434281 -1.316858 0.200001
v -5.413477 -1.320537 0.200001
v -5.392286 -1.324092 0.200001
v -5.370707 -1.327524 0.200001
v -5.348739 -1.330833 0.200001
v -5.326384 -1.334017 0.200001
v -5.303639 -1.337079 0.200001
v -5.280507 -1.340017 0.200001
v -5.256987 -1.342831 0.200001
v -5.233237 -1.345469 0.200001
v -5.209417 -1.347877 0.200001
v -5.185526 -1.350056 0.200001
v -5.161565 -1.352006 0.200001
v -5.137532 -1.353726 0.200001
v -5.113430 -1.355217 0.200001
v -5.089257 -1.356479 0.200001
v -5.065013 -1.357511 0.200001
v -5.040699 -1.358314 0.200001
v -5.016314 -1.358888 0.200001
v -4.991858 -1.359232 0.200001
v -4.967332 -1.359346 0.200001
v -4.927111 -1.358994 0.200001
v -4.887754 -1.357935 0.200001
v -4.849262 -1.356170 0.200000
v -4.811635 -1.353700 0.200000
v -4.774872 -1.350524 0.200000
v -4.738974 -1.346642 0.200000
v -4.703941 -1.342055 0.200000
v -4.669772 -1.336761 0.200000
v -4.636467 -1.330762 0.200000
v -4.604028 -1.324057 0.200000
v -4.572453 -1.316646 0.200000
v -4.541742 -1.308530 0.200000
v -4.511878 -1.299690 0.200000
v -4.482844 -1.290109 0.200000
v -4.454639 -1.279786 0.200000
v -4.427263 -1.268723 0.200000
v -4.400717 -1.256919 0.200000
v -4.375000 -1.244374 0.200000
v -4.350111 -1.231087 0.200000
v -4.326053 -1.217059 0.200000
v -4.302824 -1.202291 0.200000
v -4.280424 -1.186781 0.200000
v -4.258854 -1.170530 0.200000
v -4.238112 -1.153539 0.200000
v -4.218209 -1.135779 0.200000
v -4.199153 -1.117226 0.200000
v -4.180943 -1.097879 0.200000
v -4.163581 -1.077737 0.200000
v -4.147066 -1.056802 0.200000
v -4.131398 -1.035072 0.200000
v -4.116576 -1.012549 0.200000
v -4.102602 -0.989231 0.200000
v -4.089474 -0.965120 0.200000
v -4.077193 -0.940215 0.200000
v -4.065759 -0.914515 0.200000
v -4.055172 -0.888022 0.200000
v -4.045432 -0.860716 0.200000
v -4.036539 -0.832582 0.200000
v -4.028493 -0.803618 0.200000
v -4.021295 -0.773825 0.200000
v -4.014943 -0.743203 0.200000
v -4.009438 -0.711751 0.200000
v -4.004779 -0.679470 0.200000
v -4.000968 -0.646360 0.200000
v -3.998003 -0.612420 0.200000
v -3.995886 -0.577651 0.200000
v -3.994615 -0.542053 0.200000
v -3.994192 -0.505626 0.200000
v -3.994413 -0.477086 0.200000
v -3.995074 -0.448210 0.200000
v -3.996177 -0.418999 0.200000
v -3.997721 -0.389453 0.200000
v -3.999706 -0.359572 0.200000
v -4.002132 -0.329356 0.200000
v -4.005000 -0.298804 0.200000
v -4.008307 -0.267917 0.200000
v -4.012057 -0.236694 0.200000
v -4.016248 -0.205137 0.200000
v -4.020880 -0.173244 0.200000
v -4.025952 -0.141016 0.200000
v -4.031519 -0.108656 0.200000
v -4.037633 -0.076366 0.200000
v -4.044293 -0.044147 0.200000
v -4.051501 -0.011998 0.200000
v -4.059256 0.020080 0.200000
v -4.067558 0.052087 0.200000
v -4.076406 0.084024 0.200000
v -4.085802 0.115890 0.200000
v -4.095745 0.147686 0.200000
v -4.106234 0.179411 0.200000
v -4.117271 0.211066 0.200000
v -4.128856 0.242650 0.200000
v -4.140996 0.274084 0.200000
v -4.153700 0.305289 0.200000
v -4.166969 0.336264 0.200000
v -4.180802 0.367010 0.200000
v -4.195200 0.397526 0.200000
v -4.210163 0.427813 0.200000
v -4.225690 0.457871 0.200000
v -4.241782 0.487699 0.200000
v -4.258439 0.517298 0.200000
v -4.275661 0.546668 0.200000
v -4.293446 0.575808 0.200000
v -4.311796 0.604719 0.200000
v -4.330755 0.633224 0.200000
v -4.350368 0.661147 0.200000
v -4.370632 0.688487 0.200000
v -4.391551 0.715245 0.200000
v -4.413121 0.741421 0.200000
v -4.435344 0.767015 0.200000
v -4.458221 0.792026 0.200000
v -4.481750 0.816455 0.200000
v -4.505932 0.840302 0.200000
v -4.530767 0.863566 0.200000
v -4.556255 0.886249 0.200000
v -4.582396 0.908349 0.200000
v -4.609206 0.929796 0.200000
v -4.636706 0.950519 0.200000
v -4.664893 0.970520 0.200000
v -4.693769 0.989797 0.200000
v -4.723332 1.008350 0.200000
v -4.753584 1.026180 0.200000
v -4.784524 1.043286 0.200000
v -4.816153 1.059669 0.200000
v -4.848469 1.075329 0.200000
v -4.881473 1.090265 0.200000
v -4.915165 1.104478 0.200000
v -4.949546 1.117967 0.200000
v -4.984676 1.130548 0.200000
v -5.020618 1.142035 0.200000
v -5.057373 1.152428 0.200000
v -5.094938 1.161726 0.200000
v -5.133315 1.169931 0.200000
v -5.172504 1.177042 0.200000
v -5.212504 1.183059 0.200000
v -5.253316 1.187982 0.200000
v -5.294940 1.191811 0.200000
v -5.337376 1.194546 0.200000
v -5.380623 1.196187 0.200000
v -5.424682 1.196733 0.200000
v -5.462768 1.196354 0.200000
v -5.499954 1.195216 0.200000
v -5.536241 1.193319 0.200000
v -5.571627 1.190664 0.200000
v -5.606114 1.187249 0.200000
v -5.639700 1.183076 0.200000
v -5.672388 1.178145 0.200000
v -5.704174 1.172454 0.200000
v -5.735061 1.166005 0.200000
v -5.765049 1.158797 0.200000
v -5.794136 1.150831 0.200000
v -5.822323 1.142105 0.200000
v -5.849646 1.132754 0.200000
v -5.876139 1.122908 0.200000
v -5.901803 1.112568 0.200000
v -5.926639 1.101734 0.200000
v -5.950644 1.090407 0.200000
v -5.973820 1.078585 0.200000
v -5.996167 1.066269 0.200000
v -6.017685 1.053459 0.200000
v -6.038373 1.040154 0.200000
v -6.058232 1.026356 0.200001
v -6.077262 1.012064 0.200001
v -6.095462 0.997278 0.200001
v -6.112869 0.982068 0.200001
v -6.129517 0.966506 0.200001
v -6.145406 0.950590 0.200001
v -6.160536 0.934322 0.200001
v -6.174908 0.917700 0.200001
v -6.188521 0.900726 0.200001
v -6.201375 0.883399 0.200001
v -6.213470 0.865719 0.200001
v -6.224807 0.847686 0.200001
v -6.235385 0.829301 0.200001
v -6.245204 0.810562 0.200001
v -5.640653 0.372233 0.200000
v -5.646740 0.382669 0.200000
v -5.652298 0.393230 0.200000
v -5.657327 0.403914 0.200000
v -5.661827 0.414721 0.200000
v -5.665796 0.425652 0.200000
v -5.669237 0.436706 0.200000
v -5.672149 0.447884 0.200000
v -5.674531 0.459186 0.200000
v -5.676383 0.470610 0.200000
v -5.677707 0.482159 0.200000
v -5.678501 0.493831 0.200000
v -5.678766 0.505626 0.200000
v -5.678210 0.522327 0.200000
v -5.676543 0.538551 0.200000
v -5.673763 0.554299 0.200000
v -5.669873 0.569571 0.200000
v -5.664871 0.584366 0.200000
v -5.658757 0.598684 0.200000
v -5.651531 0.612527 0.200000
v -5.643194 0.625893 0.200000
v -5.633745 0.638782 0.200000
v -5.623185 0.651195 0.200000
v -5.611513 0.663132 0.200000
v -5.598729 0.674592 0.200000
v -5.584887 0.685346 0.200000
v -5.570039 0.695165 0.200000
v -5.554185 0.704050 0.200000
v -5.537326 0.711998 0.200000
v -5.519461 0.719012 0.200000
v -5.500590 0.725091 0.200000
v -5.480713 0.730234 0.200000
v -5.459830 0.734443 0.200000
v -5.437942 0.737716 0.200000
v -5.415048 0.740054 0.200000
v -5.391148 0.741456 0.200000
v -5.366242 0.741924 0.200000
v -5.345254 0.741606 0.200000
v -5.324636 0.740653 0.200000
v -5.304389 0.739065 0.200000
v -5.284512 0.736842 0.200000
v -5.265006 0.733984 0.200000
v -5.245871 0.730490 0.200000
v -5.227106 0.726361 0.200000
v -5.208711 0.721597 0.200000
v -5.190687 0.716198 0.200000
v -5.173034 0.710164 0.200000
v -5.155750 0.703494 0.200000
v -5.138838 0.696189 0.200000
v -5.122278 0.688346 0.200000
v -5.106054 0.680062 0.200000
v -5.090165 0.671336 0.200000
v -5.074612 0.662170 0.200000
v -5.059393 0.652562 0.200000
v -5.044510 0.642514 0.200000
v -5.029962 0.632024 0.200000
v -5.015749 0.621093 0.200000
v -5.001872 0.609721 0.200000
v -4.988330 0.597908 0.200000
v -4.975122 0.585654 0.200000
v -4.962250 0.572958 0.200000
v -4.949696 0.559848 0.200000
v -4.937442 0.546350 0.200000
v -4.925488 0.532464 0.200000
v -4.913834 0.518189 0.200000
v -4.902480 0.503527 0.200000
v -4.891425 0.488476 0.200000
v -4.880671 0.473037 0.200000
v -4.870216 0.457209 0.200000
v -4.860061 0.440994 0.200000
v -4.850206 0.424390 0.200000
v -4.840652 0.407398 0.200000
v -4.831397 0.390018 0.200000
v -4.822443 0.372347 0.200000
v -4.813788 0.354482 0.200000
v -4.805433 0.336423 0.200000
v -4.797379 0.318169 0.200000
v -4.789624 0.299722 0.200000
v -4.782169 0.281080 0.200000
v -4.775014 0.262244 0.200000
v -4.768159 0.243215 0.200000
v -4.761604 0.223991 0.200000
v -4.755349 0.204573 0.200000
v -4.749393 0.184961 0.200000
v -4.743738 0.165155 0.200000
v -4.957168 0.165155 0.200000
v -4.990587 0.165340 0.200000
v -5.023089 0.165896 0.200000
v -5.054673 0.166822 0.200000
v -5.085340 0.168119 0.200000
v -5.115088 0.169786 0.200000
v -5.143920 0.171824 0.200000
v -5.171834 0.174233 0.200000
v -5.198831 0.177012 0.200000
v -5.224909 0.180161 0.200000
v -5.250071 0.183681 0.200000
v -5.274314 0.187572 0.200000
v -5.297640 0.191833 0.200000
v -5.320137 0.196412 0.200000
v -5.341893 0.201255 0.200000
v -5.362908 0.206364 0.200000
v -5.383182 0.211736 0.200000
v -5.402714 0.217374 0.200000
v -5.421506 0.223276 0.200000
v -5.439556 0.229443 0.200000
v -5.456865 0.235874 0.200000
v -5.473434 0.242571 0.200000
v -5.489261 0.249531 0.200000
v -5.504347 0.256757 0.200000
v -5.518693 0.264247 0.200000
v -5.532350 0.271984 0.200000
v -5.545372 0.279951 0.200000
v -5.557758 0.288147 0.200000
v -5.569509 0.296572 0.200000
v -5.580626 0.305227 0.200000
v -5.591106 0.314111 0.200000
v -5.600952 0.323224 0.200000
v -5.610163 0.332567 0.200000
v -5.618738 0.342140 0.200000
v -5.626678 0.351941 0.200000
v -5.633983 0.361972 0.200000
v -3.597822 0.185481 0.200000
v -3.318330 -1.214519 0.200000
v -3.317386 -1.218709 0.200000
v -3.316248 -1.222812 0.200000
v -3.314916 -1.226826 0.200000
v -3.313390 -1.230752 0.200000
v -3.311670 -1.234590 0.200000
v -3.309755 -1.238339 0.200000
v -3.307647 -1.242000 0.200000
v -3.305344 -1.245574 0.200000
v -3.302847 -1.249058 0.200000
v -3.300157 -1.252455 0.200000
v -3.297271 -1.255763 0.200000
v -3.294193 -1.258983 0.200000
v -3.290867 -1.262115 0.200000
v -3.287241 -1.265159 0.200000
v -3.283315 -1.268115 0.200000
v -3.279089 -1.270982 0.200000
v -3.274563 -1.273761 0.200000
v -3.269737 -1.276452 0.200000
v -3.264611 -1.279054 0.200000
v -3.259186 -1.281569 0.200000
v -3.253460 -1.283995 0.200000
v -3.247434 -1.286333 0.200000
v -3.241109 -1.288582 0.200000
v -3.234483 -1.290744 0.200000
v -3.227557 -1.292817 0.200000
v -3.220332 -1.294802 0.200000
v -3.212806 -1.296699 0.200000
v -3.204981 -1.298508 0.200000
v -3.196856 -1.300228 0.200000
v -3.188430 -1.301860 0.200000
v -3.179705 -1.303404 0.200000
v -3.170680 -1.304860 0.200000
v -3.161355 -1.306227 0.200000
v -3.151730 -1.307506 0.200000
v -3.141804 -1.308697 0.200000
v -3.131579 -1.309800 0.200000
v -3.120984 -1.310815 0.200000
v -3.109947 -1.311741 0.200000
v -3.098469 -1.312579 0.200000
v -3.086550 -1.313329 0.200000
v -3.074190 -1.313991 0.200000
v -3.061389 -1.314564 0.200000
v -3.048146 -1.315050 0.200000
v -3.034463 -1.315446 0.200000
v -3.020339 -1.315755 0.200000
v -3.005773 -1.315976 0.200000
v -2.990766 -1.316108 0.200000
v -2.975318 -1.316152 0.200000
v -2.960284 -1.316108 0.200000
v -2.945675 -1.315976 0.200000
v -2.931488 -1.315755 0.200000
v -2.917726 -1.315446 0.200000
v -2.904386 -1.315049 0.200000
v -2.891470 -1.314564 0.200000
v -2.878978 -1.313991 0.200000
v -2.866909 -1.313329 0.200000
v -2.855264 -1.312579 0.200000
v -2.844042 -1.311741 0.200000
v -2.833243 -1.310815 0.200000
v -2.822868 -1.309800 0.200000
v -2.812898 -1.308697 0.200000
v -2.803317 -1.307506 0.200000
v -2.794124 -1.306227 0.200000
v -2.785320 -1.304860 0.200000
v -2.776903 -1.303404 0.200000
v -2.768875 -1.301860 0.200000
v -2.761235 -1.300228 0.200000
v -2.753983 -1.298508 0.200000
v -2.747119 -1.296699 0.200000
v -2.740643 -1.294802 0.200000
v -2.734556 -1.292817 0.200000
v -2.728857 -1.290744 0.200000
v -2.723501 -1.288582 0.200000
v -2.718446 -1.286333 0.200000
v -2.713691 -1.283995 0.200000
v -2.709236 -1.281569 0.200000
v -2.705081 -1.279054 0.200000
v -2.701225 -1.276452 0.200000
v -2.697670 -1.273761 0.200000
v -2.694414 -1.270982 0.200000
v -2.691459 -1.268114 0.200000
v -2.688803 -1.265159 0.200000
v -2.686448 -1.262115 0.200000
v -2.684392 -1.258983 0.200000
v -2.682619 -1.255763 0.200000
v -2.681110 -1.252455 0.200000
v -2.679866 -1.249058 0.200000
v -2.678887 -1.245574 0.200000
v -2.678173 -1.242000 0.200000
v -2.677722 -1.238339 0.200000
v -2.677537 -1.234590 0.200000
v -2.677617 -1.230752 0.200000
v -2.677961 -1.226826 0.200000
v -2.678570 -1.222812 0.200000
v -2.679443 -1.218709 0.200000
v -2.680581 -1.214519 0.200000
v -2.952450 0.144828 0.200000
v -2.954127 0.154559 0.200000
v -2.955768 0.164272 0.200000
v -2.957373 0.173968 0.200000
v -2.958944 0.183646 0.200000
v -2.960479 0.193307 0.200000
v -2.961978 0.202949 0.200000
v -2.963443 0.212575 0.200000
v -2.964872 0.222182 0.200000
v -2.966266 0.231772 0.200000
v -2.967625 0.241344 0.200000
v -2.968948 0.250899 0.200000
v -2.970236 0.260436 0.200000
v -2.971454 0.269973 0.200000
v -2.972565 0.279527 0.200000
v -2.973571 0.289100 0.200000
v -2.974471 0.298689 0.200000
v -2.975265 0.308297 0.200000
v -2.975953 0.317922 0.200000
v -2.976535 0.327565 0.200000
v -2.977012 0.337225 0.200000
v -2.977382 0.346904 0.200000
v -2.977647 0.356599 0.200000
v -2.977806 0.366313 0.200000
v -2.977859 0.376044 0.200000
v -2.977550 0.395629 0.200000
v -2.976624 0.414580 0.200000
v -2.975080 0.432895 0.200000
v -2.972918 0.450575 0.200000
v -2.970139 0.467620 0.200000
v -2.966743 0.484029 0.200000
v -2.962728 0.499804 0.200000
v -2.958097 0.514943 0.200000
v -2.952847 0.529447 0.200000
v -2.946980 0.543315 0.200000
v -2.940496 0.556549 0.200000
v -2.933394 0.569147 0.200000
v -2.925498 0.580916 0.200000
v -2.916632 0.591662 0.200000
v -2.906795 0.601384 0.200000
v -2.895988 0.610083 0.200000
v -2.884210 0.617758 0.200000
v -2.871461 0.624410 0.200000
v -2.857743 0.630039 0.200000
v -2.843053 0.634644 0.200000
v -2.827394 0.638226 0.200000
v -2.810763 0.640785 0.200000
v -2.793163 0.642320 0.200000
v -2.774592 0.642831 0.200000
v -2.757600 0.642373 0.200000
v -2.740502 0.640996 0.200000
v -2.723299 0.638703 0.200000
v -2.705989 0.635491 0.200000
v -2.688574 0.631362 0.200000
v -2.671053 0.626316 0.200000
v -2.653426 0.620352 0.200000
v -2.635693 0.613471 0.200000
v -2.617854 0.605672 0.200000
v -2.599909 0.596955 0.200000
v -2.581859 0.587321 0.200000
v -2.563703 0.576770 0.200000
v -2.545555 0.565433 0.200000
v -2.527531 0.553443 0.200000
v -2.509630 0.540801 0.200000
v -2.491853 0.527506 0.200000
v -2.474200 0.513558 0.200000
v -2.456670 0.498957 0.200000
v -2.439263 0.483703 0.200000
v -2.421980 0.467796 0.200000
v -2.404821 0.451237 0.200000
v -2.387785 0.434024 0.200000
v -2.370872 0.416159 0.200000
v -2.354084 0.397641 0.200000
v -2.337515 0.378532 0.200000
v -2.321265 0.358893 0.200000
v -2.305331 0.338725 0.200000
v -2.289716 0.318028 0.200000
v -2.274418 0.296801 0.200000
v -2.259438 0.275046 0.200000
v -2.244775 0.252760 0.200000
v -2.230430 0.229946 0.200000
v -2.216402 0.206602 0.200000
v -2.202692 0.182729 0.200000
v -2.189300 0.158326 0.200000
v -2.176225 0.133394 0.200000
v -2.163618 0.108065 0.200000
v -2.151628 0.082471 0.200000
v -2.140256 0.056613 0.200000
v -2.129502 0.030490 0.200000
v -2.119365 0.004103 0.200000
v -2.109846 -0.022550 0.200000
v -2.100944 -0.049467 0.200000
v -2.092660 -0.076648 0.200000
v -2.084993 -0.104095 0.200000
v -2.077944 -0.131806 0.200000
v -2.071513 -0.159781 0.200000
v -2.065699 -0.188022 0.200000
v -1.859891 -1.214519 0.200000
v -1.858947 -1.218709 0.200000
v -1.857809 -1.222812 0.200000
v -1.856477 -1.226826 0.200000
v -1.854951 -1.230752 0.200000
v -1.853230 -1.234590 0.200000
v -1.851316 -1.238339 0.200000
v -1.849207 -1.242000 0.200000
v -1.846905 -1.245574 0.200000
v -1.844408 -1.249058 0.200000
v -1.841717 -1.252455 0.200000
v -1.838832 -1.255763 0.200000
v -1.835753 -1.258983 0.200000
v -1.832427 -1.262115 0.200000
v -1.828801 -1.265159 0.200000
v -1.824875 -1.268115 0.200000
v -1.820650 -1.270982 0.200000
v -1.816124 -1.273761 0.200000
v -1.811298 -1.276452 0.200000
v -1.806172 -1.279054 0.200000
v -1.800746 -1.281569 0.200000
v -1.795021 -1.283995 0.200000
v -1.788995 -1.286333 0.200000
v -1.782669 -1.288582 0.200000
v -1.776044 -1.290744 0.200000
v -1.769118 -1.292817 0.200000
v -1.761893 -1.294802 0.200000
v -1.754367 -1.296699 0.200000
v -1.746542 -1.298508 0.200000
v -1.738417 -1.300228 0.200000
v -1.729991 -1.301860 0.200000
v -1.721266 -1.303404 0.200000
v -1.712241 -1.304860 0.200000
v -1.702915 -1.306227 0.200000
v -1.693290 -1.307506 0.200000
v -1.683365 -1.308697 0.200000
v -1.673140 -1.309800 0.200000
v -1.662544 -1.310815 0.200000
v -1.651508 -1.311741 0.200000
v -1.640030 -1.312579 0.200000
v -1.628111 -1.313329 0.200000
v -1.615751 -1.313991 0.200000
v -1.602949 -1.314564 0.200000
v -1.589707 -1.315050 0.200000
v -1.576024 -1.315446 0.200000
v -1.561899 -1.315755 0.200000
v -1.547333 -1.315976 0.200000
v -1.532327 -1.316108 0.200000
v -1.516879 -1.316152 0.200000
v -1.501854 -1.316108 0.200000
v -1.487271 -1.315976 0.200000
v -1.473129 -1.315755 0.200000
v -1.459428 -1.315446 0.200000
v -1.446168 -1.315049 0.200000
v -1.433349 -1.314564 0.200000
v -1.420971 -1.313991 0.200000
v -1.409034 -1.313329 0.200000
v -1.397539 -1.312579 0.200000
v -1.386485 -1.311741 0.200000
v -1.375871 -1.310815 0.200000
v -1.365699 -1.309800 0.200000
v -1.355933 -1.308697 0.200000
v -1.346537 -1.307506 0.200000
v -1.337512 -1.306227 0.200000
v -1.328857 -1.304860 0.200000
v -1.320573 -1.303404 0.200000
v -1.312659 -1.301860 0.200000
v -1.305116 -1.300228 0.200000
v -1.297943 -1.298508 0.200000
v -1.291141 -1.296699 0.200000
v -1.284710 -1.294802 0.200000
v -1.278649 -1.292817 0.200000
v -1.272959 -1.290744 0.200000
v -1.267603 -1.288582 0.200000
v -1.262548 -1.286333 0.200000
v -1.257793 -1.283995 0.200000
v -1.253338 -1.281569 0.200000
v -1.249182 -1.279054 0.200000
v -1.245327 -1.276452 0.200000
v -1.241771 -1.273761 0.200000
v -1.238516 -1.270982 0.200000
v -1.235561 -1.268114 0.200000
v -1.232905 -1.265159 0.200000
v -1.230549 -1.262115 0.200000
v -1.228494 -1.258983 0.200000
v -1.226703 -1.255763 0.200000
v -1.225141 -1.252455 0.200000
v -1.223809 -1.249058 0.200000
v -1.222706 -1.245574 0.200000
v -1.221833 -1.242000 0.200000
v -1.221189 -1.238339 0.200000
v -1.220774 -1.234590 0.200000
v -1.220589 -1.230752 0.200000
v -1.220633 -1.226826 0.200000
v -1.220907 -1.222812 0.200000
v -1.221409 -1.218709 0.200000
v -1.222142 -1.214519 0.200000
v -1.491470 0.144828 0.200000
v -1.493949 0.154594 0.200000
v -1.496305 0.164413 0.200000
v -1.498537 0.174286 0.200000
v -1.500646 0.184211 0.200000
v -1.502631 0.194189 0.200000
v -1.504492 0.204220 0.200000
v -1.506230 0.214304 0.200000
v -1.507845 0.224441 0.200000
v -1.509336 0.234630 0.200000
v -1.510703 0.244873 0.200000
v -1.511947 0.255169 0.200000
v -1.513067 0.265517 0.200000
v -1.514082 0.275866 0.200000
v -1.515008 0.286162 0.200000
v -1.515846 0.296404 0.200000
v -1.516596 0.306594 0.200000
v -1.517258 0.316731 0.200000
v -1.517831 0.326815 0.200000
v -1.518317 0.336846 0.200000
v -1.518714 0.346824 0.200000
v -1.519022 0.356749 0.200000
v -1.519243 0.366621 0.200000
v -1.519375 0.376441 0.200000
v -1.519419 0.386207 0.200000
v -1.519102 0.404566 0.200000
v -1.518149 0.422379 0.200000
v -1.516561 0.439644 0.200000
v -1.514338 0.456362 0.200000
v -1.511479 0.472534 0.200000
v -1.507986 0.488158 0.200000
v -1.503857 0.503235 0.200000
v -1.499093 0.517766 0.200000
v -1.493693 0.531749 0.200000
v -1.487659 0.545186 0.200000
v -1.480989 0.558075 0.200000
v -1.473684 0.570418 0.200000
v -1.465603 0.581984 0.200000
v -1.456604 0.592544 0.200000
v -1.446688 0.602099 0.200000
v -1.435854 0.610647 0.200000
v -1.424103 0.618191 0.200000
v -1.411434 0.624728 0.200000
v -1.397848 0.630260 0.200000
v -1.383344 0.634785 0.200000
v -1.367922 0.638306 0.200000
v -1.351583 0.640820 0.200000
v -1.334327 0.642329 0.200000
v -1.316153 0.642831 0.200000
v -1.299161 0.642373 0.200000
v -1.282063 0.640996 0.200000
v -1.264860 0.638703 0.200000
v -1.247550 0.635491 0.200000
v -1.230135 0.631362 0.200000
v -1.212614 0.626316 0.200000
v -1.194987 0.620352 0.200000
v -1.177254 0.613471 0.200000
v -1.159415 0.605672 0.200000
v -1.141470 0.596955 0.200000
v -1.123420 0.587321 0.200000
v -1.105263 0.576770 0.200000
v -1.087116 0.565433 0.200000
v -1.069092 0.553443 0.200000
v -1.051191 0.540801 0.200000
v -1.033414 0.527506 0.200000
v -1.015761 0.513558 0.200000
v -0.998231 0.498957 0.200000
v -0.980824 0.483703 0.200000
v -0.963541 0.467796 0.200000
v -0.946382 0.451237 0.200000
v -0.929346 0.434024 0.200000
v -0.912434 0.416159 0.200000
v -0.895644 0.397641 0.200000
v -0.879076 0.378532 0.200000
v -0.862825 0.358893 0.200000
v -0.846892 0.338725 0.200000
v -0.831277 0.318028 0.200000
v -0.815979 0.296801 0.200000
v -0.800998 0.275046 0.200000
v -0.786336 0.252760 0.200000
v -0.771990 0.229946 0.200000
v -0.757963 0.206602 0.200000
v -0.744253 0.182729 0.200000
v -0.730861 0.158326 0.200000
v -0.717786 0.133394 0.200000
v -0.705179 0.108065 0.200000
v -0.693189 0.082471 0.200000
v -0.681817 0.056613 0.200000
v -0.671063 0.030490 0.200000
v -0.660926 0.004103 0.200000
v -0.651407 -0.022550 0.200000
v -0.642505 -0.049467 0.200000
v -0.634221 -0.076648 0.200000
v -0.626554 -0.104095 0.200000
v -0.619505 -0.131806 0.200000
v -0.613074 -0.159781 0.200000
v -0.607260 -0.188022 0.200000
v -0.401452 -1.214519 0.200000
v -0.400508 -1.218709 0.200000
v -0.399370 -1.222812 0.200000
v -0.398038 -1.226826 0.200000
v -0.396512 -1.230752 0.200000
v -0.394791 -1.234590 0.200000
v -0.392877 -1.238339 0.200000
v -0.390768 -1.242000 0.200000
v -0.388466 -1.245574 0.200000
v -0.385969 -1.249058 0.200000
v -0.383278 -1.252455 0.200000
v -0.380393 -1.255763 0.200000
v -0.377314 -1.258983 0.200000
v -0.373997 -1.262115 0.200000
v -0.370397 -1.265159 0.200000
v -0.366516 -1.268115 0.200000
v -0.362352 -1.270982 0.200000
v -0.357905 -1.273761 0.200000
v -0.353176 -1.276452 0.200000
v -0.348165 -1.279054 0.200000
v -0.342872 -1.281569 0.200000
v -0.337296 -1.283995 0.200000
v -0.331438 -1.286333 0.200000
v -0.325298 -1.288582 0.200000
v -0.318875 -1.290744 0.200000
v -0.312144 -1.292817 0.200000
v -0.305077 -1.294802 0.200000
v -0.297675 -1.296699 0.200000
v -0.289938 -1.298508 0.200000
v -0.281865 -1.300228 0.200000
v -0.273458 -1.301860 0.200000
v -0.264715 -1.303404 0.200000
v -0.255636 -1.304860 0.200000
v -0.246223 -1.306227 0.200000
v -0.236474 -1.307506 0.200000
v -0.226390 -1.308697 0.200000
v -0.215971 -1.309800 0.200000
v -0.205190 -1.310815 0.200000
v -0.194021 -1.311741 0.200000
v -0.182464 -1.312579 0.200000
v -0.170518 -1.313329 0.200000
v -0.158185 -1.313991 0.200000
v -0.145463 -1.314564 0.200000
v -0.132353 -1.315050 0.200000
v -0.118855 -1.315446 0.200000
v -0.104968 -1.315755 0.200000
v -0.090694 -1.315976 0.200000
v -0.076031 -1.316108 0.200000
v -0.060980 -1.316152 0.200000
v -0.045550 -1.316108 0.200000
v -0.030596 -1.315976 0.200000
v -0.016119 -1.315755 0.200000
v -0.002118 -1.315446 0.200000
v 0.011407 -1.315049 0.200000
v 0.024455 -1.314564 0.200000
v 0.037027 -1.313991 0.200000
v 0.049123 -1.313329 0.200000
v 0.060742 -1.312579 0.200000
v 0.071884 -1.311741 0.200000
v 0.082550 -1.310815 0.200000
v 0.092740 -1.309800 0.200000
v 0.102515 -1.308697 0.200000
v 0.111938 -1.307506 0.200000
v 0.121007 -1.306227 0.200000
v 0.129724 -1.304860 0.200000
v 0.138087 -1.303404 0.200000
v 0.146098 -1.301860 0.200000
v 0.153756 -1.300228 0.200000
v 0.161060 -1.298508 0.200000
v 0.168012 -1.296699 0.200000
v 0.174612 -1.294802 0.200000
v 0.180858 -1.292817 0.200000
v 0.186751 -1.290744 0.200000
v 0.192300 -1.288582 0.200000
v 0.197514 -1.286333 0.200000
v 0.202393 -1.283995 0.200000
v 0.206937 -1.281569 0.200000
v 0.211145 -1.279054 0.200000
v 0.215018 -1.276452 0.200000
v 0.218556 -1.273761 0.200000
v 0.221758 -1.270982 0.200000
v 0.224625 -1.268114 0.200000
v 0.227157 -1.265159 0.200000
v 0.229354 -1.262115 0.200000
v 0.231216 -1.258983 0.200000
v 0.232804 -1.255763 0.200000
v 0.234180 -1.252455 0.200000
v 0.235345 -1.249058 0.200000
v 0.236297 -1.245574 0.200000
v 0.237038 -1.242000 0.200000
v 0.237568 -1.238339 0.200000
v 0.237885 -1.234590 0.200000
v 0.237991 -1.230752 0.200000
v 0.237885 -1.226826 0.200000
v 0.237568 -1.222812 0.200000
v 0.237038 -1.218709 0.200000
v 0.236297 -1.214519 0.200000
v -0.218512 1.054447 0.200000
v -0.219438 1.058637 0.200000
v -0.220523 1.062740 0.200000
v -0.221767 1.066754 0.200000
v -0.223170 1.070680 0.200000
v -0.224732 1.074518 0.200000
v -0.226452 1.078267 0.200000
v -0.228331 1.081928 0.200000
v -0.230369 1.085501 0.200000
v -0.232566 1.088986 0.200000
v -0.234922 1.092383 0.200000
v -0.237436 1.095691 0.200000
v -0.240109 1.098911 0.200000
v -0.242985 1.102034 0.200000
v -0.246108 1.105052 0.200000
v -0.249478 1.107963 0.200000
v -0.253096 1.110768 0.200000
v -0.256960 1.113468 0.200000
v -0.261071 1.116062 0.200000
v -0.265429 1.118550 0.200000
v -0.270034 1.120932 0.200000
v -0.274887 1.123208 0.200000
v -0.279986 1.125378 0.200000
v -0.285332 1.127443 0.200000
v -0.290926 1.129401 0.200000
v -0.296784 1.131272 0.200000
v -0.302924 1.133071 0.200000
v -0.309347 1.134801 0.200000
v -0.316052 1.136459 0.200000
v -0.323039 1.138047 0.200000
v -0.330309 1.139565 0.200000
v -0.337861 1.141011 0.200000
v -0.345695 1.142388 0.200000
v -0.353811 1.143693 0.200000
v -0.362210 1.144929 0.200000
v -0.370891 1.146093 0.200000
v -0.379855 1.147187 0.200000
v -0.389110 1.148202 0.200000
v -0.398664 1.149128 0.200000
v -0.408519 1.149966 0.200000
v -0.418673 1.150716 0.200000
v -0.429128 1.151378 0.200000
v -0.439882 1.151951 0.200000
v -0.450937 1.152436 0.200000
v -0.462291 1.152833 0.200000
v -0.473945 1.153142 0.200000
v -0.485900 1.153363 0.200000
v -0.498154 1.153495 0.200000
v -0.510708 1.153539 0.200000
v -0.523633 1.153495 0.200000
v -0.536152 1.153363 0.200000
v -0.548265 1.153142 0.200000
v -0.559972 1.152833 0.200000
v -0.571273 1.152436 0.200000
v -0.582169 1.151951 0.200000
v -0.592659 1.151378 0.200000
v -0.602743 1.150716 0.200000
v -0.612421 1.149966 0.200000
v -0.621693 1.149128 0.200000
v -0.630560 1.148202 0.200000
v -0.639020 1.147187 0.200000
v -0.647128 1.146093 0.200000
v -0.654936 1.144929 0.200000
v -0.662443 1.143693 0.200000
v -0.669651 1.142388 0.200000
v -0.676559 1.141011 0.200000
v -0.683167 1.139565 0.200000
v -0.689475 1.138047 0.200000
v -0.695483 1.136459 0.200000
v -0.701191 1.134801 0.200000
v -0.706599 1.133071 0.200000
v -0.711707 1.131272 0.200000
v -0.716516 1.129401 0.200000
v -0.721041 1.127443 0.200000
v -0.725303 1.125378 0.200000
v -0.729299 1.123208 0.200000
v -0.733031 1.120932 0.200000
v -0.736498 1.118550 0.200000
v -0.739701 1.116062 0.200000
v -0.742639 1.113468 0.200000
v -0.745312 1.110768 0.200000
v -0.747720 1.107963 0.200000
v -0.749864 1.105052 0.200000
v -0.751743 1.102034 0.200000
v -0.753358 1.098911 0.200000
v -0.754743 1.095691 0.200000
v -0.755934 1.092383 0.200000
v -0.756931 1.088986 0.200000
v -0.757734 1.085501 0.200000
v -0.758342 1.081928 0.200000
v -0.758757 1.078267 0.200000
v -0.758977 1.074518 0.200000
v -0.759004 1.070680 0.200000
v -0.758836 1.066754 0.200000
v -0.758475 1.062740 0.200000
v -0.757919 1.058637 0.200000
v -0.757169 1.054447 0.200000
v -0.683485 0.680944 0.200000
v -0.692625 0.695792 0.200000
v -0.702259 0.710693 0.200000
v -0.712387 0.725647 0.200000
v -0.723009 0.740654 0.200000
v -0.734125 0.755713 0.200000
v -0.745735 0.770826 0.200000
v -0.757840 0.785992 0.200000
v -0.770438 0.801210 0.200000
v -0.783530 0.816482 0.200000
v -0.797117 0.831806 0.200000
v -0.811197 0.847183 0.200000
v -0.825772 0.862614 0.200000
v -0.840761 0.877938 0.200000
v -0.856085 0.892998 0.200000
v -0.871745 0.907793 0.200000
v -0.887740 0.922323 0.200000
v -0.904070 0.936589 0.200000
v -0.920735 0.950590 0.200000
v -0.937736 0.964326 0.200000
v -0.955072 0.977798 0.200000
v -0.972743 0.991005 0.200000
v -0.990749 1.003947 0.200000
v -1.009091 1.016625 0.200000
v -1.027768 1.029038 0.200000
v -1.046754 1.041134 0.200000
v -1.066022 1.052859 0.200000
v -1.085572 1.064213 0.200000
v -1.105404 1.075197 0.200000
v -1.125519 1.085810 0.200000
v -1.145917 1.096053 0.200000
v -1.166596 1.105925 0.200000
v -1.187558 1.115427 0.200000
v -1.208802 1.124558 0.200000
v -1.230329 1.133318 0.200000
v -1.252138 1.141708 0.200000
v -1.274229 1.149728 0.200000
v -1.296523 1.157236 0.200000
v -1.318941 1.164091 0.200000
v -1.341482 1.170293 0.200000
v -1.364146 1.175842 0.200000
v -1.386934 1.180738 0.200000
v -1.409846 1.184982 0.200000
v -1.432881 1.188573 0.200000
v -1.456040 1.191511 0.200000
v -1.479322 1.193796 0.200000
v -1.502728 1.195428 0.200000
v -1.526257 1.196407 0.200000
v -1.549909 1.196733 0.200000
v -1.574197 1.196460 0.200000
v -1.597938 1.195639 0.200000
v -1.621132 1.194272 0.200000
v -1.643779 1.192358 0.200000
v -1.665879 1.189896 0.200000
v -1.687432 1.186888 0.200000
v -1.708438 1.183332 0.200000
v -1.728897 1.179230 0.200000
v -1.748809 1.174580 0.200000
v -1.768174 1.169384 0.200000
v -1.786992 1.163641 0.200000
v -1.805263 1.157350 0.200000
v -1.822996 1.150575 0.200000
v -1.840200 1.143376 0.200000
v -1.856874 1.135753 0.200000
v -1.873019 1.127707 0.200000
v -1.888634 1.119238 0.200000
v -1.903721 1.110345 0.200000
v -1.918278 1.101029 0.200000
v -1.932305 1.091289 0.200000
v -1.945803 1.081125 0.200000
v -1.958772 1.070539 0.200000
v -1.971212 1.059528 0.200000
v -1.983122 1.048095 0.200000
v -1.994538 1.036281 0.200000
v -2.005495 1.024133 0.200000
v -2.015994 1.011649 0.200000
v -2.026034 0.998831 0.200000
v -2.035615 0.985677 0.200000
v -2.044737 0.972187 0.200000
v -2.053401 0.958363 0.200000
v -2.061606 0.944203 0.200000
v -2.069352 0.929708 0.200000
v -2.076639 0.914877 0.200000
v -2.083468 0.899712 0.200000
v -2.089837 0.884211 0.200000
v -2.095792 0.868436 0.200000
v -2.101377 0.852450 0.200000
v -2.106591 0.836252 0.200000
v -2.111434 0.819843 0.200000
v -2.115907 0.803222 0.200000
v -2.120009 0.786389 0.200000
v -2.123741 0.769344 0.200000
v -2.127102 0.752087 0.200000
v -2.130093 0.734619 0.200000
v -2.132713 0.716939 0.200000
v -2.134963 0.699047 0.200000
v -2.136842 0.680944 0.200000
v -2.146803 0.696189 0.200000
v -2.157204 0.711434 0.200000
v -2.168047 0.726679 0.200000
v -2.179331 0.741924 0.200000
v -2.191056 0.757169 0.200000
v -2.203222 0.772414 0.200000
v -2.215829 0.787659 0.200000
v -2.228877 0.802904 0.200000
v -2.242367 0.818149 0.200000
v -2.256297 0.833394 0.200000
v -2.270669 0.848639 0.200000
v -2.285481 0.863884 0.200000
v -2.300673 0.879006 0.200000
v -2.316183 0.893880 0.200000
v -2.332010 0.908507 0.200000
v -2.348155 0.922888 0.200000
v -2.364618 0.937021 0.200000
v -2.381397 0.950908 0.200000
v -2.398495 0.964547 0.200000
v -2.415911 0.977939 0.200000
v -2.433644 0.991085 0.200000
v -2.451694 1.003983 0.200000
v -2.470062 1.016634 0.200000
v -2.488748 1.029038 0.200000
v -2.507725 1.041134 0.200000
v -2.526966 1.052859 0.200000
v -2.546473 1.064213 0.200000
v -2.566243 1.075197 0.200000
v -2.586279 1.085810 0.200000
v -2.606579 1.096053 0.200000
v -2.627144 1.105925 0.200000
v -2.647973 1.115427 0.200000
v -2.669067 1.124558 0.200000
v -2.690426 1.133318 0.200000
v -2.712050 1.141708 0.200000
v -2.733938 1.149728 0.200000
v -2.756012 1.157236 0.200000
v -2.778191 1.164091 0.200000
v -2.800477 1.170293 0.200000
v -2.822868 1.175842 0.200000
v -2.845365 1.180738 0.200000
v -2.867967 1.184982 0.200000
v -2.890676 1.188573 0.200000
v -2.913491 1.191511 0.200000
v -2.936411 1.193796 0.200000
v -2.959437 1.195428 0.200000
v -2.982569 1.196407 0.200000
v -3.005808 1.196733 0.200000
v -3.035054 1.196389 0.200000
v -3.063506 1.195357 0.200000
v -3.091164 1.193637 0.200000
v -3.118028 1.191228 0.200000
v -3.144098 1.188132 0.200000
v -3.169374 1.184347 0.200000
v -3.193856 1.179874 0.200000
v -3.217544 1.174713 0.200000
v -3.240438 1.168864 0.200000
v -3.262538 1.162326 0.200000
v -3.283844 1.155101 0.200000
v -3.304356 1.147187 0.200000
v -3.324144 1.138665 0.200000
v -3.343280 1.129613 0.200000
v -3.361763 1.120032 0.200000
v -3.379593 1.109922 0.200000
v -3.396770 1.099282 0.200000
v -3.413294 1.088113 0.200000
v -3.429166 1.076414 0.200000
v -3.444384 1.064187 0.200000
v -3.458950 1.051430 0.200000
v -3.472862 1.038143 0.200000
v -3.486122 1.024327 0.200000
v -3.498729 1.009982 0.200000
v -3.510728 0.995160 0.200000
v -3.522162 0.979915 0.200000
v -3.533031 0.964247 0.200000
v -3.543335 0.948155 0.200000
v -3.553075 0.931640 0.200000
v -3.562251 0.914701 0.200000
v -3.570861 0.897338 0.200000
v -3.578907 0.879552 0.200000
v -3.586388 0.861343 0.200000
v -3.593305 0.842710 0.200000
v -3.599657 0.823654 0.200000
v -3.605445 0.804174 0.200000
v -3.610721 0.784351 0.200000
v -3.615538 0.764262 0.200000
v -3.619896 0.743909 0.200000
v -3.623796 0.723291 0.200000
v -3.627236 0.702409 0.200000
v -3.630218 0.681262 0.200000
v -3.632741 0.659850 0.200000
v -3.634806 0.638173 0.200000
v -3.636411 0.616232 0.200000
v -3.637558 0.594026 0.200000
v -3.638246 0.571556 0.200000
v -3.638476 0.548821 0.200000
v -3.638405 0.533990 0.200000
v -3.638194 0.519142 0.200000
v -3.637841 0.504277 0.200000
v -3.637347 0.489393 0.200000
v -3.636712 0.474492 0.200000
v -3.635935 0.459574 0.200000
v -3.635018 0.444637 0.200000
v -3.633959 0.429684 0.200000
v -3.632759 0.414712 0.200000
v -3.631418 0.399723 0.200000
v -3.629936 0.384716 0.200000
v -3.628312 0.369692 0.200000
v -3.626548 0.354632 0.200000
v -3.624642 0.339519 0.200000
v -3.622595 0.324354 0.200000
v -3.620408 0.309135 0.200000
v -3.618078 0.293864 0.200000
v -3.615608 0.278539 0.200000
v -3.612997 0.263162 0.200000
v -3.610244 0.247732 0.200000
v -3.607350 0.232248 0.200000
v -3.604315 0.216712 0.200000
v -3.601139 0.201123 0.200000
v 0.424319 1.054447 0.200000
v 0.879129 -1.217060 0.200000
v 0.881237 -1.225741 0.200000
v 0.884175 -1.233999 0.200000
v 0.887942 -1.241833 0.200000
v 0.892539 -1.249244 0.200000
v 0.897964 -1.256231 0.200000
v 0.904219 -1.262795 0.200000
v 0.911304 -1.268935 0.200000
v 0.919217 -1.274652 0.200000
v 0.927960 -1.279945 0.200000
v 0.937532 -1.284815 0.200000
v 0.947934 -1.289262 0.200000
v 0.959165 -1.293285 0.200000
v 0.971402 -1.296937 0.200000
v 0.984820 -1.300272 0.200000
v 0.999421 -1.303289 0.200000
v 1.015205 -1.305989 0.200000
v 1.032170 -1.308371 0.200000
v 1.050317 -1.310435 0.200000
v 1.069647 -1.312182 0.200000
v 1.090159 -1.313611 0.200000
v 1.111853 -1.314723 0.200000
v 1.134730 -1.315517 0.200000
v 1.158788 -1.315993 0.200000
v 1.184029 -1.316152 0.200000
v 1.196954 -1.316117 0.200000
v 1.209473 -1.316011 0.200000
v 1.221586 -1.315835 0.200000
v 1.233293 -1.315588 0.200000
v 1.244594 -1.315270 0.200000
v 1.255490 -1.314882 0.200000
v 1.265980 -1.314423 0.200000
v 1.276064 -1.313894 0.200000
v 1.285742 -1.313294 0.200000
v 1.295014 -1.312623 0.200000
v 1.303881 -1.311882 0.200000
v 1.312341 -1.311071 0.200000
v 1.320466 -1.310179 0.200000
v 1.328327 -1.309200 0.200000
v 1.335923 -1.308133 0.200000
v 1.343255 -1.306977 0.200000
v 1.350321 -1.305733 0.200000
v 1.357123 -1.304401 0.200000
v 1.363661 -1.302980 0.200000
v 1.369933 -1.301472 0.200000
v 1.375941 -1.299875 0.200000
v 1.381685 -1.298190 0.200000
v 1.387163 -1.296417 0.200000
v 1.392377 -1.294555 0.200000
v 1.397309 -1.292597 0.200000
v 1.401941 -1.290532 0.200000
v 1.406273 -1.288362 0.200000
v 1.410304 -1.286085 0.200000
v 1.414036 -1.283703 0.200000
v 1.417468 -1.281215 0.200000
v 1.420600 -1.278622 0.200000
v 1.423432 -1.275922 0.200000
v 1.425964 -1.273117 0.200000
v 1.428196 -1.270205 0.200000
v 1.430128 -1.267188 0.200000
v 1.431760 -1.264065 0.200000
v 1.433145 -1.260827 0.200000
v 1.434336 -1.257466 0.200000
v 1.435333 -1.253981 0.200000
v 1.436136 -1.250373 0.200000
v 1.436745 -1.246641 0.200000
v 1.437160 -1.242786 0.200000
v 1.437380 -1.238807 0.200000
v 1.437407 -1.234704 0.200000
v 1.437239 -1.230478 0.200000
v 1.436877 -1.226129 0.200000
v 1.436321 -1.221656 0.200000
v 1.435571 -1.217060 0.200000
v 1.364428 -0.853720 0.200000
v 1.371098 -0.867333 0.200000
v 1.378403 -0.881070 0.200000
v 1.386343 -0.894930 0.200000
v 1.394918 -0.908913 0.200000
v 1.404129 -0.923020 0.200000
v 1.413974 -0.937250 0.200000
v 1.424455 -0.951604 0.200000
v 1.435571 -0.966082 0.200000
v 1.447323 -0.980683 0.200000
v 1.459709 -0.995407 0.200000
v 1.472731 -1.010255 0.200000
v 1.486388 -1.025227 0.200000
v 1.500575 -1.040145 0.200000
v 1.515184 -1.054834 0.200000
v 1.530218 -1.069294 0.200000
v 1.545674 -1.083525 0.200000
v 1.561555 -1.097526 0.200000
v 1.577858 -1.111297 0.200000
v 1.594585 -1.124840 0.200000
v 1.611736 -1.138153 0.200000
v 1.629310 -1.151236 0.200000
v 1.647308 -1.164091 0.200000
v 1.665729 -1.176715 0.200000
v 1.684573 -1.189111 0.200000
v 1.703797 -1.201215 0.200000
v 1.723356 -1.212966 0.200000
v 1.743251 -1.224365 0.200000
v 1.763480 -1.235410 0.200000
v 1.784045 -1.246103 0.200000
v 1.804945 -1.256443 0.200000
v 1.826181 -1.266430 0.200000
v 1.847751 -1.276063 0.200000
v 1.869657 -1.285345 0.200000
v 1.891898 -1.294273 0.200000
v 1.914475 -1.302848 0.200000
v 1.937386 -1.311071 0.200000
v 1.960527 -1.318781 0.200000
v 1.983792 -1.325821 0.200000
v 2.007180 -1.332191 0.200000
v 2.030692 -1.337890 0.200000
v 2.054327 -1.342919 0.200000
v 2.078085 -1.347277 0.200000
v 2.101968 -1.350965 0.200000
v 2.125973 -1.353982 0.200000
v 2.150102 -1.356329 0.200000
v 2.174355 -1.358005 0.200000
v 2.198731 -1.359011 0.200000
v 2.223230 -1.359346 0.200000
v 2.256632 -1.358852 0.200000
v 2.289080 -1.357370 0.200000
v 2.320576 -1.354900 0.200000
v 2.351119 -1.351442 0.200000
v 2.380709 -1.346995 0.200000
v 2.409347 -1.341561 0.200000
v 2.437031 -1.335138 0.200000
v 2.463763 -1.327727 0.200000
v 2.489542 -1.319328 0.200000
v 2.514368 -1.309941 0.200000
v 2.538241 -1.299566 0.200000
v 2.561161 -1.288203 0.200000
v 2.583235 -1.276002 0.200000
v 2.604567 -1.263112 0.200000
v 2.625159 -1.249535 0.200000
v 2.645009 -1.235269 0.200000
v 2.664118 -1.220315 0.200000
v 2.682486 -1.204673 0.200000
v 2.700113 -1.188343 0.200000
v 2.716999 -1.171325 0.200000
v 2.733144 -1.153618 0.200000
v 2.748548 -1.135224 0.200000
v 2.763211 -1.116141 0.200000
v 2.777132 -1.096370 0.200000
v 2.790357 -1.076017 0.200000
v 2.802929 -1.055187 0.200000
v 2.814848 -1.033881 0.200000
v 2.826114 -1.012099 0.200000
v 2.836727 -0.989840 0.200000
v 2.846688 -0.967105 0.200000
v 2.855995 -0.943893 0.200000
v 2.864650 -0.920205 0.200000
v 2.872652 -0.896041 0.200000
v 2.880001 -0.871400 0.200000
v 2.886697 -0.846283 0.200000
v 2.892740 -0.820689 0.200000
v 2.898219 -0.794752 0.200000
v 2.903221 -0.768602 0.200000
v 2.907747 -0.742241 0.200000
v 2.911797 -0.715668 0.200000
v 2.915370 -0.688884 0.200000
v 2.918466 -0.661887 0.200000
v 2.921086 -0.634679 0.200000
v 2.923230 -0.607259 0.200000
v 2.924898 -0.579628 0.200000
v 2.926089 -0.551784 0.200000
v 2.926803 -0.523729 0.200000
v 2.927042 -0.495463 0.200000
v 2.926830 -0.468581 0.200000
v 2.926194 -0.441293 0.200000
v 2.925136 -0.413600 0.200000
v 2.923654 -0.385501 0.200000
v 2.921748 -0.356996 0.200000
v 2.919419 -0.328085 0.200000
v 2.916666 -0.298768 0.200000
v 2.913490 -0.269046 0.200000
v 2.909891 -0.238918 0.200000
v 2.905868 -0.208384 0.200000
v 2.901421 -0.177444 0.200000
v 2.896551 -0.146098 0.200000
v 2.891240 -0.114558 0.200000
v 2.885471 -0.083036 0.200000
v 2.879242 -0.051531 0.200000
v 2.872555 -0.020044 0.200000
v 2.865408 0.011425 0.200000
v 2.857804 0.042877 0.200000
v 2.849740 0.074311 0.200000
v 2.841218 0.105727 0.200000
v 2.832237 0.137126 0.200000
v 2.822797 0.168507 0.200000
v 2.812898 0.199870 0.200000
v 2.802541 0.231216 0.200000
v 2.791707 0.262456 0.200000
v 2.780379 0.293502 0.200000
v 2.768557 0.324354 0.200000
v 2.756241 0.355011 0.200000
v 2.743431 0.385475 0.200000
v 2.730127 0.415744 0.200000
v 2.716329 0.445820 0.200000
v 2.702036 0.475701 0.200000
v 2.687250 0.505388 0.200000
v 2.671970 0.534881 0.200000
v 2.656195 0.564180 0.200000
v 2.639927 0.593285 0.200000
v 2.623138 0.622019 0.200000
v 2.605803 0.650207 0.200000
v 2.587920 0.677847 0.200000
v 2.569490 0.704941 0.200000
v 2.550513 0.731487 0.200000
v 2.530989 0.757487 0.200000
v 2.510919 0.782939 0.200000
v 2.490301 0.807845 0.200000
v 2.469136 0.832203 0.200000
v 2.447424 0.856015 0.200000
v 2.425166 0.879279 0.200000
v 2.402359 0.901997 0.200000
v 2.378998 0.924061 0.200000
v 2.355072 0.945367 0.200000
v 2.330580 0.965915 0.200000
v 2.305525 0.985703 0.200000
v 2.279905 1.004733 0.200000
v 2.253720 1.023004 0.200000
v 2.226971 1.040516 0.200000
v 2.199657 1.057270 0.200000
v 2.171778 1.073265 0.200000
v 2.143335 1.088501 0.200000
v 2.114327 1.102978 0.200000
v 2.084755 1.116697 0.200000
v 2.054574 1.129481 0.200000
v 2.023740 1.141153 0.200000
v 1.992253 1.151713 0.200000
v 1.960113 1.161162 0.200000
v 1.927320 1.169499 0.200000
v 1.893875 1.176725 0.200000
v 1.859776 1.182838 0.200000
v 1.825025 1.187841 0.200000
v 1.789621 1.191731 0.200000
v 1.753564 1.194510 0.200000
v 1.716854 1.196178 0.200000
v 1.679492 1.196733 0.200000
v 1.644679 1.196125 0.200000
v 1.610536 1.194299 0.200000
v 1.577064 1.191255 0.200000
v 1.544263 1.186994 0.200000
v 1.512132 1.181515 0.200000
v 1.480671 1.174819 0.200000
v 1.449881 1.166905 0.200000
v 1.419762 1.157774 0.200000
v 1.390313 1.147425 0.200000
v 1.361534 1.135859 0.200000
v 1.333426 1.123076 0.200000
v 1.305989 1.109075 0.200000
v 1.279169 1.093909 0.200000
v 1.252914 1.077632 0.200000
v 1.227223 1.060243 0.200000
v 1.202097 1.041743 0.200000
v 1.177536 1.022131 0.200000
v 1.153539 1.001407 0.200000
v 1.130107 0.979572 0.200000
v 1.107239 0.956625 0.200000
v 1.084936 0.932566 0.200000
v 1.063198 0.907396 0.200000
v 1.042024 0.881114 0.200000
v 1.021415 0.853721 0.200000
v 0.980762 1.054447 0.200000
v 0.978653 1.063128 0.200000
v 0.975716 1.071386 0.200000
v 0.971949 1.079220 0.200000
v 0.967352 1.086631 0.200000
v 0.961926 1.093618 0.200000
v 0.955671 1.100182 0.200000
v 0.948587 1.106322 0.200000
v 0.940673 1.112039 0.200000
v 0.931931 1.117332 0.200000
v 0.922358 1.122202 0.200000
v 0.911957 1.126649 0.200000
v 0.900726 1.130672 0.200000
v 0.888489 1.134324 0.200000
v 0.875070 1.137659 0.200000
v 0.860469 1.140676 0.200000
v 0.844686 1.143376 0.200000
v 0.827721 1.145758 0.200000
v 0.809573 1.147822 0.200000
v 0.790244 1.149569 0.200000
v 0.769732 1.150998 0.200000
v 0.748037 1.152110 0.200000
v 0.725161 1.152904 0.200000
v 0.701102 1.153380 0.200000
v 0.675862 1.153539 0.200000
v 0.663334 1.153495 0.200000
v 0.651159 1.153363 0.200000
v 0.639337 1.153142 0.200000
v 0.627868 1.152833 0.200000
v 0.616752 1.152436 0.200000
v 0.605989 1.151951 0.200000
v 0.595578 1.151378 0.200000
v 0.585521 1.150716 0.200000
v 0.575816 1.149966 0.200000
v 0.566465 1.149128 0.200000
v 0.557466 1.148202 0.200000
v 0.548820 1.147187 0.200000
v 0.540501 1.146093 0.200000
v 0.532481 1.144929 0.200000
v 0.524762 1.143693 0.200000
v 0.517342 1.142388 0.200000
v 0.510222 1.141011 0.200000
v 0.503403 1.139565 0.200000
v 0.496883 1.138047 0.200000
v 0.490663 1.136459 0.200000
v 0.484744 1.134801 0.200000
v 0.479124 1.133071 0.200000
v 0.473804 1.131272 0.200000
v 0.468784 1.129401 0.200000
v 0.464046 1.127443 0.200000
v 0.459573 1.125378 0.200000
v 0.455365 1.123208 0.200000
v 0.451422 1.120932 0.200000
v 0.447743 1.118550 0.200000
v 0.444328 1.116062 0.200000
v 0.441179 1.113468 0.200000
v 0.438294 1.110768 0.200000
v 0.435674 1.107963 0.200000
v 0.433318 1.105052 0.200000
v 0.431227 1.102034 0.200000
v 0.429401 1.098911 0.200000
v 0.427813 1.095691 0.200000
v 0.426437 1.092383 0.200000
v 0.425272 1.088986 0.200000
v 0.424319 1.085501 0.200000
v 0.423578 1.081928 0.200000
v 0.423049 1.078267 0.200000
v 0.422731 1.074518 0.200000
v 0.422625 1.070680 0.200000
v 0.422731 1.066754 0.200000
v 0.423049 1.062740 0.200000
v 0.423578 1.058637 0.200000
v 1.265336 0.030490 0.200000
v 1.194192 0.373503 0.200000
v 1.209146 0.396309 0.200000
v 1.224365 0.418144 0.200000
v 1.239848 0.439009 0.200000
v 1.255596 0.458903 0.200000
v 1.271608 0.477827 0.200000
v 1.287886 0.495781 0.200000
v 1.304428 0.512764 0.200000
v 1.321234 0.528776 0.200000
v 1.338305 0.543818 0.200000
v 1.355641 0.557890 0.200000
v 1.373242 0.570991 0.200000
v 1.391107 0.583122 0.200000
v 1.409343 0.594282 0.200000
v 1.428055 0.604472 0.200000
v 1.447243 0.613691 0.200000
v 1.466908 0.621940 0.200000
v 1.487050 0.629219 0.200000
v 1.507668 0.635527 0.200000
v 1.528762 0.640864 0.200000
v 1.550333 0.645231 0.200000
v 1.572380 0.648628 0.200000
v 1.594903 0.651054 0.200000
v 1.617903 0.652510 0.200000
v 1.641379 0.652995 0.200000
v 1.659041 0.652642 0.200000
v 1.676457 0.651583 0.200000
v 1.693625 0.649819 0.200000
v 1.710546 0.647348 0.200000
v 1.727220 0.644172 0.200000
v 1.743648 0.640291 0.200000
v 1.759828 0.635703 0.200000
v 1.775761 0.630410 0.200000
v 1.791447 0.624410 0.200000
v 1.806886 0.617705 0.200000
v 1.822078 0.610295 0.200000
v 1.837023 0.602178 0.200000
v 1.851704 0.593470 0.200000
v 1.866102 0.584286 0.200000
v 1.880218 0.574626 0.200000
v 1.894051 0.564489 0.200000
v 1.907602 0.553876 0.200000
v 1.920871 0.542786 0.200000
v 1.933857 0.531220 0.200000
v 1.946561 0.519177 0.200000
v 1.958983 0.506659 0.200000
v 1.971123 0.493663 0.200000
v 1.982980 0.480191 0.200000
v 1.994555 0.466243 0.200000
v 2.005874 0.451872 0.200000
v 2.016964 0.437130 0.200000
v 2.027824 0.422017 0.200000
v 2.038455 0.406534 0.200000
v 2.048857 0.390680 0.200000
v 2.059029 0.374456 0.200000
v 2.068972 0.357861 0.200000
v 2.078685 0.340895 0.200000
v 2.088169 0.323560 0.200000
v 2.097424 0.305853 0.200000
v 2.106449 0.287776 0.200000
v 2.115245 0.269329 0.200000
v 2.123803 0.250634 0.200000
v 2.132113 0.231816 0.200000
v 2.140177 0.212875 0.200000
v 2.147994 0.193809 0.200000
v 2.155563 0.174621 0.200000
v 2.162886 0.155309 0.200000
v 2.169961 0.135873 0.200000
v 2.176790 0.116314 0.200000
v 2.183371 0.096631 0.200000
v 2.189705 0.076825 0.200000
v 2.195793 0.056896 0.200000
v 2.201633 0.036842 0.200000
v 2.207227 0.016710 0.200000
v 2.212573 -0.003458 0.200000
v 2.217672 -0.023661 0.200000
v 2.222525 -0.043900 0.200000
v 2.227130 -0.064173 0.200000
v 2.231488 -0.084483 0.200000
v 2.235599 -0.104827 0.200000
v 2.239463 -0.125206 0.200000
v 2.243081 -0.145621 0.200000
v 2.246451 -0.166072 0.200000
v 2.249574 -0.186557 0.200000
v 2.252450 -0.207078 0.200000
v 2.255088 -0.227484 0.200000
v 2.257496 -0.247625 0.200000
v 2.259676 -0.267502 0.200000
v 2.261625 -0.287114 0.200000
v 2.263345 -0.306462 0.200000
v 2.264837 -0.325544 0.200000
v 2.266098 -0.344362 0.200000
v 2.267130 -0.362916 0.200000
v 2.267933 -0.381204 0.200000
v 2.268507 -0.399228 0.200000
v 2.268851 -0.416988 0.200000
v 2.268965 -0.434483 0.200000
v 2.268886 -0.447134 0.200000
v 2.268648 -0.459679 0.200000
v 2.268250 -0.472119 0.200000
v 2.267695 -0.484452 0.200000
v 2.266980 -0.496680 0.200000
v 2.266107 -0.508802 0.200000
v 2.265074 -0.520818 0.200000
v 2.263884 -0.532728 0.200000
v 2.262534 -0.544532 0.200000
v 2.261025 -0.556231 0.200000
v 2.259358 -0.567823 0.200000
v 2.257532 -0.579310 0.200000
v 2.255494 -0.590638 0.200000
v 2.253191 -0.601754 0.200000
v 2.250624 -0.612659 0.200000
v 2.247792 -0.623351 0.200000
v 2.244695 -0.633832 0.200000
v 2.241334 -0.644101 0.200000
v 2.237708 -0.654159 0.200000
v 2.233817 -0.664005 0.200000
v 2.229662 -0.673639 0.200000
v 2.225242 -0.683061 0.200000
v 2.220557 -0.692271 0.200000
v 2.215608 -0.701270 0.200000
v 2.210385 -0.710013 0.200000
v 2.204880 -0.718456 0.200000
v 2.199092 -0.726599 0.200000
v 2.193022 -0.734442 0.200000
v 2.186670 -0.741985 0.200000
v 2.180036 -0.749228 0.200000
v 2.173119 -0.756172 0.200000
v 2.165920 -0.762815 0.200000
v 2.158439 -0.769158 0.200000
v 2.150675 -0.775201 0.200000
v 2.142629 -0.780945 0.200000
v 2.134301 -0.786388 0.200000
v 2.125638 -0.791461 0.200000
v 2.116586 -0.796093 0.200000
v 2.107146 -0.800283 0.200000
v 2.097318 -0.804033 0.200000
v 2.087101 -0.807341 0.200000
v 2.076497 -0.810209 0.200000
v 2.065504 -0.812635 0.200000
v 2.054123 -0.814620 0.200000
v 2.042354 -0.816164 0.200000
v 2.030197 -0.817266 0.200000
v 2.017652 -0.817928 0.200000
v 2.004718 -0.818149 0.200000
v 1.986050 -0.817681 0.200000
v 1.967312 -0.816278 0.200000
v 1.948503 -0.813940 0.200000
v 1.929623 -0.810667 0.200000
v 1.910672 -0.806459 0.200000
v 1.891651 -0.801316 0.200000
v 1.872560 -0.795237 0.200000
v 1.853397 -0.788223 0.200000
v 1.834165 -0.780274 0.200000
v 1.814862 -0.771390 0.200000
v 1.795488 -0.761571 0.200000
v 1.776043 -0.750816 0.200000
v 1.756670 -0.739259 0.200000
v 1.737507 -0.727031 0.200000
v 1.718557 -0.714133 0.200000
v 1.699818 -0.700564 0.200000
v 1.681291 -0.686325 0.200000
v 1.662976 -0.671415 0.200000
v 1.644873 -0.655835 0.200000
v 1.626981 -0.639584 0.200000
v 1.609301 -0.622663 0.200000
v 1.591833 -0.605071 0.200000
v 1.574576 -0.586809 0.200000
v 1.557532 -0.567876 0.200000
v 1.540760 -0.548344 0.200000
v 1.524324 -0.528282 0.200000
v 1.508223 -0.507690 0.200000
v 1.492458 -0.486570 0.200000
v 1.477028 -0.464920 0.200000
v 1.461933 -0.442740 0.200000
v 1.447173 -0.420032 0.200000
v 1.432748 -0.396793 0.200000
v 1.418659 -0.373026 0.200000
v 1.404905 -0.348729 0.200000
v 1.391486 -0.323903 0.200000
v 1.378403 -0.298548 0.200000
v 1.365778 -0.272778 0.200000
v 1.353735 -0.246708 0.200000
v 1.342275 -0.220338 0.200000
v 1.331397 -0.193668 0.200000
v 1.321102 -0.166698 0.200000
v 1.311388 -0.139428 0.200000
v 1.302257 -0.111858 0.200000
v 1.293708 -0.083989 0.200000
v 1.285742 -0.055819 0.200000
v 1.278358 -0.027349 0.200000
v 1.271555 0.001421 0.200000
v 3.076951 1.717605 0.200000
v 3.075327 1.711994 0.200000
v 3.073845 1.706171 0.200000
v 3.072504 1.700136 0.200000
v 3.071304 1.693890 0.200000
v 3.070246 1.687432 0.200000
v 3.069328 1.680762 0.200000
v 3.068552 1.673881 0.200000
v 3.067917 1.666788 0.200000
v 3.067423 1.659483 0.200000
v 3.067070 1.651966 0.200000
v 3.066858 1.644238 0.200000
v 3.066787 1.636298 0.200000
v 3.066814 1.631957 0.200000
v 3.066894 1.627405 0.200000
v 3.067026 1.622641 0.200000
v 3.067211 1.617665 0.200000
v 3.067449 1.612478 0.200000
v 3.067740 1.607078 0.200000
v 3.068084 1.601467 0.200000
v 3.068481 1.595644 0.200000
v 3.068931 1.589610 0.200000
v 3.069434 1.583364 0.200000
v 3.069990 1.576906 0.200000
v 3.070599 1.570236 0.200000
v 3.071269 1.563416 0.200000
v 3.072010 1.556508 0.200000
v 3.072822 1.549512 0.200000
v 3.073704 1.542428 0.200000
v 3.074657 1.535255 0.200000
v 3.075680 1.527995 0.200000
v 3.076774 1.520646 0.200000
v 3.077939 1.513208 0.200000
v 3.079174 1.505683 0.200000
v 3.080480 1.498069 0.200000
v 3.081856 1.490367 0.200000
v 3.083303 1.482577 0.200000
v 3.084811 1.474743 0.200000
v 3.086373 1.466909 0.200000
v 3.087987 1.459074 0.200000
v 3.089655 1.451240 0.200000
v 3.091375 1.443406 0.200000
v 3.093149 1.435572 0.200000
v 3.094975 1.427737 0.200000
v 3.096854 1.419903 0.200000
v 3.098786 1.412069 0.200000
v 3.100771 1.404235 0.200000
v 3.102809 1.396400 0.200000
v 3.104900 1.388566 0.200000
v 3.107053 1.380794 0.200000
v 3.109276 1.373145 0.200000
v 3.111569 1.365619 0.200000
v 3.113934 1.358217 0.200000
v 3.116369 1.350939 0.200000
v 3.118874 1.343784 0.200000
v 3.121451 1.336753 0.200000
v 3.124097 1.329845 0.200000
v 3.126815 1.323061 0.200000
v 3.129602 1.316400 0.200000
v 3.132461 1.309862 0.200000
v 3.135390 1.303448 0.200000
v 3.138381 1.297193 0.200000
v 3.141424 1.291132 0.200000
v 3.144521 1.285266 0.200000
v 3.147671 1.279593 0.200000
v 3.150873 1.274114 0.200000
v 3.154129 1.268830 0.200000
v 3.157437 1.263739 0.200000
v 3.160798 1.258843 0.200000
v 3.164212 1.254140 0.200000
v 3.167680 1.249632 0.200000
v 3.171200 1.245318 0.200000
v 3.174773 1.241198 0.200000
v 3.178381 1.237343 0.200000
v 3.182007 1.233823 0.200000
v 3.185651 1.230638 0.200000
v 3.189312 1.227788 0.200000
v 3.192991 1.225274 0.200000
v 3.196688 1.223095 0.200000
v 3.200402 1.221251 0.200000
v 3.204134 1.219742 0.200000
v 3.207883 1.218569 0.200000
v 3.211650 1.217731 0.200000
v 3.215435 1.217228 0.200000
v 3.219238 1.217060 0.200000
v 3.225801 1.217360 0.200000
v 3.232789 1.218260 0.200000
v 3.240200 1.219760 0.200000
v 3.248034 1.221860 0.200000
v 3.256291 1.224559 0.200000
v 3.264972 1.227859 0.200000
v 3.274077 1.231758 0.200000
v 3.283605 1.236258 0.200000
v 3.293557 1.241357 0.200000
v 3.303932 1.247056 0.200000
v 3.314731 1.253355 0.200000
v 3.325953 1.260254 0.200000
v 3.337669 1.267524 0.200000
v 3.349949 1.274935 0.200000
v 3.362795 1.282487 0.200000
v 3.376205 1.290180 0.200000
v 3.390179 1.298014 0.200000
v 3.404719 1.305989 0.200000
v 3.419822 1.314106 0.200000
v 3.435491 1.322364 0.200000
v 3.451724 1.330763 0.200000
v 3.468522 1.339303 0.200000
v 3.485884 1.347984 0.200000
v 3.503811 1.356806 0.200000
v 3.522356 1.365628 0.200000
v 3.541571 1.374310 0.200000
v 3.561457 1.382850 0.200000
v 3.582013 1.391248 0.200000
v 3.603240 1.399506 0.200000
v 3.625137 1.407623 0.200000
v 3.647705 1.415598 0.200000
v 3.670943 1.423432 0.200000
v 3.694851 1.431125 0.200000
v 3.719430 1.438677 0.200000
v 3.744680 1.446088 0.200000
v 3.770599 1.453358 0.200000
v 3.797260 1.460257 0.200000
v 3.824733 1.466556 0.200000
v 3.853017 1.472255 0.200000
v 3.882113 1.477354 0.200000
v 3.912021 1.481854 0.200000
v 3.942740 1.485753 0.200000
v 3.974272 1.489053 0.200000
v 4.006614 1.491753 0.200000
v 4.039769 1.493852 0.200000
v 4.073735 1.495352 0.200000
v 4.108512 1.496252 0.200000
v 4.144101 1.496552 0.200000
v 4.179849 1.496120 0.200000
v 4.215103 1.494823 0.200000
v 4.249863 1.492661 0.200000
v 4.284129 1.489635 0.200000
v 4.317901 1.485744 0.200000
v 4.351179 1.480989 0.200000
v 4.383963 1.475370 0.200000
v 4.416253 1.468885 0.200000
v 4.448048 1.461536 0.200000
v 4.479350 1.453322 0.200000
v 4.510158 1.444244 0.200000
v 4.540472 1.434301 0.200000
v 4.570317 1.423609 0.200000
v 4.599722 1.412281 0.200000
v 4.628686 1.400318 0.200000
v 4.657209 1.387719 0.200000
v 4.685290 1.374486 0.200000
v 4.712931 1.360617 0.200000
v 4.740130 1.346113 0.200000
v 4.766888 1.330974 0.200000
v 4.793205 1.315200 0.200000
v 4.819081 1.298790 0.200000
v 4.844516 1.281745 0.200000
v 4.869510 1.264066 0.200000
v 4.894036 1.245803 0.200000
v 4.918068 1.227012 0.200000
v 4.941607 1.207691 0.200000
v 4.964650 1.187840 0.200000
v 4.987200 1.167461 0.200000
v 5.009255 1.146552 0.200000
v 5.030818 1.125113 0.200000
v 5.051885 1.103146 0.200000
v 5.072459 1.080649 0.200000
v 5.092538 1.057623 0.200000
v 5.112124 1.034067 0.200000
v 5.131216 1.009982 0.200000
v 5.149813 0.985482 0.200000
v 5.167916 0.960683 0.200000
v 5.185525 0.935583 0.200000
v 5.202641 0.910184 0.200000
v 5.219262 0.884484 0.200000
v 5.235389 0.858485 0.200000
v 5.251023 0.832185 0.200000
v 5.266162 0.805586 0.200000
v 5.280807 0.778687 0.200000
v 5.294958 0.751487 0.200000
v 5.308615 0.723988 0.200000
v 5.321778 0.696189 0.200000
v 5.334421 0.668152 0.200000
v 5.346516 0.639938 0.200000
v 5.358065 0.611547 0.200000
v 5.369066 0.582981 0.200000
v 5.379521 0.554237 0.200000
v 5.389429 0.525318 0.200000
v 5.398789 0.496222 0.200000
v 5.407603 0.466949 0.200000
v 5.415870 0.437500 0.200000
v 5.423589 0.407875 0.200000
v 5.430762 0.378073 0.200000
v 5.437386 0.348095 0.200000
v 5.443474 0.318063 0.200000
v 5.449032 0.288103 0.200000
v 5.454061 0.258213 0.200000
v 5.458560 0.228393 0.200000
v 5.462530 0.198644 0.200000
v 5.465971 0.168966 0.200000
v 5.468882 0.139358 0.200000
v 5.471264 0.109821 0.200000
v 5.473117 0.080354 0.200000
v 5.474440 0.050958 0.200000
v 5.475234 0.021633 0.200000
v 5.475499 -0.007622 0.200000
v 5.475111 -0.039894 0.200000
v 5.473946 -0.071496 0.200000
v 5.472005 -0.102427 0.200000
v 5.469288 -0.132688 0.200000
v 5.465795 -0.162278 0.200000
v 5.461524 -0.191198 0.200000
v 5.456478 -0.219447 0.200000
v 5.450655 -0.247025 0.200000
v 5.444056 -0.273934 0.200000
v 5.436681 -0.300171 0.200000
v 5.428529 -0.325738 0.200000
v 5.419600 -0.350635 0.200000
v 5.409940 -0.374861 0.200000
v 5.399591 -0.398417 0.200000
v 5.388555 -0.421302 0.200000
v 5.376830 -0.443517 0.200000
v 5.364417 -0.465061 0.200000
v 5.351315 -0.485934 0.200000
v 5.337526 -0.506138 0.200000
v 5.323048 -0.525670 0.200000
v 5.307883 -0.544532 0.200000
v 5.292029 -0.562724 0.200000
v 5.275487 -0.580245 0.200000
v 5.258257 -0.597096 0.200000
v 5.240375 -0.613276 0.200000
v 5.221874 -0.628786 0.200000
v 5.202756 -0.643625 0.200000
v 5.183021 -0.657794 0.200000
v 5.162667 -0.671292 0.200000
v 5.141697 -0.684120 0.200000
v 5.120109 -0.696277 0.200000
v 5.097902 -0.707763 0.200000
v 5.075079 -0.718580 0.200000
v 5.051638 -0.728725 0.200000
v 5.027580 -0.738200 0.200000
v 5.002903 -0.747005 0.200000
v 4.977672 -0.755122 0.200000
v 4.951945 -0.762533 0.200000
v 4.925725 -0.769238 0.200000
v 4.899011 -0.775237 0.200000
v 4.871803 -0.780530 0.200000
v 4.844101 -0.785118 0.200000
v 4.815905 -0.789000 0.200000
v 4.787214 -0.792176 0.200000
v 4.758030 -0.794646 0.200000
v 4.728352 -0.796410 0.200000
v 4.698180 -0.797469 0.200000
v 4.667513 -0.797822 0.200000
v 4.646780 -0.797645 0.200000
v 4.626083 -0.797116 0.200000
v 4.605422 -0.796234 0.200000
v 4.584795 -0.794999 0.200000
v 4.564204 -0.793411 0.200000
v 4.543647 -0.791470 0.200000
v 4.523127 -0.789176 0.200000
v 4.502642 -0.786529 0.200000
v 4.482191 -0.783530 0.200000
v 4.461776 -0.780177 0.200000
v 4.441397 -0.776472 0.200000
v 4.421052 -0.772414 0.200000
v 4.400849 -0.768002 0.200000
v 4.380893 -0.763238 0.200000
v 4.361184 -0.758121 0.200000
v 4.341722 -0.752652 0.200000
v 4.322506 -0.746829 0.200000
v 4.303538 -0.740653 0.200000
v 4.284817 -0.734125 0.200000
v 4.266344 -0.727243 0.200000
v 4.248116 -0.720009 0.200000
v 4.230137 -0.712422 0.200000
v 4.212404 -0.704481 0.200000
v 4.194918 -0.696189 0.200000
v 4.042468 0.063521 0.200000
v 4.662432 0.063521 0.200000
v 4.667425 0.063689 0.200000
v 4.672242 0.064192 0.200000
v 4.676882 0.065030 0.200000
v 4.681346 0.066203 0.200000
v 4.685634 0.067712 0.200000
v 4.689745 0.069556 0.200000
v 4.693680 0.071735 0.200000
v 4.697439 0.074249 0.200000
v 4.701020 0.077099 0.200000
v 4.704426 0.080284 0.200000
v 4.707655 0.083804 0.200000
v 4.710707 0.087659 0.200000
v 4.713548 0.091885 0.200000
v 4.716142 0.096517 0.200000
v 4.718489 0.101554 0.200000
v 4.720589 0.106998 0.200000
v 4.722442 0.112847 0.200000
v 4.724047 0.119102 0.200000
v 4.725406 0.125763 0.200000
v 4.726517 0.132829 0.200000
v 4.727382 0.140302 0.200000
v 4.727999 0.148180 0.200000
v 4.728370 0.156465 0.200000
v 4.728494 0.165155 0.200000
v 4.728458 0.169495 0.200000
v 4.728352 0.174047 0.200000
v 4.728176 0.178811 0.200000
v 4.727929 0.183787 0.200000
v 4.727611 0.188975 0.200000
v 4.727223 0.194374 0.200000
v 4.726764 0.199985 0.200000
v 4.726234 0.205808 0.200000
v 4.725635 0.211842 0.200000
v 4.724964 0.218089 0.200000
v 4.724223 0.224546 0.200000
v 4.723412 0.231216 0.200000
v 4.722538 0.238018 0.200000
v 4.721612 0.244873 0.200000
v 4.720633 0.251781 0.200000
v 4.719601 0.258742 0.200000
v 4.718515 0.265756 0.200000
v 4.717377 0.272822 0.200000
v 4.716186 0.279942 0.200000
v 4.714942 0.287115 0.200000
v 4.713645 0.294340 0.200000
v 4.712296 0.301618 0.200000
v 4.710893 0.308950 0.200000
v 4.709437 0.316334 0.200000
v 4.707928 0.323754 0.200000
v 4.706367 0.331191 0.200000
v 4.704752 0.338646 0.200000
v 4.703085 0.346118 0.200000
v 4.701365 0.353609 0.200000
v 4.699592 0.361116 0.200000
v 4.697765 0.368642 0.200000
v 4.695886 0.376185 0.200000
v 4.693954 0.383746 0.200000
v 4.691968 0.391324 0.200000
v 4.689931 0.398920 0.200000
v 4.687840 0.406534 0.200000
v 4.685679 0.414086 0.200000
v 4.683429 0.421496 0.200000
v 4.681091 0.428766 0.200000
v 4.678665 0.435895 0.200000
v 4.676151 0.442882 0.200000
v 4.673548 0.449728 0.200000
v 4.670857 0.456433 0.200000
v 4.668078 0.462997 0.200000
v 4.665211 0.469419 0.200000
v 4.662255 0.475701 0.200000
v 4.659212 0.481841 0.200000
v 4.656079 0.487841 0.200000
v 4.652877 0.493681 0.200000
v 4.649622 0.499345 0.200000
v 4.646314 0.504832 0.200000
v 4.642952 0.510143 0.200000
v 4.639538 0.515278 0.200000
v 4.636071 0.520236 0.200000
v 4.632551 0.525018 0.200000
v 4.628978 0.529623 0.200000
v 4.625351 0.534052 0.200000
v 4.621673 0.538304 0.200000
v 4.617941 0.542380 0.200000
v 4.614156 0.546280 0.200000
v 4.610310 0.549932 0.200000
v 4.606392 0.553267 0.200000
v 4.602405 0.556284 0.200000
v 4.598346 0.558984 0.200000
v 4.594217 0.561366 0.200000
v 4.590018 0.563430 0.200000
v 4.585748 0.565177 0.200000
v 4.581408 0.566606 0.200000
v 4.576996 0.567718 0.200000
v 4.572515 0.568512 0.200000
v 4.567962 0.568988 0.200000
v 4.563339 0.569147 0.200000
v 3.452994 0.569147 0.200000
v 3.439355 0.568759 0.200000
v 3.426386 0.567594 0.200000
v 3.414088 0.565654 0.200000
v 3.402460 0.562936 0.200000
v 3.391503 0.559443 0.200000
v 3.381216 0.555173 0.200000
v 3.371599 0.550126 0.200000
v 3.362653 0.544303 0.200000
v 3.354378 0.537704 0.200000
v 3.346773 0.530329 0.200000
v 3.339839 0.522177 0.200000
v 3.333575 0.513249 0.200000
v 3.328035 0.503615 0.200000
v 3.323271 0.493346 0.200000
v 3.319283 0.482441 0.200000
v 3.316072 0.470902 0.200000
v 3.313636 0.458727 0.200000
v 3.311978 0.445917 0.200000
v 3.311095 0.432471 0.200000
v 3.310989 0.418391 0.200000
v 3.311660 0.403675 0.200000
v 3.313107 0.388324 0.200000
v 3.315330 0.372338 0.200000
v 3.318330 0.355717 0.200000
v 3.582577 -0.960435 0.200000
v 3.584306 -0.968384 0.200000
v 3.586106 -0.976139 0.200000
v 3.587976 -0.983700 0.200000
v 3.589917 -0.991066 0.200000
v 3.591928 -0.998239 0.200000
v 3.594010 -1.005218 0.200000
v 3.596163 -1.012002 0.200000
v 3.598386 -1.018592 0.200000
v 3.600680 -1.024988 0.200000
v 3.603045 -1.031191 0.200000
v 3.605480 -1.037199 0.200000
v 3.607985 -1.043012 0.200000
v 3.610597 -1.048685 0.200000
v 3.613349 -1.054270 0.200000
v 3.616243 -1.059766 0.200000
v 3.619277 -1.065174 0.200000
v 3.622454 -1.070494 0.200000
v 3.625771 -1.075726 0.200000
v 3.629229 -1.080869 0.200000
v 3.632828 -1.085924 0.200000
v 3.636569 -1.090891 0.200000
v 3.640451 -1.095770 0.200000
v 3.644474 -1.100561 0.200000
v 3.648638 -1.105263 0.200000
v 3.653808 -1.110424 0.200000
v 3.660002 -1.115744 0.200000
v 3.667218 -1.121223 0.200000
v 3.675458 -1.126860 0.200000
v 3.684722 -1.132656 0.200000
v 3.695009 -1.138611 0.200000
v 3.706319 -1.144725 0.200000
v 3.718653 -1.150998 0.200000
v 3.732010 -1.157429 0.200000
v 3.746390 -1.164020 0.200000
v 3.761794 -1.170769 0.200000
v 3.778221 -1.177677 0.200000
v 3.795469 -1.184655 0.200000
v 3.813334 -1.191616 0.200000
v 3.831817 -1.198559 0.200000
v 3.850917 -1.205485 0.200000
v 3.870635 -1.212393 0.200000
v 3.890971 -1.219283 0.200000
v 3.911924 -1.226155 0.200000
v 3.933494 -1.233010 0.200000
v 3.955682 -1.239848 0.200000
v 3.978488 -1.246667 0.200000
v 4.001912 -1.253469 0.200000
v 4.025952 -1.260254 0.200000
v 4.050540 -1.266941 0.200000
v 4.075605 -1.273452 0.200000
v 4.101146 -1.279786 0.200000
v 4.127162 -1.285944 0.200000
v 4.153656 -1.291926 0.200000
v 4.180626 -1.297731 0.200000
v 4.208072 -1.303360 0.200000
v 4.235995 -1.308812 0.200000
v 4.264394 -1.314088 0.200000
v 4.293270 -1.319187 0.200000
v 4.322621 -1.324110 0.200000
v 4.352450 -1.328856 0.200000
v 4.382569 -1.333320 0.200000
v 4.412795 -1.337396 0.200000
v 4.443126 -1.341084 0.200000
v 4.473563 -1.344384 0.200000
v 4.504106 -1.347295 0.200000
v 4.534755 -1.349818 0.200000
v 4.565509 -1.351953 0.200000
v 4.596370 -1.353700 0.200000
v 4.627337 -1.355059 0.200000
v 4.658409 -1.356029 0.200000
v 4.689587 -1.356611 0.200000
v 4.720871 -1.356806 0.200000
v 4.779151 -1.356241 0.200000
v 4.836267 -1.354547 0.200000
v 4.892218 -1.351724 0.200000
v 4.947005 -1.347772 0.200000
v 5.000627 -1.342690 0.200000
v 5.053085 -1.336479 0.200000
v 5.104378 -1.329139 0.200000
v 5.154507 -1.320669 0.200000
v 5.203471 -1.311071 0.200000
v 5.251270 -1.300343 0.200000
v 5.297905 -1.288485 0.200000
v 5.343375 -1.275499 0.200000
v 5.387655 -1.261392 0.200000
v 5.430717 -1.246173 0.200000
v 5.472560 -1.229843 0.200000
v 5.513187 -1.212401 0.200000
v 5.552597 -1.193848 0.200000
v 5.590788 -1.174183 0.200000
v 5.627763 -1.153406 0.200000
v 5.663519 -1.131518 0.200000
v 5.698059 -1.108518 0.200000
v 5.731381 -1.084407 0.200000
v 5.763485 -1.059184 0.200000
v 5.794374 -1.032849 0.200000
v 5.824043 -1.005456 0.200000
v 5.852495 -0.977057 0.200000
v 5.879729 -0.947652 0.200000
v 5.905746 -0.917241 0.200000
v 5.930546 -0.885825 0.200000
v 5.954128 -0.853403 0.200000
v 5.976492 -0.819975 0.200000
v 5.997639 -0.785541 0.200000
v 6.017569 -0.750102 0.200000
v 6.036281 -0.713657 0.200000
v 6.053775 -0.676206 0.200000
v 6.070054 -0.637749 0.200000
v 6.085070 -0.598296 0.200000
v 6.098780 -0.557854 0.200000
v 6.111184 -0.516424 0.200000
v 6.122283 -0.474007 0.199999
v 6.132075 -0.430601 0.199999
v 6.140563 -0.386207 0.199999
v 6.147744 -0.340825 0.199999
v 6.153620 -0.294454 0.199999
v 6.158190 -0.247096 0.199999
v 6.161454 -0.198750 0.199999
v 6.163413 -0.149415 0.199999
v 6.164065 -0.099092 0.199999
v 6.163651 -0.053428 0.199999
v 6.162406 -0.007905 0.199999
v 6.160333 0.037478 0.199999
v 6.157431 0.082719 0.199999
v 6.153699 0.127818 0.199999
v 6.149137 0.172777 0.199999
v 6.143747 0.217595 0.199999
v 6.137527 0.262271 0.199999
v 6.130478 0.306806 0.199999
v 6.122600 0.351200 0.199999
v 6.113893 0.395453 0.199999
v 6.104355 0.439565 0.199999
v 6.093998 0.483420 0.199999
v 6.082829 0.526906 0.199999
v 6.070848 0.570021 0.199999
v 6.058056 0.612765 0.199999
v 6.044452 0.655138 0.199999
v 6.030036 0.697142 0.199999
v 6.014809 0.738774 0.199999
v 5.998770 0.780036 0.199999
v 5.981919 0.820928 0.199999
v 5.964257 0.861449 0.199999
v 5.945783 0.901600 0.199999
v 5.926497 0.941379 0.199999
v 5.906417 0.980727 0.199999
v 5.885561 1.019581 0.199999
v 5.863929 1.057940 0.199999
v 5.841520 1.095806 0.199999
v 5.818335 1.133177 0.199999
v 5.794374 1.170055 0.199999
v 5.769636 1.206438 0.199999
v 5.744122 1.242327 0.199999
v 5.717831 1.277722 0.199999
v 5.690763 1.312624 0.199999
v 5.662920 1.347031 0.199999
v 5.634301 1.380944 0.199999
v 5.604905 1.414231 0.199999
v 5.574732 1.446759 0.199999
v 5.543784 1.478528 0.199999
v 5.512059 1.509538 0.199999
v 5.479557 1.539790 0.199999
v 5.446279 1.569283 0.199999
v 5.412225 1.598018 0.199999
v 5.377395 1.625993 0.199999
v 5.341787 1.653210 0.199999
v 5.305404 1.679668 0.199999
v 5.268244 1.705368 0.199999
v 5.230309 1.730309 0.199999
v 5.191623 1.754420 0.199999
v 5.152213 1.777632 0.199999
v 5.112081 1.799943 0.199999
v 5.071224 1.821355 0.199999
v 5.029644 1.841867 0.199999
v 4.987341 1.861479 0.199999
v 4.944314 1.880191 0.199999
v 4.900564 1.898004 0.200000
v 4.856091 1.914916 0.200000
v 4.810894 1.930929 0.200000
v 4.764974 1.946041 0.200000
v 4.718330 1.960254 0.200000
v 4.670954 1.973444 0.200000
v 4.622837 1.985486 0.200000
v 4.573979 1.996382 0.200000
v 4.524380 2.006130 0.200000
v 4.474039 2.014732 0.200000
v 4.422958 2.022187 0.200000
v 4.371136 2.028495 0.200000
v 4.318572 2.033656 0.200000
v 4.265268 2.037670 0.200000
v 4.211222 2.040538 0.200000
v 4.156435 2.042258 0.200000
v 4.100907 2.042831 0.200000
v 4.070135 2.042629 0.200000
v 4.039645 2.042020 0.200000
v 4.009437 2.041005 0.200000
v 3.979511 2.039585 0.200000
v 3.949868 2.037759 0.200000
v 3.920508 2.035527 0.200000
v 3.891429 2.032889 0.200000
v 3.862633 2.029845 0.200000
v 3.834119 2.026396 0.200000
v 3.805888 2.022540 0.200000
v 3.777939 2.018279 0.200000
v 3.750272 2.013612 0.200000
v 3.722985 2.008653 0.200000
v 3.696174 2.003519 0.200000
v 3.669839 1.998208 0.200000
v 3.643980 1.992720 0.200000
v 3.618598 1.987056 0.200000
v 3.593693 1.981216 0.200000
v 3.569264 1.975199 0.200000
v 3.545311 1.969006 0.200000
v 3.521835 1.962636 0.200000
v 3.498835 1.956090 0.200000
v 3.476312 1.949367 0.200000
v 3.454265 1.942468 0.200000
v 3.432747 1.935437 0.200000
v 3.411811 1.928317 0.200000
v 3.391458 1.921109 0.200000
v 3.371687 1.913813 0.200000
v 3.352499 1.906429 0.200000
v 3.333893 1.898956 0.200000
v 3.315869 1.891396 0.200000
v 3.298427 1.883747 0.200000
v 3.281567 1.876010 0.200000
v 3.265290 1.868184 0.200000
v 3.249595 1.860271 0.200000
v 3.234482 1.852269 0.200000
v 3.220076 1.844373 0.200000
v 3.206498 1.836777 0.200000
v 3.193750 1.829481 0.200000
v 3.181831 1.822484 0.200000
v 3.170741 1.815788 0.200000
v 3.160480 1.809392 0.200000
v 3.151049 1.803296 0.200000
v 3.142447 1.797500 0.200000
v 3.134675 1.792003 0.200000
v 3.127732 1.786807 0.200000
v 3.121618 1.781911 0.200000
v 3.116334 1.777314 0.200000
v 3.111596 1.772824 0.200000
v 3.107123 1.768245 0.200000
v 3.102915 1.763578 0.200000
v 3.098971 1.758823 0.200000
v 3.095292 1.753979 0.200000
v 3.091878 1.749048 0.200000
v 3.088728 1.744028 0.200000
v 3.085844 1.738919 0.200000
v 3.083223 1.733723 0.200000
v 3.080868 1.728439 0.200000
v 3.078777 1.723066 0.200000
v 3.076951 1.717605 0.200000
v 3.076951 1.717605 -0.200000
v 3.075327 1.711994 0.200000
v 3.075327 1.711994 -0.200000
v 3.073845 1.706171 0.200000
v 3.073845 1.706171 -0.200000
v 3.072504 1.700136 0.200000
v 3.072504 1.700136 -0.200000
v 3.071304 1.693890 0.200000
v 3.071304 1.693890 -0.200000
v 3.070246 1.687432 0.200000
v 3.070246 1.687432 -0.200000
v 3.069328 1.680762 0.200000
v 3.069328 1.680762 -0.200000
v 3.068552 1.673881 0.200000
v 3.068552 1.673881 -0.200000
v 3.067917 1.666788 0.200000
v 3.067917 1.666788 -0.200000
v 3.067423 1.659483 0.200000
v 3.067423 1.659483 -0.200000
v 3.067070 1.651966 0.200000
v 3.067070 1.651966 -0.200000
v 3.066858 1.644238 0.200000
v 3.066858 1.644238 -0.200000
v 3.066787 1.636298 0.200000
v 3.066787 1.636298 -0.200000
v 3.066814 1.631957 0.200000
v 3.066814 1.631957 -0.200000
v 3.066894 1.627405 0.200000
v 3.066894 1.627405 -0.200000
v 3.067026 1.622641 0.200000
v 3.067026 1.622641 -0.200000
v 3.067211 1.617665 0.200000
v 3.067211 1.617665 -0.200000
v 3.067449 1.612478 0.200000
v 3.067449 1.612478 -0.200000
v 3.067740 1.607078 0.200000
v 3.067740 1.607078 -0.200000
v 3.068084 1.601467 0.200000
v 3.068084 1.601467 -0.200000
v 3.068481 1.595644 0.200000
v 3.068481 1.595644 -0.200000
v 3.068931 1.589610 0.200000
v 3.068931 1.589610 -0.200000
v 3.069434 1.583364 0.200000
v 3.069434 1.583364 -0.200000
v 3.069990 1.576906 0.200000
v 3.069990 1.576906 -0.200000
v 3.070599 1.570236 0.200000
v 3.070599 1.570236 -0.200000
v 3.071269 1.563416 0.200000
v 3.071269 1.563416 -0.200000
v 3.072010 1.556508 0.200000
v 3.072010 1.556508 -0.200000
v 3.072822 1.549512 0.200000
v 3.072822 1.549512 -0.200000
v 3.073704 1.542428 0.200000
v 3.073704 1.542428 -0.200000
v 3.074657 1.535255 0.200000
v 3.074657 1.535255 -0.200000
v 3.075680 1.527995 0.200000
v 3.075680 1.527995 -0.200000
v 3.076774 1.520646 0.200000
v 3.076774 1.520646 -0.200000
v 3.077939 1.513208 0.200000
v 3.077939 1.513208 -0.200000
v 3.079174 1.505683 0.200000
v 3.079174 1.505683 -0.200000
v 3.080480 1.498069 0.200000
v 3.080480 1.498069 -0.200000
v 3.081856 1.490367 0.200000
v 3.081856 1.490367 -0.200000
v 3.083303 1.482577 0.200000
v 3.083303 1.482577 -0.200000
v 3.084811 1.474743 0.200000
v 3.084811 1.474743 -0.200000
v 3.086373 1.466909 0.200000
v 3.086373 1.466909 -0.200000
v 3.087987 1.459074 0.200000
v 3.087987 1.459074 -0.200000
v 3.089655 1.451240 0.200000
v 3.089655 1.451240 -0.200000
v 3.091375 1.443406 0.200000
v 3.091375 1.443406 -0.200000
v 3.093149 1.435572 0.200000
v 3.093149 1.435572 -0.200000
v 3.094975 1.427737 0.200000
v 3.094975 1.427737 -0.200000
v 3.096854 1.419903 0.200000
v 3.096854 1.419903 -0.200000
v 3.098786 1.412069 0.200000
v 3.098786 1.412069 -0.200000
v 3.100771 1.404235 0.200000
v 3.100771 1.404235 -0.200000
v 3.102809 1.396400 0.200000
v 3.102809 1.396400 -0.200000
v 3.104900 1.388566 0.200000
v 3.104900 1.388566 -0.200000
v 3.107053 1.380794 0.200000
v 3.107053 1.380794 -0.200000
v 3.109276 1.373145 0.200000
v 3.109276 1.373145 -0.200000
v 3.111569 1.365619 0.200000
v 3.111569 1.365619 -0.200000
v 3.113934 1.358217 0.200000
v 3.113934 1.358217 -0.200000
v 3.116369 1.350939 0.200000
v 3.116369 1.350939 -0.200000
v 3.118874 1.343784 0.200000
v 3.118874 1.343784 -0.200000
v 3.121451 1.336753 0.200000
v 3.121451 1.336753 -0.200000
v 3.124097 1.329845 0.200000
v 3.124097 1.329845 -0.200000
v 3.126815 1.323061 0.200000
v 3.126815 1.323061 -0.200000
v 3.129602 1.316400 0.200000
v 3.129602 1.316400 -0.200000
v 3.132461 1.309862 0.200000
v 3.132461 1.309862 -0.200000
v 3.135390 1.303448 0.200000
v 3.135390 1.303448 -0.200000
v 3.138381 1.297193 0.200000
v 3.138381 1.297193 -0.200000
v 3.141424 1.291132 0.200000
v 3.141424 1.291132 -0.200000
v 3.144521 1.285266 0.200000
v 3.144521 1.285266 -0.200000
v 3.147671 1.279593 0.200000
v 3.147671 1.279593 -0.200000
v 3.150873 1.274114 0.200000
v 3.150873 1.274114 -0.200000
v 3.154129 1.268830 0.200000
v 3.154129 1.268830 -0.200000
v 3.157437 1.263739 0.200000
v 3.157437 1.263739 -0.200000
v 3.160798 1.258843 0.200000
v 3.160798 1.258843 -0.200000
v 3.164212 1.254140 0.200000
v 3.164212 1.254140 -0.200000
v 3.167680 1.249632 0.200000
v 3.167680 1.249632 -0.200000
v 3.171200 1.245318 0.200000
v 3.171200 1.245318 -0.200000
v 3.174773 1.241198 0.200000
v 3.174773 1.241198 -0.200000
v 3.178381 1.237343 0.200000
v 3.178381 1.237343 -0.200000
v 3.182007 1.233823 0.200000
v 3.182007 1.233823 -0.200000
v 3.185651 1.230638 0.200000
v 3.185651 1.230638 -0.200000
v 3.189312 1.227788 0.200000
v 3.189312 1.227788 -0.200000
v 3.192991 1.225274 0.200000
v 3.192991 1.225274 -0.200000
v 3.196688 1.223095 0.200000
v 3.196688 1.223095 -0.200000
v 3.200402 1.221251 0.200000
v 3.200402 1.221251 -0.200000
v 3.204134 1.219742 0.200000
v 3.204134 1.219742 -0.200000
v 3.207883 1.218569 0.200000
v 3.207883 1.218569 -0.200000
v 3.211650 1.217731 0.200000
v 3.211650 1.217731 -0.200000
v 3.215435 1.217228 0.200000
v 3.215435 1.217228 -0.200000
v 3.219238 1.217060 0.200000
v 3.219238 1.217060 -0.200000
v 3.225801 1.217360 0.200000
v 3.225801 1.217360 -0.200000
v 3.232789 1.218260 0.200000
v 3.232789 1.218260 -0.200000
v 3.240200 1.219760 0.200000
v 3.240200 1.219760 -0.200000
v 3.248034 1.221860 0.200000
v 3.248034 1.221860 -0.200000
v 3.256291 1.224559 0.200000
v 3.256291 1.224559 -0.200000
v 3.264972 1.227859 0.200000
v 3.264972 1.227859 -0.200000
v 3.274077 1.231758 0.200000
v 3.274077 1.231758 -0.200000
v 3.283605 1.236258 0.200000
v 3.283605 1.236258 -0.200000
v 3.293557 1.241357 0.200000
v 3.293557 1.241357 -0.200000
v 3.303932 1.247056 0.200000
v 3.303932 1.247056 -0.200000
v 3.314731 1.253355 0.200000
v 3.314731 1.253355 -0.200000
v 3.325953 1.260254 0.200000
v 3.325953 1.260254 -0.200000
v 3.337669 1.267524 0.200000
v 3.337669 1.267524 -0.200000
v 3.349949 1.274935 0.200000
v 3.349949 1.274935 -0.200000
v 3.362795 1.282487 0.200000
v 3.362795 1.282487 -0.200000
v 3.376205 1.290180 0.200000
v 3.376205 1.290180 -0.200000
v 3.390179 1.298014 0.200000
v 3.390179 1.298014 -0.200000
v 3.404719 1.305989 0.200000
v 3.404719 1.305989 -0.200000
v 3.419822 1.314106 0.200000
v 3.419822 1.314106 -0.200000
v 3.435491 1.322364 0.200000
v 3.435491 1.322364 -0.200000
v 3.451724 1.330763 0.200000
v 3.451724 1.330763 -0.200000
v 3.468522 1.339303 0.200000
v 3.468522 1.339303 -0.200000
v 3.485884 1.347984 0.200000
v 3.485884 1.347984 -0.200000
v 3.503811 1.356806 0.200000
v 3.503811 1.356806 -0.200000
v 3.522356 1.365628 0.200000
v 3.522356 1.365628 -0.200000
v 3.541571 1.374310 0.200000
v 3.541571 1.374310 -0.200000
v 3.561457 1.382850 0.200000
v 3.561457 1.382850 -0.200000
v 3.582013 1.391248 0.200000
v 3.582013 1.391248 -0.200000
v 3.603240 1.399506 0.200000
v 3.603240 1.399506 -0.200000
v 3.625137 1.407623 0.200000
v 3.625137 1.407623 -0.200000
v 3.647705 1.415598 0.200000
v 3.647705 1.415598 -0.200000
v 3.670943 1.423432 0.200000
v 3.670943 1.423432 -0.200000
v 3.694851 1.431125 0.200000
v 3.694851 1.431125 -0.200000
v 3.719430 1.438677 0.200000
v 3.719430 1.438677 -0.200000
v 3.744680 1.446088 0.200000
v 3.744680 1.446088 -0.200000
v 3.770599 1.453358 0.200000
v 3.770599 1.453358 -0.200000
v 3.797260 1.460257 0.200000
v 3.797260 1.460257 -0.200000
v 3.824733 1.466556 0.200000
v 3.824733 1.466556 -0.200000
v 3.853017 1.472255 0.200000
v 3.853017 1.472255 -0.200000
v 3.882113 1.477354 0.200000
v 3.882113 1.477354 -0.200000
v 3.912021 1.481854 0.200000
v 3.912021 1.481854 -0.200000
v 3.942740 1.485753 0.200000
v 3.942740 1.485753 -0.200000
v 3.974272 1.489053 0.200000
v 3.974272 1.489053 -0.200000
v 4.006614 1.491753 0.200000
v 4.006614 1.491753 -0.200000
v 4.039769 1.493852 0.200000
v 4.039769 1.493852 -0.200000
v 4.073735 1.495352 0.200000
v 4.073735 1.495352 -0.200000
v 4.108512 1.496252 0.200000
v 4.108512 1.496252 -0.200000
v 4.144101 1.496552 0.200000
v 4.144101 1.496552 -0.200000
v 4.179849 1.496120 0.200000
v 4.179849 1.496120 -0.200000
v 4.215103 1.494823 0.200000
v 4.215103 1.494823 -0.200000
v 4.249863 1.492661 0.200000
v 4.249863 1.492661 -0.200000
v 4.284129 1.489635 0.200000
v 4.284129 1.489635 -0.200000
v 4.317901 1.485744 0.200000
v 4.317901 1.485744 -0.200000
v 4.351179 1.480989 0.200000
v 4.351179 1.480989 -0.200000
v 4.383963 1.475370 0.200000
v 4.383963 1.475370 -0.200000
v 4.416253 1.468885 0.200000
v 4.416253 1.468885 -0.200000
v 4.448048 1.461536 0.200000
v 4.448048 1.461536 -0.200000
v 4.479350 1.453322 0.200000
v 4.479350 1.453322 -0.200000
v 4.510158 1.444244 0.200000
v 4.510158 1.444244 -0.200000
v 4.540472 1.434301 0.200000
v 4.540472 1.434301 -0.200000
v 4.570317 1.423609 0.200000
v 4.570317 1.423609 -0.200000
v 4.599722 1.412281 0.200000
v 4.599722 1.412281 -0.200000
v 4.628686 1.400318 0.200000
v 4.628686 1.400318 -0.200000
v 4.657209 1.387719 0.200000
v 4.657209 1.387719 -0.200000
v 4.685290 1.374486 0.200000
v 4.685290 1.374486 -0.200000
v 4.712931 1.360617 0.200000
v 4.712931 1.360617 -0.200000
v 4.740130 1.346113 0.200000
v 4.740130 1.346113 -0.200000
v 4.766888 1.330974 0.200000
v 4.766888 1.330974 -0.200000
v 4.793205 1.315200 0.200000
v 4.793205 1.315200 -0.200000
v 4.819081 1.298790 0.200000
v 4.819081 1.298790 -0.200000
v 4.844516 1.281745 0.200000
v 4.844516 1.281745 -0.200000
v 4.869510 1.264066 0.200000
v 4.869510 1.264066 -0.200000
v 4.894036 1.245803 0.200000
v 4.894036 1.245803 -0.200000
v 4.918068 1.227012 0.200000
v 4.918068 1.227012 -0.200000
v 4.941607 1.207691 0.200000
v 4.941607 1.207691 -0.200001
v 4.964650 1.187840 0.200000
v 4.964650 1.187840 -0.200001
v 4.987200 1.167461 0.200000
v 4.987200 1.167461 -0.200001
v 5.009255 1.146552 0.200000
v 5.009255 1.146552 -0.200001
v 5.030818 1.125113 0.200000
v 5.030818 1.125113 -0.200001
v 5.051885 1.103146 0.200000
v 5.051885 1.103146 -0.200001
v 5.072459 1.080649 0.200000
v 5.072459 1.080649 -0.200001
v 5.092538 1.057623 0.200000
v 5.092538 1.057623 -0.200001
v 5.112124 1.034067 0.200000
v 5.112124 1.034067 -0.200001
v 5.131216 1.009982 0.200000
v 5.131216 1.009982 -0.200001
v 5.149813 0.985482 0.200000
v 5.149813 0.985482 -0.200001
v 5.167916 0.960683 0.200000
v 5.167916 0.960683 -0.200001
v 5.185525 0.935583 0.200000
v 5.185525 0.935583 -0.200001
v 5.202641 0.910184 0.200000
v 5.202641 0.910184 -0.200001
v 5.219262 0.884484 0.200000
v 5.219262 0.884484 -0.200001
v 5.235389 0.858485 0.200000
v 5.235389 0.858485 -0.200001
v 5.251023 0.832185 0.200000
v 5.251023 0.832185 -0.200001
v 5.266162 0.805586 0.200000
v 5.266162 0.805586 -0.200001
v 5.280807 0.778687 0.200000
v 5.280807 0.778687 -0.200001
v 5.294958 0.751487 0.200000
v 5.294958 0.751487 -0.200001
v 5.308615 0.723988 0.200000
v 5.308615 0.723988 -0.200001
v 5.321778 0.696189 0.200000
v 5.321778 0.696189 -0.200001
v 5.334421 0.668152 0.200000
v 5.334421 0.668152 -0.200001
v 5.346516 0.639938 0.200000
v 5.346516 0.639938 -0.200001
v 5.358065 0.611547 0.200000
v 5.358065 0.611547 -0.200001
v 5.369066 0.582981 0.200000
v 5.369066 0.582981 -0.200001
v 5.379521 0.554237 0.200000
v 5.379521 0.554237 -0.200001
v 5.389429 0.525318 0.200000
v 5.389429 0.525318 -0.200001
v 5.398789 0.496222 0.200000
v 5.398789 0.496222 -0.200001
v 5.407603 0.466949 0.200000
v 5.407603 0.466949 -0.200001
v 5.415870 0.437500 0.200000
v 5.415870 0.437500 -0.200001
v 5.423589 0.407875 0.200000
v 5.423589 0.407875 -0.200001
v 5.430762 0.378073 0.200000
v 5.430762 0.378073 -0.200001
v 5.437386 0.348095 0.200000
v 5.437386 0.348095 -0.200001
v 5.443474 0.318063 0.200000
v 5.443474 0.318063 -0.200001
v 5.449032 0.288103 0.200000
v 5.449032 0.288103 -0.200001
v 5.454061 0.258213 0.200000
v 5.454061 0.258213 -0.200001
v 5.458560 0.228393 0.200000
v 5.458560 0.228393 -0.200001
v 5.462530 0.198644 0.200000
v 5.462530 0.198644 -0.200001
v 5.465971 0.168966 0.200000
v 5.465971 0.168966 -0.200001
v 5.468882 0.139358 0.200000
v 5.468882 0.139358 -0.200000
v 5.471264 0.109821 0.200000
v 5.471264 0.109821 -0.200000
v 5.473117 0.080354 0.200000
v 5.473117 0.080354 -0.200000
v 5.474440 0.050958 0.200000
v 5.474440 0.050958 -0.200000
v 5.475234 0.021633 0.200000
v 5.475234 0.021633 -0.200000
v 5.475499 -0.007622 0.200000
v 5.475499 -0.007622 -0.200000
v 5.475111 -0.039894 0.200000
v 5.475111 -0.039894 -0.200000
v 5.473946 -0.071496 0.200000
v 5.473946 -0.071496 -0.200000
v 5.472005 -0.102427 0.200000
v 5.472005 -0.102427 -0.200000
v 5.469288 -0.132688 0.200000
v 5.469288 -0.132688 -0.200000
v 5.465795 -0.162278 0.200000
v 5.465795 -0.162278 -0.200000
v 5.461524 -0.191198 0.200000
v 5.461524 -0.191198 -0.200000
v 5.456478 -0.219447 0.200000
v 5.456478 -0.219447 -0.200000
v 5.450655 -0.247025 0.200000
v 5.450655 -0.247025 -0.200000
v 5.444056 -0.273934 0.200000
v 5.444056 -0.273934 -0.200000
v 5.436681 -0.300171 0.200000
v 5.436681 -0.300171 -0.200000
v 5.428529 -0.325738 0.200000
v 5.428529 -0.325738 -0.200000
v 5.419600 -0.350635 0.200000
v 5.419600 -0.350635 -0.200000
v 5.409940 -0.374861 0.200000
v 5.409940 -0.374861 -0.200000
v 5.399591 -0.398417 0.200000
v 5.399591 -0.398417 -0.200000
v 5.388555 -0.421302 0.200000
v 5.388555 -0.421302 -0.200000
v 5.376830 -0.443517 0.200000
v 5.376830 -0.443517 -0.200000
v 5.364417 -0.465061 0.200000
v 5.364417 -0.465061 -0.200000
v 5.351315 -0.485934 0.200000
v 5.351315 -0.485934 -0.200000
v 5.337526 -0.506138 0.200000
v 5.337526 -0.506138 -0.200000
v 5.323048 -0.525670 0.200000
v 5.323048 -0.525670 -0.200000
v 5.307883 -0.544532 0.200000
v 5.307883 -0.544532 -0.200000
v 5.292029 -0.562724 0.200000
v 5.292029 -0.562724 -0.200000
v 5.275487 -0.580245 0.200000
v 5.275487 -0.580245 -0.200000
v 5.258257 -0.597096 0.200000
v 5.258257 -0.597096 -0.200000
v 5.240375 -0.613276 0.200000
v 5.240375 -0.613276 -0.200000
v 5.221874 -0.628786 0.200000
v 5.221874 -0.628786 -0.200000
v 5.202756 -0.643625 0.200000
v 5.202756 -0.643625 -0.200000
v 5.183021 -0.657794 0.200000
v 5.183021 -0.657794 -0.200000
v 5.162667 -0.671292 0.200000
v 5.162667 -0.671292 -0.200000
v 5.141697 -0.684120 0.200000
v 5.141697 -0.684120 -0.200000
v 5.120109 -0.696277 0.200000
v 5.120109 -0.696277 -0.200000
v 5.097902 -0.707763 0.200000
v 5.097902 -0.707763 -0.200000
v 5.075079 -0.718580 0.200000
v 5.075079 -0.718580 -0.200000
v 5.051638 -0.728725 0.200000
v 5.051638 -0.728725 -0.200000
v 5.027580 -0.738200 0.200000
v 5.027580 -0.738200 -0.200000
v 5.002903 -0.747005 0.200000
v 5.002903 -0.747005 -0.200000
v 4.977672 -0.755122 0.200000
v 4.977672 -0.755122 -0.200000
v 4.951945 -0.762533 0.200000
v 4.951945 -0.762533 -0.200000
v 4.925725 -0.769238 0.200000
v 4.925725 -0.769238 -0.200000
v 4.899011 -0.775237 0.200000
v 4.899011 -0.775237 -0.200000
v 4.871803 -0.780530 0.200000
v 4.871803 -0.780530 -0.200000
v 4.844101 -0.785118 0.200000
v 4.844101 -0.785118 -0.200000
v 4.815905 -0.789000 0.200000
v 4.815905 -0.789000 -0.200000
v 4.787214 -0.792176 0.200000
v 4.787214 -0.792176 -0.200000
v 4.758030 -0.794646 0.200000
v 4.758030 -0.794646 -0.200000
v 4.728352 -0.796410 0.200000
v 4.728352 -0.796410 -0.200000
v 4.698180 -0.797469 0.200000
v 4.698180 -0.797469 -0.200000
v 4.667513 -0.797822 0.200000
v 4.667513 -0.797822 -0.200000
v 4.646780 -0.797645 0.200000
v 4.646780 -0.797645 -0.200000
v 4.626083 -0.797116 0.200000
v 4.626083 -0.797116 -0.200000
v 4.605422 -0.796234 0.200000
v 4.605422 -0.796234 -0.200000
v 4.584795 -0.794999 0.200000
v 4.584795 -0.794999 -0.200000
v 4.564204 -0.793411 0.200000
v 4.564204 -0.793411 -0.200000
v 4.543647 -0.791470 0.200000
v 4.543647 -0.791470 -0.200000
v 4.523127 -0.789176 0.200000
v 4.523127 -0.789176 -0.200000
v 4.502642 -0.786529 0.200000
v 4.502642 -0.786529 -0.200000
v 4.482191 -0.783530 0.200000
v 4.482191 -0.783530 -0.200000
v 4.461776 -0.780177 0.200000
v 4.461776 -0.780177 -0.200000
v 4.441397 -0.776472 0.200000
v 4.441397 -0.776472 -0.200000
v 4.421052 -0.772414 0.200000
v 4.421052 -0.772414 -0.200000
v 4.400849 -0.768002 0.200000
v 4.400849 -0.768002 -0.200000
v 4.380893 -0.763238 0.200000
v 4.380893 -0.763238 -0.200000
v 4.361184 -0.758121 0.200000
v 4.361184 -0.758121 -0.200000
v 4.341722 -0.752652 0.200000
v 4.341722 -0.752652 -0.200000
v 4.322506 -0.746829 0.200000
v 4.322506 -0.746829 -0.200000
v 4.303538 -0.740653 0.200000
v 4.303538 -0.740653 -0.200000
v 4.284817 -0.734125 0.200000
v 4.284817 -0.734125 -0.200000
v 4.266344 -0.727243 0.200000
v 4.266344 -0.727243 -0.200000
v 4.248116 -0.720009 0.200000
v 4.248116 -0.720009 -0.200000
v 4.230137 -0.712422 0.200000
v 4.230137 -0.712422 -0.200000
v 4.212404 -0.704481 0.200000
v 4.212404 -0.704481 -0.200000
v 4.194918 -0.696189 0.200000
v 4.194918 -0.696189 -0.200000
v 4.042468 0.063521 0.200000
v 4.042468 0.063521 -0.200000
v 4.662432 0.063521 0.200000
v 4.662432 0.063521 -0.200000
v 4.667425 0.063689 0.200000
v 4.667425 0.063689 -0.200000
v 4.672242 0.064192 0.200000
v 4.672242 0.064192 -0.200000
v 4.676882 0.065030 0.200000
v 4.676882 0.065030 -0.200000
v 4.681346 0.066203 0.200000
v 4.681346 0.066203 -0.200000
v 4.685634 0.067712 0.200000
v 4.685634 0.067712 -0.200000
v 4.689745 0.069556 0.200000
v 4.689745 0.069556 -0.200000
v 4.693680 0.071735 0.200000
v 4.693680 0.071735 -0.200000
v 4.697439 0.074249 0.200000
v 4.697439 0.074249 -0.200000
v 4.701020 0.077099 0.200000
v 4.701020 0.077099 -0.200000
v 4.704426 0.080284 0.200000
v 4.704426 0.080284 -0.200000
v 4.707655 0.083804 0.200000
v 4.707655 0.083804 -0.200000
v 4.710707 0.087659 0.200000
v 4.710707 0.087659 -0.200000
v 4.713548 0.091885 0.200000
v 4.713548 0.091885 -0.200000
v 4.716142 0.096517 0.200000
v 4.716142 0.096517 -0.200000
v 4.718489 0.101554 0.200000
v 4.718489 0.101554 -0.200000
v 4.720589 0.106998 0.200000
v 4.720589 0.106998 -0.200000
v 4.722442 0.112847 0.200000
v 4.722442 0.112847 -0.200000
v 4.724047 0.119102 0.200000
v 4.724047 0.119102 -0.200000
v 4.725406 0.125763 0.200000
v 4.725406 0.125763 -0.200000
v 4.726517 0.132829 0.200000
v 4.726517 0.132829 -0.200000
v 4.727382 0.140302 0.200000
v 4.727382 0.140302 -0.200000
v 4.727999 0.148180 0.200000
v 4.727999 0.148180 -0.200000
v 4.728370 0.156465 0.200000
v 4.728370 0.156464 -0.200000
v 4.728494 0.165155 0.200000
v 4.728494 0.165154 -0.200000
v 4.728458 0.169495 0.200000
v 4.728458 0.169495 -0.200000
v 4.728352 0.174047 0.200000
v 4.728352 0.174047 -0.200000
v 4.728176 0.178811 0.200000
v 4.728176 0.178811 -0.200000
v 4.727929 0.183787 0.200000
v 4.727929 0.183787 -0.200000
v 4.727611 0.188975 0.200000
v 4.727611 0.188975 -0.200000
v 4.727223 0.194374 0.200000
v 4.727223 0.194374 -0.200000
v 4.726764 0.199985 0.200000
v 4.726764 0.199985 -0.200000
v 4.726234 0.205808 0.200000
v 4.726234 0.205808 -0.200000
v 4.725635 0.211842 0.200000
v 4.725635 0.211842 -0.200000
v 4.724964 0.218089 0.200000
v 4.724964 0.218089 -0.200000
v 4.724223 0.224546 0.200000
v 4.724223 0.224546 -0.200000
v 4.723412 0.231216 0.200000
v 4.723412 0.231216 -0.200000
v 4.722538 0.238018 0.200000
v 4.722538 0.238018 -0.200000
v 4.721612 0.244873 0.200000
v 4.721612 0.244873 -0.200000
v 4.720633 0.251781 0.200000
v 4.720633 0.251781 -0.200000
v 4.719601 0.258742 0.200000
v 4.719601 0.258742 -0.200000
v 4.718515 0.265756 0.200000
v 4.718515 0.265756 -0.200000
v 4.717377 0.272822 0.200000
v 4.717377 0.272822 -0.200000
v 4.716186 0.279942 0.200000
v 4.716186 0.279942 -0.200000
v 4.714942 0.287115 0.200000
v 4.714942 0.287115 -0.200000
v 4.713645 0.294340 0.200000
v 4.713645 0.294340 -0.200000
v 4.712296 0.301618 0.200000
v 4.712296 0.301618 -0.200000
v 4.710893 0.308950 0.200000
v 4.710893 0.308950 -0.200000
v 4.709437 0.316334 0.200000
v 4.709437 0.316334 -0.200000
v 4.707928 0.323754 0.200000
v 4.707928 0.323754 -0.200000
v 4.706367 0.331191 0.200000
v 4.706367 0.331191 -0.200000
v 4.704752 0.338646 0.200000
v 4.704752 0.338646 -0.200000
v 4.703085 0.346118 0.200000
v 4.703085 0.346118 -0.200000
v 4.701365 0.353609 0.200000
v 4.701365 0.353609 -0.200000
v 4.699592 0.361116 0.200000
v 4.699592 0.361116 -0.200000
v 4.697765 0.368642 0.200000
v 4.697765 0.368642 -0.200000
v 4.695886 0.376185 0.200000
v 4.695886 0.376185 -0.200000
v 4.693954 0.383746 0.200000
v 4.693954 0.383746 -0.200000
v 4.691968 0.391324 0.200000
v 4.691968 0.391324 -0.200000
v 4.689931 0.398920 0.200000
v 4.689931 0.398920 -0.200000
v 4.687840 0.406534 0.200000
v 4.687840 0.406534 -0.200000
v 4.685679 0.414086 0.200000
v 4.685679 0.414086 -0.200000
v 4.683429 0.421496 0.200000
v 4.683429 0.421496 -0.200000
v 4.681091 0.428766 0.200000
v 4.681091 0.428766 -0.200000
v 4.678665 0.435895 0.200000
v 4.678665 0.435895 -0.200000
v 4.676151 0.442882 0.200000
v 4.676151 0.442882 -0.200000
v 4.673548 0.449728 0.200000
v 4.673548 0.449728 -0.200000
v 4.670857 0.456433 0.200000
v 4.670857 0.456433 -0.200000
v 4.668078 0.462997 0.200000
v 4.668078 0.462997 -0.200000
v 4.665211 0.469419 0.200000
v 4.665211 0.469419 -0.200000
v 4.662255 0.475701 0.200000
v 4.662255 0.475701 -0.200000
v 4.659212 0.481841 0.200000
v 4.659212 0.481841 -0.200000
v 4.656079 0.487841 0.200000
v 4.656079 0.487841 -0.200000
v 4.652877 0.493681 0.200000
v 4.652877 0.493681 -0.200000
v 4.649622 0.499345 0.200000
v 4.649622 0.499345 -0.200000
v 4.646314 0.504832 0.200000
v 4.646314 0.504832 -0.200000
v 4.642952 0.510143 0.200000
v 4.642952 0.510143 -0.200000
v 4.639538 0.515278 0.200000
v 4.639538 0.515278 -0.200000
v 4.636071 0.520236 0.200000
v 4.636071 0.520236 -0.200000
v 4.632551 0.525018 0.200000
v 4.632551 0.525018 -0.200000
v 4.628978 0.529623 0.200000
v 4.628978 0.529623 -0.200000
v 4.625351 0.534052 0.200000
v 4.625351 0.534052 -0.200000
v 4.621673 0.538304 0.200000
v 4.621673 0.538304 -0.200000
v 4.617941 0.542380 0.200000
v 4.617941 0.542380 -0.200000
v 4.614156 0.546280 0.200000
v 4.614156 0.546280 -0.200000
v 4.610310 0.549932 0.200000
v 4.610310 0.549932 -0.200000
v 4.606392 0.553267 0.200000
v 4.606392 0.553267 -0.200000
v 4.602405 0.556284 0.200000
v 4.602405 0.556284 -0.200000
v 4.598346 0.558984 0.200000
v 4.598346 0.558984 -0.200000
v 4.594217 0.561366 0.200000
v 4.594217 0.561366 -0.200000
v 4.590018 0.563430 0.200000
v 4.590018 0.563430 -0.200000
v 4.585748 0.565177 0.200000
v 4.585748 0.565177 -0.200000
v 4.581408 0.566606 0.200000
v 4.581408 0.566606 -0.200000
v 4.576996 0.567718 0.200000
v 4.576996 0.567718 -0.200000
v 4.572515 0.568512 0.200000
v 4.572515 0.568512 -0.200000
v 4.567962 0.568988 0.200000
v 4.567962 0.568988 -0.200000
v 4.563339 0.569147 0.200000
v 4.563339 0.569147 -0.200000
v 3.452994 0.569147 0.200000
v 3.452994 0.569147 -0.200000
v 3.439355 0.568759 0.200000
v 3.439355 0.568759 -0.200000
v 3.426386 0.567594 0.200000
v 3.426386 0.567594 -0.200000
v 3.414088 0.565654 0.200000
v 3.414088 0.565654 -0.200000
v 3.402460 0.562936 0.200000
v 3.402460 0.562936 -0.200000
v 3.391503 0.559443 0.200000
v 3.391503 0.559443 -0.200000
v 3.381216 0.555173 0.200000
v 3.381216 0.555173 -0.200000
v 3.371599 0.550126 0.200000
v 3.371599 0.550126 -0.200000
v 3.362653 0.544303 0.200000
v 3.362653 0.544303 -0.200000
v 3.354378 0.537704 0.200000
v 3.354378 0.537704 -0.200000
v 3.346773 0.530329 0.200000
v 3.346773 0.530329 -0.200000
v 3.339839 0.522177 0.200000
v 3.339839 0.522177 -0.200000
v 3.333575 0.513249 0.200000
v 3.333575 0.513249 -0.200000
v 3.328035 0.503615 0.200000
v 3.328035 0.503615 -0.200000
v 3.323271 0.493346 0.200000
v 3.323271 0.493346 -0.200000
v 3.319283 0.482441 0.200000
v 3.319283 0.482441 -0.200000
v 3.316072 0.470902 0.200000
v 3.316072 0.470902 -0.200000
v 3.313636 0.458727 0.200000
v 3.313636 0.458727 -0.200000
v 3.311978 0.445917 0.200000
v 3.311978 0.445917 -0.200000
v 3.311095 0.432471 0.200000
v 3.311095 0.432471 -0.200000
v 3.310989 0.418391 0.200000
v 3.310989 0.418391 -0.200000
v 3.311660 0.403675 0.200000
v 3.311660 0.403675 -0.200000
v 3.313107 0.388324 0.200000
v 3.313107 0.388324 -0.200000
v 3.315330 0.372338 0.200000
v 3.315330 0.372338 -0.200000
v 3.318330 0.355717 0.200000
v 3.318330 0.355717 -0.200000
v 3.582577 -0.960435 0.200000
v 3.582577 -0.960435 -0.200000
v 3.584306 -0.968384 0.200000
v 3.584306 -0.968384 -0.200000
v 3.586106 -0.976139 0.200000
v 3.586106 -0.976139 -0.200000
v 3.587976 -0.983700 0.200000
v 3.587976 -0.983700 -0.200000
v 3.589917 -0.991066 0.200000
v 3.589917 -0.991066 -0.200000
v 3.591928 -0.998239 0.200000
v 3.591928 -0.998239 -0.200000
v 3.594010 -1.005218 0.200000
v 3.594010 -1.005218 -0.200000
v 3.596163 -1.012002 0.200000
v 3.596163 -1.012002 -0.200000
v 3.598386 -1.018592 0.200000
v 3.598386 -1.018592 -0.200000
v 3.600680 -1.024988 0.200000
v 3.600680 -1.024988 -0.200000
v 3.603045 -1.031191 0.200000
v 3.603045 -1.031191 -0.200000
v 3.605480 -1.037199 0.200000
v 3.605480 -1.037199 -0.200000
v 3.607985 -1.043012 0.200000
v 3.607985 -1.043012 -0.200000
v 3.610597 -1.048685 0.200000
v 3.610597 -1.048685 -0.200000
v 3.613349 -1.054270 0.200000
v 3.613349 -1.054270 -0.200000
v 3.616243 -1.059766 0.200000
v 3.616243 -1.059766 -0.200000
v 3.619277 -1.065174 0.200000
v 3.619277 -1.065174 -0.200000
v 3.622454 -1.070494 0.200000
v 3.622454 -1.070494 -0.200000
v 3.625771 -1.075726 0.200000
v 3.625771 -1.075726 -0.200000
v 3.629229 -1.080869 0.200000
v 3.629229 -1.080869 -0.200000
v 3.632828 -1.085924 0.200000
v 3.632828 -1.085924 -0.200000
v 3.636569 -1.090891 0.200000
v 3.636569 -1.090891 -0.200000
v 3.640451 -1.095770 0.200000
v 3.640451 -1.095770 -0.200000
v 3.644474 -1.100561 0.200000
v 3.644474 -1.100561 -0.200000
v 3.648638 -1.105263 0.200000
v 3.648638 -1.105263 -0.200000
v 3.653808 -1.110424 0.200000
v 3.653808 -1.110424 -0.200000
v 3.660002 -1.115744 0.200000
v 3.660002 -1.115744 -0.200000
v 3.667218 -1.121223 0.200000
v 3.667218 -1.121223 -0.200000
v 3.675458 -1.126860 0.200000
v 3.675458 -1.126860 -0.200000
v 3.684722 -1.132656 0.200000
v 3.684722 -1.132656 -0.200000
v 3.695009 -1.138611 0.200000
v 3.695009 -1.138611 -0.200000
v 3.706319 -1.144725 0.200000
v 3.706319 -1.144725 -0.200000
v 3.718653 -1.150998 0.200000
v 3.718653 -1.150998 -0.200000
v 3.732010 -1.157429 0.200000
v 3.732010 -1.157429 -0.200000
v 3.746390 -1.164020 0.200000
v 3.746390 -1.164020 -0.200000
v 3.761794 -1.170769 0.200000
v 3.761794 -1.170769 -0.200000
v 3.778221 -1.177677 0.200000
v 3.778221 -1.177677 -0.200000
v 3.795469 -1.184655 0.200000
v 3.795469 -1.184655 -0.200000
v 3.813334 -1.191616 0.200000
v 3.813334 -1.191616 -0.200000
v 3.831817 -1.198559 0.200000
v 3.831817 -1.198559 -0.200000
v 3.850917 -1.205485 0.200000
v 3.850917 -1.205485 -0.200000
v 3.870635 -1.212393 0.200000
v 3.870635 -1.212393 -0.200000
v 3.890971 -1.219283 0.200000
v 3.890971 -1.219283 -0.200000
v 3.911924 -1.226155 0.200000
v 3.911924 -1.226155 -0.200000
v 3.933494 -1.233010 0.200000
v 3.933494 -1.233010 -0.200000
v 3.955682 -1.239848 0.200000
v 3.955682 -1.239848 -0.200000
v 3.978488 -1.246667 0.200000
v 3.978488 -1.246667 -0.200000
v 4.001912 -1.253469 0.200000
v 4.001912 -1.253469 -0.200000
v 4.025952 -1.260254 0.200000
v 4.025952 -1.260254 -0.200000
v 4.050540 -1.266941 0.200000
v 4.050540 -1.266941 -0.200000
v 4.075605 -1.273452 0.200000
v 4.075605 -1.273452 -0.200000
v 4.101146 -1.279786 0.200000
v 4.101146 -1.279786 -0.200000
v 4.127162 -1.285944 0.200000
v 4.127162 -1.285944 -0.200000
v 4.153656 -1.291926 0.200000
v 4.153656 -1.291926 -0.200000
v 4.180626 -1.297731 0.200000
v 4.180626 -1.297731 -0.200000
v 4.208072 -1.303360 0.200000
v 4.208072 -1.303360 -0.200000
v 4.235995 -1.308812 0.200000
v 4.235995 -1.308812 -0.200000
v 4.264394 -1.314088 0.200000
v 4.264394 -1.314088 -0.200000
v 4.293270 -1.319187 0.200000
v 4.293270 -1.319187 -0.200000
v 4.322621 -1.324110 0.200000
v 4.322621 -1.324110 -0.200000
v 4.352450 -1.328856 0.200000
v 4.352450 -1.328856 -0.200000
v 4.382569 -1.333320 0.200000
v 4.382569 -1.333320 -0.200000
v 4.412795 -1.337396 0.200000
v 4.412795 -1.337396 -0.200000
v 4.443126 -1.341084 0.200000
v 4.443126 -1.341084 -0.200000
v 4.473563 -1.344384 0.200000
v 4.473563 -1.344384 -0.200000
v 4.504106 -1.347295 0.200000
v 4.504106 -1.347295 -0.200000
v 4.534755 -1.349818 0.200000
v 4.534755 -1.349818 -0.200000
v 4.565509 -1.351953 0.200000
v 4.565509 -1.351953 -0.200000
v 4.596370 -1.353700 0.200000
v 4.596370 -1.353700 -0.200000
v 4.627337 -1.355059 0.200000
v 4.627337 -1.355059 -0.200000
v 4.658409 -1.356029 0.200000
v 4.658409 -1.356029 -0.200000
v 4.689587 -1.356611 0.200000
v 4.689587 -1.356611 -0.200000
v 4.720871 -1.356806 0.200000
v 4.720871 -1.356806 -0.200000
v 4.779151 -1.356241 0.200000
v 4.779151 -1.356241 -0.200000
v 4.836267 -1.354547 0.200000
v 4.836267 -1.354547 -0.200000
v 4.892218 -1.351724 0.200000
v 4.892218 -1.351724 -0.200000
v 4.947005 -1.347772 0.200000
v 4.947005 -1.347772 -0.200000
v 5.000627 -1.342690 0.200000
v 5.000627 -1.342690 -0.200000
v 5.053085 -1.336479 0.200000
v 5.053085 -1.336479 -0.200000
v 5.104378 -1.329139 0.200000
v 5.104378 -1.329139 -0.200000
v 5.154507 -1.320669 0.200000
v 5.154507 -1.320669 -0.200000
v 5.203471 -1.311071 0.200000
v 5.203471 -1.311071 -0.200000
v 5.251270 -1.300343 0.200000
v 5.251270 -1.300343 -0.200000
v 5.297905 -1.288485 0.200000
v 5.297905 -1.288485 -0.200000
v 5.343375 -1.275499 0.200000
v 5.343375 -1.275499 -0.200000
v 5.387655 -1.261392 0.200000
v 5.387655 -1.261392 -0.200000
v 5.430717 -1.246173 0.200000
v 5.430717 -1.246173 -0.200000
v 5.472560 -1.229843 0.200000
v 5.472560 -1.229843 -0.200000
v 5.513187 -1.212401 0.200000
v 5.513187 -1.212401 -0.200000
v 5.552597 -1.193848 0.200000
v 5.552597 -1.193848 -0.200000
v 5.590788 -1.174183 0.200000
v 5.590788 -1.174183 -0.200000
v 5.627763 -1.153406 0.200000
v 5.627763 -1.153406 -0.200000
v 5.663519 -1.131518 0.200000
v 5.663519 -1.131518 -0.200000
v 5.698059 -1.108518 0.200000
v 5.698059 -1.108518 -0.200000
v 5.731381 -1.084407 0.200000
v 5.731381 -1.084407 -0.200000
v 5.763485 -1.059184 0.200000
v 5.763485 -1.059184 -0.200000
v 5.794374 -1.032849 0.200000
v 5.794374 -1.032849 -0.200000
v 5.824043 -1.005456 0.200000
v 5.824043 -1.005456 -0.200000
v 5.852495 -0.977057 0.200000
v 5.852495 -0.977057 -0.200000
v 5.879729 -0.947652 0.200000
v 5.879729 -0.947652 -0.200000
v 5.905746 -0.917241 0.200000
v 5.905746 -0.917241 -0.200000
v 5.930546 -0.885825 0.200000
v 5.930546 -0.885825 -0.200000
v 5.954128 -0.853403 0.200000
v 5.954128 -0.853403 -0.200000
v 5.976492 -0.819975 0.200000
v 5.976492 -0.819975 -0.200001
v 5.997639 -0.785541 0.200000
v 5.997639 -0.785541 -0.200001
v 6.017569 -0.750102 0.200000
v 6.017569 -0.750102 -0.200001
v 6.036281 -0.713657 0.200000
v 6.036281 -0.713657 -0.200001
v 6.053775 -0.676206 0.200000
v 6.053775 -0.676206 -0.200001
v 6.070054 -0.637749 0.200000
v 6.070054 -0.637749 -0.200001
v 6.085070 -0.598296 0.200000
v 6.085070 -0.598296 -0.200001
v 6.098780 -0.557854 0.200000
v 6.098780 -0.557854 -0.200001
v 6.111184 -0.516424 0.200000
v 6.111184 -0.516424 -0.200001
v 6.122283 -0.474007 0.199999
v 6.122283 -0.474007 -0.200001
v 6.132075 -0.430601 0.199999
v 6.132075 -0.430601 -0.200001
v 6.140563 -0.386207 0.199999
v 6.140563 -0.386207 -0.200001
v 6.147744 -0.340825 0.199999
v 6.147744 -0.340825 -0.200001
v 6.153620 -0.294454 0.199999
v 6.153620 -0.294454 -0.200001
v 6.158190 -0.247096 0.199999
v 6.158190 -0.247096 -0.200001
v 6.161454 -0.198750 0.199999
v 6.161454 -0.198750 -0.200001
v 6.163413 -0.149415 0.199999
v 6.163413 -0.149415 -0.200001
v 6.164065 -0.099092 0.199999
v 6.164065 -0.099092 -0.200001
v 6.163651 -0.053428 0.199999
v 6.163651 -0.053428 -0.200001
v 6.162406 -0.007905 0.199999
v 6.162406 -0.007905 -0.200001
v 6.160333 0.037478 0.199999
v 6.160333 0.037478 -0.200001
v 6.157431 0.082719 0.199999
v 6.157431 0.082719 -0.200001
v 6.153699 0.127818 0.199999
v 6.153699 0.127818 -0.200001
v 6.149137 0.172777 0.199999
v 6.149137 0.172777 -0.200001
v 6.143747 0.217595 0.199999
v 6.143747 0.217595 -0.200001
v 6.137527 0.262271 0.199999
v 6.137527 0.262271 -0.200001
v 6.130478 0.306806 0.199999
v 6.130478 0.306806 -0.200001
v 6.122600 0.351200 0.199999
v 6.122600 0.351200 -0.200001
v 6.113893 0.395453 0.199999
v 6.113893 0.395453 -0.200001
v 6.104355 0.439565 0.199999
v 6.104355 0.439565 -0.200001
v 6.093998 0.483420 0.199999
v 6.093998 0.483420 -0.200001
v 6.082829 0.526906 0.199999
v 6.082829 0.526906 -0.200001
v 6.070848 0.570021 0.199999
v 6.070848 0.570021 -0.200001
v 6.058056 0.612765 0.199999
v 6.058056 0.612765 -0.200001
v 6.044452 0.655138 0.199999
v 6.044452 0.655138 -0.200001
v 6.030036 0.697142 0.199999
v 6.030036 0.697142 -0.200001
v 6.014809 0.738774 0.199999
v 6.014809 0.738774 -0.200001
v 5.998770 0.780036 0.199999
v 5.998770 0.780036 -0.200001
v 5.981919 0.820928 0.199999
v 5.981919 0.820928 -0.200001
v 5.964257 0.861449 0.199999
v 5.964257 0.861449 -0.200001
v 5.945783 0.901600 0.199999
v 5.945783 0.901600 -0.200001
v 5.926497 0.941379 0.199999
v 5.926497 0.941379 -0.200001
v 5.906417 0.980727 0.199999
v 5.906417 0.980727 -0.200001
v 5.885561 1.019581 0.199999
v 5.885561 1.019581 -0.200001
v 5.863929 1.057940 0.199999
v 5.863929 1.057940 -0.200001
v 5.841520 1.095806 0.199999
v 5.841520 1.095806 -0.200001
v 5.818335 1.133177 0.199999
v 5.818335 1.133177 -0.200001
v 5.794374 1.170055 0.199999
v 5.794374 1.170055 -0.200001
v 5.769636 1.206438 0.199999
v 5.769636 1.206438 -0.200001
v 5.744122 1.242327 0.199999
v 5.744122 1.242327 -0.200001
v 5.717831 1.277722 0.199999
v 5.717831 1.277722 -0.200001
v 5.690763 1.312624 0.199999
v 5.690763 1.312624 -0.200001
v 5.662920 1.347031 0.199999
v 5.662920 1.347031 -0.200001
v 5.634301 1.380944 0.199999
v 5.634301 1.380944 -0.200001
v 5.604905 1.414231 0.199999
v 5.604905 1.414231 -0.200001
v 5.574732 1.446759 0.199999
v 5.574732 1.446759 -0.200001
v 5.543784 1.478528 0.199999
v 5.543784 1.478528 -0.200001
v 5.512059 1.509538 0.199999
v 5.512059 1.509538 -0.200001
v 5.479557 1.539790 0.199999
v 5.479557 1.539790 -0.200001
v 5.446279 1.569283 0.199999
v 5.446279 1.569283 -0.200001
v 5.412225 1.598018 0.199999
v 5.412225 1.598018 -0.200001
v 5.377395 1.625993 0.199999
v 5.377395 1.625993 -0.200001
v 5.341787 1.653210 0.199999
v 5.341787 1.653210 -0.200001
v 5.305404 1.679668 0.199999
v 5.305404 1.679668 -0.200001
v 5.268244 1.705368 0.199999
v 5.268244 1.705368 -0.200001
v 5.230309 1.730309 0.199999
v 5.230309 1.730309 -0.200001
v 5.191623 1.754420 0.199999
v 5.191623 1.754420 -0.200001
v 5.152213 1.777632 0.199999
v 5.152213 1.777632 -0.200001
v 5.112081 1.799943 0.199999
v 5.112081 1.799943 -0.200001
v 5.071224 1.821355 0.199999
v 5.071224 1.821355 -0.200001
v 5.029644 1.841867 0.199999
v 5.029644 1.841867 -0.200001
v 4.987341 1.861479 0.199999
v 4.987341 1.861479 -0.200001
v 4.944314 1.880191 0.199999
v 4.944314 1.880191 -0.200001
v 4.900564 1.898004 0.200000
v 4.900564 1.898004 -0.200001
v 4.856091 1.914916 0.200000
v 4.856091 1.914916 -0.200001
v 4.810894 1.930929 0.200000
v 4.810894 1.930929 -0.200001
v 4.764974 1.946041 0.200000
v 4.764974 1.946041 -0.200001
v 4.718330 1.960254 0.200000
v 4.718330 1.960254 -0.200001
v 4.670954 1.973444 0.200000
v 4.670954 1.973444 -0.200001
v 4.622837 1.985486 0.200000
v 4.622837 1.985486 -0.200001
v 4.573979 1.996382 0.200000
v 4.573979 1.996382 -0.200001
v 4.524380 2.006130 0.200000
v 4.524380 2.006130 -0.200000
v 4.474039 2.014732 0.200000
v 4.474039 2.014732 -0.200000
v 4.422958 2.022187 0.200000
v 4.422958 2.022187 -0.200000
v 4.371136 2.028495 0.200000
v 4.371136 2.028495 -0.200000
v 4.318572 2.033656 0.200000
v 4.318572 2.033656 -0.200000
v 4.265268 2.037670 0.200000
v 4.265268 2.037670 -0.200000
v 4.211222 2.040538 0.200000
v 4.211222 2.040538 -0.200000
v 4.156435 2.042258 0.200000
v 4.156435 2.042258 -0.200000
v 4.100907 2.042831 0.200000
v 4.100907 2.042831 -0.200000
v 4.070135 2.042629 0.200000
v 4.070135 2.042629 -0.200000
v 4.039645 2.042020 0.200000
v 4.039645 2.042020 -0.200000
v 4.009437 2.041005 0.200000
v 4.009437 2.041005 -0.200000
v 3.979511 2.039585 0.200000
v 3.979511 2.039585 -0.200000
v 3.949868 2.037759 0.200000
v 3.949868 2.037759 -0.200000
v 3.920508 2.035527 0.200000
v 3.920508 2.035527 -0.200000
v 3.891429 2.032889 0.200000
v 3.891429 2.032889 -0.200000
v 3.862633 2.029845 0.200000
v 3.862633 2.029845 -0.200000
v 3.834119 2.026396 0.200000
v 3.834119 2.026396 -0.200000
v 3.805888 2.022540 0.200000
v 3.805888 2.022540 -0.200000
v 3.777939 2.018279 0.200000
v 3.777939 2.018279 -0.200000
v 3.750272 2.013612 0.200000
v 3.750272 2.013612 -0.200000
v 3.722985 2.008653 0.200000
v 3.722985 2.008653 -0.200000
v 3.696174 2.003519 0.200000
v 3.696174 2.003519 -0.200000
v 3.669839 1.998208 0.200000
v 3.669839 1.998208 -0.200000
v 3.643980 1.992720 0.200000
v 3.643980 1.992720 -0.200000
v 3.618598 1.987056 0.200000
v 3.618598 1.987056 -0.200000
v 3.593693 1.981216 0.200000
v 3.593693 1.981216 -0.200000
v 3.569264 1.975199 0.200000
v 3.569264 1.975199 -0.200000
v 3.545311 1.969006 0.200000
v 3.545311 1.969006 -0.200000
v 3.521835 1.962636 0.200000
v 3.521835 1.962636 -0.200000
v 3.498835 1.956090 0.200000
v 3.498835 1.956090 -0.200000
v 3.476312 1.949367 0.200000
v 3.476312 1.949367 -0.200000
v 3.454265 1.942468 0.200000
v 3.454265 1.942468 -0.200000
v 3.432747 1.935437 0.200000
v 3.432747 1.935437 -0.200000
v 3.411811 1.928317 0.200000
v 3.411811 1.928317 -0.200000
v 3.391458 1.921109 0.200000
v 3.391458 1.921109 -0.200000
v 3.371687 1.913813 0.200000
v 3.371687 1.913813 -0.200000
v 3.352499 1.906429 0.200000
v 3.352499 1.906429 -0.200000
v 3.333893 1.898956 0.200000
v 3.333893 1.898956 -0.200000
v 3.315869 1.891396 0.200000
v 3.315869 1.891396 -0.200000
v 3.298427 1.883747 0.200000
v 3.298427 1.883747 -0.200000
v 3.281567 1.876010 0.200000
v 3.281567 1.876010 -0.200000
v 3.265290 1.868184 0.200000
v 3.265290 1.868184 -0.200000
v 3.249595 1.860271 0.200000
v 3.249595 1.860271 -0.200000
v 3.234482 1.852269 0.200000
v 3.234482 1.852269 -0.200000
v 3.220076 1.844373 0.200000
v 3.220076 1.844373 -0.200000
v 3.206498 1.836777 0.200000
v 3.206498 1.836777 -0.200000
v 3.193750 1.829481 0.200000
v 3.193750 1.829481 -0.200000
v 3.181831 1.822484 0.200000
v 3.181831 1.822484 -0.200000
v 3.170741 1.815788 0.200000
v 3.170741 1.815788 -0.200000
v 3.160480 1.809392 0.200000
v 3.160480 1.809392 -0.200000
v 3.151049 1.803296 0.200000
v 3.151049 1.803296 -0.200000
v 3.142447 1.797500 0.200000
v 3.142447 1.797500 -0.200000
v 3.134675 1.792003 0.200000
v 3.134675 1.792003 -0.200000
v 3.127732 1.786807 0.200000
v 3.127732 1.786807 -0.200000
v 3.121618 1.781911 0.200000
v 3.121618 1.781911 -0.200000
v 3.116334 1.777314 0.200000
v 3.116334 1.777314 -0.200000
v 3.111596 1.772824 0.200000
v 3.111596 1.772824 -0.200000
v 3.107123 1.768245 0.200000
v 3.107123 1.768245 -0.200000
v 3.102915 1.763578 0.200000
v 3.102915 1.763578 -0.200000
v 3.098971 1.758823 0.200000
v 3.098971 1.758823 -0.200000
v 3.095292 1.753979 0.200000
v 3.095292 1.753979 -0.200000
v 3.091878 1.749048 0.200000
v 3.091878 1.749048 -0.200000
v 3.088728 1.744028 0.200000
v 3.088728 1.744028 -0.200000
v 3.085844 1.738919 0.200000
v 3.085844 1.738919 -0.200000
v 3.083223 1.733723 0.200000
v 3.083223 1.733723 -0.200000
v 3.080868 1.728439 0.200000
v 3.080868 1.728439 -0.200000
v 3.078777 1.723066 0.200000
v 3.078777 1.723066 -0.200000
v 0.424319 1.054447 0.200000
v 0.424319 1.054447 -0.200000
v 0.879129 -1.217060 0.200000
v 0.879129 -1.217060 -0.200000
v 0.881237 -1.225741 0.200000
v 0.881237 -1.225741 -0.200000
v 0.884175 -1.233999 0.200000
v 0.884175 -1.233999 -0.200000
v 0.887942 -1.241833 0.200000
v 0.887942 -1.241833 -0.200000
v 0.892539 -1.249244 0.200000
v 0.892539 -1.249244 -0.200000
v 0.897964 -1.256231 0.200000
v 0.897964 -1.256231 -0.200000
v 0.904219 -1.262795 0.200000
v 0.904219 -1.262795 -0.200000
v 0.911304 -1.268935 0.200000
v 0.911304 -1.268935 -0.200000
v 0.919217 -1.274652 0.200000
v 0.919217 -1.274652 -0.200000
v 0.927960 -1.279945 0.200000
v 0.927960 -1.279945 -0.200000
v 0.937532 -1.284815 0.200000
v 0.937532 -1.284815 -0.200000
v 0.947934 -1.289262 0.200000
v 0.947934 -1.289262 -0.200000
v 0.959165 -1.293285 0.200000
v 0.959165 -1.293285 -0.200000
v 0.971402 -1.296937 0.200000
v 0.971402 -1.296937 -0.200000
v 0.984820 -1.300272 0.200000
v 0.984820 -1.300272 -0.200000
v 0.999421 -1.303289 0.200000
v 0.999421 -1.303289 -0.200000
v 1.015205 -1.305989 0.200000
v 1.015205 -1.305989 -0.200000
v 1.032170 -1.308371 0.200000
v 1.032170 -1.308371 -0.200000
v 1.050317 -1.310435 0.200000
v 1.050317 -1.310435 -0.200000
v 1.069647 -1.312182 0.200000
v 1.069647 -1.312182 -0.200000
v 1.090159 -1.313611 0.200000
v 1.090159 -1.313611 -0.200000
v 1.111853 -1.314723 0.200000
v 1.111853 -1.314723 -0.200000
v 1.134730 -1.315517 0.200000
v 1.134730 -1.315517 -0.200000
v 1.158788 -1.315993 0.200000
v 1.158788 -1.315993 -0.200000
v 1.184029 -1.316152 0.200000
v 1.184029 -1.316152 -0.200000
v 1.196954 -1.316117 0.200000
v 1.196954 -1.316117 -0.200000
v 1.209473 -1.316011 0.200000
v 1.209473 -1.316011 -0.200000
v 1.221586 -1.315835 0.200000
v 1.221586 -1.315835 -0.200000
v 1.233293 -1.315588 0.200000
v 1.233293 -1.315588 -0.200000
v 1.244594 -1.315270 0.200000
v 1.244594 -1.315270 -0.200000
v 1.255490 -1.314882 0.200000
v 1.255490 -1.314882 -0.200000
v 1.265980 -1.314423 0.200000
v 1.265980 -1.314423 -0.200000
v 1.276064 -1.313894 0.200000
v 1.276064 -1.313894 -0.200000
v 1.285742 -1.313294 0.200000
v 1.285742 -1.313294 -0.200000
v 1.295014 -1.312623 0.200000
v 1.295014 -1.312623 -0.200000
v 1.303881 -1.311882 0.200000
v 1.303881 -1.311882 -0.200000
v 1.312341 -1.311071 0.200000
v 1.312341 -1.311071 -0.200000
v 1.320466 -1.310179 0.200000
v 1.320466 -1.310179 -0.200000
v 1.328327 -1.309200 0.200000
v 1.328327 -1.309200 -0.200000
v 1.335923 -1.308133 0.200000
v 1.335923 -1.308133 -0.200000
v 1.343255 -1.306977 0.200000
v 1.343255 -1.306977 -0.200000
v 1.350321 -1.305733 0.200000
v 1.350321 -1.305733 -0.200000
v 1.357123 -1.304401 0.200000
v 1.357123 -1.304401 -0.200000
v 1.363661 -1.302980 0.200000
v 1.363661 -1.302980 -0.200000
v 1.369933 -1.301472 0.200000
v 1.369933 -1.301472 -0.200000
v 1.375941 -1.299875 0.200000
v 1.375941 -1.299875 -0.200000
v 1.381685 -1.298190 0.200000
v 1.381685 -1.298190 -0.200000
v 1.387163 -1.296417 0.200000
v 1.387163 -1.296417 -0.200000
v 1.392377 -1.294555 0.200000
v 1.392377 -1.294555 -0.200000
v 1.397309 -1.292597 0.200000
v 1.397309 -1.292597 -0.200000
v 1.401941 -1.290532 0.200000
v 1.401941 -1.290532 -0.200000
v 1.406273 -1.288362 0.200000
v 1.406273 -1.288362 -0.200000
v 1.410304 -1.286085 0.200000
v 1.410304 -1.286085 -0.200000
v 1.414036 -1.283703 0.200000
v 1.414036 -1.283703 -0.200000
v 1.417468 -1.281215 0.200000
v 1.417468 -1.281215 -0.200000
v 1.420600 -1.278622 0.200000
v 1.420600 -1.278622 -0.200000
v 1.423432 -1.275922 0.200000
v 1.423432 -1.275922 -0.200000
v 1.425964 -1.273117 0.200000
v 1.425964 -1.273117 -0.200000
v 1.428196 -1.270205 0.200000
v 1.428196 -1.270205 -0.200000
v 1.430128 -1.267188 0.200000
v 1.430128 -1.267188 -0.200000
v 1.431760 -1.264065 0.200000
v 1.431760 -1.264065 -0.200000
v 1.433145 -1.260827 0.200000
v 1.433145 -1.260827 -0.200000
v 1.434336 -1.257466 0.200000
v 1.434336 -1.257466 -0.200000
v 1.435333 -1.253981 0.200000
v 1.435333 -1.253981 -0.200000
v 1.436136 -1.250373 0.200000
v 1.436136 -1.250373 -0.200000
v 1.436745 -1.246641 0.200000
v 1.436745 -1.246641 -0.200000
v 1.437160 -1.242786 0.200000
v 1.437160 -1.242786 -0.200000
v 1.437380 -1.238807 0.200000
v 1.437380 -1.238807 -0.200000
v 1.437407 -1.234704 0.200000
v 1.437407 -1.234704 -0.200000
v 1.437239 -1.230478 0.200000
v 1.437239 -1.230478 -0.200000
v 1.436877 -1.226129 0.200000
v 1.436877 -1.226129 -0.200000
v 1.436321 -1.221656 0.200000
v 1.436321 -1.221656 -0.200000
v 1.435571 -1.217060 0.200000
v 1.435571 -1.217060 -0.200000
v 1.364428 -0.853720 0.200000
v 1.364428 -0.853720 -0.200000
v 1.371098 -0.867333 0.200000
v 1.371098 -0.867333 -0.200000
v 1.378403 -0.881070 0.200000
v 1.378403 -0.881070 -0.200000
v 1.386343 -0.894930 0.200000
v 1.386343 -0.894930 -0.200000
v 1.394918 -0.908913 0.200000
v 1.394918 -0.908913 -0.200000
v 1.404129 -0.923020 0.200000
v 1.404129 -0.923020 -0.200000
v 1.413974 -0.937250 0.200000
v 1.413974 -0.937250 -0.200000
v 1.424455 -0.951604 0.200000
v 1.424455 -0.951604 -0.200000
v 1.435571 -0.966082 0.200000
v 1.435571 -0.966082 -0.200000
v 1.447323 -0.980683 0.200000
v 1.447323 -0.980683 -0.200000
v 1.459709 -0.995407 0.200000
v 1.459709 -0.995407 -0.200000
v 1.472731 -1.010255 0.200000
v 1.472731 -1.010255 -0.200000
v 1.486388 -1.025227 0.200000
v 1.486388 -1.025227 -0.200000
v 1.500575 -1.040145 0.200000
v 1.500575 -1.040145 -0.200000
v 1.515184 -1.054834 0.200000
v 1.515184 -1.054834 -0.200000
v 1.530218 -1.069294 0.200000
v 1.530218 -1.069294 -0.200000
v 1.545674 -1.083525 0.200000
v 1.545674 -1.083525 -0.200000
v 1.561555 -1.097526 0.200000
v 1.561555 -1.097526 -0.200000
v 1.577858 -1.111297 0.200000
v 1.577858 -1.111297 -0.200000
v 1.594585 -1.124840 0.200000
v 1.594585 -1.124840 -0.200000
v 1.611736 -1.138153 0.200000
v 1.611736 -1.138153 -0.200000
v 1.629310 -1.151236 0.200000
v 1.629310 -1.151236 -0.200000
v 1.647308 -1.164091 0.200000
v 1.647308 -1.164091 -0.200000
v 1.665729 -1.176715 0.200000
v 1.665729 -1.176715 -0.200000
v 1.684573 -1.189111 0.200000
v 1.684573 -1.189111 -0.200000
v 1.703797 -1.201215 0.200000
v 1.703797 -1.201215 -0.200000
v 1.723356 -1.212966 0.200000
v 1.723356 -1.212966 -0.200000
v 1.743251 -1.224365 0.200000
v 1.743251 -1.224365 -0.200000
v 1.763480 -1.235410 0.200000
v 1.763480 -1.235410 -0.200000
v 1.784045 -1.246103 0.200000
v 1.784045 -1.246103 -0.200000
v 1.804945 -1.256443 0.200000
v 1.804945 -1.256443 -0.200000
v 1.826181 -1.266430 0.200000
v 1.826181 -1.266430 -0.200000
v 1.847751 -1.276063 0.200000
v 1.847751 -1.276063 -0.200000
v 1.869657 -1.285345 0.200000
v 1.869657 -1.285345 -0.200000
v 1.891898 -1.294273 0.200000
v 1.891898 -1.294273 -0.200000
v 1.914475 -1.302848 0.200000
v 1.914475 -1.302848 -0.200000
v 1.937386 -1.311071 0.200000
v 1.937386 -1.311071 -0.200000
v 1.960527 -1.318781 0.200000
v 1.960527 -1.318781 -0.200000
v 1.983792 -1.325821 0.200000
v 1.983792 -1.325821 -0.200000
v 2.007180 -1.332191 0.200000
v 2.007180 -1.332191 -0.200000
v 2.030692 -1.337890 0.200000
v 2.030692 -1.337890 -0.200000
v 2.054327 -1.342919 0.200000
v 2.054327 -1.342919 -0.200000
v 2.078085 -1.347277 0.200000
v 2.078085 -1.347277 -0.200000
v 2.101968 -1.350965 0.200000
v 2.101968 -1.350965 -0.200000
v 2.125973 -1.353982 0.200000
v 2.125973 -1.353982 -0.200000
v 2.150102 -1.356329 0.200000
v 2.150102 -1.356329 -0.200000
v 2.174355 -1.358005 0.200000
v 2.174355 -1.358005 -0.200000
v 2.198731 -1.359011 0.200000
v 2.198731 -1.359011 -0.200000
v 2.223230 -1.359346 0.200000
v 2.223230 -1.359346 -0.200000
v 2.256632 -1.358852 0.200000
v 2.256632 -1.358852 -0.200000
v 2.289080 -1.357370 0.200000
v 2.289080 -1.357370 -0.200000
v 2.320576 -1.354900 0.200000
v 2.320576 -1.354900 -0.200000
v 2.351119 -1.351442 0.200000
v 2.351119 -1.351442 -0.200000
v 2.380709 -1.346995 0.200000
v 2.380709 -1.346995 -0.200000
v 2.409347 -1.341561 0.200000
v 2.409347 -1.341561 -0.200000
v 2.437031 -1.335138 0.200000
v 2.437031 -1.335138 -0.200000
v 2.463763 -1.327727 0.200000
v 2.463763 -1.327727 -0.200000
v 2.489542 -1.319328 0.200000
v 2.489542 -1.319328 -0.200000
v 2.514368 -1.309941 0.200000
v 2.514368 -1.309941 -0.200000
v 2.538241 -1.299566 0.200000
v 2.538241 -1.299566 -0.200000
v 2.561161 -1.288203 0.200000
v 2.561161 -1.288203 -0.200000
v 2.583235 -1.276002 0.200000
v 2.583235 -1.276002 -0.200000
v 2.604567 -1.263112 0.200000
v 2.604567 -1.263112 -0.200000
v 2.625159 -1.249535 0.200000
v 2.625159 -1.249535 -0.200000
v 2.645009 -1.235269 0.200000
v 2.645009 -1.235269 -0.200000
v 2.664118 -1.220315 0.200000
v 2.664118 -1.220315 -0.200000
v 2.682486 -1.204673 0.200000
v 2.682486 -1.204673 -0.200000
v 2.700113 -1.188343 0.200000
v 2.700113 -1.188343 -0.200000
v 2.716999 -1.171325 0.200000
v 2.716999 -1.171325 -0.200000
v 2.733144 -1.153618 0.200000
v 2.733144 -1.153618 -0.200000
v 2.748548 -1.135224 0.200000
v 2.748548 -1.135224 -0.200000
v 2.763211 -1.116141 0.200000
v 2.763211 -1.116141 -0.200000
v 2.777132 -1.096370 0.200000
v 2.777132 -1.096370 -0.200000
v 2.790357 -1.076017 0.200000
v 2.790357 -1.076017 -0.200000
v 2.802929 -1.055187 0.200000
v 2.802929 -1.055187 -0.200000
v 2.814848 -1.033881 0.200000
v 2.814848 -1.033881 -0.200000
v 2.826114 -1.012099 0.200000
v 2.826114 -1.012099 -0.200000
v 2.836727 -0.989840 0.200000
v 2.836727 -0.989840 -0.200000
v 2.846688 -0.967105 0.200000
v 2.846688 -0.967105 -0.200000
v 2.855995 -0.943893 0.200000
v 2.855995 -0.943893 -0.200000
v 2.864650 -0.920205 0.200000
v 2.864650 -0.920205 -0.200000
v 2.872652 -0.896041 0.200000
v 2.872652 -0.896041 -0.200000
v 2.880001 -0.871400 0.200000
v 2.880001 -0.871400 -0.200000
v 2.886697 -0.846283 0.200000
v 2.886697 -0.846283 -0.200000
v 2.892740 -0.820689 0.200000
v 2.892740 -0.820689 -0.200000
v 2.898219 -0.794752 0.200000
v 2.898219 -0.794752 -0.200000
v 2.903221 -0.768602 0.200000
v 2.903221 -0.768602 -0.200000
v 2.907747 -0.742241 0.200000
v 2.907747 -0.742241 -0.200000
v 2.911797 -0.715668 0.200000
v 2.911797 -0.715668 -0.200000
v 2.915370 -0.688884 0.200000
v 2.915370 -0.688884 -0.200000
v 2.918466 -0.661887 0.200000
v 2.918466 -0.661887 -0.200000
v 2.921086 -0.634679 0.200000
v 2.921086 -0.634679 -0.200000
v 2.923230 -0.607259 0.200000
v 2.923230 -0.607259 -0.200000
v 2.924898 -0.579628 0.200000
v 2.924898 -0.579628 -0.200000
v 2.926089 -0.551784 0.200000
v 2.926089 -0.551784 -0.200000
v 2.926803 -0.523729 0.200000
v 2.926803 -0.523729 -0.200000
v 2.927042 -0.495463 0.200000
v 2.927042 -0.495463 -0.200000
v 2.926830 -0.468581 0.200000
v 2.926830 -0.468581 -0.200000
v 2.926194 -0.441293 0.200000
v 2.926194 -0.441293 -0.200000
v 2.925136 -0.413600 0.200000
v 2.925136 -0.413600 -0.200000
v 2.923654 -0.385501 0.200000
v 2.923654 -0.385501 -0.200000
v 2.921748 -0.356996 0.200000
v 2.921748 -0.356996 -0.200000
v 2.919419 -0.328085 0.200000
v 2.919419 -0.328085 -0.200000
v 2.916666 -0.298768 0.200000
v 2.916666 -0.298768 -0.200000
v 2.913490 -0.269046 0.200000
v 2.913490 -0.269046 -0.200000
v 2.909891 -0.238918 0.200000
v 2.909891 -0.238918 -0.200000
v 2.905868 -0.208384 0.200000
v 2.905868 -0.208384 -0.200000
v 2.901421 -0.177444 0.200000
v 2.901421 -0.177444 -0.200000
v 2.896551 -0.146098 0.200000
v 2.896551 -0.146098 -0.200000
v 2.891240 -0.114558 0.200000
v 2.891240 -0.114558 -0.200000
v 2.885471 -0.083036 0.200000
v 2.885471 -0.083036 -0.200000
v 2.879242 -0.051531 0.200000
v 2.879242 -0.051531 -0.200000
v 2.872555 -0.020044 0.200000
v 2.872555 -0.020044 -0.200000
v 2.865408 0.011425 0.200000
v 2.865408 0.011425 -0.200000
v 2.857804 0.042877 0.200000
v 2.857804 0.042877 -0.200000
v 2.849740 0.074311 0.200000
v 2.849740 0.074311 -0.200000
v 2.841218 0.105727 0.200000
v 2.841218 0.105727 -0.200000
v 2.832237 0.137126 0.200000
v 2.832237 0.137126 -0.200000
v 2.822797 0.168507 0.200000
v 2.822797 0.168507 -0.200000
v 2.812898 0.199870 0.200000
v 2.812898 0.199870 -0.200000
v 2.802541 0.231216 0.200000
v 2.802541 0.231216 -0.200000
v 2.791707 0.262456 0.200000
v 2.791707 0.262456 -0.200000
v 2.780379 0.293502 0.200000
v 2.780379 0.293502 -0.200000
v 2.768557 0.324354 0.200000
v 2.768557 0.324354 -0.200000
v 2.756241 0.355011 0.200000
v 2.756241 0.355011 -0.200000
v 2.743431 0.385475 0.200000
v 2.743431 0.385475 -0.200000
v 2.730127 0.415744 0.200000
v 2.730127 0.415744 -0.200000
v 2.716329 0.445820 0.200000
v 2.716329 0.445820 -0.200000
v 2.702036 0.475701 0.200000
v 2.702036 0.475701 -0.200000
v 2.687250 0.505388 0.200000
v 2.687250 0.505388 -0.200000
v 2.671970 0.534881 0.200000
v 2.671970 0.534881 -0.200000
v 2.656195 0.564180 0.200000
v 2.656195 0.564180 -0.200000
v 2.639927 0.593285 0.200000
v 2.639927 0.593285 -0.200000
v 2.623138 0.622019 0.200000
v 2.623138 0.622019 -0.200000
v 2.605803 0.650207 0.200000
v 2.605803 0.650207 -0.200000
v 2.587920 0.677847 0.200000
v 2.587920 0.677847 -0.200000
v 2.569490 0.704941 0.200000
v 2.569490 0.704941 -0.200000
v 2.550513 0.731487 0.200000
v 2.550513 0.731487 -0.200000
v 2.530989 0.757487 0.200000
v 2.530989 0.757487 -0.200000
v 2.510919 0.782939 0.200000
v 2.510919 0.782939 -0.200000
v 2.490301 0.807845 0.200000
v 2.490301 0.807845 -0.200000
v 2.469136 0.832203 0.200000
v 2.469136 0.832203 -0.200000
v 2.447424 0.856015 0.200000
v 2.447424 0.856015 -0.200000
v 2.425166 0.879279 0.200000
v 2.425166 0.879279 -0.200000
v 2.402359 0.901997 0.200000
v 2.402359 0.901997 -0.200000
v 2.378998 0.924061 0.200000
v 2.378998 0.924061 -0.200000
v 2.355072 0.945367 0.200000
v 2.355072 0.945367 -0.200000
v 2.330580 0.965915 0.200000
v 2.330580 0.965915 -0.200000
v 2.305525 0.985703 0.200000
v 2.305525 0.985703 -0.200000
v 2.279905 1.004733 0.200000
v 2.279905 1.004733 -0.200000
v 2.253720 1.023004 0.200000
v 2.253720 1.023004 -0.200000
v 2.226971 1.040516 0.200000
v 2.226971 1.040516 -0.200000
v 2.199657 1.057270 0.200000
v 2.199657 1.057270 -0.200000
v 2.171778 1.073265 0.200000
v 2.171778 1.073265 -0.200000
v 2.143335 1.088501 0.200000
v 2.143335 1.088501 -0.200000
v 2.114327 1.102978 0.200000
v 2.114327 1.102978 -0.200000
v 2.084755 1.116697 0.200000
v 2.084755 1.116697 -0.200000
v 2.054574 1.129481 0.200000
v 2.054574 1.129481 -0.200000
v 2.023740 1.141153 0.200000
v 2.023740 1.141153 -0.200000
v 1.992253 1.151713 0.200000
v 1.992253 1.151713 -0.200000
v 1.960113 1.161162 0.200000
v 1.960113 1.161162 -0.200000
v 1.927320 1.169499 0.200000
v 1.927320 1.169499 -0.200000
v 1.893875 1.176725 0.200000
v 1.893875 1.176725 -0.200000
v 1.859776 1.182838 0.200000
v 1.859776 1.182838 -0.200000
v 1.825025 1.187841 0.200000
v 1.825025 1.187841 -0.200000
v 1.789621 1.191731 0.200000
v 1.789621 1.191731 -0.200000
v 1.753564 1.194510 0.200000
v 1.753564 1.194510 -0.200000
v 1.716854 1.196178 0.200000
v 1.716854 1.196178 -0.200000
v 1.679492 1.196733 0.200000
v 1.679492 1.196733 -0.200000
v 1.644679 1.196125 0.200000
v 1.644679 1.196125 -0.200000
v 1.610536 1.194299 0.200000
v 1.610536 1.194299 -0.200000
v 1.577064 1.191255 0.200000
v 1.577064 1.191255 -0.200000
v 1.544263 1.186994 0.200000
v 1.544263 1.186994 -0.200000
v 1.512132 1.181515 0.200000
v 1.512132 1.181515 -0.200000
v 1.480671 1.174819 0.200000
v 1.480671 1.174819 -0.200000
v 1.449881 1.166905 0.200000
v 1.449881 1.166905 -0.200000
v 1.419762 1.157774 0.200000
v 1.419762 1.157774 -0.200000
v 1.390313 1.147425 0.200000
v 1.390313 1.147425 -0.200000
v 1.361534 1.135859 0.200000
v 1.361534 1.135859 -0.200000
v 1.333426 1.123076 0.200000
v 1.333426 1.123076 -0.200000
v 1.305989 1.109075 0.200000
v 1.305989 1.109075 -0.200000
v 1.279169 1.093909 0.200000
v 1.279169 1.093909 -0.200000
v 1.252914 1.077632 0.200000
v 1.252914 1.077632 -0.200000
v 1.227223 1.060243 0.200000
v 1.227223 1.060243 -0.200000
v 1.202097 1.041743 0.200000
v 1.202097 1.041743 -0.200000
v 1.177536 1.022131 0.200000
v 1.177536 1.022131 -0.200000
v 1.153539 1.001407 0.200000
v 1.153539 1.001407 -0.200000
v 1.130107 0.979572 0.200000
v 1.130107 0.979572 -0.200000
v 1.107239 0.956625 0.200000
v 1.107239 0.956625 -0.200000
v 1.084936 0.932566 0.200000
v 1.084936 0.932566 -0.200000
v 1.063198 0.907396 0.200000
v 1.063198 0.907396 -0.200000
v 1.042024 0.881114 0.200000
v 1.042024 0.881114 -0.200000
v 1.021415 0.853721 0.200000
v 1.021415 0.853721 -0.200000
v 0.980762 1.054447 0.200000
v 0.980762 1.054447 -0.200000
v 0.978653 1.063128 0.200000
v 0.978653 1.063128 -0.200000
v 0.975716 1.071386 0.200000
v 0.975716 1.071386 -0.200000
v 0.971949 1.079220 0.200000
v 0.971949 1.079220 -0.200000
v 0.967352 1.086631 0.200000
v 0.967352 1.086631 -0.200000
v 0.961926 1.093618 0.200000
v 0.961926 1.093618 -0.200000
v 0.955671 1.100182 0.200000
v 0.955671 1.100182 -0.200000
v 0.948587 1.106322 0.200000
v 0.948587 1.106322 -0.200000
v 0.940673 1.112039 0.200000
v 0.940673 1.112039 -0.200000
v 0.931931 1.117332 0.200000
v 0.931931 1.117332 -0.200000
v 0.922358 1.122202 0.200000
v 0.922358 1.122202 -0.200000
v 0.911957 1.126649 0.200000
v 0.911957 1.126649 -0.200000
v 0.900726 1.130672 0.200000
v 0.900726 1.130672 -0.200000
v 0.888489 1.134324 0.200000
v 0.888489 1.134324 -0.200000
v 0.875070 1.137659 0.200000
v 0.875070 1.137659 -0.200000
v 0.860469 1.140676 0.200000
v 0.860469 1.140676 -0.200000
v 0.844686 1.143376 0.200000
v 0.844686 1.143376 -0.200000
v 0.827721 1.145758 0.200000
v 0.827721 1.145758 -0.200000
v 0.809573 1.147822 0.200000
v 0.809573 1.147822 -0.200000
v 0.790244 1.149569 0.200000
v 0.790244 1.149569 -0.200000
v 0.769732 1.150998 0.200000
v 0.769732 1.150998 -0.200000
v 0.748037 1.152110 0.200000
v 0.748037 1.152110 -0.200000
v 0.725161 1.152904 0.200000
v 0.725161 1.152904 -0.200000
v 0.701102 1.153380 0.200000
v 0.701102 1.153380 -0.200000
v 0.675862 1.153539 0.200000
v 0.675862 1.153539 -0.200000
v 0.663334 1.153495 0.200000
v 0.663334 1.153495 -0.200000
v 0.651159 1.153363 0.200000
v 0.651159 1.153363 -0.200000
v 0.639337 1.153142 0.200000
v 0.639337 1.153142 -0.200000
v 0.627868 1.152833 0.200000
v 0.627868 1.152833 -0.200000
v 0.616752 1.152436 0.200000
v 0.616752 1.152436 -0.200000
v 0.605989 1.151951 0.200000
v 0.605989 1.151951 -0.200000
v 0.595578 1.151378 0.200000
v 0.595578 1.151378 -0.200000
v 0.585521 1.150716 0.200000
v 0.585521 1.150716 -0.200000
v 0.575816 1.149966 0.200000
v 0.575816 1.149966 -0.200000
v 0.566465 1.149128 0.200000
v 0.566465 1.149128 -0.200000
v 0.557466 1.148202 0.200000
v 0.557466 1.148202 -0.200000
v 0.548820 1.147187 0.200000
v 0.548820 1.147187 -0.200000
v 0.540501 1.146093 0.200000
v 0.540501 1.146093 -0.200000
v 0.532481 1.144929 0.200000
v 0.532481 1.144929 -0.200000
v 0.524762 1.143693 0.200000
v 0.524762 1.143693 -0.200000
v 0.517342 1.142388 0.200000
v 0.517342 1.142388 -0.200000
v 0.510222 1.141011 0.200000
v 0.510222 1.141011 -0.200000
v 0.503403 1.139565 0.200000
v 0.503403 1.139565 -0.200000
v 0.496883 1.138047 0.200000
v 0.496883 1.138047 -0.200000
v 0.490663 1.136459 0.200000
v 0.490663 1.136459 -0.200000
v 0.484744 1.134801 0.200000
v 0.484743 1.134801 -0.200000
v 0.479124 1.133071 0.200000
v 0.479124 1.133071 -0.200000
v 0.473804 1.131272 0.200000
v 0.473804 1.131272 -0.200000
v 0.468784 1.129401 0.200000
v 0.468784 1.129401 -0.200000
v 0.464046 1.127443 0.200000
v 0.464046 1.127443 -0.200000
v 0.459573 1.125378 0.200000
v 0.459573 1.125378 -0.200000
v 0.455365 1.123208 0.200000
v 0.455365 1.123208 -0.200000
v 0.451422 1.120932 0.200000
v 0.451421 1.120932 -0.200000
v 0.447743 1.118550 0.200000
v 0.447743 1.118550 -0.200000
v 0.444328 1.116062 0.200000
v 0.444328 1.116062 -0.200000
v 0.441179 1.113468 0.200000
v 0.441179 1.113468 -0.200000
v 0.438294 1.110768 0.200000
v 0.438294 1.110768 -0.200000
v 0.435674 1.107963 0.200000
v 0.435674 1.107963 -0.200000
v 0.433318 1.105052 0.200000
v 0.433318 1.105052 -0.200000
v 0.431227 1.102034 0.200000
v 0.431227 1.102034 -0.200000
v 0.429401 1.098911 0.200000
v 0.429401 1.098911 -0.200000
v 0.427813 1.095691 0.200000
v 0.427813 1.095691 -0.200000
v 0.426437 1.092383 0.200000
v 0.426437 1.092383 -0.200000
v 0.425272 1.088986 0.200000
v 0.425272 1.088986 -0.200000
v 0.424319 1.085501 0.200000
v 0.424319 1.085501 -0.200000
v 0.423578 1.081928 0.200000
v 0.423578 1.081928 -0.200000
v 0.423049 1.078267 0.200000
v 0.423049 1.078267 -0.200000
v 0.422731 1.074518 0.200000
v 0.422731 1.074518 -0.200000
v 0.422625 1.070680 0.200000
v 0.422625 1.070680 -0.200000
v 0.422731 1.066754 0.200000
v 0.422731 1.066754 -0.200000
v 0.423049 1.062740 0.200000
v 0.423049 1.062740 -0.200000
v 0.423578 1.058637 0.200000
v 0.423578 1.058637 -0.200000
v 1.265336 0.030490 0.200000
v 1.265336 0.030490 -0.200000
v 1.194192 0.373503 0.200000
v 1.194192 0.373503 -0.200000
v 1.209146 0.396309 0.200000
v 1.209146 0.396309 -0.200000
v 1.224365 0.418144 0.200000
v 1.224365 0.418144 -0.200000
v 1.239848 0.439009 0.200000
v 1.239848 0.439009 -0.200000
v 1.255596 0.458903 0.200000
v 1.255596 0.458903 -0.200000
v 1.271608 0.477827 0.200000
v 1.271608 0.477827 -0.200000
v 1.287886 0.495781 0.200000
v 1.287886 0.495781 -0.200000
v 1.304428 0.512764 0.200000
v 1.304428 0.512764 -0.200000
v 1.321234 0.528776 0.200000
v 1.321234 0.528776 -0.200000
v 1.338305 0.543818 0.200000
v 1.338305 0.543818 -0.200000
v 1.355641 0.557890 0.200000
v 1.355641 0.557890 -0.200000
v 1.373242 0.570991 0.200000
v 1.373242 0.570991 -0.200000
v 1.391107 0.583122 0.200000
v 1.391107 0.583122 -0.200000
v 1.409343 0.594282 0.200000
v 1.409343 0.594282 -0.200000
v 1.428055 0.604472 0.200000
v 1.428055 0.604472 -0.200000
v 1.447243 0.613691 0.200000
v 1.447243 0.613691 -0.200000
v 1.466908 0.621940 0.200000
v 1.466908 0.621940 -0.200000
v 1.487050 0.629219 0.200000
v 1.487050 0.629219 -0.200000
v 1.507668 0.635527 0.200000
v 1.507668 0.635527 -0.200000
v 1.528762 0.640864 0.200000
v 1.528762 0.640864 -0.200000
v 1.550333 0.645231 0.200000
v 1.550333 0.645231 -0.200000
v 1.572380 0.648628 0.200000
v 1.572380 0.648628 -0.200000
v 1.594903 0.651054 0.200000
v 1.594903 0.651054 -0.200000
v 1.617903 0.652510 0.200000
v 1.617903 0.652510 -0.200000
v 1.641379 0.652995 0.200000
v 1.641379 0.652995 -0.200000
v 1.659041 0.652642 0.200000
v 1.659041 0.652642 -0.200000
v 1.676457 0.651583 0.200000
v 1.676457 0.651583 -0.200000
v 1.693625 0.649819 0.200000
v 1.693625 0.649819 -0.200000
v 1.710546 0.647348 0.200000
v 1.710546 0.647348 -0.200000
v 1.727220 0.644172 0.200000
v 1.727220 0.644172 -0.200000
v 1.743648 0.640291 0.200000
v 1.743648 0.640291 -0.200000
v 1.759828 0.635703 0.200000
v 1.759828 0.635703 -0.200000
v 1.775761 0.630410 0.200000
v 1.775761 0.630410 -0.200000
v 1.791447 0.624410 0.200000
v 1.791447 0.624410 -0.200000
v 1.806886 0.617705 0.200000
v 1.806886 0.617705 -0.200000
v 1.822078 0.610295 0.200000
v 1.822078 0.610295 -0.200000
v 1.837023 0.602178 0.200000
v 1.837023 0.602178 -0.200000
v 1.851704 0.593470 0.200000
v 1.851704 0.593470 -0.200000
v 1.866102 0.584286 0.200000
v 1.866102 0.584286 -0.200000
v 1.880218 0.574626 0.200000
v 1.880218 0.574626 -0.200000
v 1.894051 0.564489 0.200000
v 1.894051 0.564489 -0.200000
v 1.907602 0.553876 0.200000
v 1.907602 0.553876 -0.200000
v 1.920871 0.542786 0.200000
v 1.920871 0.542786 -0.200000
v 1.933857 0.531220 0.200000
v 1.933857 0.531220 -0.200000
v 1.946561 0.519177 0.200000
v 1.946561 0.519177 -0.200000
v 1.958983 0.506659 0.200000
v 1.958983 0.506659 -0.200000
v 1.971123 0.493663 0.200000
v 1.971123 0.493663 -0.200000
v 1.982980 0.480191 0.200000
v 1.982980 0.480191 -0.200000
v 1.994555 0.466243 0.200000
v 1.994555 0.466243 -0.200000
v 2.005874 0.451872 0.200000
v 2.005874 0.451872 -0.200000
v 2.016964 0.437130 0.200000
v 2.016964 0.437130 -0.200000
v 2.027824 0.422017 0.200000
v 2.027824 0.422017 -0.200000
v 2.038455 0.406534 0.200000
v 2.038455 0.406534 -0.200000
v 2.048857 0.390680 0.200000
v 2.048857 0.390680 -0.200000
v 2.059029 0.374456 0.200000
v 2.059029 0.374456 -0.200000
v 2.068972 0.357861 0.200000
v 2.068972 0.357861 -0.200000
v 2.078685 0.340895 0.200000
v 2.078685 0.340895 -0.200000
v 2.088169 0.323560 0.200000
v 2.088169 0.323560 -0.200000
v 2.097424 0.305853 0.200000
v 2.097424 0.305853 -0.200000
v 2.106449 0.287776 0.200000
v 2.106449 0.287776 -0.200000
v 2.115245 0.269329 0.200000
v 2.115245 0.269329 -0.200000
v 2.123803 0.250634 0.200000
v 2.123803 0.250634 -0.200000
v 2.132113 0.231816 0.200000
v 2.132113 0.231816 -0.200000
v 2.140177 0.212875 0.200000
v 2.140177 0.212874 -0.200000
v 2.147994 0.193809 0.200000
v 2.147994 0.193809 -0.200000
v 2.155563 0.174621 0.200000
v 2.155563 0.174621 -0.200000
v 2.162886 0.155309 0.200000
v 2.162886 0.155309 -0.200000
v 2.169961 0.135873 0.200000
v 2.169961 0.135873 -0.200000
v 2.176790 0.116314 0.200000
v 2.176790 0.116314 -0.200000
v 2.183371 0.096631 0.200000
v 2.183371 0.096631 -0.200000
v 2.189705 0.076825 0.200000
v 2.189705 0.076825 -0.200000
v 2.195793 0.056896 0.200000
v 2.195793 0.056896 -0.200000
v 2.201633 0.036842 0.200000
v 2.201633 0.036842 -0.200000
v 2.207227 0.016710 0.200000
v 2.207227 0.016710 -0.200000
v 2.212573 -0.003458 0.200000
v 2.212573 -0.003458 -0.200000
v 2.217672 -0.023661 0.200000
v 2.217672 -0.023661 -0.200000
v 2.222525 -0.043900 0.200000
v 2.222525 -0.043900 -0.200000
v 2.227130 -0.064173 0.200000
v 2.227130 -0.064174 -0.200000
v 2.231488 -0.084483 0.200000
v 2.231488 -0.084483 -0.200000
v 2.235599 -0.104827 0.200000
v 2.235599 -0.104827 -0.200000
v 2.239463 -0.125206 0.200000
v 2.239463 -0.125206 -0.200000
v 2.243081 -0.145621 0.200000
v 2.243081 -0.145621 -0.200000
v 2.246451 -0.166072 0.200000
v 2.246451 -0.166072 -0.200000
v 2.249574 -0.186557 0.200000
v 2.249574 -0.186557 -0.200000
v 2.252450 -0.207078 0.200000
v 2.252450 -0.207078 -0.200000
v 2.255088 -0.227484 0.200000
v 2.255088 -0.227484 -0.200000
v 2.257496 -0.247625 0.200000
v 2.257496 -0.247625 -0.200000
v 2.259676 -0.267502 0.200000
v 2.259676 -0.267502 -0.200000
v 2.261625 -0.287114 0.200000
v 2.261625 -0.287114 -0.200000
v 2.263345 -0.306462 0.200000
v 2.263345 -0.306462 -0.200000
v 2.264837 -0.325544 0.200000
v 2.264837 -0.325544 -0.200000
v 2.266098 -0.344362 0.200000
v 2.266098 -0.344362 -0.200000
v 2.267130 -0.362916 0.200000
v 2.267130 -0.362916 -0.200000
v 2.267933 -0.381204 0.200000
v 2.267933 -0.381204 -0.200000
v 2.268507 -0.399228 0.200000
v 2.268507 -0.399228 -0.200000
v 2.268851 -0.416988 0.200000
v 2.268851 -0.416988 -0.200000
v 2.268965 -0.434483 0.200000
v 2.268965 -0.434483 -0.200000
v 2.268886 -0.447134 0.200000
v 2.268886 -0.447134 -0.200000
v 2.268648 -0.459679 0.200000
v 2.268648 -0.459679 -0.200000
v 2.268250 -0.472119 0.200000
v 2.268250 -0.472119 -0.200000
v 2.267695 -0.484452 0.200000
v 2.267695 -0.484452 -0.200000
v 2.266980 -0.496680 0.200000
v 2.266980 -0.496680 -0.200000
v 2.266107 -0.508802 0.200000
v 2.266107 -0.508802 -0.200000
v 2.265074 -0.520818 0.200000
v 2.265074 -0.520818 -0.200000
v 2.263884 -0.532728 0.200000
v 2.263884 -0.532728 -0.200000
v 2.262534 -0.544532 0.200000
v 2.262534 -0.544532 -0.200000
v 2.261025 -0.556231 0.200000
v 2.261025 -0.556231 -0.200000
v 2.259358 -0.567823 0.200000
v 2.259358 -0.567823 -0.200000
v 2.257532 -0.579310 0.200000
v 2.257532 -0.579310 -0.200000
v 2.255494 -0.590638 0.200000
v 2.255494 -0.590638 -0.200000
v 2.253191 -0.601754 0.200000
v 2.253191 -0.601754 -0.200000
v 2.250624 -0.612659 0.200000
v 2.250624 -0.612659 -0.200000
v 2.247792 -0.623351 0.200000
v 2.247792 -0.623351 -0.200000
v 2.244695 -0.633832 0.200000
v 2.244695 -0.633832 -0.200000
v 2.241334 -0.644101 0.200000
v 2.241334 -0.644101 -0.200000
v 2.237708 -0.654159 0.200000
v 2.237708 -0.654159 -0.200000
v 2.233817 -0.664005 0.200000
v 2.233817 -0.664005 -0.200000
v 2.229662 -0.673639 0.200000
v 2.229662 -0.673639 -0.200000
v 2.225242 -0.683061 0.200000
v 2.225242 -0.683061 -0.200000
v 2.220557 -0.692271 0.200000
v 2.220557 -0.692271 -0.200000
v 2.215608 -0.701270 0.200000
v 2.215608 -0.701270 -0.200000
v 2.210385 -0.710013 0.200000
v 2.210385 -0.710013 -0.200000
v 2.204880 -0.718456 0.200000
v 2.204880 -0.718456 -0.200000
v 2.199092 -0.726599 0.200000
v 2.199092 -0.726599 -0.200000
v 2.193022 -0.734442 0.200000
v 2.193022 -0.734442 -0.200000
v 2.186670 -0.741985 0.200000
v 2.186670 -0.741985 -0.200000
v 2.180036 -0.749228 0.200000
v 2.180036 -0.749228 -0.200000
v 2.173119 -0.756172 0.200000
v 2.173119 -0.756172 -0.200000
v 2.165920 -0.762815 0.200000
v 2.165920 -0.762815 -0.200000
v 2.158439 -0.769158 0.200000
v 2.158439 -0.769158 -0.200000
v 2.150675 -0.775201 0.200000
v 2.150675 -0.775201 -0.200000
v 2.142629 -0.780945 0.200000
v 2.142629 -0.780945 -0.200000
v 2.134301 -0.786388 0.200000
v 2.134301 -0.786388 -0.200000
v 2.125638 -0.791461 0.200000
v 2.125638 -0.791461 -0.200000
v 2.116586 -0.796093 0.200000
v 2.116586 -0.796093 -0.200000
v 2.107146 -0.800283 0.200000
v 2.107146 -0.800283 -0.200000
v 2.097318 -0.804033 0.200000
v 2.097318 -0.804033 -0.200000
v 2.087101 -0.807341 0.200000
v 2.087101 -0.807341 -0.200000
v 2.076497 -0.810209 0.200000
v 2.076497 -0.810209 -0.200000
v 2.065504 -0.812635 0.200000
v 2.065504 -0.812635 -0.200000
v 2.054123 -0.814620 0.200000
v 2.054123 -0.814620 -0.200000
v 2.042354 -0.816164 0.200000
v 2.042354 -0.816164 -0.200000
v 2.030197 -0.817266 0.200000
v 2.030197 -0.817266 -0.200000
v 2.017652 -0.817928 0.200000
v 2.017652 -0.817928 -0.200000
v 2.004718 -0.818149 0.200000
v 2.004718 -0.818149 -0.200000
v 1.986050 -0.817681 0.200000
v 1.986050 -0.817681 -0.200000
v 1.967312 -0.816278 0.200000
v 1.967312 -0.816278 -0.200000
v 1.948503 -0.813940 0.200000
v 1.948503 -0.813940 -0.200000
v 1.929623 -0.810667 0.200000
v 1.929623 -0.810667 -0.200000
v 1.910672 -0.806459 0.200000
v 1.910672 -0.806459 -0.200000
v 1.891651 -0.801316 0.200000
v 1.891651 -0.801316 -0.200000
v 1.872560 -0.795237 0.200000
v 1.872560 -0.795237 -0.200000
v 1.853397 -0.788223 0.200000
v 1.853397 -0.788223 -0.200000
v 1.834165 -0.780274 0.200000
v 1.834165 -0.780274 -0.200000
v 1.814862 -0.771390 0.200000
v 1.814862 -0.771390 -0.200000
v 1.795488 -0.761571 0.200000
v 1.795488 -0.761571 -0.200000
v 1.776043 -0.750816 0.200000
v 1.776043 -0.750816 -0.200000
v 1.756670 -0.739259 0.200000
v 1.756670 -0.739259 -0.200000
v 1.737507 -0.727031 0.200000
v 1.737507 -0.727031 -0.200000
v 1.718557 -0.714133 0.200000
v 1.718557 -0.714133 -0.200000
v 1.699818 -0.700564 0.200000
v 1.699818 -0.700564 -0.200000
v 1.681291 -0.686325 0.200000
v 1.681291 -0.686325 -0.200000
v 1.662976 -0.671415 0.200000
v 1.662976 -0.671415 -0.200000
v 1.644873 -0.655835 0.200000
v 1.644873 -0.655835 -0.200000
v 1.626981 -0.639584 0.200000
v 1.626981 -0.639584 -0.200000
v 1.609301 -0.622663 0.200000
v 1.609301 -0.622663 -0.200000
v 1.591833 -0.605071 0.200000
v 1.591833 -0.605071 -0.200000
v 1.574576 -0.586809 0.200000
v 1.574576 -0.586809 -0.200000
v 1.557532 -0.567876 0.200000
v 1.557532 -0.567876 -0.200000
v 1.540760 -0.548344 0.200000
v 1.540760 -0.548344 -0.200000
v 1.524324 -0.528282 0.200000
v 1.524324 -0.528282 -0.200000
v 1.508223 -0.507690 0.200000
v 1.508223 -0.507690 -0.200000
v 1.492458 -0.486570 0.200000
v 1.492458 -0.486570 -0.200000
v 1.477028 -0.464920 0.200000
v 1.477028 -0.464920 -0.200000
v 1.461933 -0.442740 0.200000
v 1.461933 -0.442740 -0.200000
v 1.447173 -0.420032 0.200000
v 1.447173 -0.420032 -0.200000
v 1.432748 -0.396793 0.200000
v 1.432748 -0.396793 -0.200000
v 1.418659 -0.373026 0.200000
v 1.418659 -0.373026 -0.200000
v 1.404905 -0.348729 0.200000
v 1.404905 -0.348729 -0.200000
v 1.391486 -0.323903 0.200000
v 1.391486 -0.323903 -0.200000
v 1.378403 -0.298548 0.200000
v 1.378403 -0.298548 -0.200000
v 1.365778 -0.272778 0.200000
v 1.365778 -0.272778 -0.200000
v 1.353735 -0.246708 0.200000
v 1.353735 -0.246708 -0.200000
v 1.342275 -0.220338 0.200000
v 1.342275 -0.220338 -0.200000
v 1.331397 -0.193668 0.200000
v 1.331397 -0.193668 -0.200000
v 1.321102 -0.166698 0.200000
v 1.321102 -0.166698 -0.200000
v 1.311388 -0.139428 0.200000
v 1.311388 -0.139428 -0.200000
v 1.302257 -0.111858 0.200000
v 1.302257 -0.111858 -0.200000
v 1.293708 -0.083989 0.200000
v 1.293708 -0.083989 -0.200000
v 1.285742 -0.055819 0.200000
v 1.285742 -0.055819 -0.200000
v 1.278358 -0.027349 0.200000
v 1.278358 -0.027349 -0.200000
v 1.271555 0.001421 0.200000
v 1.271555 0.001421 -0.200000
v -3.597822 0.185481 0.200000
v -3.597822 0.185481 -0.200000
v -3.318330 -1.214519 0.200000
v -3.318330 -1.214519 -0.200000
v -3.317386 -1.218709 0.200000
v -3.317386 -1.218709 -0.200000
v -3.316248 -1.222812 0.200000
v -3.316248 -1.222812 -0.200000
v -3.314916 -1.226826 0.200000
v -3.314916 -1.226826 -0.200000
v -3.313390 -1.230752 0.200000
v -3.313390 -1.230752 -0.200000
v -3.311670 -1.234590 0.200000
v -3.311670 -1.234590 -0.200000
v -3.309755 -1.238339 0.200000
v -3.309755 -1.238339 -0.200000
v -3.307647 -1.242000 0.200000
v -3.307647 -1.242000 -0.200000
v -3.305344 -1.245574 0.200000
v -3.305344 -1.245574 -0.200000
v -3.302847 -1.249058 0.200000
v -3.302847 -1.249058 -0.200000
v -3.300157 -1.252455 0.200000
v -3.300157 -1.252455 -0.200000
v -3.297271 -1.255763 0.200000
v -3.297271 -1.255763 -0.200000
v -3.294193 -1.258983 0.200000
v -3.294193 -1.258983 -0.200000
v -3.290867 -1.262115 0.200000
v -3.290867 -1.262115 -0.200000
v -3.287241 -1.265159 0.200000
v -3.287241 -1.265159 -0.200000
v -3.283315 -1.268115 0.200000
v -3.283315 -1.268115 -0.200000
v -3.279089 -1.270982 0.200000
v -3.279089 -1.270982 -0.200000
v -3.274563 -1.273761 0.200000
v -3.274563 -1.273761 -0.200000
v -3.269737 -1.276452 0.200000
v -3.269737 -1.276452 -0.200000
v -3.264611 -1.279054 0.200000
v -3.264611 -1.279054 -0.200000
v -3.259186 -1.281569 0.200000
v -3.259186 -1.281569 -0.200000
v -3.253460 -1.283995 0.200000
v -3.253460 -1.283995 -0.200000
v -3.247434 -1.286333 0.200000
v -3.247434 -1.286333 -0.200000
v -3.241109 -1.288582 0.200000
v -3.241109 -1.288582 -0.200000
v -3.234483 -1.290744 0.200000
v -3.234483 -1.290744 -0.200000
v -3.227557 -1.292817 0.200000
v -3.227557 -1.292817 -0.200000
v -3.220332 -1.294802 0.200000
v -3.220332 -1.294802 -0.200000
v -3.212806 -1.296699 0.200000
v -3.212806 -1.296699 -0.200000
v -3.204981 -1.298508 0.200000
v -3.204981 -1.298508 -0.200000
v -3.196856 -1.300228 0.200000
v -3.196856 -1.300228 -0.200000
v -3.188430 -1.301860 0.200000
v -3.188430 -1.301860 -0.200000
v -3.179705 -1.303404 0.200000
v -3.179705 -1.303404 -0.200000
v -3.170680 -1.304860 0.200000
v -3.170680 -1.304860 -0.200000
v -3.161355 -1.306227 0.200000
v -3.161355 -1.306227 -0.200000
v -3.151730 -1.307506 0.200000
v -3.151730 -1.307506 -0.200000
v -3.141804 -1.308697 0.200000
v -3.141804 -1.308697 -0.200000
v -3.131579 -1.309800 0.200000
v -3.131579 -1.309800 -0.200000
v -3.120984 -1.310815 0.200000
v -3.120984 -1.310815 -0.200000
v -3.109947 -1.311741 0.200000
v -3.109947 -1.311741 -0.200000
v -3.098469 -1.312579 0.200000
v -3.098469 -1.312579 -0.200000
v -3.086550 -1.313329 0.200000
v -3.086550 -1.313329 -0.200000
v -3.074190 -1.313991 0.200000
v -3.074190 -1.313991 -0.200000
v -3.061389 -1.314564 0.200000
v -3.061389 -1.314564 -0.200000
v -3.048146 -1.315050 0.200000
v -3.048146 -1.315050 -0.200000
v -3.034463 -1.315446 0.200000
v -3.034463 -1.315446 -0.200000
v -3.020339 -1.315755 0.200000
v -3.020339 -1.315755 -0.200000
v -3.005773 -1.315976 0.200000
v -3.005773 -1.315976 -0.200000
v -2.990766 -1.316108 0.200000
v -2.990766 -1.316108 -0.200000
v -2.975318 -1.316152 0.200000
v -2.975318 -1.316152 -0.200000
v -2.960284 -1.316108 0.200000
v -2.960284 -1.316108 -0.200000
v -2.945675 -1.315976 0.200000
v -2.945675 -1.315976 -0.200000
v -2.931488 -1.315755 0.200000
v -2.931488 -1.315755 -0.200000
v -2.917726 -1.315446 0.200000
v -2.917726 -1.315446 -0.200000
v -2.904386 -1.315049 0.200000
v -2.904386 -1.315049 -0.200000
v -2.891470 -1.314564 0.200000
v -2.891470 -1.314564 -0.200000
v -2.878978 -1.313991 0.200000
v -2.878978 -1.313991 -0.200000
v -2.866909 -1.313329 0.200000
v -2.866909 -1.313329 -0.200000
v -2.855264 -1.312579 0.200000
v -2.855264 -1.312579 -0.200000
v -2.844042 -1.311741 0.200000
v -2.844042 -1.311741 -0.200000
v -2.833243 -1.310815 0.200000
v -2.833243 -1.310815 -0.200000
v -2.822868 -1.309800 0.200000
v -2.822868 -1.309800 -0.200000
v -2.812898 -1.308697 0.200000
v -2.812898 -1.308697 -0.200000
v -2.803317 -1.307506 0.200000
v -2.803317 -1.307506 -0.200000
v -2.794124 -1.306227 0.200000
v -2.794124 -1.306227 -0.200000
v -2.785320 -1.304860 0.200000
v -2.785320 -1.304860 -0.200000
v -2.776903 -1.303404 0.200000
v -2.776903 -1.303404 -0.200000
v -2.768875 -1.301860 0.200000
v -2.768875 -1.301860 -0.200000
v -2.761235 -1.300228 0.200000
v -2.761235 -1.300228 -0.200000
v -2.753983 -1.298508 0.200000
v -2.753983 -1.298508 -0.200000
v -2.747119 -1.296699 0.200000
v -2.747119 -1.296699 -0.200000
v -2.740643 -1.294802 0.200000
v -2.740643 -1.294802 -0.200000
v -2.734556 -1.292817 0.200000
v -2.734556 -1.292817 -0.200000
v -2.728857 -1.290744 0.200000
v -2.728857 -1.290744 -0.200000
v -2.723501 -1.288582 0.200000
v -2.723501 -1.288582 -0.200000
v -2.718446 -1.286333 0.200000
v -2.718446 -1.286333 -0.200000
v -2.713691 -1.283995 0.200000
v -2.713691 -1.283995 -0.200000
v -2.709236 -1.281569 0.200000
v -2.709236 -1.281569 -0.200000
v -2.705081 -1.279054 0.200000
v -2.705081 -1.279054 -0.200000
v -2.701225 -1.276452 0.200000
v -2.701225 -1.276452 -0.200000
v -2.697670 -1.273761 0.200000
v -2.697670 -1.273761 -0.200000
v -2.694414 -1.270982 0.200000
v -2.694414 -1.270982 -0.200000
v -2.691459 -1.268114 0.200000
v -2.691459 -1.268114 -0.200000
v -2.688803 -1.265159 0.200000
v -2.688803 -1.265159 -0.200000
v -2.686448 -1.262115 0.200000
v -2.686448 -1.262115 -0.200000
v -2.684392 -1.258983 0.200000
v -2.684392 -1.258983 -0.200000
v -2.682619 -1.255763 0.200000
v -2.682619 -1.255763 -0.200000
v -2.681110 -1.252455 0.200000
v -2.681110 -1.252455 -0.200000
v -2.679866 -1.249058 0.200000
v -2.679866 -1.249058 -0.200000
v -2.678887 -1.245574 0.200000
v -2.678887 -1.245574 -0.200000
v -2.678173 -1.242000 0.200000
v -2.678173 -1.242000 -0.200000
v -2.677722 -1.238339 0.200000
v -2.677722 -1.238339 -0.200000
v -2.677537 -1.234590 0.200000
v -2.677537 -1.234590 -0.200000
v -2.677617 -1.230752 0.200000
v -2.677617 -1.230752 -0.200000
v -2.677961 -1.226826 0.200000
v -2.677961 -1.226826 -0.200000
v -2.678570 -1.222812 0.200000
v -2.678570 -1.222812 -0.200000
v -2.679443 -1.218709 0.200000
v -2.679443 -1.218709 -0.200000
v -2.680581 -1.214519 0.200000
v -2.680581 -1.214519 -0.200000
v -2.952450 0.144828 0.200000
v -2.952450 0.144828 -0.200000
v -2.954127 0.154559 0.200000
v -2.954127 0.154559 -0.200000
v -2.955768 0.164272 0.200000
v -2.955768 0.164272 -0.200000
v -2.957373 0.173968 0.200000
v -2.957373 0.173968 -0.200000
v -2.958944 0.183646 0.200000
v -2.958944 0.183646 -0.200000
v -2.960479 0.193307 0.200000
v -2.960479 0.193307 -0.200000
v -2.961978 0.202949 0.200000
v -2.961978 0.202949 -0.200000
v -2.963443 0.212575 0.200000
v -2.963443 0.212575 -0.200000
v -2.964872 0.222182 0.200000
v -2.964872 0.222182 -0.200000
v -2.966266 0.231772 0.200000
v -2.966266 0.231772 -0.200000
v -2.967625 0.241344 0.200000
v -2.967625 0.241344 -0.200000
v -2.968948 0.250899 0.200000
v -2.968948 0.250899 -0.200000
v -2.970236 0.260436 0.200000
v -2.970236 0.260436 -0.200000
v -2.971454 0.269973 0.200000
v -2.971454 0.269973 -0.200000
v -2.972565 0.279527 0.200000
v -2.972565 0.279527 -0.200000
v -2.973571 0.289100 0.200000
v -2.973571 0.289100 -0.200000
v -2.974471 0.298689 0.200000
v -2.974471 0.298689 -0.200000
v -2.975265 0.308297 0.200000
v -2.975265 0.308297 -0.200000
v -2.975953 0.317922 0.200000
v -2.975953 0.317922 -0.200000
v -2.976535 0.327565 0.200000
v -2.976535 0.327565 -0.200000
v -2.977012 0.337225 0.200000
v -2.977012 0.337225 -0.200000
v -2.977382 0.346904 0.200000
v -2.977382 0.346904 -0.200000
v -2.977647 0.356599 0.200000
v -2.977647 0.356599 -0.200000
v -2.977806 0.366313 0.200000
v -2.977806 0.366313 -0.200000
v -2.977859 0.376044 0.200000
v -2.977859 0.376044 -0.200000
v -2.977550 0.395629 0.200000
v -2.977550 0.395629 -0.200000
v -2.976624 0.414580 0.200000
v -2.976624 0.414580 -0.200000
v -2.975080 0.432895 0.200000
v -2.975080 0.432895 -0.200000
v -2.972918 0.450575 0.200000
v -2.972918 0.450575 -0.200000
v -2.970139 0.467620 0.200000
v -2.970139 0.467620 -0.200000
v -2.966743 0.484029 0.200000
v -2.966743 0.484029 -0.200000
v -2.962728 0.499804 0.200000
v -2.962728 0.499804 -0.200000
v -2.958097 0.514943 0.200000
v -2.958097 0.514943 -0.200000
v -2.952847 0.529447 0.200000
v -2.952847 0.529447 -0.200000
v -2.946980 0.543315 0.200000
v -2.946980 0.543315 -0.200000
v -2.940496 0.556549 0.200000
v -2.940496 0.556549 -0.200000
v -2.933394 0.569147 0.200000
v -2.933394 0.569147 -0.200000
v -2.925498 0.580916 0.200000
v -2.925498 0.580916 -0.200000
v -2.916632 0.591662 0.200000
v -2.916632 0.591662 -0.200000
v -2.906795 0.601384 0.200000
v -2.906795 0.601384 -0.200000
v -2.895988 0.610083 0.200000
v -2.895988 0.610083 -0.200000
v -2.884210 0.617758 0.200000
v -2.884210 0.617758 -0.200000
v -2.871461 0.624410 0.200000
v -2.871461 0.624410 -0.200000
v -2.857743 0.630039 0.200000
v -2.857743 0.630039 -0.200000
v -2.843053 0.634644 0.200000
v -2.843053 0.634644 -0.200000
v -2.827394 0.638226 0.200000
v -2.827394 0.638226 -0.200000
v -2.810763 0.640785 0.200000
v -2.810763 0.640785 -0.200000
v -2.793163 0.642320 0.200000
v -2.793163 0.642320 -0.200000
v -2.774592 0.642831 0.200000
v -2.774592 0.642831 -0.200000
v -2.757600 0.642373 0.200000
v -2.757600 0.642373 -0.200000
v -2.740502 0.640996 0.200000
v -2.740502 0.640996 -0.200000
v -2.723299 0.638703 0.200000
v -2.723299 0.638703 -0.200000
v -2.705989 0.635491 0.200000
v -2.705989 0.635491 -0.200000
v -2.688574 0.631362 0.200000
v -2.688574 0.631362 -0.200000
v -2.671053 0.626316 0.200000
v -2.671053 0.626316 -0.200000
v -2.653426 0.620352 0.200000
v -2.653426 0.620352 -0.200000
v -2.635693 0.613471 0.200000
v -2.635693 0.613471 -0.200000
v -2.617854 0.605672 0.200000
v -2.617854 0.605672 -0.200000
v -2.599909 0.596955 0.200000
v -2.599909 0.596955 -0.200000
v -2.581859 0.587321 0.200000
v -2.581859 0.587321 -0.200000
v -2.563703 0.576770 0.200000
v -2.563703 0.576770 -0.200000
v -2.545555 0.565433 0.200000
v -2.545555 0.565433 -0.200000
v -2.527531 0.553443 0.200000
v -2.527531 0.553443 -0.200000
v -2.509630 0.540801 0.200000
v -2.509630 0.540801 -0.200000
v -2.491853 0.527506 0.200000
v -2.491853 0.527506 -0.200000
v -2.474200 0.513558 0.200000
v -2.474200 0.513558 -0.200000
v -2.456670 0.498957 0.200000
v -2.456670 0.498957 -0.200000
v -2.439263 0.483703 0.200000
v -2.439263 0.483703 -0.200000
v -2.421980 0.467796 0.200000
v -2.421980 0.467796 -0.200000
v -2.404821 0.451237 0.200000
v -2.404821 0.451237 -0.200000
v -2.387785 0.434024 0.200000
v -2.387785 0.434024 -0.200000
v -2.370872 0.416159 0.200000
v -2.370872 0.416159 -0.200000
v -2.354084 0.397641 0.200000
v -2.354084 0.397641 -0.200000
v -2.337515 0.378532 0.200000
v -2.337515 0.378532 -0.200000
v -2.321265 0.358893 0.200000
v -2.321265 0.358893 -0.200000
v -2.305331 0.338725 0.200000
v -2.305331 0.338725 -0.200000
v -2.289716 0.318028 0.200000
v -2.289716 0.318028 -0.200000
v -2.274418 0.296801 0.200000
v -2.274418 0.296801 -0.200000
v -2.259438 0.275046 0.200000
v -2.259438 0.275046 -0.200000
v -2.244775 0.252760 0.200000
v -2.244775 0.252760 -0.200000
v -2.230430 0.229946 0.200000
v -2.230430 0.229946 -0.200000
v -2.216402 0.206602 0.200000
v -2.216402 0.206602 -0.200000
v -2.202692 0.182729 0.200000
v -2.202692 0.182729 -0.200000
v -2.189300 0.158326 0.200000
v -2.189300 0.158326 -0.200000
v -2.176225 0.133394 0.200000
v -2.176225 0.133394 -0.200000
v -2.163618 0.108065 0.200000
v -2.163618 0.108065 -0.200000
v -2.151628 0.082471 0.200000
v -2.151628 0.082471 -0.200000
v -2.140256 0.056613 0.200000
v -2.140256 0.056613 -0.200000
v -2.129502 0.030490 0.200000
v -2.129502 0.030490 -0.200000
v -2.119365 0.004103 0.200000
v -2.119365 0.004103 -0.200000
v -2.109846 -0.022550 0.200000
v -2.109846 -0.022550 -0.200000
v -2.100944 -0.049467 0.200000
v -2.100944 -0.049467 -0.200000
v -2.092660 -0.076648 0.200000
v -2.092660 -0.076648 -0.200000
v -2.084993 -0.104095 0.200000
v -2.084993 -0.104095 -0.200000
v -2.077944 -0.131806 0.200000
v -2.077944 -0.131806 -0.200000
v -2.071513 -0.159781 0.200000
v -2.071513 -0.159781 -0.200000
v -2.065699 -0.188022 0.200000
v -2.065699 -0.188022 -0.200000
v -1.859891 -1.214519 0.200000
v -1.859891 -1.214519 -0.200000
v -1.858947 -1.218709 0.200000
v -1.858947 -1.218709 -0.200000
v -1.857809 -1.222812 0.200000
v -1.857809 -1.222812 -0.200000
v -1.856477 -1.226826 0.200000
v -1.856477 -1.226826 -0.200000
v -1.854951 -1.230752 0.200000
v -1.854951 -1.230752 -0.200000
v -1.853230 -1.234590 0.200000
v -1.853230 -1.234590 -0.200000
v -1.851316 -1.238339 0.200000
v -1.851316 -1.238339 -0.200000
v -1.849207 -1.242000 0.200000
v -1.849207 -1.242000 -0.200000
v -1.846905 -1.245574 0.200000
v -1.846905 -1.245574 -0.200000
v -1.844408 -1.249058 0.200000
v -1.844408 -1.249058 -0.200000
v -1.841717 -1.252455 0.200000
v -1.841717 -1.252455 -0.200000
v -1.838832 -1.255763 0.200000
v -1.838832 -1.255763 -0.200000
v -1.835753 -1.258983 0.200000
v -1.835753 -1.258983 -0.200000
v -1.832427 -1.262115 0.200000
v -1.832427 -1.262115 -0.200000
v -1.828801 -1.265159 0.200000
v -1.828801 -1.265159 -0.200000
v -1.824875 -1.268115 0.200000
v -1.824875 -1.268115 -0.200000
v -1.820650 -1.270982 0.200000
v -1.820650 -1.270982 -0.200000
v -1.816124 -1.273761 0.200000
v -1.816124 -1.273761 -0.200000
v -1.811298 -1.276452 0.200000
v -1.811298 -1.276452 -0.200000
v -1.806172 -1.279054 0.200000
v -1.806172 -1.279054 -0.200000
v -1.800746 -1.281569 0.200000
v -1.800746 -1.281569 -0.200000
v -1.795021 -1.283995 0.200000
v -1.795021 -1.283995 -0.200000
v -1.788995 -1.286333 0.200000
v -1.788995 -1.286333 -0.200000
v -1.782669 -1.288582 0.200000
v -1.782669 -1.288582 -0.200000
v -1.776044 -1.290744 0.200000
v -1.776044 -1.290744 -0.200000
v -1.769118 -1.292817 0.200000
v -1.769118 -1.292817 -0.200000
v -1.761893 -1.294802 0.200000
v -1.761893 -1.294802 -0.200000
v -1.754367 -1.296699 0.200000
v -1.754367 -1.296699 -0.200000
v -1.746542 -1.298508 0.200000
v -1.746542 -1.298508 -0.200000
v -1.738417 -1.300228 0.200000
v -1.738417 -1.300228 -0.200000
v -1.729991 -1.301860 0.200000
v -1.729991 -1.301860 -0.200000
v -1.721266 -1.303404 0.200000
v -1.721266 -1.303404 -0.200000
v -1.712241 -1.304860 0.200000
v -1.712241 -1.304860 -0.200000
v -1.702915 -1.306227 0.200000
v -1.702915 -1.306227 -0.200000
v -1.693290 -1.307506 0.200000
v -1.693290 -1.307506 -0.200000
v -1.683365 -1.308697 0.200000
v -1.683365 -1.308697 -0.200000
v -1.673140 -1.309800 0.200000
v -1.673140 -1.309800 -0.200000
v -1.662544 -1.310815 0.200000
v -1.662544 -1.310815 -0.200000
v -1.651508 -1.311741 0.200000
v -1.651508 -1.311741 -0.200000
v -1.640030 -1.312579 0.200000
v -1.640030 -1.312579 -0.200000
v -1.628111 -1.313329 0.200000
v -1.628111 -1.313329 -0.200000
v -1.615751 -1.313991 0.200000
v -1.615751 -1.313991 -0.200000
v -1.602949 -1.314564 0.200000
v -1.602949 -1.314564 -0.200000
v -1.589707 -1.315050 0.200000
v -1.589707 -1.315050 -0.200000
v -1.576024 -1.315446 0.200000
v -1.576024 -1.315446 -0.200000
v -1.561899 -1.315755 0.200000
v -1.561899 -1.315755 -0.200000
v -1.547333 -1.315976 0.200000
v -1.547333 -1.315976 -0.200000
v -1.532327 -1.316108 0.200000
v -1.532327 -1.316108 -0.200000
v -1.516879 -1.316152 0.200000
v -1.516879 -1.316152 -0.200000
v -1.501854 -1.316108 0.200000
v -1.501854 -1.316108 -0.200000
v -1.487271 -1.315976 0.200000
v -1.487271 -1.315976 -0.200000
v -1.473129 -1.315755 0.200000
v -1.473129 -1.315755 -0.200000
v -1.459428 -1.315446 0.200000
v -1.459428 -1.315446 -0.200000
v -1.446168 -1.315049 0.200000
v -1.446168 -1.315049 -0.200000
v -1.433349 -1.314564 0.200000
v -1.433349 -1.314564 -0.200000
v -1.420971 -1.313991 0.200000
v -1.420971 -1.313991 -0.200000
v -1.409034 -1.313329 0.200000
v -1.409034 -1.313329 -0.200000
v -1.397539 -1.312579 0.200000
v -1.397539 -1.312579 -0.200000
v -1.386485 -1.311741 0.200000
v -1.386485 -1.311741 -0.200000
v -1.375871 -1.310815 0.200000
v -1.375871 -1.310815 -0.200000
v -1.365699 -1.309800 0.200000
v -1.365699 -1.309800 -0.200000
v -1.355933 -1.308697 0.200000
v -1.355933 -1.308697 -0.200000
v -1.346537 -1.307506 0.200000
v -1.346537 -1.307506 -0.200000
v -1.337512 -1.306227 0.200000
v -1.337512 -1.306227 -0.200000
v -1.328857 -1.304860 0.200000
v -1.328857 -1.304860 -0.200000
v -1.320573 -1.303404 0.200000
v -1.320573 -1.303404 -0.200000
v -1.312659 -1.301860 0.200000
v -1.312659 -1.301860 -0.200000
v -1.305116 -1.300228 0.200000
v -1.305116 -1.300228 -0.200000
v -1.297943 -1.298508 0.200000
v -1.297943 -1.298508 -0.200000
v -1.291141 -1.296699 0.200000
v -1.291141 -1.296699 -0.200000
v -1.284710 -1.294802 0.200000
v -1.284710 -1.294802 -0.200000
v -1.278649 -1.292817 0.200000
v -1.278649 -1.292817 -0.200000
v -1.272959 -1.290744 0.200000
v -1.272959 -1.290744 -0.200000
v -1.267603 -1.288582 0.200000
v -1.267603 -1.288582 -0.200000
v -1.262548 -1.286333 0.200000
v -1.262548 -1.286333 -0.200000
v -1.257793 -1.283995 0.200000
v -1.257793 -1.283995 -0.200000
v -1.253338 -1.281569 0.200000
v -1.253338 -1.281569 -0.200000
v -1.249182 -1.279054 0.200000
v -1.249182 -1.279054 -0.200000
v -1.245327 -1.276452 0.200000
v -1.245327 -1.276452 -0.200000
v -1.241771 -1.273761 0.200000
v -1.241771 -1.273761 -0.200000
v -1.238516 -1.270982 0.200000
v -1.238516 -1.270982 -0.200000
v -1.235561 -1.268114 0.200000
v -1.235561 -1.268114 -0.200000
v -1.232905 -1.265159 0.200000
v -1.232905 -1.265159 -0.200000
v -1.230549 -1.262115 0.200000
v -1.230549 -1.262115 -0.200000
v -1.228494 -1.258983 0.200000
v -1.228494 -1.258983 -0.200000
v -1.226703 -1.255763 0.200000
v -1.226703 -1.255763 -0.200000
v -1.225141 -1.252455 0.200000
v -1.225141 -1.252455 -0.200000
v -1.223809 -1.249058 0.200000
v -1.223809 -1.249058 -0.200000
v -1.222706 -1.245574 0.200000
v -1.222706 -1.245574 -0.200000
v -1.221833 -1.242000 0.200000
v -1.221833 -1.242000 -0.200000
v -1.221189 -1.238339 0.200000
v -1.221189 -1.238339 -0.200000
v -1.220774 -1.234590 0.200000
v -1.220774 -1.234590 -0.200000
v -1.220589 -1.230752 0.200000
v -1.220589 -1.230752 -0.200000
v -1.220633 -1.226826 0.200000
v -1.220633 -1.226826 -0.200000
v -1.220907 -1.222812 0.200000
v -1.220907 -1.222812 -0.200000
v -1.221409 -1.218709 0.200000
v -1.221409 -1.218709 -0.200000
v -1.222142 -1.214519 0.200000
v -1.222142 -1.214519 -0.200000
v -1.491470 0.144828 0.200000
v -1.491470 0.144828 -0.200000
v -1.493949 0.154594 0.200000
v -1.493949 0.154594 -0.200000
v -1.496305 0.164413 0.200000
v -1.496305 0.164413 -0.200000
v -1.498537 0.174286 0.200000
v -1.498537 0.174286 -0.200000
v -1.500646 0.184211 0.200000
v -1.500646 0.184211 -0.200000
v -1.502631 0.194189 0.200000
v -1.502631 0.194189 -0.200000
v -1.504492 0.204220 0.200000
v -1.504492 0.204220 -0.200000
v -1.506230 0.214304 0.200000
v -1.506230 0.214304 -0.200000
v -1.507845 0.224441 0.200000
v -1.507845 0.224441 -0.200000
v -1.509336 0.234630 0.200000
v -1.509336 0.234630 -0.200000
v -1.510703 0.244873 0.200000
v -1.510703 0.244873 -0.200000
v -1.511947 0.255169 0.200000
v -1.511947 0.255169 -0.200000
v -1.513067 0.265517 0.200000
v -1.513067 0.265517 -0.200000
v -1.514082 0.275866 0.200000
v -1.514082 0.275866 -0.200000
v -1.515008 0.286162 0.200000
v -1.515008 0.286162 -0.200000
v -1.515846 0.296404 0.200000
v -1.515846 0.296404 -0.200000
v -1.516596 0.306594 0.200000
v -1.516596 0.306594 -0.200000
v -1.517258 0.316731 0.200000
v -1.517258 0.316731 -0.200000
v -1.517831 0.326815 0.200000
v -1.517831 0.326815 -0.200000
v -1.518317 0.336846 0.200000
v -1.518317 0.336846 -0.200000
v -1.518714 0.346824 0.200000
v -1.518714 0.346824 -0.200000
v -1.519022 0.356749 0.200000
v -1.519022 0.356749 -0.200000
v -1.519243 0.366621 0.200000
v -1.519243 0.366621 -0.200000
v -1.519375 0.376441 0.200000
v -1.519375 0.376441 -0.200000
v -1.519419 0.386207 0.200000
v -1.519419 0.386207 -0.200000
v -1.519102 0.404566 0.200000
v -1.519102 0.404566 -0.200000
v -1.518149 0.422379 0.200000
v -1.518149 0.422379 -0.200000
v -1.516561 0.439644 0.200000
v -1.516561 0.439644 -0.200000
v -1.514338 0.456362 0.200000
v -1.514338 0.456362 -0.200000
v -1.511479 0.472534 0.200000
v -1.511479 0.472534 -0.200000
v -1.507986 0.488158 0.200000
v -1.507986 0.488158 -0.200000
v -1.503857 0.503235 0.200000
v -1.503857 0.503235 -0.200000
v -1.499093 0.517766 0.200000
v -1.499093 0.517766 -0.200000
v -1.493693 0.531749 0.200000
v -1.493693 0.531749 -0.200000
v -1.487659 0.545186 0.200000
v -1.487659 0.545186 -0.200000
v -1.480989 0.558075 0.200000
v -1.480989 0.558075 -0.200000
v -1.473684 0.570418 0.200000
v -1.473684 0.570418 -0.200000
v -1.465603 0.581984 0.200000
v -1.465603 0.581984 -0.200000
v -1.456604 0.592544 0.200000
v -1.456604 0.592544 -0.200000
v -1.446688 0.602099 0.200000
v -1.446688 0.602099 -0.200000
v -1.435854 0.610647 0.200000
v -1.435854 0.610647 -0.200000
v -1.424103 0.618191 0.200000
v -1.424103 0.618191 -0.200000
v -1.411434 0.624728 0.200000
v -1.411434 0.624728 -0.200000
v -1.397848 0.630260 0.200000
v -1.397848 0.630260 -0.200000
v -1.383344 0.634785 0.200000
v -1.383344 0.634785 -0.200000
v -1.367922 0.638306 0.200000
v -1.367922 0.638306 -0.200000
v -1.351583 0.640820 0.200000
v -1.351583 0.640820 -0.200000
v -1.334327 0.642329 0.200000
v -1.334327 0.642329 -0.200000
v -1.316153 0.642831 0.200000
v -1.316153 0.642831 -0.200000
v -1.299161 0.642373 0.200000
v -1.299161 0.642373 -0.200000
v -1.282063 0.640996 0.200000
v -1.282063 0.640996 -0.200000
v -1.264860 0.638703 0.200000
v -1.264860 0.638703 -0.200000
v -1.247550 0.635491 0.200000
v -1.247550 0.635491 -0.200000
v -1.230135 0.631362 0.200000
v -1.230135 0.631362 -0.200000
v -1.212614 0.626316 0.200000
v -1.212614 0.626316 -0.200000
v -1.194987 0.620352 0.200000
v -1.194987 0.620352 -0.200000
v -1.177254 0.613471 0.200000
v -1.177254 0.613471 -0.200000
v -1.159415 0.605672 0.200000
v -1.159415 0.605672 -0.200000
v -1.141470 0.596955 0.200000
v -1.141470 0.596955 -0.200000
v -1.123420 0.587321 0.200000
v -1.123420 0.587321 -0.200000
v -1.105263 0.576770 0.200000
v -1.105263 0.576770 -0.200000
v -1.087116 0.565433 0.200000
v -1.087116 0.565433 -0.200000
v -1.069092 0.553443 0.200000
v -1.069092 0.553443 -0.200000
v -1.051191 0.540801 0.200000
v -1.051191 0.540801 -0.200000
v -1.033414 0.527506 0.200000
v -1.033414 0.527506 -0.200000
v -1.015761 0.513558 0.200000
v -1.015761 0.513558 -0.200000
v -0.998231 0.498957 0.200000
v -0.998231 0.498957 -0.200000
v -0.980824 0.483703 0.200000
v -0.980824 0.483703 -0.200000
v -0.963541 0.467796 0.200000
v -0.963541 0.467796 -0.200000
v -0.946382 0.451237 0.200000
v -0.946382 0.451237 -0.200000
v -0.929346 0.434024 0.200000
v -0.929346 0.434024 -0.200000
v -0.912434 0.416159 0.200000
v -0.912434 0.416159 -0.200000
v -0.895644 0.397641 0.200000
v -0.895644 0.397641 -0.200000
v -0.879076 0.378532 0.200000
v -0.879076 0.378532 -0.200000
v -0.862825 0.358893 0.200000
v -0.862825 0.358893 -0.200000
v -0.846892 0.338725 0.200000
v -0.846892 0.338725 -0.200000
v -0.831277 0.318028 0.200000
v -0.831277 0.318028 -0.200000
v -0.815979 0.296801 0.200000
v -0.815979 0.296801 -0.200000
v -0.800998 0.275046 0.200000
v -0.800998 0.275046 -0.200000
v -0.786336 0.252760 0.200000
v -0.786336 0.252760 -0.200000
v -0.771990 0.229946 0.200000
v -0.771990 0.229946 -0.200000
v -0.757963 0.206602 0.200000
v -0.757963 0.206602 -0.200000
v -0.744253 0.182729 0.200000
v -0.744253 0.182729 -0.200000
v -0.730861 0.158326 0.200000
v -0.730861 0.158326 -0.200000
v -0.717786 0.133394 0.200000
v -0.717786 0.133394 -0.200000
v -0.705179 0.108065 0.200000
v -0.705179 0.108065 -0.200000
v -0.693189 0.082471 0.200000
v -0.693189 0.082471 -0.200000
v -0.681817 0.056613 0.200000
v -0.681817 0.056613 -0.200000
v -0.671063 0.030490 0.200000
v -0.671063 0.030490 -0.200000
v -0.660926 0.004103 0.200000
v -0.660926 0.004103 -0.200000
v -0.651407 -0.022550 0.200000
v -0.651407 -0.022550 -0.200000
v -0.642505 -0.049467 0.200000
v -0.642505 -0.049467 -0.200000
v -0.634221 -0.076648 0.200000
v -0.634221 -0.076648 -0.200000
v -0.626554 -0.104095 0.200000
v -0.626554 -0.104095 -0.200000
v -0.619505 -0.131806 0.200000
v -0.619505 -0.131806 -0.200000
v -0.613074 -0.159781 0.200000
v -0.613074 -0.159781 -0.200000
v -0.607260 -0.188022 0.200000
v -0.607260 -0.188022 -0.200000
v -0.401452 -1.214519 0.200000
v -0.401452 -1.214519 -0.200000
v -0.400508 -1.218709 0.200000
v -0.400508 -1.218709 -0.200000
v -0.399370 -1.222812 0.200000
v -0.399370 -1.222812 -0.200000
v -0.398038 -1.226826 0.200000
v -0.398038 -1.226826 -0.200000
v -0.396512 -1.230752 0.200000
v -0.396512 -1.230752 -0.200000
v -0.394791 -1.234590 0.200000
v -0.394791 -1.234590 -0.200000
v -0.392877 -1.238339 0.200000
v -0.392877 -1.238339 -0.200000
v -0.390768 -1.242000 0.200000
v -0.390768 -1.242000 -0.200000
v -0.388466 -1.245574 0.200000
v -0.388466 -1.245574 -0.200000
v -0.385969 -1.249058 0.200000
v -0.385969 -1.249058 -0.200000
v -0.383278 -1.252455 0.200000
v -0.383278 -1.252455 -0.200000
v -0.380393 -1.255763 0.200000
v -0.380393 -1.255763 -0.200000
v -0.377314 -1.258983 0.200000
v -0.377314 -1.258983 -0.200000
v -0.373997 -1.262115 0.200000
v -0.373997 -1.262115 -0.200000
v -0.370397 -1.265159 0.200000
v -0.370398 -1.265159 -0.200000
v -0.366516 -1.268115 0.200000
v -0.366516 -1.268115 -0.200000
v -0.362352 -1.270982 0.200000
v -0.362352 -1.270982 -0.200000
v -0.357905 -1.273761 0.200000
v -0.357905 -1.273761 -0.200000
v -0.353176 -1.276452 0.200000
v -0.353176 -1.276452 -0.200000
v -0.348165 -1.279054 0.200000
v -0.348165 -1.279054 -0.200000
v -0.342872 -1.281569 0.200000
v -0.342872 -1.281569 -0.200000
v -0.337296 -1.283995 0.200000
v -0.337296 -1.283995 -0.200000
v -0.331438 -1.286333 0.200000
v -0.331438 -1.286333 -0.200000
v -0.325298 -1.288582 0.200000
v -0.325298 -1.288582 -0.200000
v -0.318875 -1.290744 0.200000
v -0.318875 -1.290744 -0.200000
v -0.312144 -1.292817 0.200000
v -0.312144 -1.292817 -0.200000
v -0.305077 -1.294802 0.200000
v -0.305077 -1.294802 -0.200000
v -0.297675 -1.296699 0.200000
v -0.297675 -1.296699 -0.200000
v -0.289938 -1.298508 0.200000
v -0.289938 -1.298508 -0.200000
v -0.281865 -1.300228 0.200000
v -0.281865 -1.300228 -0.200000
v -0.273458 -1.301860 0.200000
v -0.273458 -1.301860 -0.200000
v -0.264715 -1.303404 0.200000
v -0.264715 -1.303404 -0.200000
v -0.255636 -1.304860 0.200000
v -0.255636 -1.304860 -0.200000
v -0.246223 -1.306227 0.200000
v -0.246223 -1.306227 -0.200000
v -0.236474 -1.307506 0.200000
v -0.236474 -1.307506 -0.200000
v -0.226390 -1.308697 0.200000
v -0.226390 -1.308697 -0.200000
v -0.215971 -1.309800 0.200000
v -0.215971 -1.309800 -0.200000
v -0.205190 -1.310815 0.200000
v -0.205190 -1.310815 -0.200000
v -0.194021 -1.311741 0.200000
v -0.194021 -1.311741 -0.200000
v -0.182464 -1.312579 0.200000
v -0.182464 -1.312579 -0.200000
v -0.170518 -1.313329 0.200000
v -0.170519 -1.313329 -0.200000
v -0.158185 -1.313991 0.200000
v -0.158185 -1.313991 -0.200000
v -0.145463 -1.314564 0.200000
v -0.145463 -1.314564 -0.200000
v -0.132353 -1.315050 0.200000
v -0.132353 -1.315050 -0.200000
v -0.118855 -1.315446 0.200000
v -0.118855 -1.315446 -0.200000
v -0.104968 -1.315755 0.200000
v -0.104968 -1.315755 -0.200000
v -0.090694 -1.315976 0.200000
v -0.090694 -1.315976 -0.200000
v -0.076031 -1.316108 0.200000
v -0.076031 -1.316108 -0.200000
v -0.060980 -1.316152 0.200000
v -0.060980 -1.316152 -0.200000
v -0.045550 -1.316108 0.200000
v -0.045550 -1.316108 -0.200000
v -0.030596 -1.315976 0.200000
v -0.030596 -1.315976 -0.200000
v -0.016119 -1.315755 0.200000
v -0.016119 -1.315755 -0.200000
v -0.002118 -1.315446 0.200000
v -0.002118 -1.315446 -0.200000
v 0.011407 -1.315049 0.200000
v 0.011407 -1.315049 -0.200000
v 0.024455 -1.314564 0.200000
v 0.024455 -1.314564 -0.200000
v 0.037027 -1.313991 0.200000
v 0.037027 -1.313991 -0.200000
v 0.049123 -1.313329 0.200000
v 0.049123 -1.313329 -0.200000
v 0.060742 -1.312579 0.200000
v 0.060742 -1.312579 -0.200000
v 0.071884 -1.311741 0.200000
v 0.071884 -1.311741 -0.200000
v 0.082550 -1.310815 0.200000
v 0.082550 -1.310815 -0.200000
v 0.092740 -1.309800 0.200000
v 0.092740 -1.309800 -0.200000
v 0.102515 -1.308697 0.200000
v 0.102515 -1.308697 -0.200000
v 0.111938 -1.307506 0.200000
v 0.111938 -1.307506 -0.200000
v 0.121007 -1.306227 0.200000
v 0.121007 -1.306227 -0.200000
v 0.129724 -1.304860 0.200000
v 0.129723 -1.304860 -0.200000
v 0.138087 -1.303404 0.200000
v 0.138087 -1.303404 -0.200000
v 0.146098 -1.301860 0.200000
v 0.146098 -1.301860 -0.200000
v 0.153756 -1.300228 0.200000
v 0.153756 -1.300228 -0.200000
v 0.161060 -1.298508 0.200000
v 0.161060 -1.298508 -0.200000
v 0.168012 -1.296699 0.200000
v 0.168012 -1.296699 -0.200000
v 0.174612 -1.294802 0.200000
v 0.174612 -1.294802 -0.200000
v 0.180858 -1.292817 0.200000
v 0.180858 -1.292817 -0.200000
v 0.186751 -1.290744 0.200000
v 0.186751 -1.290744 -0.200000
v 0.192300 -1.288582 0.200000
v 0.192300 -1.288582 -0.200000
v 0.197514 -1.286333 0.200000
v 0.197514 -1.286333 -0.200000
v 0.202393 -1.283995 0.200000
v 0.202393 -1.283995 -0.200000
v 0.206937 -1.281569 0.200000
v 0.206937 -1.281569 -0.200000
v 0.211145 -1.279054 0.200000
v 0.211145 -1.279054 -0.200000
v 0.215018 -1.276452 0.200000
v 0.215018 -1.276452 -0.200000
v 0.218556 -1.273761 0.200000
v 0.218556 -1.273761 -0.200000
v 0.221758 -1.270982 0.200000
v 0.221758 -1.270982 -0.200000
v 0.224625 -1.268114 0.200000
v 0.224625 -1.268114 -0.200000
v 0.227157 -1.265159 0.200000
v 0.227157 -1.265159 -0.200000
v 0.229354 -1.262115 0.200000
v 0.229354 -1.262115 -0.200000
v 0.231216 -1.258983 0.200000
v 0.231216 -1.258983 -0.200000
v 0.232804 -1.255763 0.200000
v 0.232804 -1.255763 -0.200000
v 0.234180 -1.252455 0.200000
v 0.234180 -1.252455 -0.200000
v 0.235345 -1.249058 0.200000
v 0.235345 -1.249058 -0.200000
v 0.236297 -1.245574 0.200000
v 0.236297 -1.245574 -0.200000
v 0.237038 -1.242000 0.200000
v 0.237038 -1.242000 -0.200000
v 0.237568 -1.238339 0.200000
v 0.237568 -1.238339 -0.200000
v 0.237885 -1.234590 0.200000
v 0.237885 -1.234590 -0.200000
v 0.237991 -1.230752 0.200000
v 0.237991 -1.230752 -0.200000
v 0.237885 -1.226826 0.200000
v 0.237885 -1.226826 -0.200000
v 0.237568 -1.222812 0.200000
v 0.237568 -1.222812 -0.200000
v 0.237038 -1.218709 0.200000
v 0.237038 -1.218709 -0.200000
v 0.236297 -1.214519 0.200000
v 0.236297 -1.214519 -0.200000
v -0.218512 1.054447 0.200000
v -0.218512 1.054447 -0.200000
v -0.219438 1.058637 0.200000
v -0.219438 1.058637 -0.200000
v -0.220523 1.062740 0.200000
v -0.220524 1.062740 -0.200000
v -0.221767 1.066754 0.200000
v -0.221767 1.066754 -0.200000
v -0.223170 1.070680 0.200000
v -0.223170 1.070680 -0.200000
v -0.224732 1.074518 0.200000
v -0.224732 1.074518 -0.200000
v -0.226452 1.078267 0.200000
v -0.226452 1.078267 -0.200000
v -0.228331 1.081928 0.200000
v -0.228331 1.081928 -0.200000
v -0.230369 1.085501 0.200000
v -0.230369 1.085501 -0.200000
v -0.232566 1.088986 0.200000
v -0.232566 1.088986 -0.200000
v -0.234922 1.092383 0.200000
v -0.234922 1.092383 -0.200000
v -0.237436 1.095691 0.200000
v -0.237436 1.095691 -0.200000
v -0.240109 1.098911 0.200000
v -0.240109 1.098911 -0.200000
v -0.242985 1.102034 0.200000
v -0.242985 1.102034 -0.200000
v -0.246108 1.105052 0.200000
v -0.246108 1.105052 -0.200000
v -0.249478 1.107963 0.200000
v -0.249478 1.107963 -0.200000
v -0.253096 1.110768 0.200000
v -0.253096 1.110768 -0.200000
v -0.256960 1.113468 0.200000
v -0.256960 1.113468 -0.200000
v -0.261071 1.116062 0.200000
v -0.261071 1.116062 -0.200000
v -0.265429 1.118550 0.200000
v -0.265429 1.118550 -0.200000
v -0.270034 1.120932 0.200000
v -0.270034 1.120932 -0.200000
v -0.274887 1.123208 0.200000
v -0.274887 1.123208 -0.200000
v -0.279986 1.125378 0.200000
v -0.279986 1.125378 -0.200000
v -0.285332 1.127443 0.200000
v -0.285332 1.127443 -0.200000
v -0.290926 1.129401 0.200000
v -0.290926 1.129401 -0.200000
v -0.296784 1.131272 0.200000
v -0.296784 1.131272 -0.200000
v -0.302924 1.133071 0.200000
v -0.302924 1.133071 -0.200000
v -0.309347 1.134801 0.200000
v -0.309347 1.134801 -0.200000
v -0.316052 1.136459 0.200000
v -0.316052 1.136459 -0.200000
v -0.323039 1.138047 0.200000
v -0.323039 1.138047 -0.200000
v -0.330309 1.139565 0.200000
v -0.330309 1.139565 -0.200000
v -0.337861 1.141011 0.200000
v -0.337861 1.141011 -0.200000
v -0.345695 1.142388 0.200000
v -0.345695 1.142388 -0.200000
v -0.353811 1.143693 0.200000
v -0.353812 1.143693 -0.200000
v -0.362210 1.144929 0.200000
v -0.362210 1.144929 -0.200000
v -0.370891 1.146093 0.200000
v -0.370892 1.146093 -0.200000
v -0.379855 1.147187 0.200000
v -0.379855 1.147187 -0.200000
v -0.389110 1.148202 0.200000
v -0.389110 1.148202 -0.200000
v -0.398664 1.149128 0.200000
v -0.398664 1.149128 -0.200000
v -0.408519 1.149966 0.200000
v -0.408519 1.149966 -0.200000
v -0.418673 1.150716 0.200000
v -0.418673 1.150716 -0.200000
v -0.429128 1.151378 0.200000
v -0.429128 1.151378 -0.200000
v -0.439882 1.151951 0.200000
v -0.439882 1.151951 -0.200000
v -0.450937 1.152436 0.200000
v -0.450937 1.152436 -0.200000
v -0.462291 1.152833 0.200000
v -0.462291 1.152833 -0.200000
v -0.473945 1.153142 0.200000
v -0.473945 1.153142 -0.200000
v -0.485900 1.153363 0.200000
v -0.485900 1.153363 -0.200000
v -0.498154 1.153495 0.200000
v -0.498154 1.153495 -0.200000
v -0.510708 1.153539 0.200000
v -0.510708 1.153539 -0.200000
v -0.523633 1.153495 0.200000
v -0.523633 1.153495 -0.200000
v -0.536152 1.153363 0.200000
v -0.536152 1.153363 -0.200000
v -0.548265 1.153142 0.200000
v -0.548265 1.153142 -0.200000
v -0.559972 1.152833 0.200000
v -0.559972 1.152833 -0.200000
v -0.571273 1.152436 0.200000
v -0.571273 1.152436 -0.200000
v -0.582169 1.151951 0.200000
v -0.582169 1.151951 -0.200000
v -0.592659 1.151378 0.200000
v -0.592659 1.151378 -0.200000
v -0.602743 1.150716 0.200000
v -0.602743 1.150716 -0.200000
v -0.612421 1.149966 0.200000
v -0.612421 1.149966 -0.200000
v -0.621693 1.149128 0.200000
v -0.621693 1.149128 -0.200000
v -0.630560 1.148202 0.200000
v -0.630560 1.148202 -0.200000
v -0.639020 1.147187 0.200000
v -0.639020 1.147187 -0.200000
v -0.647128 1.146093 0.200000
v -0.647128 1.146093 -0.200000
v -0.654936 1.144929 0.200000
v -0.654936 1.144929 -0.200000
v -0.662443 1.143693 0.200000
v -0.662443 1.143693 -0.200000
v -0.669651 1.142388 0.200000
v -0.669651 1.142388 -0.200000
v -0.676559 1.141011 0.200000
v -0.676559 1.141011 -0.200000
v -0.683167 1.139565 0.200000
v -0.683167 1.139565 -0.200000
v -0.689475 1.138047 0.200000
v -0.689475 1.138047 -0.200000
v -0.695483 1.136459 0.200000
v -0.695483 1.136459 -0.200000
v -0.701191 1.134801 0.200000
v -0.701191 1.134801 -0.200000
v -0.706599 1.133071 0.200000
v -0.706599 1.133071 -0.200000
v -0.711707 1.131272 0.200000
v -0.711707 1.131272 -0.200000
v -0.716516 1.129401 0.200000
v -0.716516 1.129401 -0.200000
v -0.721041 1.127443 0.200000
v -0.721041 1.127443 -0.200000
v -0.725303 1.125378 0.200000
v -0.725303 1.125378 -0.200000
v -0.729299 1.123208 0.200000
v -0.729299 1.123208 -0.200000
v -0.733031 1.120932 0.200000
v -0.733031 1.120932 -0.200000
v -0.736498 1.118550 0.200000
v -0.736498 1.118550 -0.200000
v -0.739701 1.116062 0.200000
v -0.739701 1.116062 -0.200000
v -0.742639 1.113468 0.200000
v -0.742639 1.113468 -0.200000
v -0.745312 1.110768 0.200000
v -0.745312 1.110768 -0.200000
v -0.747720 1.107963 0.200000
v -0.747720 1.107963 -0.200000
v -0.749864 1.105052 0.200000
v -0.749864 1.105052 -0.200000
v -0.751743 1.102034 0.200000
v -0.751743 1.102034 -0.200000
v -0.753358 1.098911 0.200000
v -0.753358 1.098911 -0.200000
v -0.754743 1.095691 0.200000
v -0.754743 1.095691 -0.200000
v -0.755934 1.092383 0.200000
v -0.755934 1.092383 -0.200000
v -0.756931 1.088986 0.200000
v -0.756931 1.088986 -0.200000
v -0.757734 1.085501 0.200000
v -0.757734 1.085501 -0.200000
v -0.758342 1.081928 0.200000
v -0.758342 1.081928 -0.200000
v -0.758757 1.078267 0.200000
v -0.758757 1.078267 -0.200000
v -0.758977 1.074518 0.200000
v -0.758977 1.074518 -0.200000
v -0.759004 1.070680 0.200000
v -0.759004 1.070680 -0.200000
v -0.758836 1.066754 0.200000
v -0.758836 1.066754 -0.200000
v -0.758475 1.062740 0.200000
v -0.758475 1.062740 -0.200000
v -0.757919 1.058637 0.200000
v -0.757919 1.058637 -0.200000
v -0.757169 1.054447 0.200000
v -0.757169 1.054447 -0.200000
v -0.683485 0.680944 0.200000
v -0.683485 0.680944 -0.200000
v -0.692625 0.695792 0.200000
v -0.692625 0.695792 -0.200000
v -0.702259 0.710693 0.200000
v -0.702259 0.710693 -0.200000
v -0.712387 0.725647 0.200000
v -0.712387 0.725647 -0.200000
v -0.723009 0.740654 0.200000
v -0.723009 0.740654 -0.200000
v -0.734125 0.755713 0.200000
v -0.734125 0.755713 -0.200000
v -0.745735 0.770826 0.200000
v -0.745735 0.770826 -0.200000
v -0.757840 0.785992 0.200000
v -0.757840 0.785992 -0.200000
v -0.770438 0.801210 0.200000
v -0.770438 0.801210 -0.200000
v -0.783530 0.816482 0.200000
v -0.783530 0.816482 -0.200000
v -0.797117 0.831806 0.200000
v -0.797117 0.831806 -0.200000
v -0.811197 0.847183 0.200000
v -0.811197 0.847183 -0.200000
v -0.825772 0.862614 0.200000
v -0.825772 0.862614 -0.200000
v -0.840761 0.877938 0.200000
v -0.840761 0.877938 -0.200000
v -0.856085 0.892998 0.200000
v -0.856085 0.892998 -0.200000
v -0.871745 0.907793 0.200000
v -0.871745 0.907793 -0.200000
v -0.887740 0.922323 0.200000
v -0.887740 0.922323 -0.200000
v -0.904070 0.936589 0.200000
v -0.904070 0.936589 -0.200000
v -0.920735 0.950590 0.200000
v -0.920735 0.950590 -0.200000
v -0.937736 0.964326 0.200000
v -0.937736 0.964326 -0.200000
v -0.955072 0.977798 0.200000
v -0.955072 0.977798 -0.200000
v -0.972743 0.991005 0.200000
v -0.972743 0.991005 -0.200000
v -0.990749 1.003947 0.200000
v -0.990749 1.003947 -0.200000
v -1.009091 1.016625 0.200000
v -1.009091 1.016625 -0.200000
v -1.027768 1.029038 0.200000
v -1.027768 1.029038 -0.200000
v -1.046754 1.041134 0.200000
v -1.046754 1.041134 -0.200000
v -1.066022 1.052859 0.200000
v -1.066022 1.052859 -0.200000
v -1.085572 1.064213 0.200000
v -1.085572 1.064213 -0.200000
v -1.105404 1.075197 0.200000
v -1.105404 1.075197 -0.200000
v -1.125519 1.085810 0.200000
v -1.125519 1.085810 -0.200000
v -1.145917 1.096053 0.200000
v -1.145917 1.096053 -0.200000
v -1.166596 1.105925 0.200000
v -1.166596 1.105925 -0.200000
v -1.187558 1.115427 0.200000
v -1.187558 1.115427 -0.200000
v -1.208802 1.124558 0.200000
v -1.208802 1.124558 -0.200000
v -1.230329 1.133318 0.200000
v -1.230329 1.133318 -0.200000
v -1.252138 1.141708 0.200000
v -1.252138 1.141708 -0.200000
v -1.274229 1.149728 0.200000
v -1.274229 1.149728 -0.200000
v -1.296523 1.157236 0.200000
v -1.296523 1.157236 -0.200000
v -1.318941 1.164091 0.200000
v -1.318941 1.164091 -0.200000
v -1.341482 1.170293 0.200000
v -1.341482 1.170293 -0.200000
v -1.364146 1.175842 0.200000
v -1.364146 1.175842 -0.200000
v -1.386934 1.180738 0.200000
v -1.386934 1.180738 -0.200000
v -1.409846 1.184982 0.200000
v -1.409846 1.184982 -0.200000
v -1.432881 1.188573 0.200000
v -1.432881 1.188573 -0.200000
v -1.456040 1.191511 0.200000
v -1.456040 1.191511 -0.200000
v -1.479322 1.193796 0.200000
v -1.479322 1.193796 -0.200000
v -1.502728 1.195428 0.200000
v -1.502728 1.195428 -0.200000
v -1.526257 1.196407 0.200000
v -1.526257 1.196407 -0.200000
v -1.549909 1.196733 0.200000
v -1.549909 1.196733 -0.200000
v -1.574197 1.196460 0.200000
v -1.574197 1.196460 -0.200000
v -1.597938 1.195639 0.200000
v -1.597938 1.195639 -0.200000
v -1.621132 1.194272 0.200000
v -1.621132 1.194272 -0.200000
v -1.643779 1.192358 0.200000
v -1.643779 1.192358 -0.200000
v -1.665879 1.189896 0.200000
v -1.665879 1.189896 -0.200000
v -1.687432 1.186888 0.200000
v -1.687432 1.186888 -0.200000
v -1.708438 1.183332 0.200000
v -1.708438 1.183332 -0.200000
v -1.728897 1.179230 0.200000
v -1.728897 1.179230 -0.200000
v -1.748809 1.174580 0.200000
v -1.748809 1.174580 -0.200000
v -1.768174 1.169384 0.200000
v -1.768174 1.169384 -0.200000
v -1.786992 1.163641 0.200000
v -1.786992 1.163641 -0.200000
v -1.805263 1.157350 0.200000
v -1.805263 1.157350 -0.200000
v -1.822996 1.150575 0.200000
v -1.822996 1.150575 -0.200000
v -1.840200 1.143376 0.200000
v -1.840200 1.143376 -0.200000
v -1.856874 1.135753 0.200000
v -1.856874 1.135753 -0.200000
v -1.873019 1.127707 0.200000
v -1.873019 1.127707 -0.200000
v -1.888634 1.119238 0.200000
v -1.888634 1.119238 -0.200000
v -1.903721 1.110345 0.200000
v -1.903721 1.110345 -0.200000
v -1.918278 1.101029 0.200000
v -1.918278 1.101029 -0.200000
v -1.932305 1.091289 0.200000
v -1.932305 1.091289 -0.200000
v -1.945803 1.081125 0.200000
v -1.945803 1.081125 -0.200000
v -1.958772 1.070539 0.200000
v -1.958772 1.070539 -0.200000
v -1.971212 1.059528 0.200000
v -1.971212 1.059528 -0.200000
v -1.983122 1.048095 0.200000
v -1.983122 1.048095 -0.200000
v -1.994538 1.036281 0.200000
v -1.994538 1.036281 -0.200000
v -2.005495 1.024133 0.200000
v -2.005495 1.024133 -0.200000
v -2.015994 1.011649 0.200000
v -2.015994 1.011649 -0.200000
v -2.026034 0.998831 0.200000
v -2.026034 0.998831 -0.200000
v -2.035615 0.985677 0.200000
v -2.035615 0.985677 -0.200000
v -2.044737 0.972187 0.200000
v -2.044737 0.972187 -0.200000
v -2.053401 0.958363 0.200000
v -2.053401 0.958363 -0.200000
v -2.061606 0.944203 0.200000
v -2.061606 0.944203 -0.200000
v -2.069352 0.929708 0.200000
v -2.069352 0.929708 -0.200000
v -2.076639 0.914877 0.200000
v -2.076639 0.914877 -0.200000
v -2.083468 0.899712 0.200000
v -2.083468 0.899712 -0.200000
v -2.089837 0.884211 0.200000
v -2.089837 0.884211 -0.200000
v -2.095792 0.868436 0.200000
v -2.095792 0.868436 -0.200000
v -2.101377 0.852450 0.200000
v -2.101377 0.852450 -0.200000
v -2.106591 0.836252 0.200000
v -2.106591 0.836252 -0.200000
v -2.111434 0.819843 0.200000
v -2.111434 0.819843 -0.200000
v -2.115907 0.803222 0.200000
v -2.115907 0.803222 -0.200000
v -2.120009 0.786389 0.200000
v -2.120009 0.786389 -0.200000
v -2.123741 0.769344 0.200000
v -2.123741 0.769344 -0.200000
v -2.127102 0.752087 0.200000
v -2.127102 0.752087 -0.200000
v -2.130093 0.734619 0.200000
v -2.130093 0.734619 -0.200000
v -2.132713 0.716939 0.200000
v -2.132713 0.716939 -0.200000
v -2.134963 0.699047 0.200000
v -2.134963 0.699047 -0.200000
v -2.136842 0.680944 0.200000
v -2.136842 0.680944 -0.200000
v -2.146803 0.696189 0.200000
v -2.146803 0.696189 -0.200000
v -2.157204 0.711434 0.200000
v -2.157204 0.711434 -0.200000
v -2.168047 0.726679 0.200000
v -2.168047 0.726679 -0.200000
v -2.179331 0.741924 0.200000
v -2.179331 0.741924 -0.200000
v -2.191056 0.757169 0.200000
v -2.191056 0.757169 -0.200000
v -2.203222 0.772414 0.200000
v -2.203222 0.772414 -0.200000
v -2.215829 0.787659 0.200000
v -2.215829 0.787659 -0.200000
v -2.228877 0.802904 0.200000
v -2.228877 0.802904 -0.200000
v -2.242367 0.818149 0.200000
v -2.242367 0.818149 -0.200000
v -2.256297 0.833394 0.200000
v -2.256297 0.833394 -0.200000
v -2.270669 0.848639 0.200000
v -2.270669 0.848639 -0.200000
v -2.285481 0.863884 0.200000
v -2.285481 0.863884 -0.200000
v -2.300673 0.879006 0.200000
v -2.300673 0.879006 -0.200000
v -2.316183 0.893880 0.200000
v -2.316183 0.893880 -0.200000
v -2.332010 0.908507 0.200000
v -2.332010 0.908507 -0.200000
v -2.348155 0.922888 0.200000
v -2.348155 0.922888 -0.200000
v -2.364618 0.937021 0.200000
v -2.364618 0.937021 -0.200000
v -2.381397 0.950908 0.200000
v -2.381397 0.950908 -0.200000
v -2.398495 0.964547 0.200000
v -2.398495 0.964547 -0.200000
v -2.415911 0.977939 0.200000
v -2.415911 0.977939 -0.200000
v -2.433644 0.991085 0.200000
v -2.433644 0.991085 -0.200000
v -2.451694 1.003983 0.200000
v -2.451694 1.003983 -0.200000
v -2.470062 1.016634 0.200000
v -2.470062 1.016634 -0.200000
v -2.488748 1.029038 0.200000
v -2.488748 1.029038 -0.200000
v -2.507725 1.041134 0.200000
v -2.507725 1.041134 -0.200000
v -2.526966 1.052859 0.200000
v -2.526966 1.052859 -0.200000
v -2.546473 1.064213 0.200000
v -2.546473 1.064213 -0.200000
v -2.566243 1.075197 0.200000
v -2.566243 1.075197 -0.200000
v -2.586279 1.085810 0.200000
v -2.586279 1.085810 -0.200000
v -2.606579 1.096053 0.200000
v -2.606579 1.096053 -0.200000
v -2.627144 1.105925 0.200000
v -2.627144 1.105925 -0.200000
v -2.647973 1.115427 0.200000
v -2.647973 1.115427 -0.200000
v -2.669067 1.124558 0.200000
v -2.669067 1.124558 -0.200000
v -2.690426 1.133318 0.200000
v -2.690426 1.133318 -0.200000
v -2.712050 1.141708 0.200000
v -2.712050 1.141708 -0.200000
v -2.733938 1.149728 0.200000
v -2.733938 1.149728 -0.200000
v -2.756012 1.157236 0.200000
v -2.756012 1.157236 -0.200000
v -2.778191 1.164091 0.200000
v -2.778191 1.164091 -0.200000
v -2.800477 1.170293 0.200000
v -2.800477 1.170293 -0.200000
v -2.822868 1.175842 0.200000
v -2.822868 1.175842 -0.200000
v -2.845365 1.180738 0.200000
v -2.845365 1.180738 -0.200000
v -2.867967 1.184982 0.200000
v -2.867967 1.184982 -0.200000
v -2.890676 1.188573 0.200000
v -2.890676 1.188573 -0.200000
v -2.913491 1.191511 0.200000
v -2.913491 1.191511 -0.200000
v -2.936411 1.193796 0.200000
v -2.936411 1.193796 -0.200000
v -2.959437 1.195428 0.200000
v -2.959437 1.195428 -0.200000
v -2.982569 1.196407 0.200000
v -2.982569 1.196407 -0.200000
v -3.005808 1.196733 0.200000
v -3.005808 1.196733 -0.200000
v -3.035054 1.196389 0.200000
v -3.035054 1.196389 -0.200000
v -3.063506 1.195357 0.200000
v -3.063506 1.195357 -0.200000
v -3.091164 1.193637 0.200000
v -3.091164 1.193637 -0.200000
v -3.118028 1.191228 0.200000
v -3.118028 1.191228 -0.200000
v -3.144098 1.188132 0.200000
v -3.144098 1.188132 -0.200000
v -3.169374 1.184347 0.200000
v -3.169374 1.184347 -0.200000
v -3.193856 1.179874 0.200000
v -3.193856 1.179874 -0.200000
v -3.217544 1.174713 0.200000
v -3.217544 1.174713 -0.200000
v -3.240438 1.168864 0.200000
v -3.240438 1.168864 -0.200000
v -3.262538 1.162326 0.200000
v -3.262538 1.162326 -0.200000
v -3.283844 1.155101 0.200000
v -3.283844 1.155101 -0.200000
v -3.304356 1.147187 0.200000
v -3.304356 1.147187 -0.200000
v -3.324144 1.138665 0.200000
v -3.324144 1.138665 -0.200000
v -3.343280 1.129613 0.200000
v -3.343280 1.129613 -0.200000
v -3.361763 1.120032 0.200000
v -3.361763 1.120032 -0.200000
v -3.379593 1.109922 0.200000
v -3.379593 1.109922 -0.200000
v -3.396770 1.099282 0.200000
v -3.396770 1.099282 -0.200000
v -3.413294 1.088113 0.200000
v -3.413294 1.088113 -0.200000
v -3.429166 1.076414 0.200000
v -3.429166 1.076414 -0.200000
v -3.444384 1.064187 0.200000
v -3.444384 1.064187 -0.200000
v -3.458950 1.051430 0.200000
v -3.458950 1.051430 -0.200000
v -3.472862 1.038143 0.200000
v -3.472862 1.038143 -0.200000
v -3.486122 1.024327 0.200000
v -3.486122 1.024327 -0.200000
v -3.498729 1.009982 0.200000
v -3.498729 1.009982 -0.200000
v -3.510728 0.995160 0.200000
v -3.510728 0.995160 -0.200000
v -3.522162 0.979915 0.200000
v -3.522162 0.979915 -0.200000
v -3.533031 0.964247 0.200000
v -3.533031 0.964247 -0.200000
v -3.543335 0.948155 0.200000
v -3.543335 0.948155 -0.200000
v -3.553075 0.931640 0.200000
v -3.553075 0.931640 -0.200000
v -3.562251 0.914701 0.200000
v -3.562251 0.914701 -0.200000
v -3.570861 0.897338 0.200000
v -3.570861 0.897338 -0.200000
v -3.578907 0.879552 0.200000
v -3.578907 0.879552 -0.200000
v -3.586388 0.861343 0.200000
v -3.586388 0.861343 -0.200000
v -3.593305 0.842710 0.200000
v -3.593305 0.842710 -0.200000
v -3.599657 0.823654 0.200000
v -3.599657 0.823654 -0.200000
v -3.605445 0.804174 0.200000
v -3.605445 0.804174 -0.200000
v -3.610721 0.784351 0.200000
v -3.610721 0.784351 -0.200000
v -3.615538 0.764262 0.200000
v -3.615538 0.764262 -0.200000
v -3.619896 0.743909 0.200000
v -3.619896 0.743909 -0.200000
v -3.623796 0.723291 0.200000
v -3.623796 0.723291 -0.200000
v -3.627236 0.702409 0.200000
v -3.627236 0.702409 -0.200000
v -3.630218 0.681262 0.200000
v -3.630218 0.681262 -0.200000
v -3.632741 0.659850 0.200000
v -3.632741 0.659850 -0.200000
v -3.634806 0.638173 0.200000
v -3.634806 0.638173 -0.200000
v -3.636411 0.616232 0.200000
v -3.636411 0.616232 -0.200000
v -3.637558 0.594026 0.200000
v -3.637558 0.594026 -0.200000
v -3.638246 0.571556 0.200000
v -3.638246 0.571556 -0.200000
v -3.638476 0.548821 0.200000
v -3.638476 0.548821 -0.200000
v -3.638405 0.533990 0.200000
v -3.638405 0.533990 -0.200000
v -3.638194 0.519142 0.200000
v -3.638194 0.519142 -0.200000
v -3.637841 0.504277 0.200000
v -3.637841 0.504277 -0.200000
v -3.637347 0.489393 0.200000
v -3.637347 0.489393 -0.200000
v -3.636712 0.474492 0.200000
v -3.636712 0.474492 -0.200000
v -3.635935 0.459574 0.200000
v -3.635935 0.459574 -0.200000
v -3.635018 0.444637 0.200000
v -3.635018 0.444637 -0.200000
v -3.633959 0.429684 0.200000
v -3.633959 0.429684 -0.200000
v -3.632759 0.414712 0.200000
v -3.632759 0.414712 -0.200000
v -3.631418 0.399723 0.200000
v -3.631418 0.399723 -0.200000
v -3.629936 0.384716 0.200000
v -3.629936 0.384716 -0.200000
v -3.628312 0.369692 0.200000
v -3.628312 0.369692 -0.200000
v -3.626548 0.354632 0.200000
v -3.626548 0.354632 -0.200000
v -3.624642 0.339519 0.200000
v -3.624642 0.339519 -0.200000
v -3.622595 0.324354 0.200000
v -3.622595 0.324354 -0.200000
v -3.620408 0.309135 0.200000
v -3.620408 0.309135 -0.200000
v -3.618078 0.293864 0.200000
v -3.618078 0.293864 -0.200000
v -3.615608 0.278539 0.200000
v -3.615608 0.278539 -0.200000
v -3.612997 0.263162 0.200000
v -3.612997 0.263162 -0.200000
v -3.610244 0.247732 0.200000
v -3.610244 0.247732 -0.200000
v -3.607350 0.232248 0.200000
v -3.607350 0.232248 -0.200000
v -3.604315 0.216712 0.200000
v -3.604315 0.216712 -0.200000
v -3.601139 0.201123 0.200000
v -3.601139 0.201123 -0.200000
v -6.254264 0.791470 0.200001
v -6.254264 0.791470 -0.200000
v -6.262584 0.772158 0.200001
v -6.262584 0.772158 -0.200000
v -6.270180 0.752758 0.200001
v -6.270180 0.752758 -0.199999
v -6.277053 0.733269 0.200001
v -6.277053 0.733269 -0.199999
v -6.283202 0.713692 0.200001
v -6.283202 0.713692 -0.199999
v -6.288628 0.694027 0.200001
v -6.288628 0.694027 -0.199999
v -6.293330 0.674274 0.200001
v -6.293330 0.674274 -0.199999
v -6.297309 0.654433 0.200001
v -6.297309 0.654433 -0.199999
v -6.300564 0.634503 0.200001
v -6.300564 0.634503 -0.199999
v -6.303097 0.614485 0.200001
v -6.303097 0.614485 -0.199999
v -6.304905 0.594379 0.200001
v -6.304905 0.594379 -0.199999
v -6.305990 0.574185 0.200001
v -6.305990 0.574185 -0.199999
v -6.306352 0.553902 0.200001
v -6.306352 0.553902 -0.199999
v -6.305779 0.523668 0.200001
v -6.305779 0.523668 -0.199999
v -6.304058 0.493946 0.200001
v -6.304058 0.493946 -0.199999
v -6.301191 0.464735 0.200001
v -6.301191 0.464735 -0.199999
v -6.297177 0.436036 0.200001
v -6.297177 0.436036 -0.199999
v -6.292016 0.407848 0.200001
v -6.292016 0.407848 -0.199999
v -6.285707 0.380173 0.200001
v -6.285707 0.380173 -0.199999
v -6.278253 0.353009 0.200001
v -6.278253 0.353009 -0.199999
v -6.269651 0.326356 0.200001
v -6.269651 0.326356 -0.199999
v -6.259902 0.300216 0.200001
v -6.259902 0.300216 -0.199999
v -6.249007 0.274587 0.200001
v -6.249007 0.274587 -0.199999
v -6.236964 0.249470 0.200001
v -6.236964 0.249470 -0.199999
v -6.223775 0.224864 0.200001
v -6.223775 0.224864 -0.199999
v -6.209377 0.200797 0.200001
v -6.209377 0.200797 -0.199999
v -6.193708 0.177294 0.200001
v -6.193708 0.177294 -0.199999
v -6.176770 0.154356 0.200001
v -6.176770 0.154356 -0.199999
v -6.158561 0.131983 0.200001
v -6.158561 0.131982 -0.199999
v -6.139081 0.110174 0.200001
v -6.139081 0.110174 -0.199999
v -6.118330 0.088929 0.200001
v -6.118330 0.088929 -0.199999
v -6.096310 0.068250 0.200001
v -6.096310 0.068250 -0.199999
v -6.073019 0.048135 0.200001
v -6.073019 0.048135 -0.199999
v -6.048457 0.028585 0.200001
v -6.048457 0.028585 -0.199999
v -6.022625 0.009599 0.200001
v -6.022625 0.009599 -0.199999
v -5.995523 -0.008822 0.200001
v -5.995523 -0.008822 -0.199999
v -5.967150 -0.026679 0.200001
v -5.967150 -0.026679 -0.199999
v -5.937490 -0.043909 0.200001
v -5.937490 -0.043909 -0.199999
v -5.906523 -0.060450 0.200001
v -5.906523 -0.060450 -0.199999
v -5.874251 -0.076304 0.200001
v -5.874251 -0.076304 -0.199999
v -5.840673 -0.091470 0.200001
v -5.840673 -0.091470 -0.199999
v -5.805789 -0.105947 0.200001
v -5.805789 -0.105947 -0.200000
v -5.769600 -0.119737 0.200001
v -5.769600 -0.119737 -0.200000
v -5.732105 -0.132838 0.200001
v -5.732105 -0.132838 -0.200000
v -5.693305 -0.145251 0.200001
v -5.693305 -0.145251 -0.200000
v -5.653198 -0.156976 0.200001
v -5.653198 -0.156976 -0.200000
v -5.611786 -0.168012 0.200001
v -5.611786 -0.168013 -0.200000
v -5.569068 -0.178361 0.200001
v -5.569068 -0.178361 -0.200000
v -5.525045 -0.188022 0.200001
v -5.525045 -0.188022 -0.200000
v -5.479654 -0.196950 0.200001
v -5.479654 -0.196950 -0.200000
v -5.432834 -0.205102 0.200000
v -5.432834 -0.205102 -0.200000
v -5.384584 -0.212477 0.200000
v -5.384584 -0.212477 -0.200000
v -5.334906 -0.219076 0.200000
v -5.334906 -0.219076 -0.200000
v -5.283798 -0.224899 0.200000
v -5.283798 -0.224899 -0.200000
v -5.231261 -0.229945 0.200000
v -5.231261 -0.229945 -0.200000
v -5.177295 -0.234215 0.200000
v -5.177295 -0.234215 -0.200000
v -5.121899 -0.237709 0.200000
v -5.121899 -0.237709 -0.200000
v -5.065074 -0.240426 0.200000
v -5.065074 -0.240426 -0.200000
v -5.006821 -0.242367 0.200000
v -5.006821 -0.242367 -0.200000
v -4.947138 -0.243532 0.200000
v -4.947138 -0.243532 -0.200000
v -4.886025 -0.243920 0.200000
v -4.886025 -0.243920 -0.200000
v -4.652268 -0.243920 0.200000
v -4.652268 -0.243920 -0.200000
v -4.650609 -0.253651 0.200000
v -4.650609 -0.253651 -0.200000
v -4.649022 -0.263364 0.200000
v -4.649022 -0.263364 -0.200000
v -4.647504 -0.273060 0.200000
v -4.647504 -0.273060 -0.200000
v -4.646057 -0.282738 0.200000
v -4.646057 -0.282738 -0.200000
v -4.644681 -0.292399 0.200000
v -4.644681 -0.292399 -0.200000
v -4.643375 -0.302042 0.200000
v -4.643375 -0.302042 -0.200000
v -4.642140 -0.311667 0.200000
v -4.642140 -0.311667 -0.200000
v -4.640976 -0.321274 0.200000
v -4.640976 -0.321274 -0.200000
v -4.639882 -0.330864 0.200000
v -4.639882 -0.330864 -0.200000
v -4.638858 -0.340436 0.200000
v -4.638858 -0.340436 -0.200000
v -4.637905 -0.349991 0.200000
v -4.637905 -0.349991 -0.200000
v -4.637023 -0.359528 0.200000
v -4.637023 -0.359528 -0.200000
v -4.636212 -0.368994 0.200000
v -4.636212 -0.368994 -0.200000
v -4.635471 -0.378337 0.200000
v -4.635471 -0.378337 -0.200000
v -4.634800 -0.387556 0.200000
v -4.634800 -0.387556 -0.200000
v -4.634200 -0.396652 0.200000
v -4.634200 -0.396652 -0.200000
v -4.633671 -0.405625 0.200000
v -4.633671 -0.405625 -0.200000
v -4.633212 -0.414473 0.200000
v -4.633212 -0.414473 -0.200000
v -4.632824 -0.423199 0.200000
v -4.632824 -0.423199 -0.200000
v -4.632506 -0.431801 0.200000
v -4.632506 -0.431801 -0.200000
v -4.632259 -0.440279 0.200000
v -4.632259 -0.440279 -0.200000
v -4.632083 -0.448634 0.200000
v -4.632083 -0.448634 -0.200000
v -4.631977 -0.456865 0.200000
v -4.631977 -0.456865 -0.200000
v -4.631941 -0.464973 0.200000
v -4.631941 -0.464973 -0.200000
v -4.632682 -0.498568 0.200000
v -4.632682 -0.498568 -0.200000
v -4.634906 -0.530752 0.200000
v -4.634906 -0.530752 -0.200000
v -4.638611 -0.561524 0.200000
v -4.638611 -0.561524 -0.200000
v -4.643799 -0.590885 0.200000
v -4.643799 -0.590885 -0.200000
v -4.650469 -0.618834 0.200000
v -4.650469 -0.618834 -0.200000
v -4.658620 -0.645372 0.200000
v -4.658620 -0.645372 -0.200000
v -4.668254 -0.670498 0.200000
v -4.668254 -0.670498 -0.200000
v -4.679371 -0.694212 0.200000
v -4.679371 -0.694212 -0.200000
v -4.691969 -0.716515 0.200000
v -4.691969 -0.716515 -0.200000
v -4.706049 -0.737406 0.200000
v -4.706049 -0.737406 -0.200000
v -4.721612 -0.756886 0.200000
v -4.721612 -0.756886 -0.200000
v -4.738657 -0.774954 0.200000
v -4.738657 -0.774954 -0.200000
v -4.757342 -0.791593 0.200000
v -4.757342 -0.791593 -0.200000
v -4.777828 -0.806785 0.200000
v -4.777828 -0.806785 -0.200000
v -4.800113 -0.820531 0.200000
v -4.800113 -0.820531 -0.200000
v -4.824198 -0.832829 0.200000
v -4.824198 -0.832829 -0.200000
v -4.850083 -0.843680 0.200000
v -4.850083 -0.843680 -0.200000
v -4.877768 -0.853085 0.200000
v -4.877768 -0.853085 -0.200000
v -4.907252 -0.861043 0.200000
v -4.907252 -0.861043 -0.200000
v -4.938536 -0.867554 0.200000
v -4.938536 -0.867554 -0.200000
v -4.971620 -0.872618 0.200000
v -4.971620 -0.872618 -0.200000
v -5.006503 -0.876235 0.200000
v -5.006503 -0.876235 -0.200000
v -5.043186 -0.878405 0.200000
v -5.043186 -0.878405 -0.200000
v -5.081669 -0.879129 0.200000
v -5.081669 -0.879129 -0.200000
v -5.109380 -0.878961 0.200001
v -5.109380 -0.878961 -0.200000
v -5.136615 -0.878458 0.200001
v -5.136615 -0.878458 -0.200000
v -5.163373 -0.877620 0.200001
v -5.163373 -0.877620 -0.200000
v -5.189655 -0.876447 0.200001
v -5.189655 -0.876447 -0.200000
v -5.215460 -0.874938 0.200001
v -5.215460 -0.874938 -0.200000
v -5.240789 -0.873094 0.200001
v -5.240789 -0.873094 -0.200000
v -5.265642 -0.870915 0.200001
v -5.265642 -0.870915 -0.200000
v -5.290018 -0.868401 0.200001
v -5.290018 -0.868401 -0.200000
v -5.313918 -0.865551 0.200001
v -5.313918 -0.865551 -0.200000
v -5.337341 -0.862366 0.200001
v -5.337341 -0.862366 -0.200000
v -5.360288 -0.858846 0.200001
v -5.360288 -0.858846 -0.200000
v -5.382758 -0.854991 0.200001
v -5.382758 -0.854991 -0.200000
v -5.404761 -0.850932 0.200001
v -5.404761 -0.850932 -0.200000
v -5.426305 -0.846804 0.200001
v -5.426305 -0.846804 -0.200000
v -5.447391 -0.842604 0.200001
v -5.447391 -0.842604 -0.200000
v -5.468018 -0.838334 0.200001
v -5.468018 -0.838334 -0.199999
v -5.488185 -0.833994 0.200001
v -5.488185 -0.833994 -0.199999
v -5.507895 -0.829582 0.200001
v -5.507895 -0.829582 -0.199999
v -5.527144 -0.825101 0.200001
v -5.527144 -0.825101 -0.199999
v -5.545937 -0.820548 0.200001
v -5.545937 -0.820548 -0.199999
v -5.564269 -0.815925 0.200001
v -5.564269 -0.815925 -0.199999
v -5.582143 -0.811232 0.200001
v -5.582143 -0.811232 -0.199999
v -5.599559 -0.806468 0.200001
v -5.599559 -0.806468 -0.199999
v -5.616515 -0.801633 0.200001
v -5.616515 -0.801633 -0.199999
v -5.633004 -0.796799 0.200001
v -5.633004 -0.796799 -0.199999
v -5.649016 -0.792034 0.200001
v -5.649016 -0.792034 -0.199999
v -5.664553 -0.787341 0.200001
v -5.664553 -0.787341 -0.199999
v -5.679612 -0.782718 0.200001
v -5.679612 -0.782718 -0.199999
v -5.694196 -0.778166 0.200001
v -5.694196 -0.778166 -0.199999
v -5.708303 -0.773684 0.200001
v -5.708303 -0.773684 -0.199999
v -5.721933 -0.769273 0.200001
v -5.721933 -0.769273 -0.199999
v -5.735087 -0.764932 0.200001
v -5.735087 -0.764932 -0.199999
v -5.747765 -0.760662 0.200001
v -5.747765 -0.760662 -0.199999
v -5.759966 -0.756463 0.200001
v -5.759966 -0.756463 -0.199999
v -5.771691 -0.752334 0.200001
v -5.771691 -0.752334 -0.199999
v -5.782939 -0.748276 0.200001
v -5.782939 -0.748276 -0.199999
v -5.793703 -0.744420 0.200001
v -5.793703 -0.744420 -0.199999
v -5.803972 -0.740900 0.200001
v -5.803972 -0.740900 -0.199999
v -5.813747 -0.737715 0.200001
v -5.813747 -0.737715 -0.199999
v -5.823029 -0.734866 0.200001
v -5.823029 -0.734866 -0.199999
v -5.831815 -0.732351 0.200001
v -5.831815 -0.732351 -0.199999
v -5.840108 -0.730172 0.200001
v -5.840108 -0.730172 -0.199999
v -5.847907 -0.728328 0.200001
v -5.847907 -0.728328 -0.199999
v -5.855212 -0.726820 0.200001
v -5.855212 -0.726820 -0.199999
v -5.862023 -0.725646 0.200001
v -5.862023 -0.725646 -0.199999
v -5.868340 -0.724808 0.200001
v -5.868340 -0.724808 -0.199999
v -5.874163 -0.724305 0.200001
v -5.874163 -0.724305 -0.199999
v -5.879491 -0.724138 0.200001
v -5.879491 -0.724138 -0.199999
v -5.884449 -0.724261 0.200001
v -5.884449 -0.724261 -0.199999
v -5.889160 -0.724632 0.200001
v -5.889160 -0.724632 -0.199999
v -5.893624 -0.725249 0.200001
v -5.893624 -0.725249 -0.199999
v -5.897841 -0.726114 0.200001
v -5.897841 -0.726114 -0.199999
v -5.901811 -0.727226 0.200001
v -5.901811 -0.727226 -0.199999
v -5.905534 -0.728584 0.200001
v -5.905534 -0.728584 -0.199999
v -5.909010 -0.730190 0.200001
v -5.909010 -0.730190 -0.199999
v -5.912239 -0.732043 0.200001
v -5.912239 -0.732043 -0.199999
v -5.915221 -0.734142 0.200001
v -5.915221 -0.734142 -0.199999
v -5.917956 -0.736489 0.200001
v -5.917956 -0.736489 -0.199999
v -5.920444 -0.739083 0.200001
v -5.920444 -0.739083 -0.199999
v -5.922686 -0.741924 0.200001
v -5.922686 -0.741924 -0.199999
v -5.924715 -0.745029 0.200001
v -5.924715 -0.745029 -0.199999
v -5.926567 -0.748417 0.200001
v -5.926567 -0.748417 -0.199999
v -5.928243 -0.752087 0.200001
v -5.928243 -0.752087 -0.199999
v -5.929743 -0.756039 0.200001
v -5.929743 -0.756039 -0.199999
v -5.931067 -0.760274 0.200001
v -5.931067 -0.760274 -0.199999
v -5.932214 -0.764791 0.200001
v -5.932214 -0.764791 -0.199999
v -5.933184 -0.769590 0.200001
v -5.933184 -0.769590 -0.199999
v -5.933978 -0.774672 0.200001
v -5.933978 -0.774672 -0.199999
v -5.934596 -0.780036 0.200001
v -5.934596 -0.780036 -0.199999
v -5.935037 -0.785682 0.200001
v -5.935037 -0.785682 -0.199999
v -5.935301 -0.791611 0.200001
v -5.935301 -0.791611 -0.199999
v -5.935390 -0.797822 0.200001
v -5.935390 -0.797822 -0.199999
v -5.935337 -0.805109 0.200001
v -5.935337 -0.805109 -0.199999
v -5.935178 -0.812573 0.200001
v -5.935178 -0.812573 -0.199999
v -5.934913 -0.820213 0.200001
v -5.934913 -0.820213 -0.199999
v -5.934543 -0.828030 0.200001
v -5.934543 -0.828030 -0.199999
v -5.934066 -0.836023 0.200001
v -5.934066 -0.836023 -0.199999
v -5.933484 -0.844192 0.200001
v -5.933484 -0.844192 -0.199999
v -5.932796 -0.852538 0.200001
v -5.932796 -0.852538 -0.199999
v -5.932002 -0.861061 0.200001
v -5.932002 -0.861061 -0.199999
v -5.931102 -0.869759 0.200001
v -5.931102 -0.869759 -0.199999
v -5.930096 -0.878635 0.200001
v -5.930096 -0.878635 -0.199999
v -5.928985 -0.887686 0.200001
v -5.928985 -0.887686 -0.199999
v -5.927768 -0.896914 0.200001
v -5.927768 -0.896914 -0.199999
v -5.926453 -0.906222 0.200001
v -5.926453 -0.906222 -0.199999
v -5.925050 -0.915512 0.200001
v -5.925050 -0.915512 -0.199999
v -5.923559 -0.924784 0.200001
v -5.923559 -0.924784 -0.199999
v -5.921980 -0.934039 0.200001
v -5.921980 -0.934039 -0.199999
v -5.920312 -0.943276 0.200001
v -5.920312 -0.943276 -0.199999
v -5.918557 -0.952495 0.200001
v -5.918557 -0.952495 -0.199999
v -5.916713 -0.961697 0.200001
v -5.916713 -0.961697 -0.199999
v -5.914781 -0.970881 0.200001
v -5.914781 -0.970881 -0.199999
v -5.912761 -0.980047 0.200001
v -5.912761 -0.980047 -0.199999
v -5.910652 -0.989196 0.200001
v -5.910652 -0.989196 -0.199999
v -5.908455 -0.998327 0.200001
v -5.908455 -0.998327 -0.199999
v -5.906170 -1.007441 0.200001
v -5.906170 -1.007441 -0.199999
v -5.903788 -1.016501 0.200001
v -5.903788 -1.016501 -0.199999
v -5.901300 -1.025474 0.200001
v -5.901300 -1.025474 -0.199999
v -5.898706 -1.034358 0.200001
v -5.898706 -1.034358 -0.199999
v -5.896007 -1.043154 0.200001
v -5.896007 -1.043154 -0.199999
v -5.893201 -1.051861 0.200001
v -5.893201 -1.051861 -0.199999
v -5.890290 -1.060481 0.200001
v -5.890290 -1.060481 -0.199999
v -5.887272 -1.069012 0.200001
v -5.887272 -1.069012 -0.199999
v -5.884149 -1.077455 0.200001
v -5.884149 -1.077455 -0.199999
v -5.880920 -1.085810 0.200001
v -5.880920 -1.085810 -0.199999
v -5.877585 -1.094076 0.200001
v -5.877585 -1.094076 -0.199999
v -5.874145 -1.102255 0.200001
v -5.874145 -1.102255 -0.199999
v -5.870598 -1.110345 0.200001
v -5.870598 -1.110345 -0.199999
v -5.866955 -1.118232 0.200001
v -5.866955 -1.118232 -0.199999
v -5.863223 -1.125801 0.200001
v -5.863223 -1.125801 -0.199999
v -5.859403 -1.133053 0.200001
v -5.859403 -1.133053 -0.199999
v -5.855494 -1.139988 0.200001
v -5.855494 -1.139988 -0.199999
v -5.851498 -1.146604 0.200001
v -5.851498 -1.146604 -0.199999
v -5.847413 -1.152904 0.200001
v -5.847413 -1.152904 -0.199999
v -5.843240 -1.158885 0.200001
v -5.843240 -1.158885 -0.199999
v -5.838979 -1.164549 0.200001
v -5.838979 -1.164549 -0.199999
v -5.834630 -1.169895 0.200001
v -5.834630 -1.169895 -0.199999
v -5.830192 -1.174924 0.200001
v -5.830192 -1.174924 -0.199999
v -5.825666 -1.179635 0.200001
v -5.825666 -1.179635 -0.199999
v -5.821052 -1.184029 0.200001
v -5.821052 -1.184029 -0.199999
v -5.815618 -1.189111 0.200001
v -5.815618 -1.189111 -0.199999
v -5.809477 -1.194192 0.200001
v -5.809477 -1.194192 -0.199999
v -5.802631 -1.199274 0.200001
v -5.802631 -1.199274 -0.199999
v -5.795079 -1.204355 0.200001
v -5.795079 -1.204355 -0.199999
v -5.786821 -1.209437 0.200001
v -5.786821 -1.209437 -0.199999
v -5.777858 -1.214519 0.200001
v -5.777858 -1.214519 -0.199999
v -5.768188 -1.219601 0.200001
v -5.768188 -1.219601 -0.199999
v -5.757813 -1.224682 0.200001
v -5.757813 -1.224682 -0.199999
v -5.746733 -1.229764 0.200001
v -5.746733 -1.229764 -0.199999
v -5.734946 -1.234846 0.200001
v -5.734946 -1.234846 -0.199999
v -5.722454 -1.239927 0.200001
v -5.722454 -1.239927 -0.199999
v -5.709255 -1.245009 0.200001
v -5.709255 -1.245009 -0.199999
v -5.695475 -1.250055 0.200001
v -5.695475 -1.250055 -0.199999
v -5.681236 -1.255031 0.200001
v -5.681236 -1.255031 -0.199999
v -5.666538 -1.259936 0.200001
v -5.666538 -1.259936 -0.199999
v -5.651381 -1.264771 0.200001
v -5.651381 -1.264771 -0.199999
v -5.635766 -1.269535 0.200001
v -5.635766 -1.269535 -0.199999
v -5.619691 -1.274228 0.200001
v -5.619691 -1.274228 -0.199999
v -5.603158 -1.278851 0.200001
v -5.603158 -1.278851 -0.199999
v -5.586166 -1.283404 0.200001
v -5.586166 -1.283404 -0.199999
v -5.568716 -1.287885 0.200001
v -5.568716 -1.287885 -0.199999
v -5.550806 -1.292297 0.200001
v -5.550806 -1.292297 -0.199999
v -5.532438 -1.296637 0.200001
v -5.532438 -1.296637 -0.199999
v -5.513611 -1.300907 0.200001
v -5.513611 -1.300907 -0.199999
v -5.494361 -1.305080 0.200001
v -5.494361 -1.305080 -0.199999
v -5.474722 -1.309130 0.200001
v -5.474722 -1.309130 -0.199999
v -5.454696 -1.313056 0.200001
v -5.454696 -1.313056 -0.199999
v -5.434281 -1.316858 0.200001
v -5.434281 -1.316858 -0.199999
v -5.413477 -1.320537 0.200001
v -5.413477 -1.320537 -0.199999
v -5.392286 -1.324092 0.200001
v -5.392286 -1.324092 -0.199999
v -5.370707 -1.327524 0.200001
v -5.370707 -1.327524 -0.199999
v -5.348739 -1.330833 0.200001
v -5.348739 -1.330833 -0.199999
v -5.326384 -1.334017 0.200001
v -5.326384 -1.334017 -0.199999
v -5.303639 -1.337079 0.200001
v -5.303639 -1.337079 -0.199999
v -5.280507 -1.340017 0.200001
v -5.280507 -1.340017 -0.199999
v -5.256987 -1.342831 0.200001
v -5.256987 -1.342831 -0.199999
v -5.233237 -1.345469 0.200001
v -5.233237 -1.345469 -0.199999
v -5.209417 -1.347877 0.200001
v -5.209417 -1.347877 -0.199999
v -5.185526 -1.350056 0.200001
v -5.185526 -1.350056 -0.200000
v -5.161565 -1.352006 0.200001
v -5.161565 -1.352006 -0.200000
v -5.137532 -1.353726 0.200001
v -5.137532 -1.353726 -0.200000
v -5.113430 -1.355217 0.200001
v -5.113430 -1.355217 -0.200000
v -5.089257 -1.356479 0.200001
v -5.089257 -1.356479 -0.200000
v -5.065013 -1.357511 0.200001
v -5.065013 -1.357511 -0.200000
v -5.040699 -1.358314 0.200001
v -5.040699 -1.358314 -0.200000
v -5.016314 -1.358888 0.200001
v -5.016314 -1.358888 -0.200000
v -4.991858 -1.359232 0.200001
v -4.991858 -1.359232 -0.200000
v -4.967332 -1.359346 0.200001
v -4.967332 -1.359346 -0.200000
v -4.927111 -1.358994 0.200001
v -4.927111 -1.358994 -0.200000
v -4.887754 -1.357935 0.200001
v -4.887754 -1.357935 -0.200000
v -4.849262 -1.356170 0.200000
v -4.849262 -1.356170 -0.200000
v -4.811635 -1.353700 0.200000
v -4.811635 -1.353700 -0.200000
v -4.774872 -1.350524 0.200000
v -4.774872 -1.350524 -0.200000
v -4.738974 -1.346642 0.200000
v -4.738974 -1.346642 -0.200000
v -4.703941 -1.342055 0.200000
v -4.703941 -1.342055 -0.200000
v -4.669772 -1.336761 0.200000
v -4.669772 -1.336761 -0.200000
v -4.636467 -1.330762 0.200000
v -4.636467 -1.330762 -0.200000
v -4.604028 -1.324057 0.200000
v -4.604028 -1.324057 -0.200000
v -4.572453 -1.316646 0.200000
v -4.572453 -1.316646 -0.200000
v -4.541742 -1.308530 0.200000
v -4.541742 -1.308530 -0.200000
v -4.511878 -1.299690 0.200000
v -4.511878 -1.299690 -0.200000
v -4.482844 -1.290109 0.200000
v -4.482844 -1.290109 -0.200000
v -4.454639 -1.279786 0.200000
v -4.454639 -1.279786 -0.200000
v -4.427263 -1.268723 0.200000
v -4.427263 -1.268723 -0.200000
v -4.400717 -1.256919 0.200000
v -4.400717 -1.256919 -0.200000
v -4.375000 -1.244374 0.200000
v -4.375000 -1.244374 -0.200000
v -4.350111 -1.231087 0.200000
v -4.350111 -1.231087 -0.200000
v -4.326053 -1.217059 0.200000
v -4.326053 -1.217059 -0.200000
v -4.302824 -1.202291 0.200000
v -4.302824 -1.202291 -0.200000
v -4.280424 -1.186781 0.200000
v -4.280424 -1.186781 -0.200000
v -4.258854 -1.170530 0.200000
v -4.258854 -1.170530 -0.200000
v -4.238112 -1.153539 0.200000
v -4.238112 -1.153539 -0.200000
v -4.218209 -1.135779 0.200000
v -4.218209 -1.135779 -0.200000
v -4.199153 -1.117226 0.200000
v -4.199153 -1.117226 -0.200000
v -4.180943 -1.097879 0.200000
v -4.180943 -1.097879 -0.200000
v -4.163581 -1.077737 0.200000
v -4.163581 -1.077737 -0.200000
v -4.147066 -1.056802 0.200000
v -4.147066 -1.056802 -0.200000
v -4.131398 -1.035072 0.200000
v -4.131398 -1.035072 -0.200000
v -4.116576 -1.012549 0.200000
v -4.116576 -1.012549 -0.200000
v -4.102602 -0.989231 0.200000
v -4.102602 -0.989231 -0.200000
v -4.089474 -0.965120 0.200000
v -4.089474 -0.965120 -0.200000
v -4.077193 -0.940215 0.200000
v -4.077193 -0.940215 -0.200000
v -4.065759 -0.914515 0.200000
v -4.065759 -0.914515 -0.200000
v -4.055172 -0.888022 0.200000
v -4.055172 -0.888022 -0.200000
v -4.045432 -0.860716 0.200000
v -4.045432 -0.860716 -0.200000
v -4.036539 -0.832582 0.200000
v -4.036539 -0.832582 -0.200000
v -4.028493 -0.803618 0.200000
v -4.028493 -0.803618 -0.200000
v -4.021295 -0.773825 0.200000
v -4.021295 -0.773825 -0.200000
v -4.014943 -0.743203 0.200000
v -4.014943 -0.743203 -0.200000
v -4.009438 -0.711751 0.200000
v -4.009438 -0.711751 -0.200000
v -4.004779 -0.679470 0.200000
v -4.004779 -0.679470 -0.200000
v -4.000968 -0.646360 0.200000
v -4.000968 -0.646360 -0.200000
v -3.998003 -0.612420 0.200000
v -3.998003 -0.612420 -0.200000
v -3.995886 -0.577651 0.200000
v -3.995886 -0.577651 -0.200000
v -3.994615 -0.542053 0.200000
v -3.994615 -0.542053 -0.200000
v -3.994192 -0.505626 0.200000
v -3.994192 -0.505626 -0.200000
v -3.994413 -0.477086 0.200000
v -3.994413 -0.477086 -0.200000
v -3.995074 -0.448210 0.200000
v -3.995074 -0.448210 -0.200000
v -3.996177 -0.418999 0.200000
v -3.996177 -0.418999 -0.200000
v -3.997721 -0.389453 0.200000
v -3.997721 -0.389453 -0.200000
v -3.999706 -0.359572 0.200000
v -3.999706 -0.359572 -0.200000
v -4.002132 -0.329356 0.200000
v -4.002132 -0.329356 -0.200000
v -4.005000 -0.298804 0.200000
v -4.005000 -0.298804 -0.200000
v -4.008307 -0.267917 0.200000
v -4.008307 -0.267917 -0.200000
v -4.012057 -0.236694 0.200000
v -4.012057 -0.236694 -0.200000
v -4.016248 -0.205137 0.200000
v -4.016248 -0.205137 -0.200000
v -4.020880 -0.173244 0.200000
v -4.020880 -0.173244 -0.200000
v -4.025952 -0.141016 0.200000
v -4.025952 -0.141016 -0.200000
v -4.031519 -0.108656 0.200000
v -4.031519 -0.108656 -0.200000
v -4.037633 -0.076366 0.200000
v -4.037633 -0.076366 -0.200000
v -4.044293 -0.044147 0.200000
v -4.044293 -0.044147 -0.200000
v -4.051501 -0.011998 0.200000
v -4.051501 -0.011998 -0.200000
v -4.059256 0.020080 0.200000
v -4.059256 0.020080 -0.200000
v -4.067558 0.052087 0.200000
v -4.067558 0.052087 -0.200000
v -4.076406 0.084024 0.200000
v -4.076406 0.084024 -0.200000
v -4.085802 0.115890 0.200000
v -4.085802 0.115890 -0.200000
v -4.095745 0.147686 0.200000
v -4.095745 0.147686 -0.200000
v -4.106234 0.179411 0.200000
v -4.106234 0.179411 -0.200000
v -4.117271 0.211066 0.200000
v -4.117271 0.211066 -0.200000
v -4.128856 0.242650 0.200000
v -4.128856 0.242650 -0.200000
v -4.140996 0.274084 0.200000
v -4.140996 0.274084 -0.200000
v -4.153700 0.305289 0.200000
v -4.153700 0.305289 -0.200000
v -4.166969 0.336264 0.200000
v -4.166969 0.336264 -0.200000
v -4.180802 0.367010 0.200000
v -4.180802 0.367010 -0.200000
v -4.195200 0.397526 0.200000
v -4.195200 0.397526 -0.200000
v -4.210163 0.427813 0.200000
v -4.210163 0.427813 -0.200000
v -4.225690 0.457871 0.200000
v -4.225690 0.457871 -0.200000
v -4.241782 0.487699 0.200000
v -4.241782 0.487699 -0.200000
v -4.258439 0.517298 0.200000
v -4.258439 0.517298 -0.200000
v -4.275661 0.546668 0.200000
v -4.275661 0.546668 -0.200000
v -4.293446 0.575808 0.200000
v -4.293446 0.575808 -0.200000
v -4.311796 0.604719 0.200000
v -4.311796 0.604719 -0.200000
v -4.330755 0.633224 0.200000
v -4.330755 0.633224 -0.200000
v -4.350368 0.661147 0.200000
v -4.350368 0.661147 -0.200000
v -4.370632 0.688487 0.200000
v -4.370632 0.688487 -0.200000
v -4.391551 0.715245 0.200000
v -4.391551 0.715245 -0.200000
v -4.413121 0.741421 0.200000
v -4.413121 0.741421 -0.200000
v -4.435344 0.767015 0.200000
v -4.435344 0.767015 -0.200000
v -4.458221 0.792026 0.200000
v -4.458221 0.792026 -0.200000
v -4.481750 0.816455 0.200000
v -4.481750 0.816455 -0.200000
v -4.505932 0.840302 0.200000
v -4.505932 0.840302 -0.200000
v -4.530767 0.863566 0.200000
v -4.530767 0.863566 -0.200000
v -4.556255 0.886249 0.200000
v -4.556255 0.886249 -0.200000
v -4.582396 0.908349 0.200000
v -4.582396 0.908349 -0.200000
v -4.609206 0.929796 0.200000
v -4.609206 0.929796 -0.200000
v -4.636706 0.950519 0.200000
v -4.636706 0.950519 -0.200000
v -4.664893 0.970520 0.200000
v -4.664893 0.970520 -0.200000
v -4.693769 0.989797 0.200000
v -4.693769 0.989797 -0.200000
v -4.723332 1.008350 0.200000
v -4.723332 1.008350 -0.200000
v -4.753584 1.026180 0.200000
v -4.753584 1.026180 -0.200000
v -4.784524 1.043286 0.200000
v -4.784524 1.043286 -0.200000
v -4.816153 1.059669 0.200000
v -4.816153 1.059669 -0.200000
v -4.848469 1.075329 0.200000
v -4.848469 1.075329 -0.200000
v -4.881473 1.090265 0.200000
v -4.881473 1.090265 -0.200000
v -4.915165 1.104478 0.200000
v -4.915165 1.104478 -0.200000
v -4.949546 1.117967 0.200000
v -4.949546 1.117967 -0.200000
v -4.984676 1.130548 0.200000
v -4.984676 1.130548 -0.200000
v -5.020618 1.142035 0.200000
v -5.020618 1.142035 -0.200000
v -5.057373 1.152428 0.200000
v -5.057373 1.152428 -0.200000
v -5.094938 1.161726 0.200000
v -5.094938 1.161726 -0.200000
v -5.133315 1.169931 0.200000
v -5.133315 1.169931 -0.200000
v -5.172504 1.177042 0.200000
v -5.172504 1.177042 -0.200000
v -5.212504 1.183059 0.200000
v -5.212504 1.183059 -0.200000
v -5.253316 1.187982 0.200000
v -5.253316 1.187982 -0.200000
v -5.294940 1.191811 0.200000
v -5.294940 1.191811 -0.200000
v -5.337376 1.194546 0.200000
v -5.337376 1.194546 -0.200000
v -5.380623 1.196187 0.200000
v -5.380623 1.196187 -0.200000
v -5.424682 1.196733 0.200000
v -5.424682 1.196733 -0.200000
v -5.462768 1.196354 0.200000
v -5.462768 1.196354 -0.200000
v -5.499954 1.195216 0.200000
v -5.499954 1.195216 -0.200000
v -5.536241 1.193319 0.200000
v -5.536241 1.193319 -0.200000
v -5.571627 1.190664 0.200000
v -5.571627 1.190664 -0.200000
v -5.606114 1.187249 0.200000
v -5.606114 1.187249 -0.200000
v -5.639700 1.183076 0.200000
v -5.639700 1.183076 -0.200000
v -5.672388 1.178145 0.200000
v -5.672388 1.178145 -0.200000
v -5.704174 1.172454 0.200000
v -5.704174 1.172454 -0.200000
v -5.735061 1.166005 0.200000
v -5.735061 1.166005 -0.200000
v -5.765049 1.158797 0.200000
v -5.765049 1.158797 -0.200000
v -5.794136 1.150831 0.200000
v -5.794136 1.150831 -0.200000
v -5.822323 1.142105 0.200000
v -5.822323 1.142105 -0.200000
v -5.849646 1.132754 0.200000
v -5.849646 1.132754 -0.200000
v -5.876139 1.122908 0.200000
v -5.876139 1.122908 -0.200000
v -5.901803 1.112568 0.200000
v -5.901803 1.112568 -0.200000
v -5.926639 1.101734 0.200000
v -5.926639 1.101734 -0.200000
v -5.950644 1.090407 0.200000
v -5.950644 1.090407 -0.200000
v -5.973820 1.078585 0.200000
v -5.973820 1.078585 -0.200000
v -5.996167 1.066269 0.200000
v -5.996167 1.066269 -0.200000
v -6.017685 1.053459 0.200000
v -6.017685 1.053459 -0.200000
v -6.038373 1.040154 0.200000
v -6.038373 1.040154 -0.200000
v -6.058232 1.026356 0.200001
v -6.058232 1.026356 -0.200000
v -6.077262 1.012064 0.200001
v -6.077262 1.012064 -0.200000
v -6.095462 0.997278 0.200001
v -6.095462 0.997278 -0.200000
v -6.112869 0.982068 0.200001
v -6.112869 0.982068 -0.200000
v -6.129517 0.966506 0.200001
v -6.129517 0.966506 -0.200000
v -6.145406 0.950590 0.200001
v -6.145406 0.950590 -0.200000
v -6.160536 0.934322 0.200001
v -6.160536 0.934322 -0.200000
v -6.174908 0.917700 0.200001
v -6.174908 0.917700 -0.200000
v -6.188521 0.900726 0.200001
v -6.188521 0.900726 -0.200000
v -6.201375 0.883399 0.200001
v -6.201375 0.883399 -0.200000
v -6.213470 0.865719 0.200001
v -6.213470 0.865719 -0.200000
v -6.224807 0.847686 0.200001
v -6.224807 0.847686 -0.200000
v -6.235385 0.829301 0.200001
v -6.235385 0.829301 -0.200000
v -6.245204 0.810562 0.200001
v -6.245204 0.810562 -0.200000
v -5.640653 0.372233 0.200000
v -5.640653 0.372233 -0.200000
v -5.646740 0.382669 0.200000
v -5.646740 0.382669 -0.200000
v -5.652298 0.393230 0.200000
v -5.652298 0.393230 -0.200000
v -5.657327 0.403914 0.200000
v -5.657327 0.403914 -0.200000
v -5.661827 0.414721 0.200000
v -5.661827 0.414721 -0.200000
v -5.665796 0.425652 0.200000
v -5.665796 0.425652 -0.200000
v -5.669237 0.436706 0.200000
v -5.669237 0.436706 -0.200000
v -5.672149 0.447884 0.200000
v -5.672149 0.447884 -0.200000
v -5.674531 0.459186 0.200000
v -5.674531 0.459186 -0.200000
v -5.676383 0.470610 0.200000
v -5.676383 0.470610 -0.200000
v -5.677707 0.482159 0.200000
v -5.677707 0.482159 -0.200000
v -5.678501 0.493831 0.200000
v -5.678501 0.493831 -0.200000
v -5.678766 0.505626 0.200000
v -5.678766 0.505626 -0.200000
v -5.678210 0.522327 0.200000
v -5.678210 0.522327 -0.200000
v -5.676543 0.538551 0.200000
v -5.676543 0.538551 -0.200000
v -5.673763 0.554299 0.200000
v -5.673763 0.554299 -0.200000
v -5.669873 0.569571 0.200000
v -5.669873 0.569571 -0.200000
v -5.664871 0.584366 0.200000
v -5.664871 0.584366 -0.200000
v -5.658757 0.598684 0.200000
v -5.658757 0.598684 -0.200000
v -5.651531 0.612527 0.200000
v -5.651531 0.612527 -0.200000
v -5.643194 0.625893 0.200000
v -5.643194 0.625893 -0.200000
v -5.633745 0.638782 0.200000
v -5.633745 0.638782 -0.200000
v -5.623185 0.651195 0.200000
v -5.623185 0.651195 -0.200000
v -5.611513 0.663132 0.200000
v -5.611513 0.663132 -0.200000
v -5.598729 0.674592 0.200000
v -5.598729 0.674592 -0.200000
v -5.584887 0.685346 0.200000
v -5.584887 0.685346 -0.200000
v -5.570039 0.695165 0.200000
v -5.570039 0.695165 -0.200000
v -5.554185 0.704050 0.200000
v -5.554185 0.704050 -0.200000
v -5.537326 0.711998 0.200000
v -5.537326 0.711998 -0.200000
v -5.519461 0.719012 0.200000
v -5.519461 0.719012 -0.200000
v -5.500590 0.725091 0.200000
v -5.500590 0.725091 -0.200000
v -5.480713 0.730234 0.200000
v -5.480713 0.730234 -0.200000
v -5.459830 0.734443 0.200000
v -5.459830 0.734443 -0.200000
v -5.437942 0.737716 0.200000
v -5.437942 0.737716 -0.200000
v -5.415048 0.740054 0.200000
v -5.415048 0.740054 -0.200000
v -5.391148 0.741456 0.200000
v -5.391148 0.741456 -0.200000
v -5.366242 0.741924 0.200000
v -5.366242 0.741924 -0.200000
v -5.345254 0.741606 0.200000
v -5.345254 0.741606 -0.200000
v -5.324636 0.740653 0.200000
v -5.324636 0.740653 -0.200000
v -5.304389 0.739065 0.200000
v -5.304389 0.739065 -0.200000
v -5.284512 0.736842 0.200000
v -5.284512 0.736842 -0.200000
v -5.265006 0.733984 0.200000
v -5.265006 0.733984 -0.200000
v -5.245871 0.730490 0.200000
v -5.245871 0.730490 -0.200000
v -5.227106 0.726361 0.200000
v -5.227106 0.726361 -0.200000
v -5.208711 0.721597 0.200000
v -5.208711 0.721597 -0.200000
v -5.190687 0.716198 0.200000
v -5.190687 0.716198 -0.200000
v -5.173034 0.710164 0.200000
v -5.173034 0.710164 -0.200000
v -5.155750 0.703494 0.200000
v -5.155750 0.703494 -0.200000
v -5.138838 0.696189 0.200000
v -5.138838 0.696189 -0.200000
v -5.122278 0.688346 0.200000
v -5.122278 0.688346 -0.200000
v -5.106054 0.680062 0.200000
v -5.106054 0.680062 -0.200000
v -5.090165 0.671336 0.200000
v -5.090165 0.671336 -0.200000
v -5.074612 0.662170 0.200000
v -5.074612 0.662170 -0.200000
v -5.059393 0.652562 0.200000
v -5.059393 0.652562 -0.200000
v -5.044510 0.642514 0.200000
v -5.044510 0.642514 -0.200000
v -5.029962 0.632024 0.200000
v -5.029962 0.632024 -0.200000
v -5.015749 0.621093 0.200000
v -5.015749 0.621093 -0.200000
v -5.001872 0.609721 0.200000
v -5.001872 0.609721 -0.200000
v -4.988330 0.597908 0.200000
v -4.988330 0.597908 -0.200000
v -4.975122 0.585654 0.200000
v -4.975122 0.585654 -0.200000
v -4.962250 0.572958 0.200000
v -4.962250 0.572958 -0.200000
v -4.949696 0.559848 0.200000
v -4.949696 0.559848 -0.200000
v -4.937442 0.546350 0.200000
v -4.937442 0.546350 -0.200000
v -4.925488 0.532464 0.200000
v -4.925488 0.532464 -0.200000
v -4.913834 0.518189 0.200000
v -4.913834 0.518189 -0.200000
v -4.902480 0.503527 0.200000
v -4.902480 0.503527 -0.200000
v -4.891425 0.488476 0.200000
v -4.891425 0.488476 -0.200000
v -4.880671 0.473037 0.200000
v -4.880671 0.473037 -0.200000
v -4.870216 0.457209 0.200000
v -4.870216 0.457209 -0.200000
v -4.860061 0.440994 0.200000
v -4.860061 0.440994 -0.200000
v -4.850206 0.424390 0.200000
v -4.850206 0.424390 -0.200000
v -4.840652 0.407398 0.200000
v -4.840652 0.407398 -0.200000
v -4.831397 0.390018 0.200000
v -4.831397 0.390018 -0.200000
v -4.822443 0.372347 0.200000
v -4.822443 0.372347 -0.200000
v -4.813788 0.354482 0.200000
v -4.813788 0.354482 -0.200000
v -4.805433 0.336423 0.200000
v -4.805433 0.336423 -0.200000
v -4.797379 0.318169 0.200000
v -4.797379 0.318169 -0.200000
v -4.789624 0.299722 0.200000
v -4.789624 0.299722 -0.200000
v -4.782169 0.281080 0.200000
v -4.782169 0.281080 -0.200000
v -4.775014 0.262244 0.200000
v -4.775014 0.262244 -0.200000
v -4.768159 0.243215 0.200000
v -4.768159 0.243215 -0.200000
v -4.761604 0.223991 0.200000
v -4.761604 0.223991 -0.200000
v -4.755349 0.204573 0.200000
v -4.755349 0.204573 -0.200000
v -4.749393 0.184961 0.200000
v -4.749393 0.184961 -0.200000
v -4.743738 0.165155 0.200000
v -4.743738 0.165154 -0.200000
v -4.957168 0.165155 0.200000
v -4.957168 0.165154 -0.200000
v -4.990587 0.165340 0.200000
v -4.990587 0.165340 -0.200000
v -5.023089 0.165896 0.200000
v -5.023089 0.165896 -0.200000
v -5.054673 0.166822 0.200000
v -5.054673 0.166822 -0.200000
v -5.085340 0.168119 0.200000
v -5.085340 0.168119 -0.200000
v -5.115088 0.169786 0.200000
v -5.115088 0.169786 -0.200000
v -5.143920 0.171824 0.200000
v -5.143920 0.171824 -0.200000
v -5.171834 0.174233 0.200000
v -5.171834 0.174233 -0.200000
v -5.198831 0.177012 0.200000
v -5.198831 0.177012 -0.200000
v -5.224909 0.180161 0.200000
v -5.224909 0.180161 -0.200000
v -5.250071 0.183681 0.200000
v -5.250071 0.183681 -0.200000
v -5.274314 0.187572 0.200000
v -5.274314 0.187572 -0.200000
v -5.297640 0.191833 0.200000
v -5.297640 0.191833 -0.200000
v -5.320137 0.196412 0.200000
v -5.320137 0.196412 -0.200000
v -5.341893 0.201255 0.200000
v -5.341893 0.201255 -0.200000
v -5.362908 0.206364 0.200000
v -5.362908 0.206364 -0.200000
v -5.383182 0.211736 0.200000
v -5.383182 0.211736 -0.200000
v -5.402714 0.217374 0.200000
v -5.402714 0.217374 -0.200000
v -5.421506 0.223276 0.200000
v -5.421506 0.223276 -0.200000
v -5.439556 0.229443 0.200000
v -5.439556 0.229443 -0.200000
v -5.456865 0.235874 0.200000
v -5.456865 0.235874 -0.200000
v -5.473434 0.242571 0.200000
v -5.473434 0.242570 -0.200000
v -5.489261 0.249531 0.200000
v -5.489261 0.249531 -0.200000
v -5.504347 0.256757 0.200000
v -5.504347 0.256757 -0.200000
v -5.518693 0.264247 0.200000
v -5.518693 0.264247 -0.200000
v -5.532350 0.271984 0.200000
v -5.532350 0.271984 -0.200000
v -5.545372 0.279951 0.200000
v -5.545372 0.279951 -0.200000
v -5.557758 0.288147 0.200000
v -5.557758 0.288147 -0.200000
v -5.569509 0.296572 0.200000
v -5.569509 0.296572 -0.200000
v -5.580626 0.305227 0.200000
v -5.580626 0.305227 -0.200000
v -5.591106 0.314111 0.200000
v -5.591106 0.314111 -0.200000
v -5.600952 0.323224 0.200000
v -5.600952 0.323224 -0.200000
v -5.610163 0.332567 0.200000
v -5.610163 0.332567 -0.200000
v -5.618738 0.342140 0.200000
v -5.618738 0.342140 -0.200000
v -5.626678 0.351941 0.200000
v -5.626678 0.351941 -0.200000
v -5.633983 0.361972 0.200000
v -5.633983 0.361972 -0.200000
vn -0.0000 -0.0000 -1.0000
vn -0.0003 -0.0000 -1.0000
vn -0.0000 -0.0000 1.0000
vn -0.0003 -0.0000 1.0000
vn -0.9547 0.2976 -0.0000
vn -0.9650 0.2623 -0.0000
vn -0.9728 0.2318 -0.0000
vn -0.9792 0.2028 -0.0000
vn -0.9845 0.1752 -0.0000
vn -0.9888 0.1490 -0.0000
vn -0.9923 0.1242 -0.0000
vn -0.9949 0.1007 -0.0000
vn -0.9969 0.0783 -0.0000
vn -0.9984 0.0572 -0.0000
vn -0.9993 0.0372 -0.0000
vn -0.9998 0.0181 -0.0000
vn -1.0000 0.0014 -0.0000
vn -0.9999 -0.0118 -0.0000
vn -0.9997 -0.0226 -0.0000
vn -0.9995 -0.0325 -0.0000
vn -0.9991 -0.0415 -0.0000
vn -0.9988 -0.0499 -0.0000
vn -0.9983 -0.0575 -0.0000
vn -0.9979 -0.0646 -0.0000
vn -0.9975 -0.0712 -0.0000
vn -0.9970 -0.0773 -0.0000
vn -0.9965 -0.0830 -0.0000
vn -0.9961 -0.0883 -0.0000
vn -0.9955 -0.0944 -0.0000
vn -0.9948 -0.1023 -0.0000
vn -0.9938 -0.1110 -0.0000
vn -0.9928 -0.1194 -0.0000
vn -0.9918 -0.1276 -0.0000
vn -0.9908 -0.1356 -0.0000
vn -0.9897 -0.1434 -0.0000
vn -0.9885 -0.1510 -0.0000
vn -0.9874 -0.1583 -0.0000
vn -0.9862 -0.1655 -0.0000
vn -0.9850 -0.1725 -0.0000
vn -0.9838 -0.1793 -0.0000
vn -0.9826 -0.1858 -0.0000
vn -0.9813 -0.1923 -0.0000
vn -0.9801 -0.1987 -0.0000
vn -0.9788 -0.2050 -0.0000
vn -0.9774 -0.2113 -0.0000
vn -0.9760 -0.2176 -0.0000
vn -0.9746 -0.2239 -0.0000
vn -0.9732 -0.2301 -0.0000
vn -0.9717 -0.2364 -0.0000
vn -0.9701 -0.2425 -0.0000
vn -0.9686 -0.2487 -0.0000
vn -0.9670 -0.2548 -0.0000
vn -0.9650 -0.2624 -0.0000
vn -0.9620 -0.2730 -0.0000
vn -0.9584 -0.2853 -0.0000
vn -0.9546 -0.2979 -0.0000
vn -0.9505 -0.3108 -0.0000
vn -0.9461 -0.3239 -0.0000
vn -0.9414 -0.3373 -0.0000
vn -0.9364 -0.3509 -0.0000
vn -0.9311 -0.3648 -0.0000
vn -0.9254 -0.3790 -0.0000
vn -0.9194 -0.3934 -0.0000
vn -0.9130 -0.4080 -0.0000
vn -0.9059 -0.4234 -0.0000
vn -0.8980 -0.4401 -0.0000
vn -0.8891 -0.4578 -0.0000
vn -0.8794 -0.4761 -0.0000
vn -0.8689 -0.4950 -0.0000
vn -0.8574 -0.5146 -0.0000
vn -0.8450 -0.5348 -0.0000
vn -0.8315 -0.5555 -0.0000
vn -0.8169 -0.5768 -0.0000
vn -0.8010 -0.5986 -0.0000
vn -0.7838 -0.6210 -0.0000
vn -0.7652 -0.6438 -0.0000
vn -0.7429 -0.6694 -0.0000
vn -0.7135 -0.7006 -0.0000
vn -0.6776 -0.7355 -0.0000
vn -0.6364 -0.7713 -0.0000
vn -0.5895 -0.8078 -0.0000
vn -0.5363 -0.8440 -0.0000
vn -0.4766 -0.8791 -0.0000
vn -0.4100 -0.9121 -0.0000
vn -0.3370 -0.9415 -0.0000
vn -0.2581 -0.9661 -0.0000
vn -0.1746 -0.9846 -0.0000
vn -0.0880 -0.9961 -0.0000
vn 0.0008 -1.0000 -0.0000
vn 0.0868 -0.9962 -0.0000
vn 0.1632 -0.9866 -0.0000
vn 0.2287 -0.9735 -0.0000
vn 0.2849 -0.9586 -0.0000
vn 0.3331 -0.9429 -0.0000
vn 0.3746 -0.9272 -0.0000
vn 0.4104 -0.9119 -0.0000
vn 0.4416 -0.8972 -0.0000
vn 0.4688 -0.8833 -0.0000
vn 0.4927 -0.8702 -0.0000
vn 0.5138 -0.8579 -0.0000
vn 0.5255 -0.8508 -0.0000
vn 0.5220 -0.8530 -0.0000
vn 0.5117 -0.8591 -0.0000
vn 0.5022 -0.8647 -0.0000
vn 0.4933 -0.8699 -0.0000
vn 0.4850 -0.8745 -0.0000
vn 0.4772 -0.8788 -0.0000
vn 0.4698 -0.8828 -0.0000
vn 0.4629 -0.8864 -0.0000
vn 0.4564 -0.8898 -0.0000
vn 0.4502 -0.8929 -0.0000
vn 0.4444 -0.8958 -0.0000
vn 0.4356 -0.9001 -0.0000
vn 0.4207 -0.9072 -0.0000
vn 0.4032 -0.9151 -0.0000
vn 0.3864 -0.9223 -0.0000
vn 0.3704 -0.9289 -0.0000
vn 0.3551 -0.9348 -0.0000
vn 0.3404 -0.9403 -0.0000
vn 0.3263 -0.9453 -0.0000
vn 0.3129 -0.9498 -0.0000
vn 0.3000 -0.9539 -0.0000
vn 0.2877 -0.9577 -0.0000
vn 0.2758 -0.9612 -0.0000
vn 0.2603 -0.9655 -0.0000
vn 0.2370 -0.9715 -0.0000
vn 0.2105 -0.9776 -0.0000
vn 0.1851 -0.9827 -0.0000
vn 0.1607 -0.9870 -0.0000
vn 0.1374 -0.9905 -0.0000
vn 0.1150 -0.9934 -0.0000
vn 0.0936 -0.9956 -0.0000
vn 0.0732 -0.9973 -0.0000
vn 0.0537 -0.9986 -0.0000
vn 0.0350 -0.9994 -0.0000
vn 0.0171 -0.9999 -0.0000
vn -0.0018 -1.0000 -0.0000
vn -0.0244 -0.9997 -0.0000
vn -0.0494 -0.9988 -0.0000
vn -0.0750 -0.9972 -0.0000
vn -0.1012 -0.9949 -0.0000
vn -0.1280 -0.9918 -0.0000
vn -0.1552 -0.9879 -0.0000
vn -0.1829 -0.9831 -0.0000
vn -0.2111 -0.9775 -0.0000
vn -0.2395 -0.9709 -0.0000
vn -0.2683 -0.9633 -0.0000
vn -0.2972 -0.9548 -0.0000
vn -0.3245 -0.9459 -0.0000
vn -0.3484 -0.9373 -0.0000
vn -0.3706 -0.9288 -0.0000
vn -0.3929 -0.9196 -0.0000
vn -0.4152 -0.9097 -0.0000
vn -0.4374 -0.8993 -0.0000
vn -0.4595 -0.8882 -0.0000
vn -0.4815 -0.8764 -0.0000
vn -0.5033 -0.8641 -0.0000
vn -0.5249 -0.8512 -0.0000
vn -0.5462 -0.8377 -0.0000
vn -0.5671 -0.8236 -0.0000
vn -0.5874 -0.8093 -0.0000
vn -0.6066 -0.7950 -0.0000
vn -0.6253 -0.7804 -0.0000
vn -0.6436 -0.7654 -0.0000
vn -0.6616 -0.7498 -0.0000
vn -0.6793 -0.7339 -0.0000
vn -0.6966 -0.7175 -0.0000
vn -0.7135 -0.7007 -0.0000
vn -0.7299 -0.6836 -0.0000
vn -0.7459 -0.6661 -0.0000
vn -0.7614 -0.6483 -0.0000
vn -0.7763 -0.6303 -0.0000
vn -0.7901 -0.6129 -0.0000
vn -0.8021 -0.5971 -0.0000
vn -0.8132 -0.5820 -0.0000
vn -0.8240 -0.5666 -0.0000
vn -0.8345 -0.5510 -0.0000
vn -0.8448 -0.5351 -0.0000
vn -0.8547 -0.5191 -0.0000
vn -0.8644 -0.5028 -0.0000
vn -0.8737 -0.4864 -0.0000
vn -0.8827 -0.4699 -0.0000
vn -0.8914 -0.4532 -0.0000
vn -0.8998 -0.4364 -0.0000
vn -0.9077 -0.4195 -0.0000
vn -0.9154 -0.4026 -0.0000
vn -0.9227 -0.3854 -0.0000
vn -0.9298 -0.3681 -0.0000
vn -0.9365 -0.3506 -0.0000
vn -0.9429 -0.3330 -0.0000
vn -0.9490 -0.3152 -0.0000
vn -0.9548 -0.2973 -0.0000
vn -0.9602 -0.2793 -0.0000
vn -0.9653 -0.2612 -0.0000
vn -0.9700 -0.2431 -0.0000
vn -0.9744 -0.2249 -0.0000
vn -0.9783 -0.2072 -0.0000
vn -0.9817 -0.1905 -0.0000
vn -0.9847 -0.1742 -0.0000
vn -0.9875 -0.1576 -0.0000
vn -0.9900 -0.1408 -0.0000
vn -0.9923 -0.1237 -0.0000
vn -0.9943 -0.1065 -0.0000
vn -0.9960 -0.0891 -0.0000
vn -0.9974 -0.0716 -0.0000
vn -0.9985 -0.0539 -0.0000
vn -0.9994 -0.0360 -0.0000
vn -0.9998 -0.0181 -0.0000
vn -1.0000 0.0015 -0.0000
vn -0.9997 0.0244 -0.0000
vn -0.9988 0.0497 -0.0000
vn -0.9971 0.0760 -0.0000
vn -0.9946 0.1034 -0.0000
vn -0.9913 0.1317 -0.0000
vn -0.9870 0.1610 -0.0000
vn -0.9815 0.1912 -0.0000
vn -0.9750 0.2224 -0.0000
vn -0.9671 0.2544 -0.0000
vn -0.9579 0.2872 -0.0000
vn -0.9472 0.3207 -0.0000
vn -0.9352 0.3540 -0.0000
vn -0.9223 0.3864 -0.0000
vn -0.9083 0.4184 -0.0000
vn -0.8927 0.4507 -0.0000
vn -0.8756 0.4831 -0.0000
vn -0.8569 0.5155 -0.0000
vn -0.8366 0.5478 -0.0000
vn -0.8148 0.5797 -0.0000
vn -0.7915 0.6111 -0.0000
vn -0.7668 0.6419 -0.0000
vn -0.7407 0.6719 -0.0000
vn -0.7133 0.7009 -0.0000
vn -0.6852 0.7284 -0.0000
vn -0.6568 0.7541 -0.0000
vn -0.6279 0.7783 -0.0000
vn -0.5983 0.8013 -0.0000
vn -0.5680 0.8230 -0.0000
vn -0.5373 0.8434 -0.0000
vn -0.5063 0.8623 -0.0000
vn -0.4751 0.8799 -0.0000
vn -0.4439 0.8961 -0.0000
vn -0.4128 0.9108 -0.0000
vn -0.3819 0.9242 -0.0000
vn -0.3513 0.9363 -0.0000
vn -0.3212 0.9470 -0.0000
vn -0.2915 0.9566 -0.0000
vn -0.2623 0.9650 -0.0000
vn -0.2335 0.9724 -0.0000
vn -0.2051 0.9787 -0.0000
vn -0.1772 0.9842 -0.0000
vn -0.1499 0.9887 -0.0000
vn -0.1232 0.9924 -0.0000
vn -0.0972 0.9953 -0.0000
vn -0.0719 0.9974 -0.0000
vn -0.0472 0.9989 -0.0000
vn -0.0233 0.9997 -0.0000
vn -0.0015 1.0000 -0.0000
vn 0.0170 0.9999 -0.0000
vn 0.0341 0.9994 -0.0000
vn 0.0512 0.9987 -0.0000
vn 0.0683 0.9977 -0.0000
vn 0.0855 0.9963 -0.0000
vn 0.1025 0.9947 -0.0000
vn 0.1196 0.9928 -0.0000
vn 0.1366 0.9906 -0.0000
vn 0.1536 0.9881 -0.0000
vn 0.1705 0.9854 -0.0000
vn 0.1873 0.9823 -0.0000
vn 0.2045 0.9789 -0.0000
vn 0.2228 0.9749 -0.0000
vn 0.2418 0.9703 -0.0000
vn 0.2609 0.9654 -0.0000
vn 0.2803 0.9599 -0.0000
vn 0.2998 0.9540 -0.0000
vn 0.3195 0.9476 -0.0000
vn 0.3392 0.9407 -0.0000
vn 0.3590 0.9333 -0.0000
vn 0.3789 0.9254 -0.0000
vn 0.3988 0.9171 -0.0000
vn 0.4186 0.9082 -0.0000
vn 0.7882 0.6155 -0.0000
vn 0.7735 -0.6337 -0.0000
vn 0.0168 -0.9999 -0.0000
vn 0.0687 -0.9976 -0.0000
vn 0.1409 -0.9900 -0.0000
vn 0.2161 -0.9764 -0.0000
vn 0.2933 -0.9560 -0.0000
vn 0.3709 -0.9287 -0.0000
vn 0.4472 -0.8944 -0.0000
vn 0.5207 -0.8537 -0.0000
vn 0.5898 -0.8075 -0.0000
vn 0.6533 -0.7571 -0.0000
vn 0.7105 -0.7037 -0.0000
vn 0.7610 -0.6488 -0.0000
vn 0.8076 -0.5898 -0.0000
vn 0.8519 -0.5237 -0.0000
vn 0.8901 -0.4558 -0.0000
vn 0.9203 -0.3913 -0.0000
vn 0.9436 -0.3311 -0.0000
vn 0.9613 -0.2754 -0.0000
vn 0.9745 -0.2243 -0.0000
vn 0.9841 -0.1777 -0.0000
vn 0.9908 -0.1352 -0.0000
vn 0.9953 -0.0966 -0.0000
vn 0.9981 -0.0614 -0.0000
vn 0.9996 -0.0295 -0.0000
vn 1.0000 -0.0031 -0.0000
vn 0.9999 0.0157 -0.0000
vn 0.9995 0.0302 -0.0000
vn 0.9991 0.0433 -0.0000
vn 0.9985 0.0553 -0.0000
vn 0.9978 0.0664 -0.0000
vn 0.9971 0.0766 -0.0000
vn 0.9963 0.0860 -0.0000
vn 0.9955 0.0948 -0.0000
vn 0.9947 0.1028 -0.0000
vn 0.9939 0.1103 -0.0000
vn 0.9931 0.1174 -0.0000
vn 0.9923 0.1240 -0.0000
vn 0.9914 0.1306 -0.0000
vn 0.9906 0.1371 -0.0000
vn 0.9896 0.1435 -0.0000
vn 0.9887 0.1498 -0.0000
vn 0.9878 0.1560 -0.0000
vn 0.9868 0.1620 -0.0000
vn 0.9858 0.1679 -0.0000
vn 0.9848 0.1738 -0.0000
vn 0.9838 0.1795 -0.0000
vn 0.9827 0.1851 -0.0000
vn 0.9817 0.1907 -0.0000
vn 0.9805 0.1964 -0.0000
vn 0.9793 0.2024 -0.0000
vn 0.9780 0.2086 -0.0000
vn 0.9767 0.2147 -0.0000
vn 0.9753 0.2208 -0.0000
vn 0.9739 0.2269 -0.0000
vn 0.9725 0.2328 -0.0000
vn 0.9711 0.2388 -0.0000
vn 0.9696 0.2447 -0.0000
vn 0.9681 0.2505 -0.0000
vn 0.9666 0.2563 -0.0000
vn 0.9651 0.2620 -0.0000
vn 0.9629 0.2700 -0.0000
vn 0.9592 0.2828 -0.0000
vn 0.9545 0.2983 -0.0000
vn 0.9494 0.3142 -0.0000
vn 0.9438 0.3304 -0.0000
vn 0.9379 0.3470 -0.0000
vn 0.9314 0.3639 -0.0000
vn 0.9245 0.3812 -0.0000
vn 0.9170 0.3988 -0.0000
vn 0.9090 0.4167 -0.0000
vn 0.9005 0.4350 -0.0000
vn 0.8913 0.4535 -0.0000
vn 0.8817 0.4718 -0.0000
vn 0.8720 0.4896 -0.0000
vn 0.8618 0.5073 -0.0000
vn 0.8508 0.5256 -0.0000
vn 0.8389 0.5443 -0.0000
vn 0.8262 0.5634 -0.0000
vn 0.8125 0.5830 -0.0000
vn 0.7978 0.6030 -0.0000
vn 0.7820 0.6233 -0.0000
vn 0.7651 0.6440 -0.0000
vn 0.7470 0.6648 -0.0000
vn 0.7276 0.6859 -0.0000
vn 0.7032 0.7110 -0.0000
vn 0.6687 0.7436 -0.0000
vn 0.6261 0.7797 -0.0000
vn 0.5789 0.8154 -0.0000
vn 0.5270 0.8498 -0.0000
vn 0.4707 0.8823 -0.0000
vn 0.4101 0.9120 -0.0000
vn 0.3459 0.9383 -0.0000
vn 0.2787 0.9604 -0.0000
vn 0.2095 0.9778 -0.0000
vn 0.1394 0.9902 -0.0000
vn 0.0693 0.9976 -0.0000
vn 0.0172 0.9999 -0.0000
vn -0.0142 0.9999 -0.0000
vn -0.0590 0.9983 -0.0000
vn -0.1227 0.9924 -0.0000
vn -0.1919 0.9814 -0.0000
vn -0.2659 0.9640 -0.0000
vn -0.3439 0.9390 -0.0000
vn -0.4245 0.9055 -0.0000
vn -0.5056 0.8627 -0.0000
vn -0.5852 0.8109 -0.0000
vn -0.6606 0.7507 -0.0000
vn -0.7298 0.6837 -0.0000
vn -0.7910 0.6118 -0.0000
vn -0.8436 0.5370 -0.0000
vn -0.8879 0.4601 -0.0000
vn -0.9240 0.3825 -0.0000
vn -0.9520 0.3060 -0.0000
vn -0.9727 0.2323 -0.0000
vn -0.9867 0.1624 -0.0000
vn -0.9953 0.0970 -0.0000
vn -0.9993 0.0365 -0.0000
vn -0.9998 -0.0190 -0.0000
vn -0.9976 -0.0697 -0.0000
vn -0.9933 -0.1158 -0.0000
vn -0.9875 -0.1577 -0.0000
vn -0.9823 -0.1872 -0.0000
vn -0.9788 -0.2047 -0.0000
vn -0.9757 -0.2193 -0.0000
vn -0.9725 -0.2331 -0.0000
vn -0.9689 -0.2475 -0.0000
vn -0.9606 -0.2780 -0.0000
vn -0.9558 -0.2942 -0.0000
vn -0.9504 -0.3111 -0.0000
vn -0.9445 -0.3286 -0.0000
vn -0.9379 -0.3469 -0.0000
vn -0.9306 -0.3659 -0.0000
vn -0.9226 -0.3857 -0.0000
vn -0.9134 -0.4070 -0.0000
vn -0.9028 -0.4302 -0.0000
vn -0.8910 -0.4540 -0.0000
vn -0.8785 -0.4777 -0.0000
vn -0.8654 -0.5010 -0.0000
vn -0.8517 -0.5241 -0.0000
vn -0.8373 -0.5468 -0.0000
vn -0.8223 -0.5691 -0.0000
vn -0.8068 -0.5909 -0.0000
vn -0.7907 -0.6122 -0.0000
vn -0.7742 -0.6329 -0.0000
vn -0.7573 -0.6531 -0.0000
vn -0.7279 -0.6857 -0.0000
vn -0.6795 -0.7337 -0.0000
vn -0.6284 -0.7779 -0.0000
vn -0.5848 -0.8112 -0.0000
vn -0.5477 -0.8367 -0.0000
vn -0.5158 -0.8567 -0.0000
vn -0.4883 -0.8727 -0.0000
vn -0.4645 -0.8856 -0.0000
vn -0.4436 -0.8962 -0.0000
vn -0.4252 -0.9051 -0.0000
vn -0.4090 -0.9125 -0.0000
vn -0.3945 -0.9189 -0.0000
vn -0.3814 -0.9244 -0.0000
vn -0.3691 -0.9294 -0.0000
vn -0.3574 -0.9340 -0.0000
vn -0.3463 -0.9381 -0.0000
vn -0.3358 -0.9419 -0.0000
vn -0.3258 -0.9454 -0.0000
vn -0.3163 -0.9487 -0.0000
vn -0.3073 -0.9516 -0.0000
vn -0.2987 -0.9544 -0.0000
vn -0.2905 -0.9569 -0.0000
vn -0.2827 -0.9592 -0.0000
vn -0.2752 -0.9614 -0.0000
vn -0.2670 -0.9637 -0.0000
vn -0.2569 -0.9664 -0.0000
vn -0.2461 -0.9693 -0.0000
vn -0.2355 -0.9719 -0.0000
vn -0.2253 -0.9743 -0.0000
vn -0.2153 -0.9765 -0.0000
vn -0.2057 -0.9786 -0.0000
vn -0.1963 -0.9805 -0.0000
vn -0.1871 -0.9823 -0.0000
vn -0.1783 -0.9840 -0.0000
vn -0.1697 -0.9855 -0.0000
vn -0.1613 -0.9869 -0.0000
vn -0.1519 -0.9884 -0.0000
vn -0.1401 -0.9901 -0.0000
vn -0.1272 -0.9919 -0.0000
vn -0.1142 -0.9935 -0.0000
vn -0.1013 -0.9949 -0.0000
vn -0.0885 -0.9961 -0.0000
vn -0.0757 -0.9971 -0.0000
vn -0.0629 -0.9980 -0.0000
vn -0.0502 -0.9987 -0.0000
vn -0.0375 -0.9993 -0.0000
vn -0.0249 -0.9997 -0.0000
vn -0.0124 -0.9999 -0.0000
vn 0.0017 -1.0000 -0.0000
vn 0.0197 -0.9998 -0.0000
vn 0.0400 -0.9992 -0.0000
vn 0.0612 -0.9981 -0.0000
vn 0.0832 -0.9965 -0.0000
vn 0.1060 -0.9944 -0.0000
vn 0.1296 -0.9916 -0.0000
vn 0.1541 -0.9880 -0.0000
vn 0.1795 -0.9838 -0.0000
vn 0.2057 -0.9786 -0.0000
vn 0.2327 -0.9725 -0.0000
vn 0.2605 -0.9655 -0.0000
vn 0.2891 -0.9573 -0.0000
vn 0.3184 -0.9479 -0.0000
vn 0.3484 -0.9373 -0.0000
vn 0.3791 -0.9254 -0.0000
vn 0.4103 -0.9120 -0.0000
vn 0.4419 -0.8970 -0.0000
vn 0.4739 -0.8806 -0.0000
vn 0.5061 -0.8625 -0.0000
vn 0.5383 -0.8428 -0.0000
vn 0.5703 -0.8214 -0.0000
vn 0.6021 -0.7984 -0.0000
vn 0.6334 -0.7738 -0.0000
vn 0.6637 -0.7480 -0.0000
vn 0.6925 -0.7214 -0.0000
vn 0.7202 -0.6938 -0.0000
vn 0.7469 -0.6649 -0.0000
vn 0.7725 -0.6350 -0.0000
vn 0.7970 -0.6040 -0.0000
vn 0.8201 -0.5722 -0.0000
vn 0.8418 -0.5398 -0.0000
vn 0.8620 -0.5068 -0.0000
vn 0.8808 -0.4735 -0.0000
vn 0.8980 -0.4401 -0.0000
vn 0.9136 -0.4066 -0.0000
vn 0.9279 -0.3728 -0.0000
vn 0.9410 -0.3384 -0.0000
vn 0.9527 -0.3040 -0.0000
vn 0.9629 -0.2700 -0.0000
vn 0.9716 -0.2366 -0.0000
vn 0.9790 -0.2040 -0.0000
vn 0.9851 -0.1721 -0.0000
vn 0.9900 -0.1410 -0.0000
vn 0.9938 -0.1109 -0.0000
vn 0.9967 -0.0817 -0.0000
vn 0.9986 -0.0535 -0.0000
vn 0.9997 -0.0263 -0.0000
vn 1.0000 -0.0019 -0.0000
vn 0.9998 0.0182 -0.0000
vn 0.9993 0.0365 -0.0000
vn 0.9985 0.0548 -0.0000
vn 0.9973 0.0732 -0.0000
vn 0.9958 0.0917 -0.0000
vn 0.9939 0.1102 -0.0000
vn 0.9917 0.1287 -0.0000
vn 0.9891 0.1471 -0.0000
vn 0.9862 0.1655 -0.0000
vn 0.9829 0.1839 -0.0000
vn 0.9793 0.2022 -0.0000
vn 0.9754 0.2206 -0.0000
vn 0.9709 0.2393 -0.0000
vn 0.9661 0.2583 -0.0000
vn 0.9608 0.2772 -0.0000
vn 0.9551 0.2962 -0.0000
vn 0.9490 0.3152 -0.0000
vn 0.9425 0.3341 -0.0000
vn 0.9357 0.3529 -0.0000
vn 0.9284 0.3717 -0.0000
vn 0.9207 0.3903 -0.0000
vn 0.9126 0.4088 -0.0000
vn 0.9042 0.4271 -0.0000
vn 0.8953 0.4454 -0.0000
vn 0.8860 0.4638 -0.0000
vn 0.8761 0.4821 -0.0000
vn 0.8659 0.5003 -0.0000
vn 0.8552 0.5183 -0.0000
vn 0.8442 0.5360 -0.0000
vn 0.8328 0.5536 -0.0000
vn 0.8210 0.5709 -0.0000
vn 0.8089 0.5879 -0.0000
vn 0.7965 0.6046 -0.0000
vn 0.7838 0.6210 -0.0000
vn 0.7708 0.6370 -0.0000
vn 0.7569 0.6535 -0.0000
vn 0.7414 0.6711 -0.0000
vn 0.7248 0.6890 -0.0000
vn 0.7077 0.7065 -0.0000
vn 0.6902 0.7236 -0.0000
vn 0.6723 0.7402 -0.0000
vn 0.6541 0.7564 -0.0000
vn 0.6356 0.7720 -0.0000
vn 0.6168 0.7871 -0.0000
vn 0.5978 0.8017 -0.0000
vn 0.5785 0.8157 -0.0000
vn 0.5591 0.8291 -0.0000
vn 0.5392 0.8422 -0.0000
vn 0.5183 0.8552 -0.0000
vn 0.4967 0.8679 -0.0000
vn 0.4751 0.8799 -0.0000
vn 0.4533 0.8913 -0.0000
vn 0.4315 0.9021 -0.0000
vn 0.4097 0.9122 -0.0000
vn 0.3880 0.9217 -0.0000
vn 0.3663 0.9305 -0.0000
vn 0.3447 0.9387 -0.0000
vn 0.3233 0.9463 -0.0000
vn 0.3021 0.9533 -0.0000
vn 0.2799 0.9600 -0.0000
vn 0.2555 0.9668 -0.0000
vn 0.2302 0.9731 -0.0000
vn 0.2053 0.9787 -0.0000
vn 0.1807 0.9835 -0.0000
vn 0.1564 0.9877 -0.0000
vn 0.1326 0.9912 -0.0000
vn 0.1093 0.9940 -0.0000
vn 0.0864 0.9963 -0.0000
vn 0.0640 0.9979 -0.0000
vn 0.0422 0.9991 -0.0000
vn 0.0209 0.9998 -0.0000
vn 0.0019 1.0000 -0.0000
vn -0.0133 0.9999 -0.0000
vn -0.0268 0.9996 -0.0000
vn -0.0405 0.9992 -0.0000
vn -0.0545 0.9985 -0.0000
vn -0.0686 0.9976 -0.0000
vn -0.0831 0.9965 -0.0000
vn -0.0977 0.9952 -0.0000
vn -0.1126 0.9936 -0.0000
vn -0.1277 0.9918 -0.0000
vn -0.1430 0.9897 -0.0000
vn -0.1585 0.9874 -0.0000
vn -0.1726 0.9850 -0.0000
vn -0.1834 0.9830 -0.0000
vn -0.1929 0.9812 -0.0000
vn -0.2026 0.9793 -0.0000
vn -0.2127 0.9771 -0.0000
vn -0.2231 0.9748 -0.0000
vn -0.2337 0.9723 -0.0000
vn -0.2447 0.9696 -0.0000
vn -0.2561 0.9667 -0.0000
vn -0.2678 0.9635 -0.0000
vn -0.2799 0.9600 -0.0000
vn -0.2923 0.9563 -0.0000
vn -0.3046 0.9525 -0.0000
vn -0.3163 0.9487 -0.0000
vn -0.3279 0.9447 -0.0000
vn -0.3400 0.9404 -0.0000
vn -0.3527 0.9357 -0.0000
vn -0.3659 0.9306 -0.0000
vn -0.3798 0.9251 -0.0000
vn -0.3942 0.9190 -0.0000
vn -0.4094 0.9124 -0.0000
vn -0.4252 0.9051 -0.0000
vn -0.4418 0.8971 -0.0000
vn -0.4591 0.8884 -0.0000
vn -0.4743 0.8804 -0.0000
vn -0.4844 0.8748 -0.0000
vn -0.4925 0.8703 -0.0000
vn -0.5015 0.8652 -0.0000
vn -0.5116 0.8592 -0.0000
vn -0.5230 0.8524 -0.0000
vn -0.5360 0.8442 -0.0000
vn -0.5509 0.8346 -0.0000
vn -0.5681 0.8229 -0.0000
vn -0.5883 0.8086 -0.0000
vn -0.6122 0.7907 -0.0000
vn -0.6408 0.7677 -0.0000
vn -0.6723 0.7403 -0.0000
vn -0.7017 0.7124 -0.0000
vn -0.7291 0.6844 -0.0000
vn -0.7564 0.6542 -0.0000
vn -0.7832 0.6218 -0.0000
vn -0.8095 0.5872 -0.0000
vn -0.8349 0.5505 -0.0000
vn -0.8591 0.5117 -0.0000
vn -0.8821 0.4711 -0.0000
vn -0.9034 0.4288 -0.0000
vn -0.9229 0.3850 -0.0000
vn -0.9404 0.3400 -0.0000
vn -0.9827 -0.1852 -0.0000
vn -0.9763 -0.2162 -0.0000
vn -0.9582 -0.2860 -0.0000
vn -0.9230 -0.3848 -0.0000
vn -0.8768 -0.4809 -0.0000
vn -0.8210 -0.5710 -0.0000
vn -0.7578 -0.6524 -0.0000
vn -0.6902 -0.7236 -0.0000
vn -0.6209 -0.7839 -0.0000
vn -0.5522 -0.8337 -0.0000
vn -0.4860 -0.8740 -0.0000
vn -0.4235 -0.9059 -0.0000
vn -0.3653 -0.9309 -0.0000
vn -0.3117 -0.9502 -0.0000
vn -0.2637 -0.9646 -0.0000
vn -0.2218 -0.9751 -0.0000
vn -0.1855 -0.9826 -0.0000
vn -0.1538 -0.9881 -0.0000
vn -0.1260 -0.9920 -0.0000
vn -0.1015 -0.9948 -0.0000
vn -0.0798 -0.9968 -0.0000
vn -0.0603 -0.9982 -0.0000
vn -0.0429 -0.9991 -0.0000
vn -0.0272 -0.9996 -0.0000
vn -0.0130 -0.9999 -0.0000
vn 0.0056 -1.0000 -0.0000
vn 0.0115 -0.9999 -0.0000
vn 0.0178 -0.9998 -0.0000
vn 0.0246 -0.9997 -0.0000
vn 0.0319 -0.9995 -0.0000
vn 0.0397 -0.9992 -0.0000
vn 0.0481 -0.9988 -0.0000
vn 0.0571 -0.9984 -0.0000
vn 0.0670 -0.9978 -0.0000
vn 0.0777 -0.9970 -0.0000
vn 0.0894 -0.9960 -0.0000
vn 0.1023 -0.9948 -0.0000
vn 0.1163 -0.9932 -0.0000
vn 0.1314 -0.9913 -0.0000
vn 0.1474 -0.9891 -0.0000
vn 0.1646 -0.9864 -0.0000
vn 0.1828 -0.9832 -0.0000
vn 0.2023 -0.9793 -0.0000
vn 0.2231 -0.9748 -0.0000
vn 0.2454 -0.9694 -0.0000
vn 0.2692 -0.9631 -0.0000
vn 0.2948 -0.9556 -0.0000
vn 0.3221 -0.9467 -0.0000
vn 0.3527 -0.9357 -0.0000
vn 0.3882 -0.9216 -0.0000
vn 0.4276 -0.9040 -0.0000
vn 0.4699 -0.8827 -0.0000
vn 0.5150 -0.8572 -0.0000
vn 0.5627 -0.8266 -0.0000
vn 0.6127 -0.7903 -0.0000
vn 0.6643 -0.7475 -0.0000
vn 0.7167 -0.6974 -0.0000
vn 0.7686 -0.6397 -0.0000
vn 0.8186 -0.5744 -0.0000
vn 0.8650 -0.5017 -0.0000
vn 0.9035 -0.4286 -0.0000
vn 0.9315 -0.3638 -0.0000
vn 0.9525 -0.3046 -0.0000
vn 0.9692 -0.2462 -0.0000
vn 0.9819 -0.1892 -0.0000
vn 0.9910 -0.1340 -0.0000
vn 0.9967 -0.0812 -0.0000
vn 0.9995 -0.0309 -0.0000
vn 0.9999 0.0166 -0.0000
vn 0.9981 0.0613 -0.0000
vn 0.9947 0.1031 -0.0000
vn 0.9898 0.1422 -0.0000
vn 0.9843 0.1766 -0.0000
vn 0.3188 -0.9478 -0.0000
vn -0.8906 -0.4548 -0.0000
vn -0.8754 -0.4834 -0.0000
vn -0.8602 -0.5100 -0.0000
vn -0.8299 -0.5579 -0.0000
vn -0.8151 -0.5794 -0.0000
vn -0.8004 -0.5994 -0.0000
vn -0.7861 -0.6180 -0.0000
vn -0.7722 -0.6354 -0.0000
vn -0.7586 -0.6516 -0.0000
vn -0.7453 -0.6667 -0.0000
vn -0.7318 -0.6816 -0.0000
vn -0.7169 -0.6972 -0.0000
vn -0.7012 -0.7130 -0.0000
vn -0.6853 -0.7282 -0.0000
vn -0.6694 -0.7429 -0.0000
vn -0.6534 -0.7571 -0.0000
vn -0.6373 -0.7706 -0.0000
vn -0.6212 -0.7836 -0.0000
vn -0.6052 -0.7961 -0.0000
vn -0.5892 -0.8080 -0.0000
vn -0.5733 -0.8194 -0.0000
vn -0.5575 -0.8302 -0.0000
vn -0.5412 -0.8409 -0.0000
vn -0.5239 -0.8518 -0.0000
vn -0.5061 -0.8625 -0.0000
vn -0.4882 -0.8727 -0.0000
vn -0.4703 -0.8825 -0.0000
vn -0.4524 -0.8918 -0.0000
vn -0.4345 -0.9007 -0.0000
vn -0.4167 -0.9090 -0.0000
vn -0.3990 -0.9170 -0.0000
vn -0.3813 -0.9244 -0.0000
vn -0.3638 -0.9315 -0.0000
vn -0.3464 -0.9381 -0.0000
vn -0.3270 -0.9450 -0.0000
vn -0.3029 -0.9530 -0.0000
vn -0.2762 -0.9611 -0.0000
vn -0.2492 -0.9685 -0.0000
vn -0.2219 -0.9751 -0.0000
vn -0.1943 -0.9809 -0.0000
vn -0.1665 -0.9860 -0.0000
vn -0.1387 -0.9903 -0.0000
vn -0.1108 -0.9938 -0.0000
vn -0.0829 -0.9966 -0.0000
vn -0.0551 -0.9985 -0.0000
vn -0.0275 -0.9996 -0.0000
vn 0.0005 -1.0000 -0.0000
vn 0.0302 -0.9995 -0.0000
vn 0.0619 -0.9981 -0.0000
vn 0.0954 -0.9954 -0.0000
vn 0.1306 -0.9914 -0.0000
vn 0.1676 -0.9859 -0.0000
vn 0.2063 -0.9785 -0.0000
vn 0.2466 -0.9691 -0.0000
vn 0.2885 -0.9575 -0.0000
vn 0.3318 -0.9433 -0.0000
vn 0.3762 -0.9265 -0.0000
vn 0.4215 -0.9068 -0.0000
vn 0.4641 -0.8858 -0.0000
vn 0.5006 -0.8657 -0.0000
vn 0.5339 -0.8455 -0.0000
vn 0.5672 -0.8236 -0.0000
vn 0.6001 -0.8000 -0.0000
vn 0.6324 -0.7746 -0.0000
vn 0.6641 -0.7476 -0.0000
vn 0.6949 -0.7191 -0.0000
vn 0.7246 -0.6892 -0.0000
vn 0.7530 -0.6580 -0.0000
vn 0.7800 -0.6258 -0.0000
vn 0.8055 -0.5926 -0.0000
vn 0.8282 -0.5604 -0.0000
vn 0.8475 -0.5309 -0.0000
vn 0.8646 -0.5025 -0.0000
vn 0.8806 -0.4739 -0.0000
vn 0.8956 -0.4450 -0.0000
vn 0.9094 -0.4159 -0.0000
vn 0.9222 -0.3868 -0.0000
vn 0.9338 -0.3577 -0.0000
vn 0.9444 -0.3288 -0.0000
vn 0.9539 -0.3001 -0.0000
vn 0.9624 -0.2717 -0.0000
vn 0.9698 -0.2437 -0.0000
vn 0.9759 -0.2182 -0.0000
vn 0.9803 -0.1973 -0.0000
vn 0.9839 -0.1786 -0.0000
vn 0.9871 -0.1599 -0.0000
vn 0.9899 -0.1414 -0.0000
vn 0.9924 -0.1231 -0.0000
vn 0.9945 -0.1049 -0.0000
vn 0.9962 -0.0869 -0.0000
vn 0.9976 -0.0691 -0.0000
vn 0.9987 -0.0515 -0.0000
vn 0.9994 -0.0341 -0.0000
vn 0.9999 -0.0169 -0.0000
vn 1.0000 -0.0003 -0.0000
vn 0.9999 0.0156 -0.0000
vn 0.9995 0.0307 -0.0000
vn 0.9990 0.0454 -0.0000
vn 0.9982 0.0597 -0.0000
vn 0.9973 0.0735 -0.0000
vn 0.9962 0.0869 -0.0000
vn 0.9950 0.0999 -0.0000
vn 0.9937 0.1124 -0.0000
vn 0.9922 0.1246 -0.0000
vn 0.9906 0.1364 -0.0000
vn 0.9890 0.1479 -0.0000
vn 0.9872 0.1598 -0.0000
vn 0.9849 0.1731 -0.0000
vn 0.9824 0.1870 -0.0000
vn 0.9796 0.2009 -0.0000
vn 0.9767 0.2146 -0.0000
vn 0.9736 0.2282 -0.0000
vn 0.9703 0.2418 -0.0000
vn 0.9669 0.2552 -0.0000
vn 0.9633 0.2684 -0.0000
vn 0.9595 0.2815 -0.0000
vn 0.9556 0.2945 -0.0000
vn 0.9516 0.3074 -0.0000
vn 0.9472 0.3207 -0.0000
vn 0.9421 0.3352 -0.0000
vn 0.9366 0.3503 -0.0000
vn 0.9309 0.3653 -0.0000
vn 0.9249 0.3802 -0.0000
vn 0.9187 0.3950 -0.0000
vn 0.9122 0.4097 -0.0000
vn 0.9055 0.4243 -0.0000
vn 0.8986 0.4387 -0.0000
vn 0.8915 0.4529 -0.0000
vn 0.8842 0.4671 -0.0000
vn 0.8767 0.4810 -0.0000
vn 0.8682 0.4962 -0.0000
vn 0.8577 0.5142 -0.0000
vn 0.8458 0.5336 -0.0000
vn 0.8333 0.5529 -0.0000
vn 0.8202 0.5720 -0.0000
vn 0.8066 0.5911 -0.0000
vn 0.7925 0.6099 -0.0000
vn 0.7778 0.6285 -0.0000
vn 0.7626 0.6468 -0.0000
vn 0.7470 0.6649 -0.0000
vn 0.7308 0.6826 -0.0000
vn 0.7142 0.7000 -0.0000
vn 0.6962 0.7178 -0.0000
vn 0.6759 0.7370 -0.0000
vn 0.6540 0.7565 -0.0000
vn 0.6313 0.7755 -0.0000
vn 0.6081 0.7939 -0.0000
vn 0.5843 0.8115 -0.0000
vn 0.5600 0.8285 -0.0000
vn 0.5354 0.8446 -0.0000
vn 0.5103 0.8600 -0.0000
vn 0.4850 0.8745 -0.0000
vn 0.4594 0.8882 -0.0000
vn 0.4337 0.9010 -0.0000
vn 0.4055 0.9141 -0.0000
vn 0.3721 0.9282 -0.0000
vn 0.3361 0.9418 -0.0000
vn 0.3001 0.9539 -0.0000
vn 0.2643 0.9644 -0.0000
vn 0.2288 0.9735 -0.0000
vn 0.1939 0.9810 -0.0000
vn 0.1595 0.9872 -0.0000
vn 0.1259 0.9920 -0.0000
vn 0.0931 0.9957 -0.0000
vn 0.0611 0.9981 -0.0000
vn 0.0301 0.9995 -0.0000
vn -0.0013 1.0000 -0.0000
vn -0.0355 0.9994 -0.0000
vn -0.0720 0.9974 -0.0000
vn -0.1097 0.9940 -0.0000
vn -0.1485 0.9889 -0.0000
vn -0.1882 0.9821 -0.0000
vn -0.2286 0.9735 -0.0000
vn -0.2696 0.9630 -0.0000
vn -0.3109 0.9504 -0.0000
vn -0.3523 0.9359 -0.0000
vn -0.3936 0.9193 -0.0000
vn -0.4344 0.9007 -0.0000
vn -0.4735 0.8808 -0.0000
vn -0.5097 0.8604 -0.0000
vn -0.5438 0.8392 -0.0000
vn -0.5768 0.8169 -0.0000
vn -0.6086 0.7935 -0.0000
vn -0.6389 0.7693 -0.0000
vn -0.6678 0.7443 -0.0000
vn -0.6952 0.7189 -0.0000
vn -0.7210 0.6930 -0.0000
vn -0.7452 0.6668 -0.0000
vn -0.7679 0.6406 -0.0000
vn -0.7890 0.6144 -0.0000
vn 0.2207 0.9753 -0.0000
vn 0.9761 0.2173 -0.0000
vn 0.9582 0.2860 -0.0000
vn 0.9230 0.3848 -0.0000
vn 0.8768 0.4809 -0.0000
vn 0.8210 0.5710 -0.0000
vn 0.7578 0.6524 -0.0000
vn 0.6209 0.7839 -0.0000
vn 0.5522 0.8337 -0.0000
vn 0.4860 0.8740 -0.0000
vn 0.4235 0.9059 -0.0000
vn 0.3653 0.9309 -0.0000
vn 0.3117 0.9502 -0.0000
vn 0.2637 0.9646 -0.0000
vn 0.2218 0.9751 -0.0000
vn 0.1855 0.9826 -0.0000
vn 0.1538 0.9881 -0.0000
vn 0.1260 0.9920 -0.0000
vn 0.1015 0.9948 -0.0000
vn 0.0798 0.9968 -0.0000
vn 0.0603 0.9982 -0.0000
vn 0.0429 0.9991 -0.0000
vn 0.0272 0.9996 -0.0000
vn 0.0130 0.9999 -0.0000
vn 0.0014 1.0000 -0.0000
vn -0.0072 1.0000 -0.0000
vn -0.0148 0.9999 -0.0000
vn -0.0228 0.9997 -0.0000
vn -0.0313 0.9995 -0.0000
vn -0.0404 0.9992 -0.0000
vn -0.0500 0.9987 -0.0000
vn -0.0603 0.9982 -0.0000
vn -0.0713 0.9975 -0.0000
vn -0.0832 0.9965 -0.0000
vn -0.0958 0.9954 -0.0000
vn -0.1095 0.9940 -0.0000
vn -0.1235 0.9923 -0.0000
vn -0.1370 0.9906 -0.0000
vn -0.1508 0.9886 -0.0000
vn -0.1657 0.9862 -0.0000
vn -0.1816 0.9834 -0.0000
vn -0.1987 0.9801 -0.0000
vn -0.2171 0.9761 -0.0000
vn -0.2370 0.9715 -0.0000
vn -0.2586 0.9660 -0.0000
vn -0.2820 0.9594 -0.0000
vn -0.3073 0.9516 -0.0000
vn -0.3348 0.9423 -0.0000
vn -0.3657 0.9308 -0.0000
vn -0.4006 0.9162 -0.0000
vn -0.4388 0.8986 -0.0000
vn -0.4793 0.8777 -0.0000
vn -0.5219 0.8530 -0.0000
vn -0.5664 0.8241 -0.0000
vn -0.6126 0.7904 -0.0000
vn -0.6598 0.7514 -0.0000
vn -0.7074 0.7068 -0.0000
vn -0.7546 0.6562 -0.0000
vn -0.8002 0.5997 -0.0000
vn -0.8432 0.5376 -0.0000
vn -0.8806 0.4738 -0.0000
vn -0.9106 0.4134 -0.0000
vn -0.9351 0.3544 -0.0000
vn -0.9558 0.2942 -0.0000
vn -0.9724 0.2335 -0.0000
vn -0.9849 0.1732 -0.0000
vn -0.9935 0.1138 -0.0000
vn -0.9984 0.0560 -0.0000
vn -1.0000 0.0003 -0.0000
vn -0.9986 -0.0529 -0.0000
vn -0.9946 -0.1035 -0.0000
vn -0.9885 -0.1511 -0.0000
vn 0.9785 0.2062 -0.0000
vn 0.9824 -0.1868 -0.0000
vn 0.8284 -0.5601 -0.0000
vn 0.8118 -0.5839 -0.0000
vn 0.7937 -0.6084 -0.0000
vn 0.7738 -0.6334 -0.0000
vn 0.7522 -0.6589 -0.0000
vn 0.7287 -0.6848 -0.0000
vn 0.7032 -0.7110 -0.0000
vn 0.6756 -0.7373 -0.0000
vn 0.6458 -0.7635 -0.0000
vn 0.6138 -0.7895 -0.0000
vn 0.5796 -0.8149 -0.0000
vn 0.5420 -0.8404 -0.0000
vn 0.5003 -0.8659 -0.0000
vn 0.4558 -0.8901 -0.0000
vn 0.4101 -0.9121 -0.0000
vn 0.3635 -0.9316 -0.0000
vn 0.3163 -0.9487 -0.0000
vn 0.2690 -0.9631 -0.0000
vn 0.2219 -0.9751 -0.0000
vn 0.1754 -0.9845 -0.0000
vn 0.1297 -0.9916 -0.0000
vn 0.0852 -0.9964 -0.0000
vn 0.0419 -0.9991 -0.0000
vn 0.0003 -1.0000 -0.0000
vn -0.0403 -0.9992 -0.0000
vn -0.0815 -0.9967 -0.0000
vn -0.1234 -0.9924 -0.0000
vn -0.1658 -0.9862 -0.0000
vn -0.2086 -0.9780 -0.0000
vn -0.2514 -0.9679 -0.0000
vn -0.2941 -0.9558 -0.0000
vn -0.3363 -0.9417 -0.0000
vn -0.3779 -0.9259 -0.0000
vn -0.4185 -0.9082 -0.0000
vn -0.4579 -0.8890 -0.0000
vn -0.4938 -0.8696 -0.0000
vn -0.5240 -0.8517 -0.0000
vn -0.5514 -0.8343 -0.0000
vn -0.5780 -0.8160 -0.0000
vn -0.6039 -0.7970 -0.0000
vn -0.6290 -0.7774 -0.0000
vn -0.6533 -0.7571 -0.0000
vn -0.6766 -0.7363 -0.0000
vn -0.6990 -0.7151 -0.0000
vn -0.7204 -0.6936 -0.0000
vn -0.7408 -0.6717 -0.0000
vn -0.7602 -0.6497 -0.0000
vn -0.7776 -0.6287 -0.0000
vn -0.7924 -0.6100 -0.0000
vn -0.8056 -0.5924 -0.0000
vn -0.8183 -0.5748 -0.0000
vn -0.8303 -0.5573 -0.0000
vn -0.8417 -0.5399 -0.0000
vn -0.8526 -0.5226 -0.0000
vn -0.8629 -0.5054 -0.0000
vn -0.8726 -0.4884 -0.0000
vn -0.8818 -0.4716 -0.0000
vn -0.8905 -0.4550 -0.0000
vn -0.8987 -0.4386 -0.0000
vn -0.9060 -0.4233 -0.0000
vn -0.9120 -0.4101 -0.0000
vn -0.9175 -0.3979 -0.0000
vn -0.9227 -0.3855 -0.0000
vn -0.9278 -0.3732 -0.0000
vn -0.9327 -0.3608 -0.0000
vn -0.9374 -0.3483 -0.0000
vn -0.9419 -0.3358 -0.0000
vn -0.9463 -0.3234 -0.0000
vn -0.9505 -0.3109 -0.0000
vn -0.9544 -0.2984 -0.0000
vn -0.9583 -0.2859 -0.0000
vn -0.9618 -0.2737 -0.0000
vn -0.9651 -0.2620 -0.0000
vn -0.9681 -0.2505 -0.0000
vn -0.9710 -0.2389 -0.0000
vn -0.9738 -0.2273 -0.0000
vn -0.9765 -0.2157 -0.0000
vn -0.9790 -0.2039 -0.0000
vn -0.9814 -0.1922 -0.0000
vn -0.9836 -0.1804 -0.0000
vn -0.9857 -0.1685 -0.0000
vn -0.9877 -0.1567 -0.0000
vn -0.9895 -0.1448 -0.0000
vn -0.9910 -0.1335 -0.0000
vn -0.9923 -0.1235 -0.0000
vn -0.9935 -0.1139 -0.0000
vn -0.9946 -0.1040 -0.0000
vn -0.9956 -0.0938 -0.0000
vn -0.9965 -0.0832 -0.0000
vn -0.9974 -0.0724 -0.0000
vn -0.9981 -0.0612 -0.0000
vn -0.9988 -0.0497 -0.0000
vn -0.9993 -0.0378 -0.0000
vn -0.9997 -0.0256 -0.0000
vn -0.9999 -0.0130 -0.0000
vn -1.0000 -0.0001 -0.0000
vn -0.9999 0.0126 -0.0000
vn -0.9997 0.0254 -0.0000
vn -0.9993 0.0385 -0.0000
vn -0.9987 0.0517 -0.0000
vn -0.9979 0.0651 -0.0000
vn -0.9969 0.0787 -0.0000
vn -0.9957 0.0926 -0.0000
vn -0.9943 0.1066 -0.0000
vn -0.9927 0.1208 -0.0000
vn -0.9908 0.1351 -0.0000
vn -0.9887 0.1497 -0.0000
vn -0.9859 0.1671 -0.0000
vn -0.9818 0.1900 -0.0000
vn -0.9764 0.2160 -0.0000
vn -0.9701 0.2426 -0.0000
vn -0.9629 0.2697 -0.0000
vn -0.9548 0.2972 -0.0000
vn -0.9457 0.3251 -0.0000
vn -0.9355 0.3534 -0.0000
vn -0.9242 0.3818 -0.0000
vn -0.9119 0.4104 -0.0000
vn -0.8985 0.4391 -0.0000
vn -0.8839 0.4677 -0.0000
vn -0.8675 0.4975 -0.0000
vn -0.8482 0.5296 -0.0000
vn -0.8265 0.5629 -0.0000
vn -0.8031 0.5958 -0.0000
vn -0.7780 0.6282 -0.0000
vn -0.7513 0.6599 -0.0000
vn -0.7231 0.6907 -0.0000
vn -0.6935 0.7205 -0.0000
vn -0.6626 0.7490 -0.0000
vn -0.6306 0.7761 -0.0000
vn -0.5977 0.8017 -0.0000
vn -0.5642 0.8257 -0.0000
vn -0.5264 0.8503 -0.0000
vn -0.4806 0.8769 -0.0000
vn -0.4308 0.9024 -0.0000
vn -0.3812 0.9245 -0.0000
vn -0.3324 0.9431 -0.0000
vn -0.2846 0.9586 -0.0000
vn -0.2383 0.9712 -0.0000
vn -0.1937 0.9811 -0.0000
vn -0.1510 0.9885 -0.0000
vn -0.1102 0.9939 -0.0000
vn -0.0715 0.9974 -0.0000
vn -0.0349 0.9994 -0.0000
vn 0.0040 1.0000 -0.0000
vn 0.0499 0.9988 -0.0000
vn 0.0990 0.9951 -0.0000
vn 0.1471 0.9891 -0.0000
vn 0.2390 0.9710 -0.0000
vn 0.2823 0.9593 -0.0000
vn 0.3236 0.9462 -0.0000
vn 0.3629 0.9318 -0.0000
vn 0.4001 0.9165 -0.0000
vn 0.4352 0.9004 -0.0000
vn 0.4681 0.8837 -0.0000
vn 0.4982 0.8671 -0.0000
vn 0.5252 0.8510 -0.0000
vn 0.5504 0.8349 -0.0000
vn 0.5746 0.8184 -0.0000
vn 0.5980 0.8015 -0.0000
vn 0.6204 0.7843 -0.0000
vn 0.6419 0.7668 -0.0000
vn 0.6624 0.7492 -0.0000
vn 0.6819 0.7314 -0.0000
vn 0.7006 0.7136 -0.0000
vn 0.7183 0.6958 -0.0000
vn 0.7351 0.6780 -0.0000
vn 0.7510 0.6603 -0.0000
vn 0.7662 0.6426 -0.0000
vn 0.7807 0.6249 -0.0000
vn 0.7946 0.6071 -0.0000
vn 0.8079 0.5893 -0.0000
vn 0.8206 0.5716 -0.0000
vn 0.8326 0.5538 -0.0000
vn 0.8441 0.5362 -0.0000
vn 0.8550 0.5187 -0.0000
vn 0.8653 0.5013 -0.0000
vn 0.8750 0.4841 -0.0000
vn 0.8842 0.4670 -0.0000
vn 0.8934 0.4493 -0.0000
vn 0.9030 0.4297 -0.0000
vn 0.9125 0.4090 -0.0000
vn 0.9216 0.3881 -0.0000
vn 0.9302 0.3672 -0.0000
vn 0.9382 0.3461 -0.0000
vn 0.9457 0.3250 -0.0000
vn 0.9527 0.3038 -0.0000
vn 0.9592 0.2827 -0.0000
vn 0.9652 0.2616 -0.0000
vn 0.9706 0.2406 -0.0000
vn 0.9756 0.2197 -0.0000
vn -0.9795 -0.2016 -0.0000
vn -0.9782 -0.2078 -0.0000
vn -0.9699 -0.2436 -0.0000
vn -0.9567 -0.2912 -0.0000
vn -0.9409 -0.3388 -0.0000
vn -0.9226 -0.3858 -0.0000
vn -0.9019 -0.4320 -0.0000
vn -0.8789 -0.4770 -0.0000
vn -0.8538 -0.5205 -0.0000
vn -0.8270 -0.5622 -0.0000
vn -0.7986 -0.6018 -0.0000
vn -0.7690 -0.6393 -0.0000
vn -0.7384 -0.6743 -0.0000
vn -0.7044 -0.7098 -0.0000
vn -0.6645 -0.7473 -0.0000
vn -0.6224 -0.7827 -0.0000
vn -0.5816 -0.8135 -0.0000
vn -0.5425 -0.8401 -0.0000
vn -0.5053 -0.8630 -0.0000
vn -0.4700 -0.8827 -0.0000
vn -0.4367 -0.8996 -0.0000
vn -0.4054 -0.9142 -0.0000
vn -0.3760 -0.9266 -0.0000
vn -0.3226 -0.9465 -0.0000
vn -0.2985 -0.9544 -0.0000
vn -0.2759 -0.9612 -0.0000
vn -0.2547 -0.9670 -0.0000
vn -0.2348 -0.9720 -0.0000
vn -0.2162 -0.9764 -0.0000
vn -0.1987 -0.9801 -0.0000
vn -0.1822 -0.9833 -0.0000
vn -0.1667 -0.9860 -0.0000
vn -0.1522 -0.9884 -0.0000
vn -0.1384 -0.9904 -0.0000
vn -0.1254 -0.9921 -0.0000
vn -0.1132 -0.9936 -0.0000
vn -0.0895 -0.9960 -0.0000
vn -0.0782 -0.9969 -0.0000
vn -0.0678 -0.9977 -0.0000
vn -0.0581 -0.9983 -0.0000
vn -0.0491 -0.9988 -0.0000
vn -0.0407 -0.9992 -0.0000
vn -0.0328 -0.9995 -0.0000
vn -0.0254 -0.9997 -0.0000
vn -0.0185 -0.9998 -0.0000
vn -0.0120 -0.9999 -0.0000
vn -0.0058 -1.0000 -0.0000
vn -0.0000 -1.0000 -0.0000
vn 0.0060 -1.0000 -0.0000
vn 0.0123 -0.9999 -0.0000
vn 0.0190 -0.9998 -0.0000
vn 0.0261 -0.9997 -0.0000
vn 0.0336 -0.9994 -0.0000
vn 0.0417 -0.9991 -0.0000
vn 0.0503 -0.9987 -0.0000
vn 0.0595 -0.9982 -0.0000
vn 0.0694 -0.9976 -0.0000
vn 0.0800 -0.9968 -0.0000
vn 0.0914 -0.9958 -0.0000
vn 0.1036 -0.9946 -0.0000
vn 0.1167 -0.9932 -0.0000
vn 0.1457 -0.9893 -0.0000
vn 0.1620 -0.9868 -0.0000
vn 0.1796 -0.9837 -0.0000
vn 0.1989 -0.9800 -0.0000
vn 0.2199 -0.9755 -0.0000
vn 0.2428 -0.9701 -0.0000
vn 0.2680 -0.9634 -0.0000
vn 0.2956 -0.9553 -0.0000
vn 0.3260 -0.9454 -0.0000
vn 0.3581 -0.9337 -0.0000
vn 0.3905 -0.9206 -0.0000
vn 0.4240 -0.9057 -0.0000
vn 0.4598 -0.8880 -0.0000
vn 0.4981 -0.8671 -0.0000
vn 0.5388 -0.8425 -0.0000
vn 0.5817 -0.8134 -0.0000
vn 0.6266 -0.7793 -0.0000
vn 0.6731 -0.7395 -0.0000
vn 0.7205 -0.6934 -0.0000
vn 0.7679 -0.6406 -0.0000
vn 0.8140 -0.5808 -0.0000
vn 0.8566 -0.5159 -0.0000
vn 0.8936 -0.4489 -0.0000
vn 0.9251 -0.3797 -0.0000
vn 0.9516 -0.3075 -0.0000
vn 0.9724 -0.2335 -0.0000
vn 0.9873 -0.1591 -0.0000
vn 0.9963 -0.0857 -0.0000
vn 0.9999 -0.0143 -0.0000
vn 0.9985 0.0540 -0.0000
vn 0.9929 0.1187 -0.0000
vn 0.9838 0.1792 -0.0000
vn 0.9719 0.2352 -0.0000
vn 0.9734 0.2292 -0.0000
vn 0.9831 0.1830 -0.0000
vn 0.9858 0.1682 -0.0000
vn 0.9863 0.1650 -0.0000
vn 0.9868 0.1618 -0.0000
vn 0.9874 0.1586 -0.0000
vn 0.9879 0.1553 -0.0000
vn 0.9884 0.1520 -0.0000
vn 0.9889 0.1488 -0.0000
vn 0.9894 0.1455 -0.0000
vn 0.9903 0.1389 -0.0000
vn 0.9908 0.1355 -0.0000
vn 0.9915 0.1302 -0.0000
vn 0.9926 0.1211 -0.0000
vn 0.9939 0.1100 -0.0000
vn 0.9951 0.0990 -0.0000
vn 0.9961 0.0879 -0.0000
vn 0.9970 0.0768 -0.0000
vn 0.9978 0.0658 -0.0000
vn 0.9990 0.0438 -0.0000
vn 0.9995 0.0328 -0.0000
vn 0.9998 0.0218 -0.0000
vn 0.9999 0.0109 -0.0000
vn 1.0000 -0.0052 -0.0000
vn 0.9995 -0.0323 -0.0000
vn 0.9978 -0.0664 -0.0000
vn 0.9947 -0.1027 -0.0000
vn 0.9900 -0.1412 -0.0000
vn 0.9833 -0.1818 -0.0000
vn 0.9744 -0.2247 -0.0000
vn 0.9630 -0.2697 -0.0000
vn 0.9486 -0.3165 -0.0000
vn 0.9310 -0.3651 -0.0000
vn 0.9098 -0.4150 -0.0000
vn 0.8849 -0.4657 -0.0000
vn 0.8514 -0.5245 -0.0000
vn 0.8019 -0.5975 -0.0000
vn 0.7381 -0.6747 -0.0000
vn 0.6658 -0.7461 -0.0000
vn 0.5872 -0.8094 -0.0000
vn 0.5049 -0.8632 -0.0000
vn 0.3397 -0.9405 -0.0000
vn 0.2613 -0.9653 -0.0000
vn 0.1876 -0.9822 -0.0000
vn 0.1195 -0.9928 -0.0000
vn 0.0572 -0.9984 -0.0000
vn -0.0536 -0.9986 -0.0000
vn -0.1062 -0.9943 -0.0000
vn -0.1573 -0.9875 -0.0000
vn -0.2066 -0.9784 -0.0000
vn -0.2538 -0.9673 -0.0000
vn -0.2987 -0.9543 -0.0000
vn -0.3412 -0.9400 -0.0000
vn -0.3813 -0.9245 -0.0000
vn -0.4188 -0.9081 -0.0000
vn -0.4540 -0.8910 -0.0000
vn -0.4867 -0.8735 -0.0000
vn -0.5162 -0.8565 -0.0000
vn -0.5419 -0.8404 -0.0000
vn -0.5654 -0.8248 -0.0000
vn -0.5880 -0.8089 -0.0000
vn -0.6095 -0.7928 -0.0000
vn -0.6300 -0.7766 -0.0000
vn -0.6496 -0.7603 -0.0000
vn -0.6682 -0.7440 -0.0000
vn -0.6859 -0.7277 -0.0000
vn -0.7026 -0.7116 -0.0000
vn -0.7185 -0.6955 -0.0000
vn -0.7336 -0.6796 -0.0000
vn -0.7482 -0.6634 -0.0000
vn -0.7630 -0.6463 -0.0000
vn -0.7776 -0.6288 -0.0000
vn -0.7915 -0.6111 -0.0000
vn -0.8048 -0.5935 -0.0000
vn -0.8175 -0.5759 -0.0000
vn -0.8296 -0.5584 -0.0000
vn -0.8410 -0.5410 -0.0000
vn -0.8519 -0.5237 -0.0000
vn -0.8622 -0.5066 -0.0000
vn -0.8720 -0.4896 -0.0000
vn -0.8812 -0.4728 -0.0000
vn -0.9005 -0.4349 -0.0000
vn -0.9105 -0.4134 -0.0000
vn -0.9201 -0.3917 -0.0000
vn -0.9292 -0.3697 -0.0000
vn -0.9377 -0.3475 -0.0000
vn -0.9456 -0.3252 -0.0000
vn -0.9531 -0.3028 -0.0000
vn -0.9599 -0.2803 -0.0000
vn -0.9662 -0.2578 -0.0000
vn -0.9719 -0.2353 -0.0000
vn -0.9771 -0.2129 -0.0000
vn -0.9800 -0.1991 -0.0000
vn -0.9781 -0.2082 -0.0000
vn -0.9566 -0.2913 -0.0000
vn -0.8789 -0.4771 -0.0000
vn -0.7986 -0.6019 -0.0000
vn -0.5052 -0.8630 -0.0000
vn 0.0191 -0.9998 -0.0000
vn 0.0262 -0.9997 -0.0000
vn 0.0339 -0.9994 -0.0000
vn 0.0421 -0.9991 -0.0000
vn 0.0508 -0.9987 -0.0000
vn 0.0602 -0.9982 -0.0000
vn 0.0703 -0.9975 -0.0000
vn 0.0813 -0.9967 -0.0000
vn 0.0931 -0.9957 -0.0000
vn 0.1057 -0.9944 -0.0000
vn 0.1190 -0.9929 -0.0000
vn 0.1330 -0.9911 -0.0000
vn 0.1482 -0.9890 -0.0000
vn 0.1823 -0.9832 -0.0000
vn 0.2015 -0.9795 -0.0000
vn 0.2224 -0.9750 -0.0000
vn 0.2451 -0.9695 -0.0000
vn 0.2699 -0.9629 -0.0000
vn 0.2971 -0.9548 -0.0000
vn 0.3268 -0.9451 -0.0000
vn 0.3584 -0.9336 -0.0000
vn 0.7205 -0.6935 -0.0000
vn 0.8555 -0.5177 -0.0000
vn 0.8896 -0.4567 -0.0000
vn 0.9182 -0.3962 -0.0000
vn 0.9427 -0.3336 -0.0000
vn 0.9629 -0.2697 -0.0000
vn 0.9787 -0.2055 -0.0000
vn 0.9899 -0.1416 -0.0000
vn 0.9969 -0.0791 -0.0000
vn 0.9998 -0.0185 -0.0000
vn 0.9992 0.0396 -0.0000
vn 0.9891 0.1469 -0.0000
vn 0.9831 0.1833 -0.0000
vn 0.9754 0.2203 -0.0000
vn 0.9709 0.2397 -0.0000
vn 0.9768 0.2142 -0.0000
vn 0.9795 0.2015 -0.0000
vn 0.9820 0.1888 -0.0000
vn 0.9844 0.1762 -0.0000
vn 0.9865 0.1636 -0.0000
vn 0.9885 0.1510 -0.0000
vn 0.9904 0.1386 -0.0000
vn 0.9920 0.1261 -0.0000
vn 0.9935 0.1138 -0.0000
vn 0.9947 0.1026 -0.0000
vn 0.9956 0.0936 -0.0000
vn 0.9963 0.0856 -0.0000
vn 0.9970 0.0775 -0.0000
vn 0.9976 0.0693 -0.0000
vn 0.9981 0.0610 -0.0000
vn 0.9986 0.0525 -0.0000
vn 0.9990 0.0440 -0.0000
vn 0.9994 0.0354 -0.0000
vn 0.9996 0.0267 -0.0000
vn 0.9998 0.0179 -0.0000
vn 1.0000 0.0090 -0.0000
vn 1.0000 -0.0064 -0.0000
vn 0.9994 -0.0354 -0.0000
vn 0.9974 -0.0725 -0.0000
vn 0.9937 -0.1117 -0.0000
vn 0.9882 -0.1530 -0.0000
vn 0.9806 -0.1962 -0.0000
vn 0.9705 -0.2412 -0.0000
vn 0.9577 -0.2879 -0.0000
vn 0.9419 -0.3360 -0.0000
vn 0.9229 -0.3851 -0.0000
vn 0.9005 -0.4348 -0.0000
vn 0.8747 -0.4846 -0.0000
vn 0.8408 -0.5414 -0.0000
vn 0.7913 -0.6114 -0.0000
vn 0.7284 -0.6852 -0.0000
vn 0.6575 -0.7535 -0.0000
vn 0.5805 -0.8143 -0.0000
vn 0.4999 -0.8661 -0.0000
vn 0.4182 -0.9083 -0.0000
vn 0.3378 -0.9412 -0.0000
vn 0.2604 -0.9655 -0.0000
vn 0.1874 -0.9823 -0.0000
vn 0.1197 -0.9928 -0.0000
vn 0.0574 -0.9984 -0.0000
vn -0.7630 -0.6464 -0.0000
vn -0.7049 -0.7093 -0.0000
vn -0.6664 -0.7456 -0.0000
vn -0.6259 -0.7799 -0.0000
vn -0.5866 -0.8099 -0.0000
vn -0.5487 -0.8360 -0.0000
vn -0.5124 -0.8587 -0.0000
vn -0.4778 -0.8785 -0.0000
vn -0.4451 -0.8955 -0.0000
vn -0.4141 -0.9102 -0.0000
vn -0.3849 -0.9230 -0.0000
vn -0.3315 -0.9435 -0.0000
vn -0.3067 -0.9518 -0.0000
vn -0.2824 -0.9593 -0.0000
vn -0.2594 -0.9658 -0.0000
vn -0.2379 -0.9713 -0.0000
vn -0.2180 -0.9759 -0.0000
vn -0.1995 -0.9799 -0.0000
vn -0.1661 -0.9861 -0.0000
vn -0.1510 -0.9885 -0.0000
vn -0.1369 -0.9906 -0.0000
vn -0.1237 -0.9923 -0.0000
vn -0.1113 -0.9938 -0.0000
vn -0.0995 -0.9950 -0.0000
vn -0.0882 -0.9961 -0.0000
vn -0.0775 -0.9970 -0.0000
vn -0.0675 -0.9977 -0.0000
vn -0.0493 -0.9988 -0.0000
vn -0.0410 -0.9992 -0.0000
vn -0.0332 -0.9994 -0.0000
vn -0.0258 -0.9997 -0.0000
vn -0.0188 -0.9998 -0.0000
vn -0.0122 -0.9999 -0.0000
vn -0.0060 -1.0000 -0.0000
vn 0.0059 -1.0000 -0.0000
vn 0.0120 -0.9999 -0.0000
vn 0.0186 -0.9998 -0.0000
vn 0.0257 -0.9997 -0.0000
vn 0.0333 -0.9994 -0.0000
vn 0.0414 -0.9991 -0.0000
vn 0.0501 -0.9987 -0.0000
vn 0.0697 -0.9976 -0.0000
vn 0.0808 -0.9967 -0.0000
vn 0.0928 -0.9957 -0.0000
vn 0.1056 -0.9944 -0.0000
vn 0.1188 -0.9929 -0.0000
vn 0.1325 -0.9912 -0.0000
vn 0.1473 -0.9891 -0.0000
vn 0.1804 -0.9836 -0.0000
vn 0.2189 -0.9758 -0.0000
vn 0.2405 -0.9706 -0.0000
vn 0.2640 -0.9645 -0.0000
vn 0.2896 -0.9571 -0.0000
vn 0.3174 -0.9483 -0.0000
vn 0.3474 -0.9377 -0.0000
vn 0.3796 -0.9251 -0.0000
vn 0.4142 -0.9102 -0.0000
vn 0.4517 -0.8922 -0.0000
vn 0.4921 -0.8705 -0.0000
vn 0.5355 -0.8445 -0.0000
vn 0.5818 -0.8133 -0.0000
vn 0.6307 -0.7760 -0.0000
vn 0.6817 -0.7316 -0.0000
vn 0.7338 -0.6794 -0.0000
vn 0.7858 -0.6185 -0.0000
vn 0.8361 -0.5486 -0.0000
vn 0.8789 -0.4770 -0.0000
vn 0.9105 -0.4134 -0.0000
vn 0.9351 -0.3544 -0.0000
vn 0.9558 -0.2942 -0.0000
vn 0.9849 -0.1732 -0.0000
vn 0.9935 -0.1138 -0.0000
vn 0.9984 -0.0560 -0.0000
vn 0.9986 0.0529 -0.0000
vn 0.9946 0.1035 -0.0000
vn 0.9885 0.1511 -0.0000
vn 0.9827 0.1854 -0.0000
vn 0.9718 0.2358 -0.0000
vn 0.9612 0.2759 -0.0000
vn 0.9487 0.3163 -0.0000
vn 0.9342 0.3568 -0.0000
vn 0.9178 0.3971 -0.0000
vn 0.8995 0.4369 -0.0000
vn 0.8794 0.4762 -0.0000
vn 0.8575 0.5145 -0.0000
vn 0.8340 0.5517 -0.0000
vn 0.8091 0.5876 -0.0000
vn 0.7830 0.6221 -0.0000
vn 0.7528 0.6583 -0.0000
vn 0.7155 0.6986 -0.0000
vn 0.6745 0.7382 -0.0000
vn 0.6335 0.7737 -0.0000
vn 0.5930 0.8052 -0.0000
vn 0.5533 0.8330 -0.0000
vn 0.5148 0.8573 -0.0000
vn 0.4777 0.8785 -0.0000
vn 0.4421 0.8969 -0.0000
vn 0.4082 0.9129 -0.0000
vn 0.3760 0.9266 -0.0000
vn 0.3454 0.9385 -0.0000
vn 0.3173 0.9483 -0.0000
vn 0.2927 0.9562 -0.0000
vn 0.2706 0.9627 -0.0000
vn 0.2501 0.9682 -0.0000
vn 0.2309 0.9730 -0.0000
vn 0.2130 0.9771 -0.0000
vn 0.1963 0.9806 -0.0000
vn 0.1806 0.9836 -0.0000
vn 0.1659 0.9861 -0.0000
vn 0.1522 0.9884 -0.0000
vn 0.1392 0.9903 -0.0000
vn 0.1271 0.9919 -0.0000
vn 0.1151 0.9934 -0.0000
vn 0.1027 0.9947 -0.0000
vn 0.0906 0.9959 -0.0000
vn 0.0792 0.9969 -0.0000
vn 0.0684 0.9977 -0.0000
vn 0.0582 0.9983 -0.0000
vn 0.0486 0.9988 -0.0000
vn 0.0394 0.9992 -0.0000
vn 0.0307 0.9995 -0.0000
vn 0.0225 0.9997 -0.0000
vn 0.0146 0.9999 -0.0000
vn 0.0072 1.0000 -0.0000
vn 0.0001 1.0000 -0.0000
vn -0.0070 1.0000 -0.0000
vn -0.0144 0.9999 -0.0000
vn -0.0223 0.9998 -0.0000
vn -0.0307 0.9995 -0.0000
vn -0.0398 0.9992 -0.0000
vn -0.0495 0.9988 -0.0000
vn -0.0600 0.9982 -0.0000
vn -0.0714 0.9975 -0.0000
vn -0.0836 0.9965 -0.0000
vn -0.0970 0.9953 -0.0000
vn -0.1115 0.9938 -0.0000
vn -0.1264 0.9920 -0.0000
vn -0.1406 0.9901 -0.0000
vn -0.1549 0.9879 -0.0000
vn -0.1703 0.9854 -0.0000
vn -0.1868 0.9824 -0.0000
vn -0.2046 0.9788 -0.0000
vn -0.2239 0.9746 -0.0000
vn -0.2673 0.9636 -0.0000
vn -0.2918 0.9565 -0.0000
vn -0.3185 0.9479 -0.0000
vn -0.3475 0.9377 -0.0000
vn -0.3799 0.9250 -0.0000
vn -0.4167 0.9091 -0.0000
vn -0.4567 0.8896 -0.0000
vn -0.4991 0.8665 -0.0000
vn -0.5437 0.8393 -0.0000
vn -0.5901 0.8073 -0.0000
vn -0.6380 0.7701 -0.0000
vn -0.6866 0.7270 -0.0000
vn -0.7351 0.6779 -0.0000
vn -0.7825 0.6226 -0.0000
vn -0.8277 0.5612 -0.0000
vn -0.8693 0.4943 -0.0000
vn -0.9040 0.4274 -0.0000
vn -0.9302 0.3671 -0.0000
vn -0.9506 0.3103 -0.0000
vn -0.9674 0.2532 -0.0000
vn -0.9805 0.1963 -0.0000
vn -0.9901 0.1403 -0.0000
vn -0.9963 0.0857 -0.0000
vn -0.9995 0.0328 -0.0000
vn -0.9998 -0.0179 -0.0000
vn -0.9978 -0.0662 -0.0000
vn -0.9937 -0.1120 -0.0000
vn -0.9879 -0.1552 -0.0000
vn -0.9828 -0.1849 -0.0000
vn -0.3647 0.9311 -0.0000
vn 0.8457 0.5336 -0.0000
vn 0.8339 0.5519 -0.0000
vn 0.8221 0.5693 -0.0000
vn 0.8104 0.5858 -0.0000
vn 0.7988 0.6016 -0.0000
vn 0.7873 0.6165 -0.0000
vn 0.7760 0.6308 -0.0000
vn 0.7648 0.6443 -0.0000
vn 0.7538 0.6572 -0.0000
vn 0.7429 0.6694 -0.0000
vn 0.7323 0.6810 -0.0000
vn 0.7210 0.6930 -0.0000
vn 0.7079 0.7063 -0.0000
vn 0.6939 0.7201 -0.0000
vn 0.6796 0.7336 -0.0000
vn 0.6652 0.7467 -0.0000
vn 0.6506 0.7594 -0.0000
vn 0.6359 0.7718 -0.0000
vn 0.6211 0.7838 -0.0000
vn 0.6062 0.7953 -0.0000
vn 0.5912 0.8065 -0.0000
vn 0.5761 0.8173 -0.0000
vn 0.5611 0.8278 -0.0000
vn 0.5454 0.8381 -0.0000
vn 0.5286 0.8489 -0.0000
vn 0.5111 0.8595 -0.0000
vn 0.4934 0.8698 -0.0000
vn 0.4756 0.8797 -0.0000
vn 0.4577 0.8891 -0.0000
vn 0.4398 0.8981 -0.0000
vn 0.4219 0.9067 -0.0000
vn 0.4039 0.9148 -0.0000
vn 0.3859 0.9225 -0.0000
vn 0.3680 0.9298 -0.0000
vn 0.3502 0.9367 -0.0000
vn 0.3302 0.9439 -0.0000
vn 0.3058 0.9521 -0.0000
vn 0.2789 0.9603 -0.0000
vn 0.2516 0.9678 -0.0000
vn 0.2240 0.9746 -0.0000
vn 0.1961 0.9806 -0.0000
vn 0.1681 0.9858 -0.0000
vn 0.1399 0.9902 -0.0000
vn 0.1118 0.9937 -0.0000
vn 0.0836 0.9965 -0.0000
vn 0.0556 0.9985 -0.0000
vn 0.0277 0.9996 -0.0000
vn 0.0013 1.0000 -0.0000
vn -0.0229 0.9997 -0.0000
vn -0.0467 0.9989 -0.0000
vn -0.0716 0.9974 -0.0000
vn -0.0975 0.9952 -0.0000
vn -0.1245 0.9922 -0.0000
vn -0.1526 0.9883 -0.0000
vn -0.1818 0.9833 -0.0000
vn -0.2120 0.9773 -0.0000
vn -0.2433 0.9699 -0.0000
vn -0.2756 0.9613 -0.0000
vn -0.3088 0.9511 -0.0000
vn -0.3413 0.9400 -0.0000
vn -0.3715 0.9284 -0.0000
vn -0.4009 0.9161 -0.0000
vn -0.4310 0.9024 -0.0000
vn -0.4615 0.8872 -0.0000
vn -0.4924 0.8704 -0.0000
vn -0.5235 0.8520 -0.0000
vn -0.5548 0.8320 -0.0000
vn -0.5860 0.8103 -0.0000
vn -0.6171 0.7869 -0.0000
vn -0.6477 0.7619 -0.0000
vn -0.6778 0.7353 -0.0000
vn -0.7059 0.7083 -0.0000
vn -0.7309 0.6824 -0.0000
vn -0.7541 0.6568 -0.0000
vn -0.7764 0.6302 -0.0000
vn -0.7979 0.6028 -0.0000
vn -0.8185 0.5746 -0.0000
vn -0.8380 0.5457 -0.0000
vn -0.8564 0.5163 -0.0000
vn -0.8737 0.4864 -0.0000
vn -0.8899 0.4562 -0.0000
vn -0.9048 0.4259 -0.0000
vn -0.9185 0.3954 -0.0000
vn -0.9304 0.3667 -0.0000
vn -0.9399 0.3415 -0.0000
vn -0.9480 0.3181 -0.0000
vn -0.9556 0.2948 -0.0000
vn -0.9624 0.2715 -0.0000
vn -0.9687 0.2483 -0.0000
vn -0.9743 0.2253 -0.0000
vn -0.9793 0.2025 -0.0000
vn -0.9837 0.1800 -0.0000
vn -0.9875 0.1577 -0.0000
vn -0.9908 0.1357 -0.0000
vn -0.9935 0.1140 -0.0000
vn -0.2354 0.9719 -0.0000
vn 0.8316 0.5553 -0.0000
vn 0.8205 0.5716 -0.0000
vn 0.8094 0.5873 -0.0000
vn 0.7983 0.6023 -0.0000
vn 0.7872 0.6167 -0.0000
vn 0.7762 0.6305 -0.0000
vn 0.7652 0.6438 -0.0000
vn 0.7543 0.6565 -0.0000
vn 0.7436 0.6686 -0.0000
vn 0.7330 0.6803 -0.0000
vn 0.7224 0.6914 -0.0000
vn 0.7114 0.7028 -0.0000
vn 0.6988 0.7153 -0.0000
vn 0.6855 0.7281 -0.0000
vn 0.6720 0.7406 -0.0000
vn 0.6583 0.7528 -0.0000
vn 0.6445 0.7646 -0.0000
vn 0.6306 0.7761 -0.0000
vn 0.6166 0.7873 -0.0000
vn 0.6026 0.7981 -0.0000
vn 0.5885 0.8085 -0.0000
vn 0.5743 0.8186 -0.0000
vn 0.5602 0.8284 -0.0000
vn 0.5453 0.8382 -0.0000
vn 0.5289 0.8487 -0.0000
vn 0.5117 0.8591 -0.0000
vn 0.4944 0.8692 -0.0000
vn 0.4769 0.8790 -0.0000
vn 0.4593 0.8883 -0.0000
vn 0.4416 0.8972 -0.0000
vn 0.4239 0.9057 -0.0000
vn 0.4062 0.9138 -0.0000
vn 0.3884 0.9215 -0.0000
vn 0.3706 0.9288 -0.0000
vn 0.3529 0.9357 -0.0000
vn 0.3330 0.9429 -0.0000
vn 0.3087 0.9512 -0.0000
vn 0.2817 0.9595 -0.0000
vn 0.2544 0.9671 -0.0000
vn 0.2266 0.9740 -0.0000
vn 0.1986 0.9801 -0.0000
vn 0.1704 0.9854 -0.0000
vn 0.1420 0.9899 -0.0000
vn 0.1135 0.9935 -0.0000
vn 0.0850 0.9964 -0.0000
vn 0.0565 0.9984 -0.0000
vn 0.0282 0.9996 -0.0000
vn 0.0011 1.0000 -0.0000
vn -0.0240 0.9997 -0.0000
vn -0.0492 0.9988 -0.0000
vn -0.0757 0.9971 -0.0000
vn -0.1036 0.9946 -0.0000
vn -0.1330 0.9911 -0.0000
vn -0.1639 0.9865 -0.0000
vn -0.1963 0.9805 -0.0000
vn -0.2302 0.9731 -0.0000
vn -0.2656 0.9641 -0.0000
vn -0.3025 0.9532 -0.0000
vn -0.3406 0.9402 -0.0000
vn -0.3778 0.9259 -0.0000
vn -0.4116 0.9113 -0.0000
vn -0.4440 0.8960 -0.0000
vn -0.4768 0.8790 -0.0000
vn -0.5100 0.8602 -0.0000
vn -0.5434 0.8395 -0.0000
vn -0.6100 0.7924 -0.0000
vn -0.6427 0.7661 -0.0000
vn -0.6749 0.7379 -0.0000
vn -0.7062 0.7080 -0.0000
vn -0.7365 0.6764 -0.0000
vn -0.7644 0.6448 -0.0000
vn -0.7888 0.6147 -0.0000
vn -0.8110 0.5851 -0.0000
vn -0.8320 0.5547 -0.0000
vn -0.8519 0.5237 -0.0000
vn -0.8705 0.4922 -0.0000
vn -0.8877 0.4604 -0.0000
vn -0.9036 0.4283 -0.0000
vn -0.9182 0.3962 -0.0000
vn -0.9314 0.3641 -0.0000
vn -0.9432 0.3322 -0.0000
vn -0.9538 0.3006 -0.0000
vn -0.9626 0.2710 -0.0000
vn -0.9695 0.2452 -0.0000
vn -0.9752 0.2213 -0.0000
vn -0.9803 0.1976 -0.0000
vn -0.9847 0.1742 -0.0000
vn -0.9885 0.1511 -0.0000
vn -0.9917 0.1283 -0.0000
vn -0.9944 0.1059 -0.0000
vn -0.9965 0.0839 -0.0000
vn -0.9981 0.0623 -0.0000
vn -0.9992 0.0411 -0.0000
vn -0.9998 0.0204 -0.0000
vn -1.0000 0.0027 -0.0000
vn -1.0000 -0.0095 -0.0000
vn -0.9996 -0.0285 -0.0000
vn -0.9993 -0.0379 -0.0000
vn -0.9989 -0.0473 -0.0000
vn -0.9984 -0.0566 -0.0000
vn -0.9978 -0.0660 -0.0000
vn -0.9972 -0.0753 -0.0000
vn -0.9964 -0.0845 -0.0000
vn -0.9956 -0.0937 -0.0000
vn -0.9947 -0.1029 -0.0000
vn -0.9937 -0.1119 -0.0000
vn -0.9927 -0.1207 -0.0000
vn -0.9916 -0.1294 -0.0000
vn -0.9904 -0.1380 -0.0000
vn -0.9892 -0.1465 -0.0000
vn -0.9879 -0.1550 -0.0000
vn -0.9866 -0.1633 -0.0000
vn -0.9852 -0.1715 -0.0000
vn -0.9837 -0.1797 -0.0000
vn -0.9822 -0.1877 -0.0000
vn -0.9807 -0.1957 -0.0000
vn -0.9791 -0.2035 -0.0000
vn -0.9111 0.4123 -0.0000
vn -0.9249 0.3802 -0.0000
vn -0.9373 0.3486 -0.0000
vn -0.9487 0.3162 -0.0000
vn -0.9592 0.2829 -0.0000
vn -0.9686 0.2488 -0.0000
vn -0.9768 0.2141 -0.0000
vn -0.9839 0.1790 -0.0000
vn -0.9897 0.1434 -0.0000
vn -0.9942 0.1076 -0.0000
vn -0.9974 0.0716 -0.0000
vn -0.9994 0.0357 -0.0000
vn -1.0000 -0.0006 -0.0000
vn -0.9993 -0.0384 -0.0000
vn -0.9970 -0.0777 -0.0000
vn -0.9930 -0.1181 -0.0000
vn -0.9872 -0.1594 -0.0000
vn -0.9795 -0.2012 -0.0000
vn -0.9699 -0.2435 -0.0000
vn -0.9446 -0.3284 -0.0000
vn -0.9289 -0.3704 -0.0000
vn -0.9112 -0.4119 -0.0000
vn -0.8918 -0.4525 -0.0000
vn -0.8700 -0.4930 -0.0000
vn -0.8454 -0.5342 -0.0000
vn -0.8185 -0.5745 -0.0000
vn -0.7902 -0.6128 -0.0000
vn -0.7609 -0.6489 -0.0000
vn -0.7308 -0.6826 -0.0000
vn -0.7001 -0.7140 -0.0000
vn -0.6692 -0.7431 -0.0000
vn -0.6383 -0.7698 -0.0000
vn -0.6076 -0.7942 -0.0000
vn -0.5773 -0.8165 -0.0000
vn -0.5475 -0.8368 -0.0000
vn -0.5176 -0.8557 -0.0000
vn -0.4868 -0.8735 -0.0000
vn -0.4561 -0.8899 -0.0000
vn -0.4263 -0.9046 -0.0000
vn -0.3975 -0.9176 -0.0000
vn -0.3697 -0.9291 -0.0000
vn -0.3430 -0.9393 -0.0000
vn -0.3173 -0.9483 -0.0000
vn -0.2927 -0.9562 -0.0000
vn -0.2691 -0.9631 -0.0000
vn -0.2465 -0.9691 -0.0000
vn -0.2249 -0.9744 -0.0000
vn -0.2037 -0.9790 -0.0000
vn -0.1823 -0.9832 -0.0000
vn -0.1414 -0.9900 -0.0000
vn -0.1224 -0.9925 -0.0000
vn -0.1044 -0.9945 -0.0000
vn -0.0872 -0.9962 -0.0000
vn -0.0709 -0.9975 -0.0000
vn -0.0554 -0.9985 -0.0000
vn -0.0405 -0.9992 -0.0000
vn -0.0264 -0.9997 -0.0000
vn -0.0129 -0.9999 -0.0000
vn -0.0032 -1.0000 -0.0000
vn -0.6450 -0.7642 -0.0000
vn -0.9863 -0.1647 -0.0000
vn -0.9874 -0.1580 -0.0000
vn -0.9885 -0.1512 -0.0000
vn -0.9895 -0.1444 -0.0000
vn -0.9905 -0.1376 -0.0000
vn -0.9914 -0.1307 -0.0000
vn -0.9923 -0.1238 -0.0000
vn -0.9932 -0.1168 -0.0000
vn -0.9940 -0.1098 -0.0000
vn -0.9947 -0.1028 -0.0000
vn -0.9954 -0.0957 -0.0000
vn -0.9961 -0.0887 -0.0000
vn -0.9966 -0.0822 -0.0000
vn -0.9971 -0.0758 -0.0000
vn -0.9976 -0.0692 -0.0000
vn -0.9981 -0.0624 -0.0000
vn -0.9985 -0.0553 -0.0000
vn -0.9988 -0.0481 -0.0000
vn -0.9992 -0.0407 -0.0000
vn -0.9995 -0.0330 -0.0000
vn -0.9997 -0.0251 -0.0000
vn -0.9999 -0.0170 -0.0000
vn -1.0000 -0.0086 -0.0000
vn -1.0000 0.0088 -0.0000
vn -0.9990 0.0455 -0.0000
vn -0.9955 0.0943 -0.0000
vn -0.9892 0.1468 -0.0000
vn -0.9791 0.2031 -0.0000
vn -0.9648 0.2630 -0.0000
vn -0.9454 0.3260 -0.0000
vn -0.9202 0.3915 -0.0000
vn -0.8887 0.4585 -0.0000
vn -0.8506 0.5258 -0.0000
vn -0.8059 0.5920 -0.0000
vn -0.7550 0.6557 -0.0000
vn -0.6969 0.7172 -0.0000
vn -0.6310 0.7758 -0.0000
vn -0.5608 0.8279 -0.0000
vn -0.4903 0.8716 -0.0000
vn -0.4210 0.9071 -0.0000
vn -0.3544 0.9351 -0.0000
vn -0.2913 0.9566 -0.0000
vn -0.2323 0.9727 -0.0000
vn -0.1776 0.9841 -0.0000
vn -0.1273 0.9919 -0.0000
vn -0.0811 0.9967 -0.0000
vn -0.0389 0.9992 -0.0000
vn -0.0064 1.0000 -0.0000
vn 0.0123 0.9999 -0.0000
vn 0.0249 0.9997 -0.0000
vn 0.0380 0.9993 -0.0000
vn 0.0515 0.9987 -0.0000
vn 0.0655 0.9979 -0.0000
vn 0.0800 0.9968 -0.0000
vn 0.0950 0.9955 -0.0000
vn 0.1105 0.9939 -0.0000
vn 0.1266 0.9920 -0.0000
vn 0.1432 0.9897 -0.0000
vn 0.1604 0.9871 -0.0000
vn 0.1753 0.9845 -0.0000
vn 0.1848 0.9828 -0.0000
vn 0.1918 0.9814 -0.0000
vn 0.1990 0.9800 -0.0000
vn 0.2066 0.9784 -0.0000
vn 0.2144 0.9767 -0.0000
vn 0.2226 0.9749 -0.0000
vn 0.2311 0.9729 -0.0000
vn 0.2400 0.9708 -0.0000
vn 0.2492 0.9684 -0.0000
vn 0.2589 0.9659 -0.0000
vn 0.2690 0.9631 -0.0000
vn 0.2778 0.9606 -0.0000
vn 0.2833 0.9590 -0.0000
vn 0.2872 0.9579 -0.0000
vn 0.2913 0.9566 -0.0000
vn 0.2957 0.9553 -0.0000
vn 0.3004 0.9538 -0.0000
vn 0.3053 0.9522 -0.0000
vn 0.3106 0.9505 -0.0000
vn 0.3163 0.9487 -0.0000
vn 0.3223 0.9466 -0.0000
vn 0.3288 0.9444 -0.0000
vn 0.3358 0.9419 -0.0000
vn 0.3383 0.9410 -0.0000
vn 0.3307 0.9437 -0.0000
vn 0.3170 0.9484 -0.0000
vn 0.3017 0.9534 -0.0000
vn 0.2843 0.9587 -0.0000
vn 0.2646 0.9643 -0.0000
vn 0.2421 0.9702 -0.0000
vn 0.2162 0.9764 -0.0000
vn 0.1860 0.9825 -0.0000
vn 0.1507 0.9886 -0.0000
vn 0.1088 0.9941 -0.0000
vn 0.0588 0.9983 -0.0000
vn 0.0033 1.0000 -0.0000
vn -0.0517 0.9987 -0.0000
vn -0.1078 0.9942 -0.0000
vn -0.1690 0.9856 -0.0000
vn -0.3065 0.9519 -0.0000
vn -0.3814 0.9244 -0.0000
vn -0.4590 0.8885 -0.0000
vn -0.6141 0.7892 -0.0000
vn -0.6873 0.7264 -0.0000
vn -0.7542 0.6566 -0.0000
vn -0.8119 0.5838 -0.0000
vn -0.8579 0.5138 -0.0000
vn -0.8941 0.4479 -0.0000
vn -0.9228 0.3853 -0.0000
vn -0.9451 0.3267 -0.0000
vn -0.9622 0.2723 -0.0000
vn -0.9750 0.2222 -0.0000
vn -0.9843 0.1763 -0.0000
vn -0.9909 0.1344 -0.0000
vn -0.9954 0.0962 -0.0000
vn -0.9981 0.0612 -0.0000
vn -0.9996 0.0294 -0.0000
vn -1.0000 0.0035 -0.0000
vn -0.9999 -0.0143 -0.0000
vn -0.9996 -0.0279 -0.0000
vn -0.9992 -0.0410 -0.0000
vn -0.9986 -0.0534 -0.0000
vn -0.9979 -0.0653 -0.0000
vn -0.9971 -0.0766 -0.0000
vn -0.9962 -0.0874 -0.0000
vn -0.9952 -0.0978 -0.0000
vn -0.9942 -0.1078 -0.0000
vn -0.9931 -0.1172 -0.0000
vn -0.9920 -0.1263 -0.0000
vn -0.9908 -0.1353 -0.0000
vn -0.9895 -0.1446 -0.0000
vn -0.9881 -0.1541 -0.0000
vn -0.9865 -0.1635 -0.0000
vn -0.9849 -0.1729 -0.0000
vn -0.9832 -0.1823 -0.0000
vn -0.9814 -0.1918 -0.0000
vn -0.9796 -0.2012 -0.0000
vn -0.9776 -0.2105 -0.0000
vn -0.9755 -0.2199 -0.0000
vn -0.9734 -0.2292 -0.0000
vn -0.9711 -0.2386 -0.0000
vn -0.9654 -0.2607 -0.0000
vn -0.9580 -0.2869 -0.0000
vn -0.9539 -0.3000 -0.0000
vn -0.9496 -0.3134 -0.0000
vn -0.9451 -0.3267 -0.0000
vn -0.9404 -0.3402 -0.0000
vn -0.9354 -0.3537 -0.0000
vn -0.9301 -0.3673 -0.0000
vn -0.9246 -0.3810 -0.0000
vn -0.9188 -0.3946 -0.0000
vn -0.9119 -0.4104 -0.0000
vn -0.9024 -0.4308 -0.0000
vn -0.8909 -0.4542 -0.0000
vn -0.8780 -0.4786 -0.0000
vn -0.8637 -0.5041 -0.0000
vn -0.8476 -0.5306 -0.0000
vn -0.8297 -0.5582 -0.0000
vn -0.8097 -0.5868 -0.0000
vn -0.7876 -0.6162 -0.0000
vn -0.7629 -0.6465 -0.0000
vn -0.7356 -0.6774 -0.0000
vn -0.7055 -0.7087 -0.0000
vn -0.6863 -0.7273 -0.0000
vn -0.6606 -0.7507 -0.0000
vn -0.6170 -0.7870 -0.0000
vn -0.5413 -0.8408 -0.0000
vn -0.5087 -0.8609 -0.0000
vn -0.4793 -0.8777 -0.0000
vn -0.4526 -0.8917 -0.0000
vn -0.4284 -0.9036 -0.0000
vn -0.4064 -0.9137 -0.0000
vn -0.3864 -0.9223 -0.0000
vn -0.3681 -0.9298 -0.0000
vn -0.3516 -0.9361 -0.0000
vn -0.3369 -0.9415 -0.0000
vn -0.3232 -0.9463 -0.0000
vn -0.3102 -0.9507 -0.0000
vn -0.2979 -0.9546 -0.0000
vn -0.2860 -0.9582 -0.0000
vn -0.2748 -0.9615 -0.0000
vn -0.2640 -0.9645 -0.0000
vn -0.2440 -0.9698 -0.0000
vn -0.2346 -0.9721 -0.0000
vn -0.2256 -0.9742 -0.0000
vn -0.2165 -0.9763 -0.0000
vn -0.2069 -0.9784 -0.0000
vn -0.1972 -0.9804 -0.0000
vn -0.1877 -0.9822 -0.0000
vn -0.1786 -0.9839 -0.0000
vn -0.1698 -0.9855 -0.0000
vn -0.1530 -0.9882 -0.0000
vn -0.1450 -0.9894 -0.0000
vn -0.1372 -0.9905 -0.0000
vn -0.1297 -0.9916 -0.0000
vn -0.1146 -0.9934 -0.0000
vn -0.1055 -0.9944 -0.0000
vn -0.0957 -0.9954 -0.0000
vn -0.0860 -0.9963 -0.0000
vn -0.0763 -0.9971 -0.0000
vn -0.0666 -0.9978 -0.0000
vn -0.0569 -0.9984 -0.0000
vn -0.0473 -0.9989 -0.0000
vn -0.0378 -0.9993 -0.0000
vn -0.0283 -0.9996 -0.0000
vn -0.0094 -1.0000 -0.0000
vn 0.0020 -1.0000 -0.0000
vn 0.0363 -0.9993 -0.0000
vn 0.0557 -0.9985 -0.0000
vn 0.0758 -0.9971 -0.0000
vn 0.0968 -0.9953 -0.0000
vn 0.1187 -0.9929 -0.0000
vn 0.1415 -0.9899 -0.0000
vn 0.1652 -0.9863 -0.0000
vn 0.1899 -0.9818 -0.0000
vn 0.2155 -0.9765 -0.0000
vn 0.2420 -0.9703 -0.0000
vn 0.2697 -0.9629 -0.0000
vn 0.2986 -0.9544 -0.0000
vn 0.3286 -0.9445 -0.0000
vn 0.3592 -0.9332 -0.0000
vn 0.3906 -0.9206 -0.0000
vn 0.4224 -0.9064 -0.0000
vn 0.4548 -0.8906 -0.0000
vn 0.4874 -0.8732 -0.0000
vn 0.5202 -0.8540 -0.0000
vn 0.5530 -0.8332 -0.0000
vn 0.5856 -0.8106 -0.0000
vn 0.6178 -0.7863 -0.0000
vn 0.6499 -0.7600 -0.0000
vn 0.6818 -0.7315 -0.0000
vn 0.7131 -0.7011 -0.0000
vn 0.7430 -0.6693 -0.0000
vn 0.7715 -0.6363 -0.0000
vn 0.7983 -0.6023 -0.0000
vn 0.8234 -0.5674 -0.0000
vn 0.8467 -0.5320 -0.0000
vn 0.8682 -0.4962 -0.0000
vn 0.8878 -0.4603 -0.0000
vn 0.9054 -0.4245 -0.0000
vn 0.9213 -0.3889 -0.0000
vn 0.9354 -0.3536 -0.0000
vn 0.9478 -0.3187 -0.0000
vn 0.9587 -0.2846 -0.0000
vn 0.9679 -0.2513 -0.0000
vn 0.9757 -0.2190 -0.0000
vn 0.9822 -0.1878 -0.0000
vn 0.9875 -0.1576 -0.0000
vn 0.9917 -0.1286 -0.0000
vn 0.9949 -0.1007 -0.0000
vn 0.9973 -0.0739 -0.0000
vn 0.9988 -0.0482 -0.0000
vn 0.9997 -0.0236 -0.0000
vn 0.9999 0.0153 -0.0000
vn 0.9995 0.0303 -0.0000
vn 0.9990 0.0450 -0.0000
vn 0.9982 0.0592 -0.0000
vn 0.9962 0.0867 -0.0000
vn 0.9950 0.1000 -0.0000
vn 0.9936 0.1129 -0.0000
vn 0.9921 0.1254 -0.0000
vn 0.9905 0.1377 -0.0000
vn 0.9887 0.1496 -0.0000
vn 0.9867 0.1625 -0.0000
vn 0.9841 0.1778 -0.0000
vn 0.9810 0.1942 -0.0000
vn 0.9776 0.2106 -0.0000
vn 0.9700 0.2430 -0.0000
vn 0.9659 0.2590 -0.0000
vn 0.9615 0.2749 -0.0000
vn 0.9568 0.2906 -0.0000
vn 0.9520 0.3062 -0.0000
vn 0.9469 0.3216 -0.0000
vn 0.9416 0.3368 -0.0000
vn 0.9359 0.3523 -0.0000
vn 0.9296 0.3687 -0.0000
vn 0.9227 0.3854 -0.0000
vn 0.9156 0.4021 -0.0000
vn 0.9082 0.4185 -0.0000
vn 0.9005 0.4348 -0.0000
vn 0.8925 0.4510 -0.0000
vn 0.8843 0.4669 -0.0000
vn 0.8758 0.4826 -0.0000
vn 0.8671 0.4981 -0.0000
vn 0.8581 0.5134 -0.0000
vn 0.8490 0.5285 -0.0000
vn 0.8385 0.5449 -0.0000
vn 0.8256 0.5643 -0.0000
vn 0.8109 0.5852 -0.0000
vn 0.7957 0.6057 -0.0000
vn 0.7798 0.6260 -0.0000
vn 0.7635 0.6459 -0.0000
vn 0.7465 0.6653 -0.0000
vn 0.7291 0.6844 -0.0000
vn 0.7113 0.7029 -0.0000
vn 0.6930 0.7210 -0.0000
vn 0.6743 0.7385 -0.0000
vn 0.6553 0.7554 -0.0000
vn 0.6352 0.7723 -0.0000
vn 0.6133 0.7898 -0.0000
vn 0.5903 0.8072 -0.0000
vn 0.5670 0.8237 -0.0000
vn 0.5435 0.8394 -0.0000
vn 0.5197 0.8543 -0.0000
vn 0.4959 0.8684 -0.0000
vn 0.4719 0.8816 -0.0000
vn 0.4481 0.8940 -0.0000
vn 0.4242 0.9056 -0.0000
vn 0.4005 0.9163 -0.0000
vn 0.3770 0.9262 -0.0000
vn 0.3512 0.9363 -0.0000
vn 0.3208 0.9471 -0.0000
vn 0.2883 0.9575 -0.0000
vn 0.2562 0.9666 -0.0000
vn 0.2247 0.9744 -0.0000
vn 0.1938 0.9810 -0.0000
vn 0.1637 0.9865 -0.0000
vn 0.1343 0.9909 -0.0000
vn 0.1057 0.9944 -0.0000
vn 0.0780 0.9970 -0.0000
vn 0.0511 0.9987 -0.0000
vn 0.0252 0.9997 -0.0000
vn 0.0012 1.0000 -0.0000
vn -0.0203 0.9998 -0.0000
vn -0.0414 0.9991 -0.0000
vn -0.0635 0.9980 -0.0000
vn -0.0867 0.9962 -0.0000
vn -0.1109 0.9938 -0.0000
vn -0.1363 0.9907 -0.0000
vn -0.1627 0.9867 -0.0000
vn -0.1903 0.9817 -0.0000
vn -0.2191 0.9757 -0.0000
vn -0.2490 0.9685 -0.0000
vn -0.2800 0.9600 -0.0000
vn -0.3098 0.9508 -0.0000
vn -0.3361 0.9418 -0.0000
vn -0.3611 0.9325 -0.0000
vn -0.3868 0.9222 -0.0000
vn -0.4133 0.9106 -0.0000
vn -0.4406 0.8977 -0.0000
vn -0.4686 0.8834 -0.0000
vn -0.4972 0.8676 -0.0000
vn -0.5263 0.8503 -0.0000
vn -0.5558 0.8313 -0.0000
vn -0.5857 0.8105 -0.0000
vn -0.6157 0.7880 -0.0000
vn -0.6444 0.7647 -0.0000
vn -0.6705 0.7419 -0.0000
vn -0.6954 0.7186 -0.0000
vn -0.7201 0.6939 -0.0000
vn -0.7445 0.6677 -0.0000
vn -0.7684 0.6400 -0.0000
vn -0.7918 0.6108 -0.0000
vn -0.8144 0.5803 -0.0000
vn -0.8361 0.5485 -0.0000
vn -0.8569 0.5156 -0.0000
vn -0.8764 0.4815 -0.0000
vn -0.8948 0.4465 -0.0000
vn 0.8514 0.5246 -0.0000
vn 0.8746 0.4849 -0.0000
vn 0.8951 0.4459 -0.0000
vn 0.9142 0.4052 -0.0000
vn 0.9318 0.3630 -0.0000
vn 0.9476 0.3194 -0.0000
vn 0.9615 0.2747 -0.0000
vn 0.9831 0.1832 -0.0000
vn 0.9906 0.1370 -0.0000
vn 0.9959 0.0909 -0.0000
vn 0.9990 0.0451 -0.0000
vn 1.0000 -0.0054 -0.0000
vn 0.9977 -0.0678 -0.0000
vn 0.9904 -0.1381 -0.0000
vn 0.9776 -0.2105 -0.0000
vn 0.9589 -0.2838 -0.0000
vn 0.9342 -0.3568 -0.0000
vn 0.9038 -0.4280 -0.0000
vn 0.8681 -0.4964 -0.0000
vn 0.8281 -0.5606 -0.0000
vn 0.7846 -0.6200 -0.0000
vn 0.7388 -0.6740 -0.0000
vn 0.6916 -0.7223 -0.0000
vn 0.6409 -0.7676 -0.0000
vn 0.5830 -0.8125 -0.0000
vn 0.5206 -0.8538 -0.0000
vn 0.4579 -0.8890 -0.0000
vn 0.3962 -0.9182 -0.0000
vn 0.3362 -0.9418 -0.0000
vn 0.2787 -0.9604 -0.0000
vn 0.2241 -0.9746 -0.0000
vn 0.1728 -0.9850 -0.0000
vn 0.1248 -0.9922 -0.0000
vn 0.0801 -0.9968 -0.0000
vn 0.0387 -0.9993 -0.0000
vn 0.0018 -1.0000 -0.0000
vn -0.0307 -0.9995 -0.0000
vn -0.0622 -0.9981 -0.0000
vn -0.0947 -0.9955 -0.0000
vn -0.1281 -0.9918 -0.0000
vn -0.1623 -0.9867 -0.0000
vn -0.1973 -0.9803 -0.0000
vn -0.2328 -0.9725 -0.0000
vn -0.2689 -0.9632 -0.0000
vn -0.3053 -0.9523 -0.0000
vn -0.3418 -0.9398 -0.0000
vn -0.3784 -0.9257 -0.0000
vn -0.4123 -0.9110 -0.0000
vn -0.4415 -0.8973 -0.0000
vn -0.4681 -0.8837 -0.0000
vn -0.4946 -0.8691 -0.0000
vn -0.5208 -0.8537 -0.0000
vn -0.5468 -0.8373 -0.0000
vn -0.5723 -0.8201 -0.0000
vn -0.5973 -0.8020 -0.0000
vn -0.6218 -0.7832 -0.0000
vn -0.6457 -0.7636 -0.0000
vn -0.6688 -0.7434 -0.0000
vn -0.6913 -0.7226 -0.0000
vn -0.7123 -0.7019 -0.0000
vn -0.7314 -0.6820 -0.0000
vn -0.7492 -0.6623 -0.0000
vn -0.7663 -0.6425 -0.0000
vn -0.7827 -0.6224 -0.0000
vn -0.7984 -0.6022 -0.0000
vn -0.8133 -0.5818 -0.0000
vn -0.8275 -0.5614 -0.0000
vn -0.8538 -0.5206 -0.0000
vn -0.8659 -0.5003 -0.0000
vn -0.8772 -0.4801 -0.0000
vn -0.8874 -0.4610 -0.0000
vn -0.8960 -0.4440 -0.0000
vn -0.9038 -0.4279 -0.0000
vn -0.9113 -0.4118 -0.0000
vn -0.9184 -0.3956 -0.0000
vn -0.9252 -0.3794 -0.0000
vn -0.9317 -0.3632 -0.0000
vn -0.9379 -0.3470 -0.0000
vn -0.9437 -0.3308 -0.0000
vn -0.9492 -0.3147 -0.0000
vn -0.9544 -0.2986 -0.0000
vn -0.9592 -0.2826 -0.0000
vn -0.7983 0.6023 -0.0000
vn 0.0028 1.0000 -0.0000
vn 0.0113 0.9999 -0.0000
vn 0.0232 0.9997 -0.0000
vn 0.0358 0.9994 -0.0000
vn 0.0491 0.9988 -0.0000
vn 0.0632 0.9980 -0.0000
vn 0.0782 0.9969 -0.0000
vn 0.0942 0.9956 -0.0000
vn 0.1112 0.9938 -0.0000
vn 0.1292 0.9916 -0.0000
vn 0.1485 0.9889 -0.0000
vn 0.1691 0.9856 -0.0000
vn 0.1896 0.9819 -0.0000
vn 0.2084 0.9780 -0.0000
vn 0.2268 0.9739 -0.0000
vn 0.2462 0.9692 -0.0000
vn 0.2667 0.9638 -0.0000
vn 0.2885 0.9575 -0.0000
vn 0.3115 0.9502 -0.0000
vn 0.3615 0.9324 -0.0000
vn 0.3887 0.9214 -0.0000
vn 0.4173 0.9088 -0.0000
vn 0.4475 0.8943 -0.0000
vn 0.4780 0.8784 -0.0000
vn 0.5075 0.8617 -0.0000
vn 0.5369 0.8436 -0.0000
vn 0.5674 0.8235 -0.0000
vn 0.5986 0.8010 -0.0000
vn 0.6631 0.7485 -0.0000
vn 0.6959 0.7181 -0.0000
vn 0.7287 0.6848 -0.0000
vn 0.7612 0.6486 -0.0000
vn 0.7929 0.6093 -0.0000
vn 0.8237 0.5670 -0.0000
vt 0.716094 0.000000
vt 0.719711 0.000000
vt 0.717902 0.000000
vt 0.721519 0.000000
vt 0.714286 0.000000
vt 0.723327 0.000000
vt 0.712477 0.000000
vt 0.725136 0.000000
vt 0.710669 0.000000
vt 0.726944 0.000000
vt 0.708861 0.000000
vt 0.728752 0.000000
vt 0.730561 0.000000
vt 0.707052 0.000000
vt 0.732369 0.000000
vt 0.705244 0.000000
vt 0.734177 0.000000
vt 0.703436 0.000000
vt 0.735986 0.000000
vt 0.701627 0.000000
vt 0.737794 0.000000
vt 0.699819 0.000000
vt 0.739602 0.000000
vt 0.741410 0.000000
vt 0.698011 0.000000
vt 0.743219 0.000000
vt 0.696203 0.000000
vt 0.745027 0.000000
vt 0.694394 0.000000
vt 0.746835 0.000000
vt 0.692586 0.000000
vt 0.748644 0.000000
vt 0.750452 0.000000
vt 0.690778 0.000000
vt 0.752260 0.000000
vt 0.688969 0.000000
vt 0.754069 0.000000
vt 0.687161 0.000000
vt 0.755877 0.000000
vt 0.685353 0.000000
vt 0.757685 0.000000
vt 0.759494 0.000000
vt 0.683544 0.000000
vt 0.761302 0.000000
vt 0.681736 0.000000
vt 0.763110 0.000000
vt 0.679928 0.000000
vt 0.764919 0.000000
vt 0.678119 0.000000
vt 0.766727 0.000000
vt 0.768535 0.000000
vt 0.676311 0.000000
vt 0.770344 0.000000
vt 0.674503 0.000000
vt 0.772152 0.000000
vt 0.672694 0.000000
vt 0.773960 0.000000
vt 0.670886 0.000000
vt 0.775769 0.000000
vt 0.777577 0.000000
vt 0.669078 0.000000
vt 0.779385 0.000000
vt 0.667269 0.000000
vt 0.781193 0.000000
vt 0.665461 0.000000
vt 0.000000 0.000000
vt 0.663653 0.000000
vt 0.001808 0.000000
vt 0.003617 0.000000
vt 0.661844 0.000000
vt 0.848101 0.000000
vt 0.005425 0.000000
vt 0.849910 0.000000
vt 0.846293 0.000000
vt 0.851718 0.000000
vt 0.844485 0.000000
vt 0.660036 0.000000
vt 0.853526 0.000000
vt 0.842676 0.000000
vt 0.855335 0.000000
vt 0.840868 0.000000
vt 0.857143 0.000000
vt 0.839060 0.000000
vt 0.858951 0.000000
vt 0.007233 0.000000
vt 0.860759 0.000000
vt 0.837251 0.000000
vt 0.862568 0.000000
vt 0.835443 0.000000
vt 0.864376 0.000000
vt 0.833635 0.000000
vt 0.866184 0.000000
vt 0.658228 0.000000
vt 0.009042 0.000000
vt 0.831826 0.000000
vt 0.867993 0.000000
vt 0.830018 0.000000
vt 0.869801 0.000000
vt 0.871609 0.000000
vt 0.828210 0.000000
vt 0.010850 0.000000
vt 0.656420 0.000000
vt 0.873418 0.000000
vt 0.826401 0.000000
vt 0.875226 0.000000
vt 0.824593 0.000000
vt 0.012658 0.000000
vt 0.877034 0.000000
vt 0.822785 0.000000
vt 0.878843 0.000000
vt 0.654611 0.000000
vt 0.014467 0.000000
vt 0.880651 0.000000
vt 0.820976 0.000000
vt 0.882459 0.000000
vt 0.819168 0.000000
vt 0.016275 0.000000
vt 0.652803 0.000000
vt 0.884268 0.000000
vt 0.817360 0.000000
vt 0.886076 0.000000
vt 0.018083 0.000000
vt 0.815552 0.000000
vt 0.887884 0.000000
vt 0.650995 0.000000
vt 0.813743 0.000000
vt 0.889693 0.000000
vt 0.019892 0.000000
vt 0.891501 0.000000
vt 0.811935 0.000000
vt 0.649186 0.000000
vt 0.021700 0.000000
vt 0.893309 0.000000
vt 0.810127 0.000000
vt 0.895118 0.000000
vt 0.808318 0.000000
vt 0.023508 0.000000
vt 0.647378 0.000000
vt 0.896926 0.000000
vt 0.806510 0.000000
vt 0.898734 0.000000
vt 0.025316 0.000000
vt 0.804702 0.000000
vt 0.900542 0.000000
vt 0.645570 0.000000
vt 0.802893 0.000000
vt 0.902351 0.000000
vt 0.027125 0.000000
vt 0.801085 0.000000
vt 0.904159 0.000000
vt 0.643761 0.000000
vt 0.799277 0.000000
vt 0.905967 0.000000
vt 0.797468 0.000000
vt 0.028933 0.000000
vt 0.795660 0.000000
vt 0.641953 0.000000
vt 0.907776 0.000000
vt 0.793852 0.000000
vt 0.909584 0.000000
vt 0.792043 0.000000
vt 0.030741 0.000000
vt 0.640145 0.000000
vt 0.790235 0.000000
vt 0.911392 0.000000
vt 0.788427 0.000000
vt 0.032550 0.000000
vt 0.913201 0.000000
vt 0.786618 0.000000
vt 0.638336 0.000000
vt 0.784810 0.000000
vt 0.915009 0.000000
vt 0.783002 0.000000
vt 0.034358 0.000000
vt 0.916817 0.000000
vt 1.000000 0.000000
vt 0.636528 0.000000
vt 0.998192 0.000000
vt 0.918626 0.000000
vt 0.036166 0.000000
vt 0.996383 0.000000
vt 0.994575 0.000000
vt 0.920434 0.000000
vt 0.634720 0.000000
vt 0.992767 0.000000
vt 0.037975 0.000000
vt 0.990958 0.000000
vt 0.922242 0.000000
vt 0.989150 0.000000
vt 0.632911 0.000000
vt 0.987342 0.000000
vt 0.039783 0.000000
vt 0.924051 0.000000
vt 0.985533 0.000000
vt 0.983725 0.000000
vt 0.925859 0.000000
vt 0.981917 0.000000
vt 0.041591 0.000000
vt 0.631103 0.000000
vt 0.980108 0.000000
vt 0.978300 0.000000
vt 0.927667 0.000000
vt 0.976492 0.000000
vt 0.974684 0.000000
vt 0.043400 0.000000
vt 0.929476 0.000000
vt 0.629295 0.000000
vt 0.972875 0.000000
vt 0.971067 0.000000
vt 0.969259 0.000000
vt 0.045208 0.000000
vt 0.931284 0.000000
vt 0.967450 0.000000
vt 0.965642 0.000000
vt 0.963834 0.000000
vt 0.627486 0.000000
vt 0.962025 0.000000
vt 0.933092 0.000000
vt 0.960217 0.000000
vt 0.047016 0.000000
vt 0.958409 0.000000
vt 0.956600 0.000000
vt 0.954792 0.000000
vt 0.934901 0.000000
vt 0.952984 0.000000
vt 0.951175 0.000000
vt 0.625678 0.000000
vt 0.048825 0.000000
vt 0.949367 0.000000
vt 0.947559 0.000000
vt 0.945750 0.000000
vt 0.943942 0.000000
vt 0.942134 0.000000
vt 0.940325 0.000000
vt 0.938517 0.000000
vt 0.936709 0.000000
vt 0.050633 0.000000
vt 0.623870 0.000000
vt 0.052441 0.000000
vt 0.622061 0.000000
vt 0.054250 0.000000
vt 0.056058 0.000000
vt 0.620253 0.000000
vt 0.057866 0.000000
vt 0.618445 0.000000
vt 0.059675 0.000000
vt 0.061483 0.000000
vt 0.616637 0.000000
vt 0.063291 0.000000
vt 0.065099 0.000000
vt 0.614828 0.000000
vt 0.066908 0.000000
vt 0.068716 0.000000
vt 0.613020 0.000000
vt 0.070524 0.000000
vt 0.072333 0.000000
vt 0.611212 0.000000
vt 0.074141 0.000000
vt 0.075949 0.000000
vt 0.609403 0.000000
vt 0.077758 0.000000
vt 0.079566 0.000000
vt 0.607595 0.000000
vt 0.081374 0.000000
vt 0.083183 0.000000
vt 0.084991 0.000000
vt 0.605787 0.000000
vt 0.086799 0.000000
vt 0.088608 0.000000
vt 0.090416 0.000000
vt 0.092224 0.000000
vt 0.603978 0.000000
vt 0.094033 0.000000
vt 0.095841 0.000000
vt 0.097649 0.000000
vt 0.099458 0.000000
vt 0.101266 0.000000
vt 0.602170 0.000000
vt 0.110307 0.000000
vt 0.103074 0.000000
vt 0.104882 0.000000
vt 0.106691 0.000000
vt 0.108499 0.000000
vt 0.112116 0.000000
vt 0.113924 0.000000
vt 0.115732 0.000000
vt 0.600362 0.000000
vt 0.117541 0.000000
vt 0.119349 0.000000
vt 0.121157 0.000000
vt 0.598553 0.000000
vt 0.122966 0.000000
vt 0.124774 0.000000
vt 0.126582 0.000000
vt 0.596745 0.000000
vt 0.128391 0.000000
vt 0.130199 0.000000
vt 0.132007 0.000000
vt 0.133816 0.000000
vt 0.594937 0.000000
vt 0.135624 0.000000
vt 0.137432 0.000000
vt 0.139241 0.000000
vt 0.593128 0.000000
vt 0.141049 0.000000
vt 0.142857 0.000000
vt 0.144665 0.000000
vt 0.591320 0.000000
vt 0.146474 0.000000
vt 0.148282 0.000000
vt 0.150090 0.000000
vt 0.589512 0.000000
vt 0.151899 0.000000
vt 0.153707 0.000000
vt 0.155515 0.000000
vt 0.587703 0.000000
vt 0.157324 0.000000
vt 0.585895 0.000000
vt 0.159132 0.000000
vt 0.584087 0.000000
vt 0.160940 0.000000
vt 0.582278 0.000000
vt 0.162749 0.000000
vt 0.580470 0.000000
vt 0.164557 0.000000
vt 0.166365 0.000000
vt 0.578662 0.000000
vt 0.168174 0.000000
vt 0.576854 0.000000
vt 0.169982 0.000000
vt 0.575045 0.000000
vt 0.171790 0.000000
vt 0.282098 0.000000
vt 0.285714 0.000000
vt 0.283906 0.000000
vt 0.287523 0.000000
vt 0.280289 0.000000
vt 0.289331 0.000000
vt 0.278481 0.000000
vt 0.291139 0.000000
vt 0.276673 0.000000
vt 0.292948 0.000000
vt 0.274864 0.000000
vt 0.294756 0.000000
vt 0.273056 0.000000
vt 0.296564 0.000000
vt 0.271248 0.000000
vt 0.298373 0.000000
vt 0.300181 0.000000
vt 0.269439 0.000000
vt 0.301989 0.000000
vt 0.267631 0.000000
vt 0.303797 0.000000
vt 0.173599 0.000000
vt 0.265823 0.000000
vt 0.305606 0.000000
vt 0.264014 0.000000
vt 0.307414 0.000000
vt 0.573237 0.000000
vt 0.262206 0.000000
vt 0.309222 0.000000
vt 0.260398 0.000000
vt 0.311031 0.000000
vt 0.312839 0.000000
vt 0.258590 0.000000
vt 0.314647 0.000000
vt 0.256781 0.000000
vt 0.175407 0.000000
vt 0.316456 0.000000
vt 0.254973 0.000000
vt 0.318264 0.000000
vt 0.253165 0.000000
vt 0.251356 0.000000
vt 0.320072 0.000000
vt 0.249548 0.000000
vt 0.571429 0.000000
vt 0.321881 0.000000
vt 0.177215 0.000000
vt 0.247740 0.000000
vt 0.323689 0.000000
vt 0.245931 0.000000
vt 0.325497 0.000000
vt 0.244123 0.000000
vt 0.179024 0.000000
vt 0.327306 0.000000
vt 0.242315 0.000000
vt 0.240506 0.000000
vt 0.329114 0.000000
vt 0.238698 0.000000
vt 0.569620 0.000000
vt 0.330922 0.000000
vt 0.236890 0.000000
vt 0.180832 0.000000
vt 0.235081 0.000000
vt 0.332731 0.000000
vt 0.233273 0.000000
vt 0.334539 0.000000
vt 0.182640 0.000000
vt 0.231465 0.000000
vt 0.229656 0.000000
vt 0.336347 0.000000
vt 0.227848 0.000000
vt 0.567812 0.000000
vt 0.184448 0.000000
vt 0.226040 0.000000
vt 0.338156 0.000000
vt 0.224231 0.000000
vt 0.222423 0.000000
vt 0.186257 0.000000
vt 0.339964 0.000000
vt 0.220615 0.000000
vt 0.218807 0.000000
vt 0.341772 0.000000
vt 0.188065 0.000000
vt 0.216998 0.000000
vt 0.215190 0.000000
vt 0.566004 0.000000
vt 0.189873 0.000000
vt 0.343580 0.000000
vt 0.213382 0.000000
vt 0.211573 0.000000
vt 0.191682 0.000000
vt 0.209765 0.000000
vt 0.345389 0.000000
vt 0.207957 0.000000
vt 0.193490 0.000000
vt 0.206148 0.000000
vt 0.204340 0.000000
vt 0.195298 0.000000
vt 0.202532 0.000000
vt 0.200723 0.000000
vt 0.197107 0.000000
vt 0.198915 0.000000
vt 0.347197 0.000000
vt 0.349005 0.000000
vt 0.564195 0.000000
vt 0.350814 0.000000
vt 0.352622 0.000000
vt 0.562387 0.000000
vt 0.354430 0.000000
vt 0.356239 0.000000
vt 0.358047 0.000000
vt 0.560579 0.000000
vt 0.359855 0.000000
vt 0.361664 0.000000
vt 0.363472 0.000000
vt 0.558770 0.000000
vt 0.365280 0.000000
vt 0.367089 0.000000
vt 0.368897 0.000000
vt 0.556962 0.000000
vt 0.370705 0.000000
vt 0.372514 0.000000
vt 0.555154 0.000000
vt 0.374322 0.000000
vt 0.376130 0.000000
vt 0.377939 0.000000
vt 0.553345 0.000000
vt 0.379747 0.000000
vt 0.381555 0.000000
vt 0.551537 0.000000
vt 0.383363 0.000000
vt 0.385172 0.000000
vt 0.386980 0.000000
vt 0.549729 0.000000
vt 0.388788 0.000000
vt 0.390597 0.000000
vt 0.547920 0.000000
vt 0.392405 0.000000
vt 0.394213 0.000000
vt 0.546112 0.000000
vt 0.396022 0.000000
vt 0.397830 0.000000
vt 0.399638 0.000000
vt 0.544304 0.000000
vt 0.401447 0.000000
vt 0.403255 0.000000
vt 0.405063 0.000000
vt 0.542495 0.000000
vt 0.406872 0.000000
vt 0.408680 0.000000
vt 0.410488 0.000000
vt 0.540687 0.000000
vt 0.412297 0.000000
vt 0.414105 0.000000
vt 0.415913 0.000000
vt 0.538879 0.000000
vt 0.417722 0.000000
vt 0.419530 0.000000
vt 0.421338 0.000000
vt 0.537071 0.000000
vt 0.423146 0.000000
vt 0.424955 0.000000
vt 0.426763 0.000000
vt 0.535262 0.000000
vt 0.428571 0.000000
vt 0.430380 0.000000
vt 0.432188 0.000000
vt 0.533454 0.000000
vt 0.433996 0.000000
vt 0.435805 0.000000
vt 0.531646 0.000000
vt 0.437613 0.000000
vt 0.439421 0.000000
vt 0.441230 0.000000
vt 0.529837 0.000000
vt 0.443038 0.000000
vt 0.444846 0.000000
vt 0.528029 0.000000
vt 0.446655 0.000000
vt 0.448463 0.000000
vt 0.450271 0.000000
vt 0.526221 0.000000
vt 0.452080 0.000000
vt 0.453888 0.000000
vt 0.524412 0.000000
vt 0.455696 0.000000
vt 0.457505 0.000000
vt 0.522604 0.000000
vt 0.459313 0.000000
vt 0.461121 0.000000
vt 0.520796 0.000000
vt 0.462929 0.000000
vt 0.464738 0.000000
vt 0.518987 0.000000
vt 0.466546 0.000000
vt 0.468354 0.000000
vt 0.517179 0.000000
vt 0.470163 0.000000
vt 0.471971 0.000000
vt 0.515371 0.000000
vt 0.473779 0.000000
vt 0.475588 0.000000
vt 0.513562 0.000000
vt 0.477396 0.000000
vt 0.479204 0.000000
vt 0.511754 0.000000
vt 0.481013 0.000000
vt 0.482821 0.000000
vt 0.509946 0.000000
vt 0.484629 0.000000
vt 0.486438 0.000000
vt 0.508137 0.000000
vt 0.488246 0.000000
vt 0.506329 0.000000
vt 0.490054 0.000000
vt 0.491863 0.000000
vt 0.504521 0.000000
vt 0.493671 0.000000
vt 0.495479 0.000000
vt 0.502712 0.000000
vt 0.497288 0.000000
vt 0.499096 0.000000
vt 0.500904 0.000000
vt 0.789474 0.000000
vt 0.791980 0.000000
vt 0.790727 0.000000
vt 0.909774 0.000000
vt 0.912281 0.000000
vt 0.911028 0.000000
vt 0.793233 0.000000
vt 0.788221 0.000000
vt 0.908521 0.000000
vt 0.913534 0.000000
vt 0.794486 0.000000
vt 0.786967 0.000000
vt 0.907268 0.000000
vt 0.914787 0.000000
vt 0.795739 0.000000
vt 0.785714 0.000000
vt 0.906015 0.000000
vt 0.916040 0.000000
vt 0.796992 0.000000
vt 0.784461 0.000000
vt 0.904762 0.000000
vt 0.917293 0.000000
vt 0.798246 0.000000
vt 0.783208 0.000000
vt 0.903509 0.000000
vt 0.918546 0.000000
vt 0.799499 0.000000
vt 0.781955 0.000000
vt 0.902256 0.000000
vt 0.919800 0.000000
vt 0.800752 0.000000
vt 0.780702 0.000000
vt 0.901003 0.000000
vt 0.921053 0.000000
vt 0.802005 0.000000
vt 0.779449 0.000000
vt 0.899749 0.000000
vt 0.922306 0.000000
vt 0.803258 0.000000
vt 0.778196 0.000000
vt 0.898496 0.000000
vt 0.804511 0.000000
vt 0.923559 0.000000
vt 0.776942 0.000000
vt 0.897243 0.000000
vt 0.805764 0.000000
vt 0.924812 0.000000
vt 0.807018 0.000000
vt 0.775689 0.000000
vt 0.895990 0.000000
vt 0.926065 0.000000
vt 0.667920 0.000000
vt 0.670426 0.000000
vt 0.669173 0.000000
vt 0.666667 0.000000
vt 0.671679 0.000000
vt 0.665414 0.000000
vt 0.672932 0.000000
vt 0.664160 0.000000
vt 0.674185 0.000000
vt 0.662907 0.000000
vt 0.675439 0.000000
vt 0.661654 0.000000
vt 0.676692 0.000000
vt 0.660401 0.000000
vt 0.677945 0.000000
vt 0.659148 0.000000
vt 0.679198 0.000000
vt 0.657895 0.000000
vt 0.680451 0.000000
vt 0.808271 0.000000
vt 0.656642 0.000000
vt 0.681704 0.000000
vt 0.774436 0.000000
vt 0.894737 0.000000
vt 0.655388 0.000000
vt 0.682957 0.000000
vt 0.654135 0.000000
vt 0.684211 0.000000
vt 0.652882 0.000000
vt 0.685464 0.000000
vt 0.927318 0.000000
vt 0.651629 0.000000
vt 0.686717 0.000000
vt 0.650376 0.000000
vt 0.687970 0.000000
vt 0.649123 0.000000
vt 0.689223 0.000000
vt 0.809524 0.000000
vt 0.647870 0.000000
vt 0.690476 0.000000
vt 0.773183 0.000000
vt 0.893484 0.000000
vt 0.646617 0.000000
vt 0.691729 0.000000
vt 0.645363 0.000000
vt 0.692982 0.000000
vt 0.928571 0.000000
vt 0.644110 0.000000
vt 0.694236 0.000000
vt 0.642857 0.000000
vt 0.695489 0.000000
vt 0.810777 0.000000
vt 0.641604 0.000000
vt 0.696742 0.000000
vt 0.771930 0.000000
vt 0.892231 0.000000
vt 0.640351 0.000000
vt 0.697995 0.000000
vt 0.639098 0.000000
vt 0.699248 0.000000
vt 0.929825 0.000000
vt 0.637845 0.000000
vt 0.700501 0.000000
vt 0.812030 0.000000
vt 0.636591 0.000000
vt 0.701754 0.000000
vt 0.635338 0.000000
vt 0.703008 0.000000
vt 0.770677 0.000000
vt 0.890977 0.000000
vt 0.634085 0.000000
vt 0.704261 0.000000
vt 0.632832 0.000000
vt 0.705514 0.000000
vt 0.931078 0.000000
vt 0.813283 0.000000
vt 0.631579 0.000000
vt 0.706767 0.000000
vt 0.630326 0.000000
vt 0.708020 0.000000
vt 0.769424 0.000000
vt 0.889724 0.000000
vt 0.629073 0.000000
vt 0.709273 0.000000
vt 0.627820 0.000000
vt 0.710526 0.000000
vt 0.814536 0.000000
vt 0.932331 0.000000
vt 0.626566 0.000000
vt 0.711779 0.000000
vt 0.768170 0.000000
vt 0.888471 0.000000
vt 0.625313 0.000000
vt 0.713033 0.000000
vt 0.624060 0.000000
vt 0.815789 0.000000
vt 0.933584 0.000000
vt 0.622807 0.000000
vt 0.715539 0.000000
vt 0.766917 0.000000
vt 0.887218 0.000000
vt 0.621554 0.000000
vt 0.716792 0.000000
vt 0.620301 0.000000
vt 0.718045 0.000000
vt 0.817043 0.000000
vt 0.619048 0.000000
vt 0.719298 0.000000
vt 0.934837 0.000000
vt 0.765664 0.000000
vt 0.885965 0.000000
vt 0.617795 0.000000
vt 0.720551 0.000000
vt 0.616541 0.000000
vt 0.721804 0.000000
vt 0.818296 0.000000
vt 0.615288 0.000000
vt 0.723058 0.000000
vt 0.936090 0.000000
vt 0.764411 0.000000
vt 0.884712 0.000000
vt 0.614035 0.000000
vt 0.724311 0.000000
vt 0.612782 0.000000
vt 0.725564 0.000000
vt 0.819549 0.000000
vt 0.611529 0.000000
vt 0.726817 0.000000
vt 0.763158 0.000000
vt 0.883459 0.000000
vt 0.937343 0.000000
vt 0.610276 0.000000
vt 0.728070 0.000000
vt 0.820802 0.000000
vt 0.609023 0.000000
vt 0.729323 0.000000
vt 0.607769 0.000000
vt 0.730576 0.000000
vt 0.761905 0.000000
vt 0.882205 0.000000
vt 0.938596 0.000000
vt 0.822055 0.000000
vt 0.760652 0.000000
vt 0.880952 0.000000
vt 0.939850 0.000000
vt 0.823308 0.000000
vt 0.759399 0.000000
vt 0.879699 0.000000
vt 0.941103 0.000000
vt 0.824561 0.000000
vt 0.878446 0.000000
vt 0.758145 0.000000
vt 0.825815 0.000000
vt 0.942356 0.000000
vt 0.877193 0.000000
vt 0.756892 0.000000
vt 0.827068 0.000000
vt 0.943609 0.000000
vt 0.875940 0.000000
vt 0.755639 0.000000
vt 0.828321 0.000000
vt 0.944862 0.000000
vt 0.874687 0.000000
vt 0.754386 0.000000
vt 0.829574 0.000000
vt 0.873434 0.000000
vt 0.753133 0.000000
vt 0.946115 0.000000
vt 0.830827 0.000000
vt 0.872180 0.000000
vt 0.751880 0.000000
vt 0.947368 0.000000
vt 0.832080 0.000000
vt 0.870927 0.000000
vt 0.750627 0.000000
vt 0.948622 0.000000
vt 0.833333 0.000000
vt 0.869674 0.000000
vt 0.749373 0.000000
vt 0.834586 0.000000
vt 0.949875 0.000000
vt 0.868421 0.000000
vt 0.748120 0.000000
vt 0.835840 0.000000
vt 0.951128 0.000000
vt 0.867168 0.000000
vt 0.746867 0.000000
vt 0.837093 0.000000
vt 0.952381 0.000000
vt 0.865915 0.000000
vt 0.745614 0.000000
vt 0.838346 0.000000
vt 0.864662 0.000000
vt 0.744361 0.000000
vt 0.953634 0.000000
vt 0.839599 0.000000
vt 0.863409 0.000000
vt 0.743108 0.000000
vt 0.954887 0.000000
vt 0.840852 0.000000
vt 0.862155 0.000000
vt 0.741855 0.000000
vt 0.956140 0.000000
vt 0.842105 0.000000
vt 0.860902 0.000000
vt 0.740601 0.000000
vt 0.957393 0.000000
vt 0.843358 0.000000
vt 0.859649 0.000000
vt 0.739348 0.000000
vt 0.858396 0.000000
vt 0.844612 0.000000
vt 0.738095 0.000000
vt 0.958647 0.000000
vt 0.736842 0.000000
vt 0.845865 0.000000
vt 0.959900 0.000000
vt 0.855890 0.000000
vt 0.735589 0.000000
vt 0.847118 0.000000
vt 0.961153 0.000000
vt 0.854637 0.000000
vt 0.734336 0.000000
vt 0.848371 0.000000
vt 0.853383 0.000000
vt 0.733083 0.000000
vt 0.962406 0.000000
vt 0.849624 0.000000
vt 0.852130 0.000000
vt 0.731830 0.000000
vt 0.963659 0.000000
vt 0.850877 0.000000
vt 0.964912 0.000000
vt 0.462406 0.000000
vt 0.461153 0.000000
vt 0.459900 0.000000
vt 0.458647 0.000000
vt 0.457393 0.000000
vt 0.456140 0.000000
vt 0.454887 0.000000
vt 0.453634 0.000000
vt 0.452381 0.000000
vt 0.451128 0.000000
vt 0.449875 0.000000
vt 0.448622 0.000000
vt 0.447368 0.000000
vt 0.446115 0.000000
vt 0.444862 0.000000
vt 0.443609 0.000000
vt 0.442356 0.000000
vt 0.441103 0.000000
vt 0.439850 0.000000
vt 0.438596 0.000000
vt 0.437343 0.000000
vt 0.436090 0.000000
vt 0.434837 0.000000
vt 0.433584 0.000000
vt 0.432331 0.000000
vt 0.431078 0.000000
vt 0.429825 0.000000
vt 0.427318 0.000000
vt 0.426065 0.000000
vt 0.182957 0.000000
vt 0.966165 0.000000
vt 0.424812 0.000000
vt 0.184211 0.000000
vt 0.181704 0.000000
vt 0.185464 0.000000
vt 0.423559 0.000000
vt 0.180451 0.000000
vt 0.186717 0.000000
vt 0.422306 0.000000
vt 0.179198 0.000000
vt 0.187970 0.000000
vt 0.421053 0.000000
vt 0.177945 0.000000
vt 0.967419 0.000000
vt 0.189223 0.000000
vt 0.419800 0.000000
vt 0.176692 0.000000
vt 0.190476 0.000000
vt 0.418546 0.000000
vt 0.175439 0.000000
vt 0.191729 0.000000
vt 0.417293 0.000000
vt 0.174185 0.000000
vt 0.192982 0.000000
vt 0.416040 0.000000
vt 0.172932 0.000000
vt 0.968672 0.000000
vt 0.194236 0.000000
vt 0.414787 0.000000
vt 0.171679 0.000000
vt 0.195489 0.000000
vt 0.413534 0.000000
vt 0.170426 0.000000
vt 0.196742 0.000000
vt 0.969925 0.000000
vt 0.412281 0.000000
vt 0.169173 0.000000
vt 0.197995 0.000000
vt 0.411028 0.000000
vt 0.167920 0.000000
vt 0.199248 0.000000
vt 0.971178 0.000000
vt 0.409774 0.000000
vt 0.166667 0.000000
vt 0.200501 0.000000
vt 0.408521 0.000000
vt 0.165414 0.000000
vt 0.201754 0.000000
vt 0.972431 0.000000
vt 0.407268 0.000000
vt 0.164160 0.000000
vt 0.203008 0.000000
vt 0.973684 0.000000
vt 0.406015 0.000000
vt 0.162907 0.000000
vt 0.204261 0.000000
vt 0.974937 0.000000
vt 0.404762 0.000000
vt 0.161654 0.000000
vt 0.205514 0.000000
vt 0.976190 0.000000
vt 0.403509 0.000000
vt 0.160401 0.000000
vt 0.206767 0.000000
vt 0.977444 0.000000
vt 0.402256 0.000000
vt 0.159148 0.000000
vt 0.208020 0.000000
vt 0.978697 0.000000
vt 0.401002 0.000000
vt 0.209273 0.000000
vt 0.157895 0.000000
vt 0.979950 0.000000
vt 0.399749 0.000000
vt 0.210526 0.000000
vt 0.156642 0.000000
vt 0.981203 0.000000
vt 0.398496 0.000000
vt 0.211779 0.000000
vt 0.155388 0.000000
vt 0.982456 0.000000
vt 0.397243 0.000000
vt 0.213033 0.000000
vt 0.983709 0.000000
vt 0.154135 0.000000
vt 0.395990 0.000000
vt 0.984962 0.000000
vt 0.214286 0.000000
vt 0.152882 0.000000
vt 0.394737 0.000000
vt 0.986216 0.000000
vt 0.215539 0.000000
vt 0.393484 0.000000
vt 0.151629 0.000000
vt 0.987469 0.000000
vt 0.392231 0.000000
vt 0.150376 0.000000
vt 0.216792 0.000000
vt 0.390977 0.000000
vt 0.149123 0.000000
vt 0.988722 0.000000
vt 0.147870 0.000000
vt 0.389724 0.000000
vt 0.989975 0.000000
vt 0.218045 0.000000
vt 0.146617 0.000000
vt 0.388471 0.000000
vt 0.145363 0.000000
vt 0.387218 0.000000
vt 0.991228 0.000000
vt 0.219298 0.000000
vt 0.144110 0.000000
vt 0.385965 0.000000
vt 0.992481 0.000000
vt 0.384712 0.000000
vt 0.141604 0.000000
vt 0.463659 0.000000
vt 0.220551 0.000000
vt 0.383459 0.000000
vt 0.993734 0.000000
vt 0.140351 0.000000
vt 0.382206 0.000000
vt 0.139098 0.000000
vt 0.994987 0.000000
vt 0.380952 0.000000
vt 0.464912 0.000000
vt 0.221805 0.000000
vt 0.137845 0.000000
vt 0.379699 0.000000
vt 0.996241 0.000000
vt 0.136591 0.000000
vt 0.378446 0.000000
vt 0.466165 0.000000
vt 0.223058 0.000000
vt 0.135338 0.000000
vt 0.997494 0.000000
vt 0.377193 0.000000
vt 0.134085 0.000000
vt 0.375940 0.000000
vt 0.998747 0.000000
vt 0.132832 0.000000
vt 0.467419 0.000000
vt 0.224311 0.000000
vt 0.374687 0.000000
vt 0.131579 0.000000
vt 0.373434 0.000000
vt 0.130326 0.000000
vt 0.468672 0.000000
vt 0.225564 0.000000
vt 0.372180 0.000000
vt 0.129073 0.000000
vt 0.370927 0.000000
vt 0.127820 0.000000
vt 0.001253 0.000000
vt 0.369674 0.000000
vt 0.126566 0.000000
vt 0.469925 0.000000
vt 0.226817 0.000000
vt 0.368421 0.000000
vt 0.125313 0.000000
vt 0.367168 0.000000
vt 0.124060 0.000000
vt 0.471178 0.000000
vt 0.228070 0.000000
vt 0.365915 0.000000
vt 0.122807 0.000000
vt 0.364662 0.000000
vt 0.121554 0.000000
vt 0.472431 0.000000
vt 0.229323 0.000000
vt 0.473684 0.000000
vt 0.230576 0.000000
vt 0.474937 0.000000
vt 0.231830 0.000000
vt 0.476190 0.000000
vt 0.233083 0.000000
vt 0.477444 0.000000
vt 0.234336 0.000000
vt 0.478697 0.000000
vt 0.235589 0.000000
vt 0.479950 0.000000
vt 0.236842 0.000000
vt 0.481203 0.000000
vt 0.238095 0.000000
vt 0.482456 0.000000
vt 0.239348 0.000000
vt 0.483709 0.000000
vt 0.240602 0.000000
vt 0.484962 0.000000
vt 0.241855 0.000000
vt 0.486216 0.000000
vt 0.243108 0.000000
vt 0.487469 0.000000
vt 0.244361 0.000000
vt 0.606516 0.000000
vt 0.488722 0.000000
vt 0.363409 0.000000
vt 0.245614 0.000000
vt 0.120301 0.000000
vt 0.002506 0.000000
vt 0.605263 0.000000
vt 0.489975 0.000000
vt 0.362155 0.000000
vt 0.246867 0.000000
vt 0.119048 0.000000
vt 0.003759 0.000000
vt 0.604010 0.000000
vt 0.491228 0.000000
vt 0.360902 0.000000
vt 0.248120 0.000000
vt 0.117794 0.000000
vt 0.005013 0.000000
vt 0.602757 0.000000
vt 0.492481 0.000000
vt 0.359649 0.000000
vt 0.249373 0.000000
vt 0.116541 0.000000
vt 0.006266 0.000000
vt 0.601504 0.000000
vt 0.493734 0.000000
vt 0.358396 0.000000
vt 0.250627 0.000000
vt 0.115288 0.000000
vt 0.007519 0.000000
vt 0.600251 0.000000
vt 0.494987 0.000000
vt 0.357143 0.000000
vt 0.251880 0.000000
vt 0.114035 0.000000
vt 0.008772 0.000000
vt 0.598997 0.000000
vt 0.496241 0.000000
vt 0.355890 0.000000
vt 0.253133 0.000000
vt 0.112782 0.000000
vt 0.010025 0.000000
vt 0.597744 0.000000
vt 0.497494 0.000000
vt 0.354637 0.000000
vt 0.254386 0.000000
vt 0.111529 0.000000
vt 0.011278 0.000000
vt 0.596491 0.000000
vt 0.498747 0.000000
vt 0.353383 0.000000
vt 0.255639 0.000000
vt 0.110276 0.000000
vt 0.012531 0.000000
vt 0.595238 0.000000
vt 0.500000 0.000000
vt 0.352130 0.000000
vt 0.256892 0.000000
vt 0.109023 0.000000
vt 0.013784 0.000000
vt 0.593985 0.000000
vt 0.501253 0.000000
vt 0.350877 0.000000
vt 0.258145 0.000000
vt 0.107769 0.000000
vt 0.015038 0.000000
vt 0.592732 0.000000
vt 0.502506 0.000000
vt 0.349624 0.000000
vt 0.259398 0.000000
vt 0.106516 0.000000
vt 0.016291 0.000000
vt 0.591479 0.000000
vt 0.503759 0.000000
vt 0.348371 0.000000
vt 0.260652 0.000000
vt 0.105263 0.000000
vt 0.017544 0.000000
vt 0.590226 0.000000
vt 0.347118 0.000000
vt 0.104010 0.000000
vt 0.505013 0.000000
vt 0.261905 0.000000
vt 0.018797 0.000000
vt 0.588972 0.000000
vt 0.345865 0.000000
vt 0.102757 0.000000
vt 0.506266 0.000000
vt 0.263158 0.000000
vt 0.020050 0.000000
vt 0.587719 0.000000
vt 0.344612 0.000000
vt 0.101504 0.000000
vt 0.507519 0.000000
vt 0.264411 0.000000
vt 0.021303 0.000000
vt 0.586466 0.000000
vt 0.343358 0.000000
vt 0.100251 0.000000
vt 0.508772 0.000000
vt 0.265664 0.000000
vt 0.022556 0.000000
vt 0.585213 0.000000
vt 0.342105 0.000000
vt 0.098997 0.000000
vt 0.510025 0.000000
vt 0.266917 0.000000
vt 0.023810 0.000000
vt 0.583960 0.000000
vt 0.340852 0.000000
vt 0.097744 0.000000
vt 0.511278 0.000000
vt 0.268170 0.000000
vt 0.025063 0.000000
vt 0.582707 0.000000
vt 0.339599 0.000000
vt 0.096491 0.000000
vt 0.512531 0.000000
vt 0.269424 0.000000
vt 0.026316 0.000000
vt 0.581454 0.000000
vt 0.338346 0.000000
vt 0.095238 0.000000
vt 0.513784 0.000000
vt 0.270677 0.000000
vt 0.027569 0.000000
vt 0.580200 0.000000
vt 0.337093 0.000000
vt 0.093985 0.000000
vt 0.515038 0.000000
vt 0.271930 0.000000
vt 0.028822 0.000000
vt 0.578947 0.000000
vt 0.335840 0.000000
vt 0.092732 0.000000
vt 0.516291 0.000000
vt 0.273183 0.000000
vt 0.030075 0.000000
vt 0.577694 0.000000
vt 0.334586 0.000000
vt 0.091479 0.000000
vt 0.517544 0.000000
vt 0.274436 0.000000
vt 0.031328 0.000000
vt 0.576441 0.000000
vt 0.518797 0.000000
vt 0.333333 0.000000
vt 0.275689 0.000000
vt 0.090226 0.000000
vt 0.032581 0.000000
vt 0.575188 0.000000
vt 0.520050 0.000000
vt 0.332080 0.000000
vt 0.276942 0.000000
vt 0.088972 0.000000
vt 0.033835 0.000000
vt 0.573935 0.000000
vt 0.521303 0.000000
vt 0.330827 0.000000
vt 0.278196 0.000000
vt 0.087719 0.000000
vt 0.035088 0.000000
vt 0.572682 0.000000
vt 0.522556 0.000000
vt 0.329574 0.000000
vt 0.279449 0.000000
vt 0.086466 0.000000
vt 0.036341 0.000000
vt 0.523810 0.000000
vt 0.328321 0.000000
vt 0.280702 0.000000
vt 0.085213 0.000000
vt 0.037594 0.000000
vt 0.570175 0.000000
vt 0.525063 0.000000
vt 0.327068 0.000000
vt 0.281955 0.000000
vt 0.083960 0.000000
vt 0.038847 0.000000
vt 0.568922 0.000000
vt 0.526316 0.000000
vt 0.325815 0.000000
vt 0.283208 0.000000
vt 0.082707 0.000000
vt 0.040100 0.000000
vt 0.567669 0.000000
vt 0.527569 0.000000
vt 0.324561 0.000000
vt 0.284461 0.000000
vt 0.081454 0.000000
vt 0.041353 0.000000
vt 0.566416 0.000000
vt 0.528822 0.000000
vt 0.323308 0.000000
vt 0.080201 0.000000
vt 0.042607 0.000000
vt 0.565163 0.000000
vt 0.530075 0.000000
vt 0.322055 0.000000
vt 0.286967 0.000000
vt 0.078947 0.000000
vt 0.043860 0.000000
vt 0.563910 0.000000
vt 0.531328 0.000000
vt 0.320802 0.000000
vt 0.288221 0.000000
vt 0.077694 0.000000
vt 0.045113 0.000000
vt 0.562657 0.000000
vt 0.532581 0.000000
vt 0.319549 0.000000
vt 0.289474 0.000000
vt 0.076441 0.000000
vt 0.046366 0.000000
vt 0.561404 0.000000
vt 0.533835 0.000000
vt 0.318296 0.000000
vt 0.290727 0.000000
vt 0.075188 0.000000
vt 0.047619 0.000000
vt 0.560150 0.000000
vt 0.317043 0.000000
vt 0.073935 0.000000
vt 0.535088 0.000000
vt 0.291980 0.000000
vt 0.048872 0.000000
vt 0.558897 0.000000
vt 0.315789 0.000000
vt 0.072682 0.000000
vt 0.536341 0.000000
vt 0.293233 0.000000
vt 0.050125 0.000000
vt 0.557644 0.000000
vt 0.314536 0.000000
vt 0.071429 0.000000
vt 0.537594 0.000000
vt 0.294486 0.000000
vt 0.051378 0.000000
vt 0.556391 0.000000
vt 0.313283 0.000000
vt 0.070175 0.000000
vt 0.538847 0.000000
vt 0.295739 0.000000
vt 0.052632 0.000000
vt 0.555138 0.000000
vt 0.312030 0.000000
vt 0.068922 0.000000
vt 0.540100 0.000000
vt 0.296992 0.000000
vt 0.053885 0.000000
vt 0.553885 0.000000
vt 0.310777 0.000000
vt 0.067669 0.000000
vt 0.541353 0.000000
vt 0.298246 0.000000
vt 0.055138 0.000000
vt 0.552632 0.000000
vt 0.309524 0.000000
vt 0.066416 0.000000
vt 0.542607 0.000000
vt 0.299499 0.000000
vt 0.056391 0.000000
vt 0.551378 0.000000
vt 0.308271 0.000000
vt 0.065163 0.000000
vt 0.543860 0.000000
vt 0.300752 0.000000
vt 0.057644 0.000000
vt 0.550125 0.000000
vt 0.307018 0.000000
vt 0.063910 0.000000
vt 0.545113 0.000000
vt 0.302005 0.000000
vt 0.058897 0.000000
vt 0.548872 0.000000
vt 0.305764 0.000000
vt 0.062657 0.000000
vt 0.546366 0.000000
vt 0.303258 0.000000
vt 0.060150 0.000000
vt 0.547619 0.000000
vt 0.304511 0.000000
vt 0.061404 0.000000
vt 0.453861 0.000000
vt 0.457627 0.000000
vt 0.455744 0.000000
vt 0.451977 0.000000
vt 0.459510 0.000000
vt 0.450094 0.000000
vt 0.461394 0.000000
vt 0.448211 0.000000
vt 0.463277 0.000000
vt 0.446328 0.000000
vt 0.465160 0.000000
vt 0.444444 0.000000
vt 0.467043 0.000000
vt 0.442561 0.000000
vt 0.468927 0.000000
vt 0.440678 0.000000
vt 0.470810 0.000000
vt 0.438795 0.000000
vt 0.472693 0.000000
vt 0.546139 0.000000
vt 0.549906 0.000000
vt 0.548023 0.000000
vt 0.551789 0.000000
vt 0.544256 0.000000
vt 0.553672 0.000000
vt 0.555556 0.000000
vt 0.542373 0.000000
vt 0.557439 0.000000
vt 0.559322 0.000000
vt 0.540490 0.000000
vt 0.561205 0.000000
vt 0.436911 0.000000
vt 0.563089 0.000000
vt 0.538606 0.000000
vt 0.564972 0.000000
vt 0.566855 0.000000
vt 0.536723 0.000000
vt 0.568738 0.000000
vt 0.570621 0.000000
vt 0.534840 0.000000
vt 0.474576 0.000000
vt 0.572505 0.000000
vt 0.574388 0.000000
vt 0.532957 0.000000
vt 0.576271 0.000000
vt 0.578154 0.000000
vt 0.531073 0.000000
vt 0.580038 0.000000
vt 0.435028 0.000000
vt 0.581921 0.000000
vt 0.529190 0.000000
vt 0.583804 0.000000
vt 0.585687 0.000000
vt 0.527307 0.000000
vt 0.587571 0.000000
vt 0.476460 0.000000
vt 0.589454 0.000000
vt 0.525424 0.000000
vt 0.591337 0.000000
vt 0.593220 0.000000
vt 0.523540 0.000000
vt 0.433145 0.000000
vt 0.595104 0.000000
vt 0.596987 0.000000
vt 0.521657 0.000000
vt 0.598870 0.000000
vt 0.600753 0.000000
vt 0.478343 0.000000
vt 0.519774 0.000000
vt 0.602637 0.000000
vt 0.604520 0.000000
vt 0.517891 0.000000
vt 0.431262 0.000000
vt 0.606403 0.000000
vt 0.608286 0.000000
vt 0.516008 0.000000
vt 0.610169 0.000000
vt 0.480226 0.000000
vt 0.612053 0.000000
vt 0.514124 0.000000
vt 0.613936 0.000000
vt 0.429379 0.000000
vt 0.615819 0.000000
vt 0.512241 0.000000
vt 0.617702 0.000000
vt 0.619586 0.000000
vt 0.482109 0.000000
vt 0.510358 0.000000
vt 0.621469 0.000000
vt 0.623352 0.000000
vt 0.427495 0.000000
vt 0.508475 0.000000
vt 0.625235 0.000000
vt 0.627119 0.000000
vt 0.506591 0.000000
vt 0.629002 0.000000
vt 0.483992 0.000000
vt 0.630885 0.000000
vt 0.425612 0.000000
vt 0.504708 0.000000
vt 0.632768 0.000000
vt 0.634652 0.000000
vt 0.502825 0.000000
vt 0.636535 0.000000
vt 0.485876 0.000000
vt 0.423729 0.000000
vt 0.500942 0.000000
vt 0.001883 0.000000
vt 0.487759 0.000000
vt 0.421846 0.000000
vt 0.419962 0.000000
vt 0.489642 0.000000
vt 0.418079 0.000000
vt 0.491525 0.000000
vt 0.416196 0.000000
vt 0.493409 0.000000
vt 0.414313 0.000000
vt 0.495292 0.000000
vt 0.412429 0.000000
vt 0.497175 0.000000
vt 0.410546 0.000000
vt 0.499058 0.000000
vt 0.408663 0.000000
vt 0.406780 0.000000
vt 0.404896 0.000000
vt 0.676083 0.000000
vt 0.674200 0.000000
vt 0.672316 0.000000
vt 0.670433 0.000000
vt 0.668550 0.000000
vt 0.664783 0.000000
vt 0.662900 0.000000
vt 0.661017 0.000000
vt 0.659134 0.000000
vt 0.657250 0.000000
vt 0.655367 0.000000
vt 0.653484 0.000000
vt 0.651601 0.000000
vt 0.649718 0.000000
vt 0.647834 0.000000
vt 0.645951 0.000000
vt 0.644068 0.000000
vt 0.642185 0.000000
vt 0.640301 0.000000
vt 0.403013 0.000000
vt 0.677966 0.000000
vt 0.401130 0.000000
vt 0.679849 0.000000
vt 0.399247 0.000000
vt 0.397363 0.000000
vt 0.681733 0.000000
vt 0.395480 0.000000
vt 0.683616 0.000000
vt 0.393597 0.000000
vt 0.391714 0.000000
vt 0.685499 0.000000
vt 0.687382 0.000000
vt 0.689266 0.000000
vt 0.691149 0.000000
vt 0.389830 0.000000
vt 0.693032 0.000000
vt 0.694915 0.000000
vt 0.696799 0.000000
vt 0.698682 0.000000
vt 0.700565 0.000000
vt 0.702448 0.000000
vt 0.704331 0.000000
vt 0.387947 0.000000
vt 0.706215 0.000000
vt 0.708098 0.000000
vt 0.709981 0.000000
vt 0.711864 0.000000
vt 0.386064 0.000000
vt 0.713748 0.000000
vt 0.715631 0.000000
vt 0.717514 0.000000
vt 0.384181 0.000000
vt 0.719397 0.000000
vt 0.721281 0.000000
vt 0.382298 0.000000
vt 0.723164 0.000000
vt 0.725047 0.000000
vt 0.726930 0.000000
vt 0.380414 0.000000
vt 0.728814 0.000000
vt 0.730697 0.000000
vt 0.378531 0.000000
vt 0.732580 0.000000
vt 0.734463 0.000000
vt 0.376648 0.000000
vt 0.736347 0.000000
vt 0.738230 0.000000
vt 0.374765 0.000000
vt 0.740113 0.000000
vt 0.741996 0.000000
vt 0.372881 0.000000
vt 0.743879 0.000000
vt 0.638418 0.000000
vt 0.745763 0.000000
vt 0.370998 0.000000
vt 0.747646 0.000000
vt 0.369115 0.000000
vt 0.749529 0.000000
vt 0.751412 0.000000
vt 0.367232 0.000000
vt 0.753296 0.000000
vt 0.755179 0.000000
vt 0.365348 0.000000
vt 0.757062 0.000000
vt 0.758945 0.000000
vt 0.363465 0.000000
vt 0.760829 0.000000
vt 0.361582 0.000000
vt 0.762712 0.000000
vt 0.764595 0.000000
vt 0.359699 0.000000
vt 0.766478 0.000000
vt 0.357815 0.000000
vt 0.768362 0.000000
vt 0.770245 0.000000
vt 0.355932 0.000000
vt 0.772128 0.000000
vt 0.774011 0.000000
vt 0.354049 0.000000
vt 0.775895 0.000000
vt 0.352166 0.000000
vt 0.777778 0.000000
vt 0.779661 0.000000
vt 0.350282 0.000000
vt 0.998117 0.000000
vt 0.781544 0.000000
vt 0.348399 0.000000
vt 0.783427 0.000000
vt 0.996234 0.000000
vt 0.785311 0.000000
vt 0.346516 0.000000
vt 0.994350 0.000000
vt 0.787194 0.000000
vt 0.344633 0.000000
vt 0.992467 0.000000
vt 0.789077 0.000000
vt 0.790960 0.000000
vt 0.990584 0.000000
vt 0.342750 0.000000
vt 0.792844 0.000000
vt 0.988701 0.000000
vt 0.794727 0.000000
vt 0.340866 0.000000
vt 0.796610 0.000000
vt 0.986817 0.000000
vt 0.338983 0.000000
vt 0.798493 0.000000
vt 0.984934 0.000000
vt 0.800377 0.000000
vt 0.337100 0.000000
vt 0.983051 0.000000
vt 0.802260 0.000000
vt 0.335217 0.000000
vt 0.981168 0.000000
vt 0.804143 0.000000
vt 0.806026 0.000000
vt 0.979284 0.000000
vt 0.807910 0.000000
vt 0.977401 0.000000
vt 0.331450 0.000000
vt 0.809793 0.000000
vt 0.975518 0.000000
vt 0.811676 0.000000
vt 0.329567 0.000000
vt 0.813559 0.000000
vt 0.973635 0.000000
vt 0.327684 0.000000
vt 0.815443 0.000000
vt 0.971751 0.000000
vt 0.817326 0.000000
vt 0.325800 0.000000
vt 0.969868 0.000000
vt 0.819209 0.000000
vt 0.323917 0.000000
vt 0.821092 0.000000
vt 0.967985 0.000000
vt 0.822976 0.000000
vt 0.322034 0.000000
vt 0.966102 0.000000
vt 0.824859 0.000000
vt 0.826742 0.000000
vt 0.964218 0.000000
vt 0.320151 0.000000
vt 0.828625 0.000000
vt 0.830508 0.000000
vt 0.962335 0.000000
vt 0.318267 0.000000
vt 0.832392 0.000000
vt 0.960452 0.000000
vt 0.834275 0.000000
vt 0.836158 0.000000
vt 0.316384 0.000000
vt 0.958569 0.000000
vt 0.838041 0.000000
vt 0.839925 0.000000
vt 0.956685 0.000000
vt 0.314501 0.000000
vt 0.841808 0.000000
vt 0.843691 0.000000
vt 0.954802 0.000000
vt 0.845574 0.000000
vt 0.312618 0.000000
vt 0.952919 0.000000
vt 0.847458 0.000000
vt 0.849341 0.000000
vt 0.951036 0.000000
vt 0.310734 0.000000
vt 0.851224 0.000000
vt 0.949153 0.000000
vt 0.853107 0.000000
vt 0.854991 0.000000
vt 0.308851 0.000000
vt 0.947269 0.000000
vt 0.139360 0.000000
vt 0.856874 0.000000
vt 0.858757 0.000000
vt 0.945386 0.000000
vt 0.306968 0.000000
vt 0.860640 0.000000
vt 0.943503 0.000000
vt 0.862524 0.000000
vt 0.864407 0.000000
vt 0.941620 0.000000
vt 0.305085 0.000000
vt 0.866290 0.000000
vt 0.939736 0.000000
vt 0.868173 0.000000
vt 0.870057 0.000000
vt 0.937853 0.000000
vt 0.303201 0.000000
vt 0.871940 0.000000
vt 0.873823 0.000000
vt 0.935970 0.000000
vt 0.875706 0.000000
vt 0.934087 0.000000
vt 0.877589 0.000000
vt 0.301318 0.000000
vt 0.879473 0.000000
vt 0.932203 0.000000
vt 0.881356 0.000000
vt 0.930320 0.000000
vt 0.883239 0.000000
vt 0.299435 0.000000
vt 0.885122 0.000000
vt 0.928437 0.000000
vt 0.887006 0.000000
vt 0.926554 0.000000
vt 0.888889 0.000000
vt 0.890772 0.000000
vt 0.924670 0.000000
vt 0.892655 0.000000
vt 0.297552 0.000000
vt 0.922787 0.000000
vt 0.894539 0.000000
vt 0.896422 0.000000
vt 0.920904 0.000000
vt 0.898305 0.000000
vt 0.919021 0.000000
vt 0.900188 0.000000
vt 0.902072 0.000000
vt 0.917138 0.000000
vt 0.903955 0.000000
vt 0.915254 0.000000
vt 0.905838 0.000000
vt 0.907721 0.000000
vt 0.913371 0.000000
vt 0.909605 0.000000
vt 0.911488 0.000000
vt 0.295669 0.000000
vt 0.293785 0.000000
vt 0.141243 0.000000
vt 0.137476 0.000000
vt 0.143126 0.000000
vt 0.291902 0.000000
vt 0.145009 0.000000
vt 0.146893 0.000000
vt 0.290019 0.000000
vt 0.148776 0.000000
vt 0.288136 0.000000
vt 0.150659 0.000000
vt 0.152542 0.000000
vt 0.286252 0.000000
vt 0.154426 0.000000
vt 0.156309 0.000000
vt 0.284369 0.000000
vt 0.158192 0.000000
vt 0.282486 0.000000
vt 0.160075 0.000000
vt 0.161959 0.000000
vt 0.280603 0.000000
vt 0.163842 0.000000
vt 0.278719 0.000000
vt 0.165725 0.000000
vt 0.167608 0.000000
vt 0.276836 0.000000
vt 0.169492 0.000000
vt 0.274953 0.000000
vt 0.171375 0.000000
vt 0.273070 0.000000
vt 0.173258 0.000000
vt 0.175141 0.000000
vt 0.271186 0.000000
vt 0.177024 0.000000
vt 0.269303 0.000000
vt 0.178908 0.000000
vt 0.180791 0.000000
vt 0.267420 0.000000
vt 0.182674 0.000000
vt 0.265537 0.000000
vt 0.184557 0.000000
vt 0.263653 0.000000
vt 0.186441 0.000000
vt 0.188324 0.000000
vt 0.261770 0.000000
vt 0.190207 0.000000
vt 0.135593 0.000000
vt 0.003766 0.000000
vt 0.259887 0.000000
vt 0.133710 0.000000
vt 0.192090 0.000000
vt 0.005650 0.000000
vt 0.131827 0.000000
vt 0.129944 0.000000
vt 0.007533 0.000000
vt 0.128060 0.000000
vt 0.258004 0.000000
vt 0.193974 0.000000
vt 0.126177 0.000000
vt 0.009416 0.000000
vt 0.124294 0.000000
vt 0.195857 0.000000
vt 0.122411 0.000000
vt 0.011299 0.000000
vt 0.256121 0.000000
vt 0.120527 0.000000
vt 0.118644 0.000000
vt 0.013183 0.000000
vt 0.197740 0.000000
vt 0.116761 0.000000
vt 0.114878 0.000000
vt 0.015066 0.000000
vt 0.254237 0.000000
vt 0.112994 0.000000
vt 0.199623 0.000000
vt 0.111111 0.000000
vt 0.016949 0.000000
vt 0.109228 0.000000
vt 0.107345 0.000000
vt 0.018832 0.000000
vt 0.105461 0.000000
vt 0.252354 0.000000
vt 0.201507 0.000000
vt 0.103578 0.000000
vt 0.020716 0.000000
vt 0.101695 0.000000
vt 0.099812 0.000000
vt 0.022599 0.000000
vt 0.203390 0.000000
vt 0.097928 0.000000
vt 0.250471 0.000000
vt 0.096045 0.000000
vt 0.024482 0.000000
vt 0.094162 0.000000
vt 0.092279 0.000000
vt 0.026365 0.000000
vt 0.205273 0.000000
vt 0.090395 0.000000
vt 0.088512 0.000000
vt 0.028249 0.000000
vt 0.086629 0.000000
vt 0.248588 0.000000
vt 0.084746 0.000000
vt 0.030132 0.000000
vt 0.082863 0.000000
vt 0.207156 0.000000
vt 0.080979 0.000000
vt 0.032015 0.000000
vt 0.079096 0.000000
vt 0.077213 0.000000
vt 0.033898 0.000000
vt 0.075330 0.000000
vt 0.073446 0.000000
vt 0.035782 0.000000
vt 0.071563 0.000000
vt 0.246704 0.000000
vt 0.069680 0.000000
vt 0.037665 0.000000
vt 0.209040 0.000000
vt 0.067797 0.000000
vt 0.065913 0.000000
vt 0.039548 0.000000
vt 0.064030 0.000000
vt 0.062147 0.000000
vt 0.041431 0.000000
vt 0.060264 0.000000
vt 0.058380 0.000000
vt 0.043315 0.000000
vt 0.056497 0.000000
vt 0.054614 0.000000
vt 0.045198 0.000000
vt 0.052731 0.000000
vt 0.050847 0.000000
vt 0.047081 0.000000
vt 0.048964 0.000000
vt 0.210923 0.000000
vt 0.244821 0.000000
vt 0.212806 0.000000
vt 0.242938 0.000000
vt 0.214689 0.000000
vt 0.241055 0.000000
vt 0.216573 0.000000
vt 0.239171 0.000000
vt 0.218456 0.000000
vt 0.237288 0.000000
vt 0.220339 0.000000
vt 0.222222 0.000000
vt 0.235405 0.000000
vt 0.224105 0.000000
vt 0.233522 0.000000
vt 0.225989 0.000000
vt 0.231638 0.000000
vt 0.227872 0.000000
vt 0.229755 0.000000
vt 0.907834 0.000000
vt 0.910906 0.000000
vt 0.909370 0.000000
vt 0.912442 0.000000
vt 0.906298 0.000000
vt 0.913979 0.000000
vt 0.915515 0.000000
vt 0.917051 0.000000
vt 0.918587 0.000000
vt 0.903226 0.000000
vt 0.920123 0.000000
vt 0.901690 0.000000
vt 0.921659 0.000000
vt 0.923195 0.000000
vt 0.900154 0.000000
vt 0.924731 0.000000
vt 0.926267 0.000000
vt 0.898618 0.000000
vt 0.927803 0.000000
vt 0.897081 0.000000
vt 0.929339 0.000000
vt 0.930876 0.000000
vt 0.895545 0.000000
vt 0.932412 0.000000
vt 0.933948 0.000000
vt 0.894009 0.000000
vt 0.935484 0.000000
vt 0.937020 0.000000
vt 0.892473 0.000000
vt 0.938556 0.000000
vt 0.940092 0.000000
vt 0.890937 0.000000
vt 0.941628 0.000000
vt 0.943164 0.000000
vt 0.889401 0.000000
vt 0.944700 0.000000
vt 0.946237 0.000000
vt 0.887865 0.000000
vt 0.947773 0.000000
vt 0.949309 0.000000
vt 0.886329 0.000000
vt 0.950845 0.000000
vt 0.884793 0.000000
vt 0.953917 0.000000
vt 0.955453 0.000000
vt 0.956989 0.000000
vt 0.883257 0.000000
vt 0.958525 0.000000
vt 0.960061 0.000000
vt 0.881720 0.000000
vt 0.961598 0.000000
vt 0.963134 0.000000
vt 0.880184 0.000000
vt 0.964670 0.000000
vt 0.966206 0.000000
vt 0.967742 0.000000
vt 0.878648 0.000000
vt 0.969278 0.000000
vt 0.970814 0.000000
vt 0.972350 0.000000
vt 0.877112 0.000000
vt 0.973886 0.000000
vt 0.975422 0.000000
vt 0.976959 0.000000
vt 0.875576 0.000000
vt 0.978495 0.000000
vt 0.980031 0.000000
vt 0.981567 0.000000
vt 0.983103 0.000000
vt 0.874040 0.000000
vt 0.984639 0.000000
vt 0.986175 0.000000
vt 0.987711 0.000000
vt 0.989247 0.000000
vt 0.990783 0.000000
vt 0.872504 0.000000
vt 0.992320 0.000000
vt 0.993856 0.000000
vt 0.995392 0.000000
vt 0.996928 0.000000
vt 0.998464 0.000000
vt 0.870968 0.000000
vt 0.001536 0.000000
vt 0.003072 0.000000
vt 0.004608 0.000000
vt 0.869432 0.000000
vt 0.006144 0.000000
vt 0.007680 0.000000
vt 0.009217 0.000000
vt 0.010753 0.000000
vt 0.867896 0.000000
vt 0.012289 0.000000
vt 0.013825 0.000000
vt 0.015361 0.000000
vt 0.866359 0.000000
vt 0.016897 0.000000
vt 0.018433 0.000000
vt 0.019969 0.000000
vt 0.021505 0.000000
vt 0.023041 0.000000
vt 0.864823 0.000000
vt 0.024578 0.000000
vt 0.026114 0.000000
vt 0.027650 0.000000
vt 0.029186 0.000000
vt 0.030722 0.000000
vt 0.863287 0.000000
vt 0.032258 0.000000
vt 0.033794 0.000000
vt 0.035330 0.000000
vt 0.036866 0.000000
vt 0.038402 0.000000
vt 0.861751 0.000000
vt 0.039939 0.000000
vt 0.041475 0.000000
vt 0.043011 0.000000
vt 0.044547 0.000000
vt 0.860215 0.000000
vt 0.046083 0.000000
vt 0.049155 0.000000
vt 0.050691 0.000000
vt 0.858679 0.000000
vt 0.204301 0.000000
vt 0.202765 0.000000
vt 0.052227 0.000000
vt 0.053763 0.000000
vt 0.201229 0.000000
vt 0.199693 0.000000
vt 0.205837 0.000000
vt 0.198157 0.000000
vt 0.207373 0.000000
vt 0.196621 0.000000
vt 0.208909 0.000000
vt 0.195084 0.000000
vt 0.055300 0.000000
vt 0.210445 0.000000
vt 0.193548 0.000000
vt 0.192012 0.000000
vt 0.211982 0.000000
vt 0.056836 0.000000
vt 0.213518 0.000000
vt 0.188940 0.000000
vt 0.215054 0.000000
vt 0.058372 0.000000
vt 0.187404 0.000000
vt 0.216590 0.000000
vt 0.059908 0.000000
vt 0.185868 0.000000
vt 0.218126 0.000000
vt 0.184332 0.000000
vt 0.061444 0.000000
vt 0.182796 0.000000
vt 0.219662 0.000000
vt 0.062980 0.000000
vt 0.855607 0.000000
vt 0.181260 0.000000
vt 0.221198 0.000000
vt 0.064516 0.000000
vt 0.179724 0.000000
vt 0.066052 0.000000
vt 0.222734 0.000000
vt 0.178187 0.000000
vt 0.067588 0.000000
vt 0.224270 0.000000
vt 0.176651 0.000000
vt 0.069124 0.000000
vt 0.175115 0.000000
vt 0.854071 0.000000
vt 0.225806 0.000000
vt 0.070661 0.000000
vt 0.173579 0.000000
vt 0.072197 0.000000
vt 0.227343 0.000000
vt 0.172043 0.000000
vt 0.073733 0.000000
vt 0.170507 0.000000
vt 0.075269 0.000000
vt 0.228879 0.000000
vt 0.168971 0.000000
vt 0.852535 0.000000
vt 0.076805 0.000000
vt 0.230415 0.000000
vt 0.167435 0.000000
vt 0.078341 0.000000
vt 0.165899 0.000000
vt 0.079877 0.000000
vt 0.231951 0.000000
vt 0.081413 0.000000
vt 0.164363 0.000000
vt 0.082949 0.000000
vt 0.162826 0.000000
vt 0.850998 0.000000
vt 0.233487 0.000000
vt 0.084485 0.000000
vt 0.161290 0.000000
vt 0.086022 0.000000
vt 0.235023 0.000000
vt 0.159754 0.000000
vt 0.087558 0.000000
vt 0.089094 0.000000
vt 0.158218 0.000000
vt 0.090630 0.000000
vt 0.236559 0.000000
vt 0.156682 0.000000
vt 0.849462 0.000000
vt 0.092166 0.000000
vt 0.155146 0.000000
vt 0.093702 0.000000
vt 0.153610 0.000000
vt 0.096774 0.000000
vt 0.152074 0.000000
vt 0.098310 0.000000
vt 0.150538 0.000000
vt 0.239631 0.000000
vt 0.099846 0.000000
vt 0.847926 0.000000
vt 0.149002 0.000000
vt 0.101382 0.000000
vt 0.102919 0.000000
vt 0.147465 0.000000
vt 0.241167 0.000000
vt 0.104455 0.000000
vt 0.145929 0.000000
vt 0.105991 0.000000
vt 0.107527 0.000000
vt 0.144393 0.000000
vt 0.109063 0.000000
vt 0.242704 0.000000
vt 0.110599 0.000000
vt 0.846390 0.000000
vt 0.141321 0.000000
vt 0.112135 0.000000
vt 0.113671 0.000000
vt 0.139785 0.000000
vt 0.115207 0.000000
vt 0.138249 0.000000
vt 0.116743 0.000000
vt 0.136713 0.000000
vt 0.118280 0.000000
vt 0.244240 0.000000
vt 0.119816 0.000000
vt 0.135177 0.000000
vt 0.121352 0.000000
vt 0.133641 0.000000
vt 0.122888 0.000000
vt 0.132104 0.000000
vt 0.124424 0.000000
vt 0.125960 0.000000
vt 0.130568 0.000000
vt 0.127496 0.000000
vt 0.129032 0.000000
vt 0.245776 0.000000
vt 0.844854 0.000000
vt 0.247312 0.000000
vt 0.843318 0.000000
vt 0.248848 0.000000
vt 0.250384 0.000000
vt 0.841782 0.000000
vt 0.251920 0.000000
vt 0.253456 0.000000
vt 0.840246 0.000000
vt 0.254992 0.000000
vt 0.838710 0.000000
vt 0.256528 0.000000
vt 0.258065 0.000000
vt 0.837174 0.000000
vt 0.259601 0.000000
vt 0.261137 0.000000
vt 0.835638 0.000000
vt 0.262673 0.000000
vt 0.834101 0.000000
vt 0.264209 0.000000
vt 0.265745 0.000000
vt 0.832565 0.000000
vt 0.267281 0.000000
vt 0.831029 0.000000
vt 0.268817 0.000000
vt 0.270353 0.000000
vt 0.829493 0.000000
vt 0.271889 0.000000
vt 0.827957 0.000000
vt 0.273425 0.000000
vt 0.274962 0.000000
vt 0.826421 0.000000
vt 0.276498 0.000000
vt 0.824885 0.000000
vt 0.278034 0.000000
vt 0.279570 0.000000
vt 0.823349 0.000000
vt 0.281106 0.000000
vt 0.821813 0.000000
vt 0.282642 0.000000
vt 0.284178 0.000000
vt 0.820276 0.000000
vt 0.572965 0.000000
vt 0.576037 0.000000
vt 0.574501 0.000000
vt 0.577573 0.000000
vt 0.579109 0.000000
vt 0.569892 0.000000
vt 0.568356 0.000000
vt 0.580645 0.000000
vt 0.566820 0.000000
vt 0.582181 0.000000
vt 0.565284 0.000000
vt 0.563748 0.000000
vt 0.583717 0.000000
vt 0.562212 0.000000
vt 0.585253 0.000000
vt 0.560676 0.000000
vt 0.559140 0.000000
vt 0.586790 0.000000
vt 0.557604 0.000000
vt 0.588326 0.000000
vt 0.556068 0.000000
vt 0.554532 0.000000
vt 0.589862 0.000000
vt 0.552995 0.000000
vt 0.551459 0.000000
vt 0.591398 0.000000
vt 0.549923 0.000000
vt 0.592934 0.000000
vt 0.548387 0.000000
vt 0.818740 0.000000
vt 0.287250 0.000000
vt 0.546851 0.000000
vt 0.594470 0.000000
vt 0.545315 0.000000
vt 0.543779 0.000000
vt 0.596006 0.000000
vt 0.542243 0.000000
vt 0.540707 0.000000
vt 0.597542 0.000000
vt 0.539171 0.000000
vt 0.288786 0.000000
vt 0.537634 0.000000
vt 0.599078 0.000000
vt 0.536098 0.000000
vt 0.817204 0.000000
vt 0.600614 0.000000
vt 0.534562 0.000000
vt 0.533026 0.000000
vt 0.602151 0.000000
vt 0.531490 0.000000
vt 0.290323 0.000000
vt 0.529954 0.000000
vt 0.603687 0.000000
vt 0.528418 0.000000
vt 0.526882 0.000000
vt 0.605223 0.000000
vt 0.525346 0.000000
vt 0.815668 0.000000
vt 0.291859 0.000000
vt 0.606759 0.000000
vt 0.522273 0.000000
vt 0.520737 0.000000
vt 0.608295 0.000000
vt 0.519201 0.000000
vt 0.293395 0.000000
vt 0.517665 0.000000
vt 0.609831 0.000000
vt 0.516129 0.000000
vt 0.814132 0.000000
vt 0.514593 0.000000
vt 0.611367 0.000000
vt 0.513057 0.000000
vt 0.294931 0.000000
vt 0.511521 0.000000
vt 0.612903 0.000000
vt 0.509985 0.000000
vt 0.508449 0.000000
vt 0.425499 0.000000
vt 0.614439 0.000000
vt 0.506912 0.000000
vt 0.812596 0.000000
vt 0.296467 0.000000
vt 0.505376 0.000000
vt 0.503840 0.000000
vt 0.502304 0.000000
vt 0.500768 0.000000
vt 0.298003 0.000000
vt 0.499232 0.000000
vt 0.497696 0.000000
vt 0.811060 0.000000
vt 0.496160 0.000000
vt 0.494624 0.000000
vt 0.299539 0.000000
vt 0.493088 0.000000
vt 0.491551 0.000000
vt 0.490015 0.000000
vt 0.488479 0.000000
vt 0.486943 0.000000
vt 0.301075 0.000000
vt 0.485407 0.000000
vt 0.483871 0.000000
vt 0.482335 0.000000
vt 0.480799 0.000000
vt 0.302611 0.000000
vt 0.479263 0.000000
vt 0.477727 0.000000
vt 0.807988 0.000000
vt 0.474654 0.000000
vt 0.473118 0.000000
vt 0.304147 0.000000
vt 0.471582 0.000000
vt 0.470046 0.000000
vt 0.468510 0.000000
vt 0.466974 0.000000
vt 0.465438 0.000000
vt 0.806452 0.000000
vt 0.463902 0.000000
vt 0.305684 0.000000
vt 0.462366 0.000000
vt 0.460829 0.000000
vt 0.459293 0.000000
vt 0.457757 0.000000
vt 0.307220 0.000000
vt 0.456221 0.000000
vt 0.804915 0.000000
vt 0.454685 0.000000
vt 0.453149 0.000000
vt 0.451613 0.000000
vt 0.308756 0.000000
vt 0.450077 0.000000
vt 0.448541 0.000000
vt 0.447005 0.000000
vt 0.445469 0.000000
vt 0.443932 0.000000
vt 0.442396 0.000000
vt 0.803379 0.000000
vt 0.310292 0.000000
vt 0.440860 0.000000
vt 0.439324 0.000000
vt 0.437788 0.000000
vt 0.436252 0.000000
vt 0.434716 0.000000
vt 0.433180 0.000000
vt 0.431644 0.000000
vt 0.430108 0.000000
vt 0.427035 0.000000
vt 0.423963 0.000000
vt 0.311828 0.000000
vt 0.801843 0.000000
vt 0.313364 0.000000
vt 0.314900 0.000000
vt 0.800307 0.000000
vt 0.316436 0.000000
vt 0.798771 0.000000
vt 0.317972 0.000000
vt 0.797235 0.000000
vt 0.319508 0.000000
vt 0.321045 0.000000
vt 0.795699 0.000000
vt 0.322581 0.000000
vt 0.324117 0.000000
vt 0.794163 0.000000
vt 0.325653 0.000000
vt 0.327189 0.000000
vt 0.792627 0.000000
vt 0.328725 0.000000
vt 0.791091 0.000000
vt 0.330261 0.000000
vt 0.331797 0.000000
vt 0.789555 0.000000
vt 0.334869 0.000000
vt 0.788018 0.000000
vt 0.336406 0.000000
vt 0.337942 0.000000
vt 0.786482 0.000000
vt 0.339478 0.000000
vt 0.341014 0.000000
vt 0.784946 0.000000
vt 0.342550 0.000000
vt 0.344086 0.000000
vt 0.783410 0.000000
vt 0.345622 0.000000
vt 0.347158 0.000000
vt 0.781874 0.000000
vt 0.348694 0.000000
vt 0.350230 0.000000
vt 0.351767 0.000000
vt 0.780338 0.000000
vt 0.353303 0.000000
vt 0.354839 0.000000
vt 0.778802 0.000000
vt 0.356375 0.000000
vt 0.357911 0.000000
vt 0.359447 0.000000
vt 0.777266 0.000000
vt 0.360983 0.000000
vt 0.422427 0.000000
vt 0.362519 0.000000
vt 0.420891 0.000000
vt 0.364055 0.000000
vt 0.419355 0.000000
vt 0.775730 0.000000
vt 0.365591 0.000000
vt 0.417819 0.000000
vt 0.416283 0.000000
vt 0.367128 0.000000
vt 0.414747 0.000000
vt 0.368664 0.000000
vt 0.413210 0.000000
vt 0.411674 0.000000
vt 0.370200 0.000000
vt 0.774194 0.000000
vt 0.410138 0.000000
vt 0.371736 0.000000
vt 0.408602 0.000000
vt 0.373272 0.000000
vt 0.407066 0.000000
vt 0.405530 0.000000
vt 0.374808 0.000000
vt 0.403994 0.000000
vt 0.376344 0.000000
vt 0.402458 0.000000
vt 0.400922 0.000000
vt 0.377880 0.000000
vt 0.399386 0.000000
vt 0.379416 0.000000
vt 0.772657 0.000000
vt 0.397849 0.000000
vt 0.396313 0.000000
vt 0.394777 0.000000
vt 0.382488 0.000000
vt 0.393241 0.000000
vt 0.384025 0.000000
vt 0.391705 0.000000
vt 0.390169 0.000000
vt 0.385561 0.000000
vt 0.388633 0.000000
vt 0.387097 0.000000
vt 0.771121 0.000000
vt 0.769585 0.000000
vt 0.768049 0.000000
vt 0.766513 0.000000
vt 0.764977 0.000000
vt 0.615975 0.000000
vt 0.617512 0.000000
vt 0.763441 0.000000
vt 0.620584 0.000000
vt 0.622120 0.000000
vt 0.623656 0.000000
vt 0.625192 0.000000
vt 0.626728 0.000000
vt 0.628264 0.000000
vt 0.629800 0.000000
vt 0.631336 0.000000
vt 0.760369 0.000000
vt 0.632873 0.000000
vt 0.634409 0.000000
vt 0.635945 0.000000
vt 0.637481 0.000000
vt 0.758833 0.000000
vt 0.639017 0.000000
vt 0.640553 0.000000
vt 0.642089 0.000000
vt 0.643625 0.000000
vt 0.645161 0.000000
vt 0.757296 0.000000
vt 0.646697 0.000000
vt 0.648233 0.000000
vt 0.649770 0.000000
vt 0.651306 0.000000
vt 0.652842 0.000000
vt 0.755760 0.000000
vt 0.654378 0.000000
vt 0.655914 0.000000
vt 0.657450 0.000000
vt 0.658986 0.000000
vt 0.754224 0.000000
vt 0.660522 0.000000
vt 0.662058 0.000000
vt 0.663594 0.000000
vt 0.665131 0.000000
vt 0.752688 0.000000
vt 0.668203 0.000000
vt 0.669739 0.000000
vt 0.751152 0.000000
vt 0.671275 0.000000
vt 0.672811 0.000000
vt 0.674347 0.000000
vt 0.749616 0.000000
vt 0.675883 0.000000
vt 0.677419 0.000000
vt 0.678955 0.000000
vt 0.748080 0.000000
vt 0.680492 0.000000
vt 0.682028 0.000000
vt 0.746544 0.000000
vt 0.683564 0.000000
vt 0.685100 0.000000
vt 0.745008 0.000000
vt 0.686636 0.000000
vt 0.688172 0.000000
vt 0.689708 0.000000
vt 0.743472 0.000000
vt 0.691244 0.000000
vt 0.692780 0.000000
vt 0.741935 0.000000
vt 0.694316 0.000000
vt 0.695853 0.000000
vt 0.740399 0.000000
vt 0.697389 0.000000
vt 0.698925 0.000000
vt 0.738863 0.000000
vt 0.700461 0.000000
vt 0.701997 0.000000
vt 0.737327 0.000000
vt 0.703533 0.000000
vt 0.705069 0.000000
vt 0.735791 0.000000
vt 0.706605 0.000000
vt 0.708141 0.000000
vt 0.734255 0.000000
vt 0.709677 0.000000
vt 0.732719 0.000000
vt 0.711214 0.000000
vt 0.712750 0.000000
vt 0.731183 0.000000
vt 0.715822 0.000000
vt 0.729647 0.000000
vt 0.717358 0.000000
vt 0.728111 0.000000
vt 0.718894 0.000000
vt 0.720430 0.000000
vt 0.726574 0.000000
vt 0.721966 0.000000
vt 0.723502 0.000000
vt 0.725038 0.000000
vt 0.000000 1.000000
vt 0.001534 1.000000
vt 0.001534 0.000000
vt 0.003067 1.000000
vt 0.003067 0.000000
vt 0.004601 1.000000
vt 0.004601 0.000000
vt 0.006135 1.000000
vt 0.006135 0.000000
vt 0.007669 1.000000
vt 0.007669 0.000000
vt 0.009202 1.000000
vt 0.009202 0.000000
vt 0.010736 1.000000
vt 0.010736 0.000000
vt 0.012270 1.000000
vt 0.012270 0.000000
vt 0.013804 1.000000
vt 0.013804 0.000000
vt 0.015337 1.000000
vt 0.015337 0.000000
vt 0.016871 1.000000
vt 0.016871 0.000000
vt 0.018405 1.000000
vt 0.018405 0.000000
vt 0.019939 1.000000
vt 0.019939 0.000000
vt 0.021472 1.000000
vt 0.021472 0.000000
vt 0.023006 1.000000
vt 0.023006 0.000000
vt 0.024540 1.000000
vt 0.024540 0.000000
vt 0.026074 1.000000
vt 0.026074 0.000000
vt 0.027607 1.000000
vt 0.027607 0.000000
vt 0.029141 1.000000
vt 0.029141 0.000000
vt 0.030675 1.000000
vt 0.030675 0.000000
vt 0.032209 1.000000
vt 0.032209 0.000000
vt 0.033742 1.000000
vt 0.033742 0.000000
vt 0.035276 1.000000
vt 0.035276 0.000000
vt 0.036810 1.000000
vt 0.036810 0.000000
vt 0.038344 1.000000
vt 0.038344 0.000000
vt 0.039877 1.000000
vt 0.039877 0.000000
vt 0.041411 1.000000
vt 0.041411 0.000000
vt 0.042945 1.000000
vt 0.042945 0.000000
vt 0.044479 1.000000
vt 0.044479 0.000000
vt 0.046012 1.000000
vt 0.046012 0.000000
vt 0.047546 1.000000
vt 0.047546 0.000000
vt 0.049080 1.000000
vt 0.049080 0.000000
vt 0.050613 1.000000
vt 0.050613 0.000000
vt 0.052147 1.000000
vt 0.052147 0.000000
vt 0.053681 1.000000
vt 0.053681 0.000000
vt 0.055215 1.000000
vt 0.055215 0.000000
vt 0.056748 1.000000
vt 0.056748 0.000000
vt 0.058282 1.000000
vt 0.058282 0.000000
vt 0.059816 1.000000
vt 0.059816 0.000000
vt 0.061350 1.000000
vt 0.061350 0.000000
vt 0.062883 1.000000
vt 0.062883 0.000000
vt 0.064417 1.000000
vt 0.064417 0.000000
vt 0.065951 1.000000
vt 0.065951 0.000000
vt 0.067485 1.000000
vt 0.067485 0.000000
vt 0.069018 1.000000
vt 0.069018 0.000000
vt 0.070552 1.000000
vt 0.070552 0.000000
vt 0.072086 1.000000
vt 0.072086 0.000000
vt 0.073620 1.000000
vt 0.073620 0.000000
vt 0.075153 1.000000
vt 0.075153 0.000000
vt 0.076687 1.000000
vt 0.076687 0.000000
vt 0.078221 1.000000
vt 0.078221 0.000000
vt 0.079755 1.000000
vt 0.079755 0.000000
vt 0.081288 1.000000
vt 0.081288 0.000000
vt 0.082822 1.000000
vt 0.082822 0.000000
vt 0.084356 1.000000
vt 0.084356 0.000000
vt 0.085890 1.000000
vt 0.085890 0.000000
vt 0.087423 1.000000
vt 0.087423 0.000000
vt 0.088957 1.000000
vt 0.088957 0.000000
vt 0.090491 1.000000
vt 0.090491 0.000000
vt 0.092025 1.000000
vt 0.092025 0.000000
vt 0.093558 1.000000
vt 0.093558 0.000000
vt 0.095092 1.000000
vt 0.095092 0.000000
vt 0.096626 1.000000
vt 0.096626 0.000000
vt 0.098160 1.000000
vt 0.098160 0.000000
vt 0.099693 1.000000
vt 0.099693 0.000000
vt 0.101227 1.000000
vt 0.101227 0.000000
vt 0.102761 1.000000
vt 0.102761 0.000000
vt 0.104294 1.000000
vt 0.104294 0.000000
vt 0.105828 1.000000
vt 0.105828 0.000000
vt 0.107362 1.000000
vt 0.107362 0.000000
vt 0.108896 1.000000
vt 0.108896 0.000000
vt 0.110429 1.000000
vt 0.110429 0.000000
vt 0.111963 1.000000
vt 0.111963 0.000000
vt 0.113497 1.000000
vt 0.113497 0.000000
vt 0.115031 1.000000
vt 0.115031 0.000000
vt 0.116564 1.000000
vt 0.116564 0.000000
vt 0.118098 1.000000
vt 0.118098 0.000000
vt 0.119632 1.000000
vt 0.119632 0.000000
vt 0.121166 1.000000
vt 0.121166 0.000000
vt 0.122699 1.000000
vt 0.122699 0.000000
vt 0.124233 1.000000
vt 0.124233 0.000000
vt 0.125767 1.000000
vt 0.125767 0.000000
vt 0.127301 1.000000
vt 0.127301 0.000000
vt 0.128834 1.000000
vt 0.128834 0.000000
vt 0.130368 1.000000
vt 0.130368 0.000000
vt 0.131902 1.000000
vt 0.131902 0.000000
vt 0.133436 1.000000
vt 0.133436 0.000000
vt 0.134969 1.000000
vt 0.134969 0.000000
vt 0.136503 1.000000
vt 0.136503 0.000000
vt 0.138037 1.000000
vt 0.138037 0.000000
vt 0.139571 1.000000
vt 0.139571 0.000000
vt 0.141104 1.000000
vt 0.141104 0.000000
vt 0.142638 1.000000
vt 0.142638 0.000000
vt 0.144172 1.000000
vt 0.144172 0.000000
vt 0.145706 1.000000
vt 0.145706 0.000000
vt 0.147239 1.000000
vt 0.147239 0.000000
vt 0.148773 1.000000
vt 0.148773 0.000000
vt 0.150307 1.000000
vt 0.150307 0.000000
vt 0.151840 1.000000
vt 0.151840 0.000000
vt 0.153374 1.000000
vt 0.153374 0.000000
vt 0.154908 1.000000
vt 0.154908 0.000000
vt 0.156442 1.000000
vt 0.156442 0.000000
vt 0.157975 1.000000
vt 0.157975 0.000000
vt 0.159509 1.000000
vt 0.159509 0.000000
vt 0.161043 1.000000
vt 0.161043 0.000000
vt 0.162577 1.000000
vt 0.162577 0.000000
vt 0.164110 1.000000
vt 0.164110 0.000000
vt 0.165644 1.000000
vt 0.165644 0.000000
vt 0.167178 1.000000
vt 0.167178 0.000000
vt 0.168712 1.000000
vt 0.168712 0.000000
vt 0.170245 1.000000
vt 0.170245 0.000000
vt 0.171779 1.000000
vt 0.171779 0.000000
vt 0.173313 1.000000
vt 0.173313 0.000000
vt 0.174847 1.000000
vt 0.174847 0.000000
vt 0.176380 1.000000
vt 0.176380 0.000000
vt 0.177914 1.000000
vt 0.177914 0.000000
vt 0.179448 1.000000
vt 0.179448 0.000000
vt 0.180982 1.000000
vt 0.180982 0.000000
vt 0.182515 1.000000
vt 0.182515 0.000000
vt 0.184049 1.000000
vt 0.184049 0.000000
vt 0.185583 1.000000
vt 0.185583 0.000000
vt 0.187117 1.000000
vt 0.187117 0.000000
vt 0.188650 1.000000
vt 0.188650 0.000000
vt 0.190184 1.000000
vt 0.190184 0.000000
vt 0.191718 1.000000
vt 0.191718 0.000000
vt 0.193252 1.000000
vt 0.193252 0.000000
vt 0.194785 1.000000
vt 0.194785 0.000000
vt 0.196319 1.000000
vt 0.196319 0.000000
vt 0.197853 1.000000
vt 0.197853 0.000000
vt 0.199387 1.000000
vt 0.199387 0.000000
vt 0.200920 1.000000
vt 0.200920 0.000000
vt 0.202454 1.000000
vt 0.202454 0.000000
vt 0.203988 1.000000
vt 0.203988 0.000000
vt 0.205521 1.000000
vt 0.205521 0.000000
vt 0.207055 1.000000
vt 0.207055 0.000000
vt 0.208589 1.000000
vt 0.208589 0.000000
vt 0.210123 1.000000
vt 0.210123 0.000000
vt 0.211656 1.000000
vt 0.211656 0.000000
vt 0.213190 1.000000
vt 0.213190 0.000000
vt 0.214724 1.000000
vt 0.214724 0.000000
vt 0.216258 1.000000
vt 0.216258 0.000000
vt 0.217791 1.000000
vt 0.217791 0.000000
vt 0.219325 1.000000
vt 0.219325 0.000000
vt 0.220859 1.000000
vt 0.220859 0.000000
vt 0.222393 1.000000
vt 0.222393 0.000000
vt 0.223926 1.000000
vt 0.223926 0.000000
vt 0.225460 1.000000
vt 0.225460 0.000000
vt 0.226994 1.000000
vt 0.226994 0.000000
vt 0.228528 1.000000
vt 0.228528 0.000000
vt 0.230061 1.000000
vt 0.230061 0.000000
vt 0.231595 1.000000
vt 0.231595 0.000000
vt 0.233129 1.000000
vt 0.233129 0.000000
vt 0.234663 1.000000
vt 0.234663 0.000000
vt 0.236196 1.000000
vt 0.236196 0.000000
vt 0.237730 1.000000
vt 0.237730 0.000000
vt 0.239264 1.000000
vt 0.239264 0.000000
vt 0.240798 1.000000
vt 0.240798 0.000000
vt 0.242331 1.000000
vt 0.242331 0.000000
vt 0.243865 1.000000
vt 0.243865 0.000000
vt 0.245399 1.000000
vt 0.245399 0.000000
vt 0.246933 1.000000
vt 0.246933 0.000000
vt 0.248466 1.000000
vt 0.248466 0.000000
vt 0.250000 1.000000
vt 0.250000 0.000000
vt 0.251534 1.000000
vt 0.251534 0.000000
vt 0.253067 1.000000
vt 0.253067 0.000000
vt 0.254601 1.000000
vt 0.254601 0.000000
vt 0.256135 1.000000
vt 0.256135 0.000000
vt 0.257669 1.000000
vt 0.257669 0.000000
vt 0.259202 1.000000
vt 0.259202 0.000000
vt 0.260736 1.000000
vt 0.260736 0.000000
vt 0.262270 1.000000
vt 0.262270 0.000000
vt 0.263804 1.000000
vt 0.263804 0.000000
vt 0.265337 1.000000
vt 0.265337 0.000000
vt 0.266871 1.000000
vt 0.266871 0.000000
vt 0.268405 1.000000
vt 0.268405 0.000000
vt 0.269939 1.000000
vt 0.269939 0.000000
vt 0.271472 1.000000
vt 0.271472 0.000000
vt 0.273006 1.000000
vt 0.273006 0.000000
vt 0.274540 1.000000
vt 0.274540 0.000000
vt 0.276074 1.000000
vt 0.276074 0.000000
vt 0.277607 1.000000
vt 0.277607 0.000000
vt 0.279141 1.000000
vt 0.279141 0.000000
vt 0.280675 1.000000
vt 0.280675 0.000000
vt 0.282209 1.000000
vt 0.282209 0.000000
vt 0.283742 1.000000
vt 0.283742 0.000000
vt 0.285276 1.000000
vt 0.285276 0.000000
vt 0.286810 1.000000
vt 0.286810 0.000000
vt 0.288344 1.000000
vt 0.288344 0.000000
vt 0.289877 1.000000
vt 0.289877 0.000000
vt 0.291411 1.000000
vt 0.291411 0.000000
vt 0.292945 1.000000
vt 0.292945 0.000000
vt 0.294479 1.000000
vt 0.294479 0.000000
vt 0.296012 1.000000
vt 0.296012 0.000000
vt 0.297546 1.000000
vt 0.297546 0.000000
vt 0.299080 1.000000
vt 0.299080 0.000000
vt 0.300613 1.000000
vt 0.300613 0.000000
vt 0.302147 1.000000
vt 0.302147 0.000000
vt 0.303681 1.000000
vt 0.303681 0.000000
vt 0.305215 1.000000
vt 0.305215 0.000000
vt 0.306748 1.000000
vt 0.306748 0.000000
vt 0.308282 1.000000
vt 0.308282 0.000000
vt 0.309816 1.000000
vt 0.309816 0.000000
vt 0.311350 1.000000
vt 0.311350 0.000000
vt 0.312883 1.000000
vt 0.312883 0.000000
vt 0.314417 1.000000
vt 0.314417 0.000000
vt 0.315951 1.000000
vt 0.315951 0.000000
vt 0.317485 1.000000
vt 0.317485 0.000000
vt 0.319018 1.000000
vt 0.319018 0.000000
vt 0.320552 1.000000
vt 0.320552 0.000000
vt 0.322086 1.000000
vt 0.322086 0.000000
vt 0.323620 1.000000
vt 0.323620 0.000000
vt 0.325153 1.000000
vt 0.325153 0.000000
vt 0.326687 1.000000
vt 0.326687 0.000000
vt 0.328221 1.000000
vt 0.328221 0.000000
vt 0.329755 1.000000
vt 0.329755 0.000000
vt 0.331288 1.000000
vt 0.331288 0.000000
vt 0.332822 1.000000
vt 0.332822 0.000000
vt 0.334356 1.000000
vt 0.334356 0.000000
vt 0.335890 1.000000
vt 0.335890 0.000000
vt 0.337423 1.000000
vt 0.337423 0.000000
vt 0.338957 1.000000
vt 0.338957 0.000000
vt 0.340491 1.000000
vt 0.340491 0.000000
vt 0.342025 1.000000
vt 0.342025 0.000000
vt 0.343558 1.000000
vt 0.343558 0.000000
vt 0.345092 1.000000
vt 0.345092 0.000000
vt 0.346626 1.000000
vt 0.346626 0.000000
vt 0.348160 1.000000
vt 0.348160 0.000000
vt 0.349693 1.000000
vt 0.349693 0.000000
vt 0.351227 1.000000
vt 0.351227 0.000000
vt 0.352761 1.000000
vt 0.352761 0.000000
vt 0.354294 1.000000
vt 0.354294 0.000000
vt 0.355828 1.000000
vt 0.355828 0.000000
vt 0.357362 1.000000
vt 0.357362 0.000000
vt 0.358896 1.000000
vt 0.358896 0.000000
vt 0.360429 1.000000
vt 0.360429 0.000000
vt 0.361963 1.000000
vt 0.361963 0.000000
vt 0.363497 1.000000
vt 0.363497 0.000000
vt 0.365031 1.000000
vt 0.365031 0.000000
vt 0.366564 1.000000
vt 0.366564 0.000000
vt 0.368098 1.000000
vt 0.368098 0.000000
vt 0.369632 1.000000
vt 0.369632 0.000000
vt 0.371166 1.000000
vt 0.371166 0.000000
vt 0.372699 1.000000
vt 0.372699 0.000000
vt 0.374233 1.000000
vt 0.374233 0.000000
vt 0.375767 1.000000
vt 0.375767 0.000000
vt 0.377301 1.000000
vt 0.377301 0.000000
vt 0.378834 1.000000
vt 0.378834 0.000000
vt 0.380368 1.000000
vt 0.380368 0.000000
vt 0.381902 1.000000
vt 0.381902 0.000000
vt 0.383436 1.000000
vt 0.383436 0.000000
vt 0.384969 1.000000
vt 0.384969 0.000000
vt 0.386503 1.000000
vt 0.386503 0.000000
vt 0.388037 1.000000
vt 0.388037 0.000000
vt 0.389571 1.000000
vt 0.389571 0.000000
vt 0.391104 1.000000
vt 0.391104 0.000000
vt 0.392638 1.000000
vt 0.392638 0.000000
vt 0.394172 1.000000
vt 0.394172 0.000000
vt 0.395706 1.000000
vt 0.395706 0.000000
vt 0.397239 1.000000
vt 0.397239 0.000000
vt 0.398773 1.000000
vt 0.398773 0.000000
vt 0.400307 1.000000
vt 0.400307 0.000000
vt 0.401840 1.000000
vt 0.401840 0.000000
vt 0.403374 1.000000
vt 0.403374 0.000000
vt 0.404908 1.000000
vt 0.404908 0.000000
vt 0.406442 1.000000
vt 0.406442 0.000000
vt 0.407975 1.000000
vt 0.407975 0.000000
vt 0.409509 1.000000
vt 0.409509 0.000000
vt 0.411043 1.000000
vt 0.411043 0.000000
vt 0.412577 1.000000
vt 0.412577 0.000000
vt 0.414110 1.000000
vt 0.414110 0.000000
vt 0.415644 1.000000
vt 0.415644 0.000000
vt 0.417178 1.000000
vt 0.417178 0.000000
vt 0.418712 1.000000
vt 0.418712 0.000000
vt 0.420245 1.000000
vt 0.420245 0.000000
vt 0.421779 1.000000
vt 0.421779 0.000000
vt 0.423313 1.000000
vt 0.423313 0.000000
vt 0.424847 1.000000
vt 0.424847 0.000000
vt 0.426380 1.000000
vt 0.426380 0.000000
vt 0.427914 1.000000
vt 0.427914 0.000000
vt 0.429448 1.000000
vt 0.429448 0.000000
vt 0.430982 1.000000
vt 0.430982 0.000000
vt 0.432515 1.000000
vt 0.432515 0.000000
vt 0.434049 1.000000
vt 0.434049 0.000000
vt 0.435583 1.000000
vt 0.435583 0.000000
vt 0.437117 1.000000
vt 0.437117 0.000000
vt 0.438650 1.000000
vt 0.438650 0.000000
vt 0.440184 1.000000
vt 0.440184 0.000000
vt 0.441718 1.000000
vt 0.441718 0.000000
vt 0.443252 1.000000
vt 0.443252 0.000000
vt 0.444785 1.000000
vt 0.444785 0.000000
vt 0.446319 1.000000
vt 0.446319 0.000000
vt 0.447853 1.000000
vt 0.447853 0.000000
vt 0.449387 1.000000
vt 0.449387 0.000000
vt 0.450920 1.000000
vt 0.450920 0.000000
vt 0.452454 1.000000
vt 0.452454 0.000000
vt 0.453988 1.000000
vt 0.453988 0.000000
vt 0.455521 1.000000
vt 0.455521 0.000000
vt 0.457055 1.000000
vt 0.457055 0.000000
vt 0.458589 1.000000
vt 0.458589 0.000000
vt 0.460123 1.000000
vt 0.460123 0.000000
vt 0.461656 1.000000
vt 0.461656 0.000000
vt 0.463190 1.000000
vt 0.463190 0.000000
vt 0.464724 1.000000
vt 0.464724 0.000000
vt 0.466258 1.000000
vt 0.466258 0.000000
vt 0.467791 1.000000
vt 0.467791 0.000000
vt 0.469325 1.000000
vt 0.469325 0.000000
vt 0.470859 1.000000
vt 0.470859 0.000000
vt 0.472393 1.000000
vt 0.472393 0.000000
vt 0.473926 1.000000
vt 0.473926 0.000000
vt 0.475460 1.000000
vt 0.475460 0.000000
vt 0.476994 1.000000
vt 0.476994 0.000000
vt 0.478528 1.000000
vt 0.478528 0.000000
vt 0.480061 1.000000
vt 0.480061 0.000000
vt 0.481595 1.000000
vt 0.481595 0.000000
vt 0.483129 1.000000
vt 0.483129 0.000000
vt 0.484663 1.000000
vt 0.484663 0.000000
vt 0.486196 1.000000
vt 0.486196 0.000000
vt 0.487730 1.000000
vt 0.487730 0.000000
vt 0.489264 1.000000
vt 0.489264 0.000000
vt 0.490798 1.000000
vt 0.490798 0.000000
vt 0.492331 1.000000
vt 0.492331 0.000000
vt 0.493865 1.000000
vt 0.493865 0.000000
vt 0.495399 1.000000
vt 0.495399 0.000000
vt 0.496933 1.000000
vt 0.496933 0.000000
vt 0.498466 1.000000
vt 0.498466 0.000000
vt 0.500000 1.000000
vt 0.501534 1.000000
vt 0.501534 0.000000
vt 0.503067 1.000000
vt 0.503067 0.000000
vt 0.504601 1.000000
vt 0.504601 0.000000
vt 0.506135 1.000000
vt 0.506135 0.000000
vt 0.507669 1.000000
vt 0.507669 0.000000
vt 0.509202 1.000000
vt 0.509202 0.000000
vt 0.510736 1.000000
vt 0.510736 0.000000
vt 0.512270 1.000000
vt 0.512270 0.000000
vt 0.513804 1.000000
vt 0.513804 0.000000
vt 0.515337 1.000000
vt 0.515337 0.000000
vt 0.516871 1.000000
vt 0.516871 0.000000
vt 0.518405 1.000000
vt 0.518405 0.000000
vt 0.519939 1.000000
vt 0.519939 0.000000
vt 0.521472 1.000000
vt 0.521472 0.000000
vt 0.523006 1.000000
vt 0.523006 0.000000
vt 0.524540 1.000000
vt 0.524540 0.000000
vt 0.526074 1.000000
vt 0.526074 0.000000
vt 0.527607 1.000000
vt 0.527607 0.000000
vt 0.529141 1.000000
vt 0.529141 0.000000
vt 0.530675 1.000000
vt 0.530675 0.000000
vt 0.532209 1.000000
vt 0.532209 0.000000
vt 0.533742 1.000000
vt 0.533742 0.000000
vt 0.535276 1.000000
vt 0.535276 0.000000
vt 0.536810 1.000000
vt 0.536810 0.000000
vt 0.538344 1.000000
vt 0.538344 0.000000
vt 0.539877 1.000000
vt 0.539877 0.000000
vt 0.541411 1.000000
vt 0.541411 0.000000
vt 0.542945 1.000000
vt 0.542945 0.000000
vt 0.544479 1.000000
vt 0.544479 0.000000
vt 0.546012 1.000000
vt 0.546012 0.000000
vt 0.547546 1.000000
vt 0.547546 0.000000
vt 0.549080 1.000000
vt 0.549080 0.000000
vt 0.550614 1.000000
vt 0.550614 0.000000
vt 0.552147 1.000000
vt 0.552147 0.000000
vt 0.553681 1.000000
vt 0.553681 0.000000
vt 0.555215 1.000000
vt 0.555215 0.000000
vt 0.556748 1.000000
vt 0.556748 0.000000
vt 0.558282 1.000000
vt 0.558282 0.000000
vt 0.559816 1.000000
vt 0.559816 0.000000
vt 0.561350 1.000000
vt 0.561350 0.000000
vt 0.562883 1.000000
vt 0.562883 0.000000
vt 0.564417 1.000000
vt 0.564417 0.000000
vt 0.565951 1.000000
vt 0.565951 0.000000
vt 0.567485 1.000000
vt 0.567485 0.000000
vt 0.569018 1.000000
vt 0.569018 0.000000
vt 0.570552 1.000000
vt 0.570552 0.000000
vt 0.572086 1.000000
vt 0.572086 0.000000
vt 0.573620 1.000000
vt 0.573620 0.000000
vt 0.575153 1.000000
vt 0.575153 0.000000
vt 0.576687 1.000000
vt 0.576687 0.000000
vt 0.578221 1.000000
vt 0.578221 0.000000
vt 0.579755 1.000000
vt 0.579755 0.000000
vt 0.581288 1.000000
vt 0.581288 0.000000
vt 0.582822 1.000000
vt 0.582822 0.000000
vt 0.584356 1.000000
vt 0.584356 0.000000
vt 0.585890 1.000000
vt 0.585890 0.000000
vt 0.587423 1.000000
vt 0.587423 0.000000
vt 0.588957 1.000000
vt 0.588957 0.000000
vt 0.590491 1.000000
vt 0.590491 0.000000
vt 0.592025 1.000000
vt 0.592025 0.000000
vt 0.593558 1.000000
vt 0.593558 0.000000
vt 0.595092 1.000000
vt 0.595092 0.000000
vt 0.596626 1.000000
vt 0.596626 0.000000
vt 0.598159 1.000000
vt 0.598159 0.000000
vt 0.599693 1.000000
vt 0.599693 0.000000
vt 0.601227 1.000000
vt 0.601227 0.000000
vt 0.602761 1.000000
vt 0.602761 0.000000
vt 0.604294 1.000000
vt 0.604294 0.000000
vt 0.605828 1.000000
vt 0.605828 0.000000
vt 0.607362 1.000000
vt 0.607362 0.000000
vt 0.608896 1.000000
vt 0.608896 0.000000
vt 0.610429 1.000000
vt 0.610429 0.000000
vt 0.611963 1.000000
vt 0.611963 0.000000
vt 0.613497 1.000000
vt 0.613497 0.000000
vt 0.615031 1.000000
vt 0.615031 0.000000
vt 0.616564 1.000000
vt 0.616564 0.000000
vt 0.618098 1.000000
vt 0.618098 0.000000
vt 0.619632 1.000000
vt 0.619632 0.000000
vt 0.621166 1.000000
vt 0.621166 0.000000
vt 0.622699 1.000000
vt 0.622699 0.000000
vt 0.624233 1.000000
vt 0.624233 0.000000
vt 0.625767 1.000000
vt 0.625767 0.000000
vt 0.627301 1.000000
vt 0.627301 0.000000
vt 0.628834 1.000000
vt 0.628834 0.000000
vt 0.630368 1.000000
vt 0.630368 0.000000
vt 0.631902 1.000000
vt 0.631902 0.000000
vt 0.633436 1.000000
vt 0.633436 0.000000
vt 0.634969 1.000000
vt 0.634969 0.000000
vt 0.636503 1.000000
vt 0.636503 0.000000
vt 0.638037 1.000000
vt 0.638037 0.000000
vt 0.639571 1.000000
vt 0.639571 0.000000
vt 0.641104 1.000000
vt 0.641104 0.000000
vt 0.642638 1.000000
vt 0.642638 0.000000
vt 0.644172 1.000000
vt 0.644172 0.000000
vt 0.645706 1.000000
vt 0.645706 0.000000
vt 0.647239 1.000000
vt 0.647239 0.000000
vt 0.648773 1.000000
vt 0.648773 0.000000
vt 0.650307 1.000000
vt 0.650307 0.000000
vt 0.651841 1.000000
vt 0.651841 0.000000
vt 0.653374 1.000000
vt 0.653374 0.000000
vt 0.654908 1.000000
vt 0.654908 0.000000
vt 0.656442 1.000000
vt 0.656442 0.000000
vt 0.657975 1.000000
vt 0.657975 0.000000
vt 0.659509 1.000000
vt 0.659509 0.000000
vt 0.661043 1.000000
vt 0.661043 0.000000
vt 0.662577 1.000000
vt 0.662577 0.000000
vt 0.664110 1.000000
vt 0.664110 0.000000
vt 0.665644 1.000000
vt 0.665644 0.000000
vt 0.667178 1.000000
vt 0.667178 0.000000
vt 0.668712 1.000000
vt 0.668712 0.000000
vt 0.670245 1.000000
vt 0.670245 0.000000
vt 0.671779 1.000000
vt 0.671779 0.000000
vt 0.673313 1.000000
vt 0.673313 0.000000
vt 0.674847 1.000000
vt 0.674847 0.000000
vt 0.676380 1.000000
vt 0.676380 0.000000
vt 0.677914 1.000000
vt 0.677914 0.000000
vt 0.679448 1.000000
vt 0.679448 0.000000
vt 0.680982 1.000000
vt 0.680982 0.000000
vt 0.682515 1.000000
vt 0.682515 0.000000
vt 0.684049 1.000000
vt 0.684049 0.000000
vt 0.685583 1.000000
vt 0.685583 0.000000
vt 0.687117 1.000000
vt 0.687117 0.000000
vt 0.688650 1.000000
vt 0.688650 0.000000
vt 0.690184 1.000000
vt 0.690184 0.000000
vt 0.691718 1.000000
vt 0.691718 0.000000
vt 0.693252 1.000000
vt 0.693252 0.000000
vt 0.694785 1.000000
vt 0.694785 0.000000
vt 0.696319 1.000000
vt 0.696319 0.000000
vt 0.697853 1.000000
vt 0.697853 0.000000
vt 0.699386 1.000000
vt 0.699386 0.000000
vt 0.700920 1.000000
vt 0.700920 0.000000
vt 0.702454 1.000000
vt 0.702454 0.000000
vt 0.703988 1.000000
vt 0.703988 0.000000
vt 0.705521 1.000000
vt 0.705521 0.000000
vt 0.707055 1.000000
vt 0.707055 0.000000
vt 0.708589 1.000000
vt 0.708589 0.000000
vt 0.710123 1.000000
vt 0.710123 0.000000
vt 0.711656 1.000000
vt 0.711656 0.000000
vt 0.713190 1.000000
vt 0.713190 0.000000
vt 0.714724 1.000000
vt 0.714724 0.000000
vt 0.716258 1.000000
vt 0.716258 0.000000
vt 0.717791 1.000000
vt 0.717791 0.000000
vt 0.719325 1.000000
vt 0.719325 0.000000
vt 0.720859 1.000000
vt 0.720859 0.000000
vt 0.722393 1.000000
vt 0.722393 0.000000
vt 0.723926 1.000000
vt 0.723926 0.000000
vt 0.725460 1.000000
vt 0.725460 0.000000
vt 0.726994 1.000000
vt 0.726994 0.000000
vt 0.728528 1.000000
vt 0.728528 0.000000
vt 0.730061 1.000000
vt 0.730061 0.000000
vt 0.731595 1.000000
vt 0.731595 0.000000
vt 0.733129 1.000000
vt 0.733129 0.000000
vt 0.734663 1.000000
vt 0.734663 0.000000
vt 0.736196 1.000000
vt 0.736196 0.000000
vt 0.737730 1.000000
vt 0.737730 0.000000
vt 0.739264 1.000000
vt 0.739264 0.000000
vt 0.740798 1.000000
vt 0.740798 0.000000
vt 0.742331 1.000000
vt 0.742331 0.000000
vt 0.743865 1.000000
vt 0.743865 0.000000
vt 0.745399 1.000000
vt 0.745399 0.000000
vt 0.746933 1.000000
vt 0.746933 0.000000
vt 0.748466 1.000000
vt 0.748466 0.000000
vt 0.750000 1.000000
vt 0.750000 0.000000
vt 0.751534 1.000000
vt 0.751534 0.000000
vt 0.753067 1.000000
vt 0.753067 0.000000
vt 0.754601 1.000000
vt 0.754601 0.000000
vt 0.756135 1.000000
vt 0.756135 0.000000
vt 0.757669 1.000000
vt 0.757669 0.000000
vt 0.759202 1.000000
vt 0.759202 0.000000
vt 0.760736 1.000000
vt 0.760736 0.000000
vt 0.762270 1.000000
vt 0.762270 0.000000
vt 0.763804 1.000000
vt 0.763804 0.000000
vt 0.765337 1.000000
vt 0.765337 0.000000
vt 0.766871 1.000000
vt 0.766871 0.000000
vt 0.768405 1.000000
vt 0.768405 0.000000
vt 0.769939 1.000000
vt 0.769939 0.000000
vt 0.771472 1.000000
vt 0.771472 0.000000
vt 0.773006 1.000000
vt 0.773006 0.000000
vt 0.774540 1.000000
vt 0.774540 0.000000
vt 0.776074 1.000000
vt 0.776074 0.000000
vt 0.777607 1.000000
vt 0.777607 0.000000
vt 0.779141 1.000000
vt 0.779141 0.000000
vt 0.780675 1.000000
vt 0.780675 0.000000
vt 0.782209 1.000000
vt 0.782209 0.000000
vt 0.783742 1.000000
vt 0.783742 0.000000
vt 0.785276 1.000000
vt 0.785276 0.000000
vt 0.786810 1.000000
vt 0.786810 0.000000
vt 0.788344 1.000000
vt 0.788344 0.000000
vt 0.789877 1.000000
vt 0.789877 0.000000
vt 0.791411 1.000000
vt 0.791411 0.000000
vt 0.792945 1.000000
vt 0.792945 0.000000
vt 0.794479 1.000000
vt 0.794479 0.000000
vt 0.796012 1.000000
vt 0.796012 0.000000
vt 0.797546 1.000000
vt 0.797546 0.000000
vt 0.799080 1.000000
vt 0.799080 0.000000
vt 0.800614 1.000000
vt 0.800614 0.000000
vt 0.802147 1.000000
vt 0.802147 0.000000
vt 0.803681 1.000000
vt 0.803681 0.000000
vt 0.805215 1.000000
vt 0.805215 0.000000
vt 0.806748 1.000000
vt 0.806748 0.000000
vt 0.808282 1.000000
vt 0.808282 0.000000
vt 0.809816 1.000000
vt 0.809816 0.000000
vt 0.811350 1.000000
vt 0.811350 0.000000
vt 0.812883 1.000000
vt 0.812883 0.000000
vt 0.814417 1.000000
vt 0.814417 0.000000
vt 0.815951 1.000000
vt 0.815951 0.000000
vt 0.817485 1.000000
vt 0.817485 0.000000
vt 0.819018 1.000000
vt 0.819018 0.000000
vt 0.820552 1.000000
vt 0.820552 0.000000
vt 0.822086 1.000000
vt 0.822086 0.000000
vt 0.823620 1.000000
vt 0.823620 0.000000
vt 0.825153 1.000000
vt 0.825153 0.000000
vt 0.826687 1.000000
vt 0.826687 0.000000
vt 0.828221 1.000000
vt 0.828221 0.000000
vt 0.829755 1.000000
vt 0.829755 0.000000
vt 0.831288 1.000000
vt 0.831288 0.000000
vt 0.832822 1.000000
vt 0.832822 0.000000
vt 0.834356 1.000000
vt 0.834356 0.000000
vt 0.835890 1.000000
vt 0.835890 0.000000
vt 0.837423 1.000000
vt 0.837423 0.000000
vt 0.838957 1.000000
vt 0.838957 0.000000
vt 0.840491 1.000000
vt 0.840491 0.000000
vt 0.842025 1.000000
vt 0.842025 0.000000
vt 0.843558 1.000000
vt 0.843558 0.000000
vt 0.845092 1.000000
vt 0.845092 0.000000
vt 0.846626 1.000000
vt 0.846626 0.000000
vt 0.848159 1.000000
vt 0.848159 0.000000
vt 0.849693 1.000000
vt 0.849693 0.000000
vt 0.851227 1.000000
vt 0.851227 0.000000
vt 0.852761 1.000000
vt 0.852761 0.000000
vt 0.854294 1.000000
vt 0.854294 0.000000
vt 0.855828 1.000000
vt 0.855828 0.000000
vt 0.857362 1.000000
vt 0.857362 0.000000
vt 0.858896 1.000000
vt 0.858896 0.000000
vt 0.860429 1.000000
vt 0.860429 0.000000
vt 0.861963 1.000000
vt 0.861963 0.000000
vt 0.863497 1.000000
vt 0.863497 0.000000
vt 0.865031 1.000000
vt 0.865031 0.000000
vt 0.866564 1.000000
vt 0.866564 0.000000
vt 0.868098 1.000000
vt 0.868098 0.000000
vt 0.869632 1.000000
vt 0.869632 0.000000
vt 0.871166 1.000000
vt 0.871166 0.000000
vt 0.872699 1.000000
vt 0.872699 0.000000
vt 0.874233 1.000000
vt 0.874233 0.000000
vt 0.875767 1.000000
vt 0.875767 0.000000
vt 0.877301 1.000000
vt 0.877301 0.000000
vt 0.878834 1.000000
vt 0.878834 0.000000
vt 0.880368 1.000000
vt 0.880368 0.000000
vt 0.881902 1.000000
vt 0.881902 0.000000
vt 0.883436 1.000000
vt 0.883436 0.000000
vt 0.884969 1.000000
vt 0.884969 0.000000
vt 0.886503 1.000000
vt 0.886503 0.000000
vt 0.888037 1.000000
vt 0.888037 0.000000
vt 0.889571 1.000000
vt 0.889571 0.000000
vt 0.891104 1.000000
vt 0.891104 0.000000
vt 0.892638 1.000000
vt 0.892638 0.000000
vt 0.894172 1.000000
vt 0.894172 0.000000
vt 0.895706 1.000000
vt 0.895706 0.000000
vt 0.897239 1.000000
vt 0.897239 0.000000
vt 0.898773 1.000000
vt 0.898773 0.000000
vt 0.900307 1.000000
vt 0.900307 0.000000
vt 0.901841 1.000000
vt 0.901841 0.000000
vt 0.903374 1.000000
vt 0.903374 0.000000
vt 0.904908 1.000000
vt 0.904908 0.000000
vt 0.906442 1.000000
vt 0.906442 0.000000
vt 0.907975 1.000000
vt 0.907975 0.000000
vt 0.909509 1.000000
vt 0.909509 0.000000
vt 0.911043 1.000000
vt 0.911043 0.000000
vt 0.912577 1.000000
vt 0.912577 0.000000
vt 0.914110 1.000000
vt 0.914110 0.000000
vt 0.915644 1.000000
vt 0.915644 0.000000
vt 0.917178 1.000000
vt 0.917178 0.000000
vt 0.918712 1.000000
vt 0.918712 0.000000
vt 0.920245 1.000000
vt 0.920245 0.000000
vt 0.921779 1.000000
vt 0.921779 0.000000
vt 0.923313 1.000000
vt 0.923313 0.000000
vt 0.924847 1.000000
vt 0.924847 0.000000
vt 0.926380 1.000000
vt 0.926380 0.000000
vt 0.927914 1.000000
vt 0.927914 0.000000
vt 0.929448 1.000000
vt 0.929448 0.000000
vt 0.930982 1.000000
vt 0.930982 0.000000
vt 0.932515 1.000000
vt 0.932515 0.000000
vt 0.934049 1.000000
vt 0.934049 0.000000
vt 0.935583 1.000000
vt 0.935583 0.000000
vt 0.937117 1.000000
vt 0.937117 0.000000
vt 0.938650 1.000000
vt 0.938650 0.000000
vt 0.940184 1.000000
vt 0.940184 0.000000
vt 0.941718 1.000000
vt 0.941718 0.000000
vt 0.943252 1.000000
vt 0.943252 0.000000
vt 0.944785 1.000000
vt 0.944785 0.000000
vt 0.946319 1.000000
vt 0.946319 0.000000
vt 0.947853 1.000000
vt 0.947853 0.000000
vt 0.949386 1.000000
vt 0.949386 0.000000
vt 0.950920 1.000000
vt 0.950920 0.000000
vt 0.952454 1.000000
vt 0.952454 0.000000
vt 0.953988 1.000000
vt 0.953988 0.000000
vt 0.955521 1.000000
vt 0.955521 0.000000
vt 0.957055 1.000000
vt 0.957055 0.000000
vt 0.958589 1.000000
vt 0.958589 0.000000
vt 0.960123 1.000000
vt 0.960123 0.000000
vt 0.961656 1.000000
vt 0.961656 0.000000
vt 0.963190 1.000000
vt 0.963190 0.000000
vt 0.964724 1.000000
vt 0.964724 0.000000
vt 0.966258 1.000000
vt 0.966258 0.000000
vt 0.967791 1.000000
vt 0.967791 0.000000
vt 0.969325 1.000000
vt 0.969325 0.000000
vt 0.970859 1.000000
vt 0.970859 0.000000
vt 0.972393 1.000000
vt 0.972393 0.000000
vt 0.973926 1.000000
vt 0.973926 0.000000
vt 0.975460 1.000000
vt 0.975460 0.000000
vt 0.976994 1.000000
vt 0.976994 0.000000
vt 0.978528 1.000000
vt 0.978528 0.000000
vt 0.980061 1.000000
vt 0.980061 0.000000
vt 0.981595 1.000000
vt 0.981595 0.000000
vt 0.983129 1.000000
vt 0.983129 0.000000
vt 0.984663 1.000000
vt 0.984663 0.000000
vt 0.986196 1.000000
vt 0.986196 0.000000
vt 0.987730 1.000000
vt 0.987730 0.000000
vt 0.989264 1.000000
vt 0.989264 0.000000
vt 0.990798 1.000000
vt 0.990798 0.000000
vt 0.992331 1.000000
vt 0.992331 0.000000
vt 0.993865 1.000000
vt 0.993865 0.000000
vt 0.995399 1.000000
vt 0.995399 0.000000
vt 0.996933 1.000000
vt 0.996933 0.000000
vt 0.998466 1.000000
vt 0.998466 0.000000
vt 1.000000 1.000000
vt 0.002950 1.000000
vt 0.002950 0.000000
vt 0.005900 1.000000
vt 0.005900 0.000000
vt 0.008850 1.000000
vt 0.008850 0.000000
vt 0.011799 1.000000
vt 0.011799 0.000000
vt 0.014749 1.000000
vt 0.014749 0.000000
vt 0.017699 1.000000
vt 0.017699 0.000000
vt 0.020649 1.000000
vt 0.020649 0.000000
vt 0.023599 1.000000
vt 0.023599 0.000000
vt 0.026549 1.000000
vt 0.026549 0.000000
vt 0.029499 1.000000
vt 0.029499 0.000000
vt 0.032448 1.000000
vt 0.032448 0.000000
vt 0.035398 1.000000
vt 0.035398 0.000000
vt 0.038348 1.000000
vt 0.038348 0.000000
vt 0.041298 1.000000
vt 0.041298 0.000000
vt 0.044248 1.000000
vt 0.044248 0.000000
vt 0.047198 1.000000
vt 0.047198 0.000000
vt 0.050147 1.000000
vt 0.050147 0.000000
vt 0.053097 1.000000
vt 0.053097 0.000000
vt 0.056047 1.000000
vt 0.056047 0.000000
vt 0.058997 1.000000
vt 0.058997 0.000000
vt 0.061947 1.000000
vt 0.061947 0.000000
vt 0.064897 1.000000
vt 0.064897 0.000000
vt 0.067847 1.000000
vt 0.067847 0.000000
vt 0.070796 1.000000
vt 0.070796 0.000000
vt 0.073746 1.000000
vt 0.073746 0.000000
vt 0.076696 1.000000
vt 0.076696 0.000000
vt 0.079646 1.000000
vt 0.079646 0.000000
vt 0.082596 1.000000
vt 0.082596 0.000000
vt 0.085546 1.000000
vt 0.085546 0.000000
vt 0.088496 1.000000
vt 0.088496 0.000000
vt 0.091445 1.000000
vt 0.091445 0.000000
vt 0.094395 1.000000
vt 0.094395 0.000000
vt 0.097345 1.000000
vt 0.097345 0.000000
vt 0.100295 1.000000
vt 0.100295 0.000000
vt 0.103245 1.000000
vt 0.103245 0.000000
vt 0.106195 1.000000
vt 0.106195 0.000000
vt 0.109145 1.000000
vt 0.109145 0.000000
vt 0.112094 1.000000
vt 0.112094 0.000000
vt 0.115044 1.000000
vt 0.115044 0.000000
vt 0.117994 1.000000
vt 0.117994 0.000000
vt 0.120944 1.000000
vt 0.120944 0.000000
vt 0.123894 1.000000
vt 0.123894 0.000000
vt 0.126844 1.000000
vt 0.126844 0.000000
vt 0.129794 1.000000
vt 0.129794 0.000000
vt 0.132743 1.000000
vt 0.132743 0.000000
vt 0.135693 1.000000
vt 0.135693 0.000000
vt 0.138643 1.000000
vt 0.138643 0.000000
vt 0.141593 1.000000
vt 0.141593 0.000000
vt 0.144543 1.000000
vt 0.144543 0.000000
vt 0.147493 1.000000
vt 0.147493 0.000000
vt 0.150442 1.000000
vt 0.150442 0.000000
vt 0.153392 1.000000
vt 0.153392 0.000000
vt 0.156342 1.000000
vt 0.156342 0.000000
vt 0.159292 1.000000
vt 0.159292 0.000000
vt 0.162242 1.000000
vt 0.162242 0.000000
vt 0.165192 1.000000
vt 0.165192 0.000000
vt 0.168142 1.000000
vt 0.168142 0.000000
vt 0.171091 1.000000
vt 0.171091 0.000000
vt 0.174041 1.000000
vt 0.174041 0.000000
vt 0.176991 1.000000
vt 0.176991 0.000000
vt 0.179941 1.000000
vt 0.179941 0.000000
vt 0.182891 1.000000
vt 0.182891 0.000000
vt 0.185841 1.000000
vt 0.185841 0.000000
vt 0.188791 1.000000
vt 0.188791 0.000000
vt 0.191740 1.000000
vt 0.191740 0.000000
vt 0.194690 1.000000
vt 0.194690 0.000000
vt 0.197640 1.000000
vt 0.197640 0.000000
vt 0.200590 1.000000
vt 0.200590 0.000000
vt 0.203540 1.000000
vt 0.203540 0.000000
vt 0.206490 1.000000
vt 0.206490 0.000000
vt 0.209440 1.000000
vt 0.209440 0.000000
vt 0.212389 1.000000
vt 0.212389 0.000000
vt 0.215339 1.000000
vt 0.215339 0.000000
vt 0.218289 1.000000
vt 0.218289 0.000000
vt 0.221239 1.000000
vt 0.221239 0.000000
vt 0.224189 1.000000
vt 0.224189 0.000000
vt 0.227139 1.000000
vt 0.227139 0.000000
vt 0.230089 1.000000
vt 0.230089 0.000000
vt 0.233038 1.000000
vt 0.233038 0.000000
vt 0.235988 1.000000
vt 0.235988 0.000000
vt 0.238938 1.000000
vt 0.238938 0.000000
vt 0.241888 1.000000
vt 0.241888 0.000000
vt 0.244838 1.000000
vt 0.244838 0.000000
vt 0.247788 1.000000
vt 0.247788 0.000000
vt 0.250737 1.000000
vt 0.250737 0.000000
vt 0.253687 1.000000
vt 0.253687 0.000000
vt 0.256637 1.000000
vt 0.256637 0.000000
vt 0.259587 1.000000
vt 0.259587 0.000000
vt 0.262537 1.000000
vt 0.262537 0.000000
vt 0.265487 1.000000
vt 0.265487 0.000000
vt 0.268437 1.000000
vt 0.268437 0.000000
vt 0.271386 1.000000
vt 0.271386 0.000000
vt 0.274336 1.000000
vt 0.274336 0.000000
vt 0.277286 1.000000
vt 0.277286 0.000000
vt 0.280236 1.000000
vt 0.280236 0.000000
vt 0.283186 1.000000
vt 0.283186 0.000000
vt 0.286136 1.000000
vt 0.286136 0.000000
vt 0.289086 1.000000
vt 0.289086 0.000000
vt 0.292035 1.000000
vt 0.292035 0.000000
vt 0.294985 1.000000
vt 0.294985 0.000000
vt 0.297935 1.000000
vt 0.297935 0.000000
vt 0.300885 1.000000
vt 0.300885 0.000000
vt 0.303835 1.000000
vt 0.303835 0.000000
vt 0.306785 1.000000
vt 0.306785 0.000000
vt 0.309735 1.000000
vt 0.309735 0.000000
vt 0.312684 1.000000
vt 0.312684 0.000000
vt 0.315634 1.000000
vt 0.315634 0.000000
vt 0.318584 1.000000
vt 0.318584 0.000000
vt 0.321534 1.000000
vt 0.321534 0.000000
vt 0.324484 1.000000
vt 0.324484 0.000000
vt 0.327434 1.000000
vt 0.327434 0.000000
vt 0.330383 1.000000
vt 0.330383 0.000000
vt 0.333333 1.000000
vt 0.336283 1.000000
vt 0.336283 0.000000
vt 0.339233 1.000000
vt 0.339233 0.000000
vt 0.342183 1.000000
vt 0.342183 0.000000
vt 0.345133 1.000000
vt 0.345133 0.000000
vt 0.348083 1.000000
vt 0.348083 0.000000
vt 0.351032 1.000000
vt 0.351032 0.000000
vt 0.353982 1.000000
vt 0.353982 0.000000
vt 0.356932 1.000000
vt 0.356932 0.000000
vt 0.359882 1.000000
vt 0.359882 0.000000
vt 0.362832 1.000000
vt 0.362832 0.000000
vt 0.365782 1.000000
vt 0.365782 0.000000
vt 0.368732 1.000000
vt 0.368732 0.000000
vt 0.371681 1.000000
vt 0.371681 0.000000
vt 0.374631 1.000000
vt 0.374631 0.000000
vt 0.377581 1.000000
vt 0.377581 0.000000
vt 0.380531 1.000000
vt 0.380531 0.000000
vt 0.383481 1.000000
vt 0.383481 0.000000
vt 0.386431 1.000000
vt 0.386431 0.000000
vt 0.389381 1.000000
vt 0.389381 0.000000
vt 0.392330 1.000000
vt 0.392330 0.000000
vt 0.395280 1.000000
vt 0.395280 0.000000
vt 0.398230 1.000000
vt 0.398230 0.000000
vt 0.401180 1.000000
vt 0.401180 0.000000
vt 0.404130 1.000000
vt 0.404130 0.000000
vt 0.407080 1.000000
vt 0.407080 0.000000
vt 0.410030 1.000000
vt 0.410030 0.000000
vt 0.412979 1.000000
vt 0.412979 0.000000
vt 0.415929 1.000000
vt 0.415929 0.000000
vt 0.418879 1.000000
vt 0.418879 0.000000
vt 0.421829 1.000000
vt 0.421829 0.000000
vt 0.424779 1.000000
vt 0.424779 0.000000
vt 0.427729 1.000000
vt 0.427729 0.000000
vt 0.430678 1.000000
vt 0.430678 0.000000
vt 0.433628 1.000000
vt 0.433628 0.000000
vt 0.436578 1.000000
vt 0.436578 0.000000
vt 0.439528 1.000000
vt 0.439528 0.000000
vt 0.442478 1.000000
vt 0.442478 0.000000
vt 0.445428 1.000000
vt 0.445428 0.000000
vt 0.448378 1.000000
vt 0.448378 0.000000
vt 0.451327 1.000000
vt 0.451327 0.000000
vt 0.454277 1.000000
vt 0.454277 0.000000
vt 0.457227 1.000000
vt 0.457227 0.000000
vt 0.460177 1.000000
vt 0.460177 0.000000
vt 0.463127 1.000000
vt 0.463127 0.000000
vt 0.466077 1.000000
vt 0.466077 0.000000
vt 0.469027 1.000000
vt 0.469027 0.000000
vt 0.471976 1.000000
vt 0.471976 0.000000
vt 0.474926 1.000000
vt 0.474926 0.000000
vt 0.477876 1.000000
vt 0.477876 0.000000
vt 0.480826 1.000000
vt 0.480826 0.000000
vt 0.483776 1.000000
vt 0.483776 0.000000
vt 0.486726 1.000000
vt 0.486726 0.000000
vt 0.489676 1.000000
vt 0.489676 0.000000
vt 0.492625 1.000000
vt 0.492625 0.000000
vt 0.495575 1.000000
vt 0.495575 0.000000
vt 0.498525 1.000000
vt 0.498525 0.000000
vt 0.501475 1.000000
vt 0.501475 0.000000
vt 0.504425 1.000000
vt 0.504425 0.000000
vt 0.507375 1.000000
vt 0.507375 0.000000
vt 0.510324 1.000000
vt 0.510324 0.000000
vt 0.513274 1.000000
vt 0.513274 0.000000
vt 0.516224 1.000000
vt 0.516224 0.000000
vt 0.519174 1.000000
vt 0.519174 0.000000
vt 0.522124 1.000000
vt 0.522124 0.000000
vt 0.525074 1.000000
vt 0.525074 0.000000
vt 0.528024 1.000000
vt 0.528024 0.000000
vt 0.530973 1.000000
vt 0.530973 0.000000
vt 0.533923 1.000000
vt 0.533923 0.000000
vt 0.536873 1.000000
vt 0.536873 0.000000
vt 0.539823 1.000000
vt 0.539823 0.000000
vt 0.542773 1.000000
vt 0.542773 0.000000
vt 0.545723 1.000000
vt 0.545723 0.000000
vt 0.548673 1.000000
vt 0.548673 0.000000
vt 0.551622 1.000000
vt 0.551622 0.000000
vt 0.554572 1.000000
vt 0.554572 0.000000
vt 0.557522 1.000000
vt 0.557522 0.000000
vt 0.560472 1.000000
vt 0.560472 0.000000
vt 0.563422 1.000000
vt 0.563422 0.000000
vt 0.566372 1.000000
vt 0.566372 0.000000
vt 0.569322 1.000000
vt 0.569322 0.000000
vt 0.572271 1.000000
vt 0.572271 0.000000
vt 0.575221 1.000000
vt 0.575221 0.000000
vt 0.578171 1.000000
vt 0.578171 0.000000
vt 0.581121 1.000000
vt 0.581121 0.000000
vt 0.584071 1.000000
vt 0.584071 0.000000
vt 0.587021 1.000000
vt 0.587021 0.000000
vt 0.589971 1.000000
vt 0.589971 0.000000
vt 0.592920 1.000000
vt 0.592920 0.000000
vt 0.595870 1.000000
vt 0.595870 0.000000
vt 0.598820 1.000000
vt 0.598820 0.000000
vt 0.601770 1.000000
vt 0.601770 0.000000
vt 0.604720 1.000000
vt 0.604720 0.000000
vt 0.607670 1.000000
vt 0.607670 0.000000
vt 0.610619 1.000000
vt 0.610619 0.000000
vt 0.613569 1.000000
vt 0.613569 0.000000
vt 0.616519 1.000000
vt 0.616519 0.000000
vt 0.619469 1.000000
vt 0.619469 0.000000
vt 0.622419 1.000000
vt 0.622419 0.000000
vt 0.625369 1.000000
vt 0.625369 0.000000
vt 0.628319 1.000000
vt 0.628319 0.000000
vt 0.631268 1.000000
vt 0.631268 0.000000
vt 0.634218 1.000000
vt 0.634218 0.000000
vt 0.637168 1.000000
vt 0.637168 0.000000
vt 0.640118 1.000000
vt 0.640118 0.000000
vt 0.643068 1.000000
vt 0.643068 0.000000
vt 0.646018 1.000000
vt 0.646018 0.000000
vt 0.648968 1.000000
vt 0.648968 0.000000
vt 0.651917 1.000000
vt 0.651917 0.000000
vt 0.654867 1.000000
vt 0.654867 0.000000
vt 0.657817 1.000000
vt 0.657817 0.000000
vt 0.660767 1.000000
vt 0.660767 0.000000
vt 0.663717 1.000000
vt 0.663717 0.000000
vt 0.666667 1.000000
vt 0.669617 1.000000
vt 0.669617 0.000000
vt 0.672566 1.000000
vt 0.672566 0.000000
vt 0.675516 1.000000
vt 0.675516 0.000000
vt 0.678466 1.000000
vt 0.678466 0.000000
vt 0.681416 1.000000
vt 0.681416 0.000000
vt 0.684366 1.000000
vt 0.684366 0.000000
vt 0.687316 1.000000
vt 0.687316 0.000000
vt 0.690265 1.000000
vt 0.690265 0.000000
vt 0.693215 1.000000
vt 0.693215 0.000000
vt 0.696165 1.000000
vt 0.696165 0.000000
vt 0.699115 1.000000
vt 0.699115 0.000000
vt 0.702065 1.000000
vt 0.702065 0.000000
vt 0.705015 1.000000
vt 0.705015 0.000000
vt 0.707965 1.000000
vt 0.707965 0.000000
vt 0.710914 1.000000
vt 0.710914 0.000000
vt 0.713864 1.000000
vt 0.713864 0.000000
vt 0.716814 1.000000
vt 0.716814 0.000000
vt 0.719764 1.000000
vt 0.719764 0.000000
vt 0.722714 1.000000
vt 0.722714 0.000000
vt 0.725664 1.000000
vt 0.725664 0.000000
vt 0.728614 1.000000
vt 0.728614 0.000000
vt 0.731563 1.000000
vt 0.731563 0.000000
vt 0.734513 1.000000
vt 0.734513 0.000000
vt 0.737463 1.000000
vt 0.737463 0.000000
vt 0.740413 1.000000
vt 0.740413 0.000000
vt 0.743363 1.000000
vt 0.743363 0.000000
vt 0.746313 1.000000
vt 0.746313 0.000000
vt 0.749263 1.000000
vt 0.749263 0.000000
vt 0.752212 1.000000
vt 0.752212 0.000000
vt 0.755162 1.000000
vt 0.755162 0.000000
vt 0.758112 1.000000
vt 0.758112 0.000000
vt 0.761062 1.000000
vt 0.761062 0.000000
vt 0.764012 1.000000
vt 0.764012 0.000000
vt 0.766962 1.000000
vt 0.766962 0.000000
vt 0.769912 1.000000
vt 0.769912 0.000000
vt 0.772861 1.000000
vt 0.772861 0.000000
vt 0.775811 1.000000
vt 0.775811 0.000000
vt 0.778761 1.000000
vt 0.778761 0.000000
vt 0.781711 1.000000
vt 0.781711 0.000000
vt 0.784661 1.000000
vt 0.784661 0.000000
vt 0.787611 1.000000
vt 0.787611 0.000000
vt 0.790560 1.000000
vt 0.790560 0.000000
vt 0.793510 1.000000
vt 0.793510 0.000000
vt 0.796460 1.000000
vt 0.796460 0.000000
vt 0.799410 1.000000
vt 0.799410 0.000000
vt 0.802360 1.000000
vt 0.802360 0.000000
vt 0.805310 1.000000
vt 0.805310 0.000000
vt 0.808260 1.000000
vt 0.808260 0.000000
vt 0.811209 1.000000
vt 0.811209 0.000000
vt 0.814159 1.000000
vt 0.814159 0.000000
vt 0.817109 1.000000
vt 0.817109 0.000000
vt 0.820059 1.000000
vt 0.820059 0.000000
vt 0.823009 1.000000
vt 0.823009 0.000000
vt 0.825959 1.000000
vt 0.825959 0.000000
vt 0.828909 1.000000
vt 0.828909 0.000000
vt 0.831858 1.000000
vt 0.831858 0.000000
vt 0.834808 1.000000
vt 0.834808 0.000000
vt 0.837758 1.000000
vt 0.837758 0.000000
vt 0.840708 1.000000
vt 0.840708 0.000000
vt 0.843658 1.000000
vt 0.843658 0.000000
vt 0.846608 1.000000
vt 0.846608 0.000000
vt 0.849558 1.000000
vt 0.849558 0.000000
vt 0.852507 1.000000
vt 0.852507 0.000000
vt 0.855457 1.000000
vt 0.855457 0.000000
vt 0.858407 1.000000
vt 0.858407 0.000000
vt 0.861357 1.000000
vt 0.861357 0.000000
vt 0.864307 1.000000
vt 0.864307 0.000000
vt 0.867257 1.000000
vt 0.867257 0.000000
vt 0.870206 1.000000
vt 0.870206 0.000000
vt 0.873156 1.000000
vt 0.873156 0.000000
vt 0.876106 1.000000
vt 0.876106 0.000000
vt 0.879056 1.000000
vt 0.879056 0.000000
vt 0.882006 1.000000
vt 0.882006 0.000000
vt 0.884956 1.000000
vt 0.884956 0.000000
vt 0.887906 1.000000
vt 0.887906 0.000000
vt 0.890855 1.000000
vt 0.890855 0.000000
vt 0.893805 1.000000
vt 0.893805 0.000000
vt 0.896755 1.000000
vt 0.896755 0.000000
vt 0.899705 1.000000
vt 0.899705 0.000000
vt 0.902655 1.000000
vt 0.902655 0.000000
vt 0.905605 1.000000
vt 0.905605 0.000000
vt 0.908555 1.000000
vt 0.908555 0.000000
vt 0.911504 1.000000
vt 0.911504 0.000000
vt 0.914454 1.000000
vt 0.914454 0.000000
vt 0.917404 1.000000
vt 0.917404 0.000000
vt 0.920354 1.000000
vt 0.920354 0.000000
vt 0.923304 1.000000
vt 0.923304 0.000000
vt 0.926254 1.000000
vt 0.926254 0.000000
vt 0.929204 1.000000
vt 0.929204 0.000000
vt 0.932153 1.000000
vt 0.932153 0.000000
vt 0.935103 1.000000
vt 0.935103 0.000000
vt 0.938053 1.000000
vt 0.938053 0.000000
vt 0.941003 1.000000
vt 0.941003 0.000000
vt 0.943953 1.000000
vt 0.943953 0.000000
vt 0.946903 1.000000
vt 0.946903 0.000000
vt 0.949853 1.000000
vt 0.949853 0.000000
vt 0.952802 1.000000
vt 0.952802 0.000000
vt 0.955752 1.000000
vt 0.955752 0.000000
vt 0.958702 1.000000
vt 0.958702 0.000000
vt 0.961652 1.000000
vt 0.961652 0.000000
vt 0.964602 1.000000
vt 0.964602 0.000000
vt 0.967552 1.000000
vt 0.967552 0.000000
vt 0.970501 1.000000
vt 0.970501 0.000000
vt 0.973451 1.000000
vt 0.973451 0.000000
vt 0.976401 1.000000
vt 0.976401 0.000000
vt 0.979351 1.000000
vt 0.979351 0.000000
vt 0.982301 1.000000
vt 0.982301 0.000000
vt 0.985251 1.000000
vt 0.985251 0.000000
vt 0.988201 1.000000
vt 0.988201 0.000000
vt 0.991150 1.000000
vt 0.991150 0.000000
vt 0.994100 1.000000
vt 0.994100 0.000000
vt 0.997050 1.000000
vt 0.997050 0.000000
vt 0.005181 1.000000
vt 0.005181 0.000000
vt 0.010363 1.000000
vt 0.010363 0.000000
vt 0.015544 1.000000
vt 0.015544 0.000000
vt 0.020725 1.000000
vt 0.020725 0.000000
vt 0.025907 1.000000
vt 0.025907 0.000000
vt 0.031088 1.000000
vt 0.031088 0.000000
vt 0.036269 1.000000
vt 0.036269 0.000000
vt 0.041451 1.000000
vt 0.041451 0.000000
vt 0.046632 1.000000
vt 0.046632 0.000000
vt 0.051813 1.000000
vt 0.051813 0.000000
vt 0.056995 1.000000
vt 0.056995 0.000000
vt 0.062176 1.000000
vt 0.062176 0.000000
vt 0.067358 1.000000
vt 0.067358 0.000000
vt 0.072539 1.000000
vt 0.072539 0.000000
vt 0.077720 1.000000
vt 0.077720 0.000000
vt 0.082902 1.000000
vt 0.082902 0.000000
vt 0.088083 1.000000
vt 0.088083 0.000000
vt 0.093264 1.000000
vt 0.093264 0.000000
vt 0.098446 1.000000
vt 0.098446 0.000000
vt 0.103627 1.000000
vt 0.103627 0.000000
vt 0.108808 1.000000
vt 0.108808 0.000000
vt 0.113990 1.000000
vt 0.113990 0.000000
vt 0.119171 1.000000
vt 0.119171 0.000000
vt 0.124352 1.000000
vt 0.124352 0.000000
vt 0.129534 1.000000
vt 0.129534 0.000000
vt 0.134715 1.000000
vt 0.134715 0.000000
vt 0.139896 1.000000
vt 0.139896 0.000000
vt 0.145078 1.000000
vt 0.145078 0.000000
vt 0.150259 1.000000
vt 0.150259 0.000000
vt 0.155440 1.000000
vt 0.155440 0.000000
vt 0.160622 1.000000
vt 0.160622 0.000000
vt 0.165803 1.000000
vt 0.165803 0.000000
vt 0.170984 1.000000
vt 0.170984 0.000000
vt 0.176166 1.000000
vt 0.176166 0.000000
vt 0.181347 1.000000
vt 0.181347 0.000000
vt 0.186529 1.000000
vt 0.186529 0.000000
vt 0.191710 1.000000
vt 0.191710 0.000000
vt 0.196891 1.000000
vt 0.196891 0.000000
vt 0.202073 1.000000
vt 0.202073 0.000000
vt 0.207254 1.000000
vt 0.207254 0.000000
vt 0.212435 1.000000
vt 0.212435 0.000000
vt 0.217617 1.000000
vt 0.217617 0.000000
vt 0.222798 1.000000
vt 0.222798 0.000000
vt 0.227979 1.000000
vt 0.227979 0.000000
vt 0.233161 1.000000
vt 0.233161 0.000000
vt 0.238342 1.000000
vt 0.238342 0.000000
vt 0.243523 1.000000
vt 0.243523 0.000000
vt 0.248705 1.000000
vt 0.248705 0.000000
vt 0.253886 1.000000
vt 0.253886 0.000000
vt 0.259067 1.000000
vt 0.259067 0.000000
vt 0.264249 1.000000
vt 0.264249 0.000000
vt 0.269430 1.000000
vt 0.269430 0.000000
vt 0.274611 1.000000
vt 0.274611 0.000000
vt 0.279793 1.000000
vt 0.279793 0.000000
vt 0.284974 1.000000
vt 0.284974 0.000000
vt 0.290155 1.000000
vt 0.290155 0.000000
vt 0.295337 1.000000
vt 0.295337 0.000000
vt 0.300518 1.000000
vt 0.300518 0.000000
vt 0.305699 1.000000
vt 0.305699 0.000000
vt 0.310881 1.000000
vt 0.310881 0.000000
vt 0.316062 1.000000
vt 0.316062 0.000000
vt 0.321244 1.000000
vt 0.321244 0.000000
vt 0.326425 1.000000
vt 0.326425 0.000000
vt 0.331606 1.000000
vt 0.331606 0.000000
vt 0.336788 1.000000
vt 0.336788 0.000000
vt 0.341969 1.000000
vt 0.341969 0.000000
vt 0.347150 1.000000
vt 0.347150 0.000000
vt 0.352332 1.000000
vt 0.352332 0.000000
vt 0.357513 1.000000
vt 0.357513 0.000000
vt 0.362694 1.000000
vt 0.362694 0.000000
vt 0.367876 1.000000
vt 0.367876 0.000000
vt 0.373057 1.000000
vt 0.373057 0.000000
vt 0.378238 1.000000
vt 0.378238 0.000000
vt 0.383420 1.000000
vt 0.383420 0.000000
vt 0.388601 1.000000
vt 0.388601 0.000000
vt 0.393782 1.000000
vt 0.393782 0.000000
vt 0.398964 1.000000
vt 0.398964 0.000000
vt 0.404145 1.000000
vt 0.404145 0.000000
vt 0.409326 1.000000
vt 0.409326 0.000000
vt 0.414508 1.000000
vt 0.414508 0.000000
vt 0.419689 1.000000
vt 0.419689 0.000000
vt 0.424870 1.000000
vt 0.424870 0.000000
vt 0.430052 1.000000
vt 0.430052 0.000000
vt 0.435233 1.000000
vt 0.435233 0.000000
vt 0.440415 1.000000
vt 0.440415 0.000000
vt 0.445596 1.000000
vt 0.445596 0.000000
vt 0.450777 1.000000
vt 0.450777 0.000000
vt 0.455959 1.000000
vt 0.455959 0.000000
vt 0.461140 1.000000
vt 0.461140 0.000000
vt 0.466321 1.000000
vt 0.466321 0.000000
vt 0.471503 1.000000
vt 0.471503 0.000000
vt 0.476684 1.000000
vt 0.476684 0.000000
vt 0.481865 1.000000
vt 0.481865 0.000000
vt 0.487047 1.000000
vt 0.487047 0.000000
vt 0.492228 1.000000
vt 0.492228 0.000000
vt 0.497409 1.000000
vt 0.497409 0.000000
vt 0.502591 1.000000
vt 0.502591 0.000000
vt 0.507772 1.000000
vt 0.507772 0.000000
vt 0.512953 1.000000
vt 0.512953 0.000000
vt 0.518135 1.000000
vt 0.518135 0.000000
vt 0.523316 1.000000
vt 0.523316 0.000000
vt 0.528497 1.000000
vt 0.528497 0.000000
vt 0.533679 1.000000
vt 0.533679 0.000000
vt 0.538860 1.000000
vt 0.538860 0.000000
vt 0.544041 1.000000
vt 0.544041 0.000000
vt 0.549223 1.000000
vt 0.549223 0.000000
vt 0.554404 1.000000
vt 0.554404 0.000000
vt 0.559586 1.000000
vt 0.559586 0.000000
vt 0.564767 1.000000
vt 0.564767 0.000000
vt 0.569948 1.000000
vt 0.569948 0.000000
vt 0.575130 1.000000
vt 0.575130 0.000000
vt 0.580311 1.000000
vt 0.580311 0.000000
vt 0.585492 1.000000
vt 0.585492 0.000000
vt 0.590674 1.000000
vt 0.590674 0.000000
vt 0.595855 1.000000
vt 0.595855 0.000000
vt 0.601036 1.000000
vt 0.601036 0.000000
vt 0.606218 1.000000
vt 0.606218 0.000000
vt 0.611399 1.000000
vt 0.611399 0.000000
vt 0.616580 1.000000
vt 0.616580 0.000000
vt 0.621762 1.000000
vt 0.621762 0.000000
vt 0.626943 1.000000
vt 0.626943 0.000000
vt 0.632124 1.000000
vt 0.632124 0.000000
vt 0.637306 1.000000
vt 0.637306 0.000000
vt 0.642487 1.000000
vt 0.642487 0.000000
vt 0.647668 1.000000
vt 0.647668 0.000000
vt 0.652850 1.000000
vt 0.652850 0.000000
vt 0.658031 1.000000
vt 0.658031 0.000000
vt 0.663212 1.000000
vt 0.663212 0.000000
vt 0.668394 1.000000
vt 0.668394 0.000000
vt 0.673575 1.000000
vt 0.673575 0.000000
vt 0.678756 1.000000
vt 0.678756 0.000000
vt 0.683938 1.000000
vt 0.683938 0.000000
vt 0.689119 1.000000
vt 0.689119 0.000000
vt 0.694301 1.000000
vt 0.694301 0.000000
vt 0.699482 1.000000
vt 0.699482 0.000000
vt 0.704663 1.000000
vt 0.704663 0.000000
vt 0.709845 1.000000
vt 0.709845 0.000000
vt 0.715026 1.000000
vt 0.715026 0.000000
vt 0.720207 1.000000
vt 0.720207 0.000000
vt 0.725389 1.000000
vt 0.725389 0.000000
vt 0.730570 1.000000
vt 0.730570 0.000000
vt 0.735751 1.000000
vt 0.735751 0.000000
vt 0.740933 1.000000
vt 0.740933 0.000000
vt 0.746114 1.000000
vt 0.746114 0.000000
vt 0.751295 1.000000
vt 0.751295 0.000000
vt 0.756477 1.000000
vt 0.756477 0.000000
vt 0.761658 1.000000
vt 0.761658 0.000000
vt 0.766839 1.000000
vt 0.766839 0.000000
vt 0.772021 1.000000
vt 0.772021 0.000000
vt 0.777202 1.000000
vt 0.777202 0.000000
vt 0.782383 1.000000
vt 0.782383 0.000000
vt 0.787565 1.000000
vt 0.787565 0.000000
vt 0.792746 1.000000
vt 0.792746 0.000000
vt 0.797927 1.000000
vt 0.797927 0.000000
vt 0.803109 1.000000
vt 0.803109 0.000000
vt 0.808290 1.000000
vt 0.808290 0.000000
vt 0.813471 1.000000
vt 0.813471 0.000000
vt 0.818653 1.000000
vt 0.818653 0.000000
vt 0.823834 1.000000
vt 0.823834 0.000000
vt 0.829016 1.000000
vt 0.829016 0.000000
vt 0.834197 1.000000
vt 0.834197 0.000000
vt 0.839378 1.000000
vt 0.839378 0.000000
vt 0.844560 1.000000
vt 0.844560 0.000000
vt 0.849741 1.000000
vt 0.849741 0.000000
vt 0.854922 1.000000
vt 0.854922 0.000000
vt 0.860104 1.000000
vt 0.860104 0.000000
vt 0.865285 1.000000
vt 0.865285 0.000000
vt 0.870466 1.000000
vt 0.870466 0.000000
vt 0.875648 1.000000
vt 0.875648 0.000000
vt 0.880829 1.000000
vt 0.880829 0.000000
vt 0.886010 1.000000
vt 0.886010 0.000000
vt 0.891192 1.000000
vt 0.891192 0.000000
vt 0.896373 1.000000
vt 0.896373 0.000000
vt 0.901554 1.000000
vt 0.901554 0.000000
vt 0.906736 1.000000
vt 0.906736 0.000000
vt 0.911917 1.000000
vt 0.911917 0.000000
vt 0.917098 1.000000
vt 0.917098 0.000000
vt 0.922280 1.000000
vt 0.922280 0.000000
vt 0.927461 1.000000
vt 0.927461 0.000000
vt 0.932642 1.000000
vt 0.932642 0.000000
vt 0.937824 1.000000
vt 0.937824 0.000000
vt 0.943005 1.000000
vt 0.943005 0.000000
vt 0.948187 1.000000
vt 0.948187 0.000000
vt 0.953368 1.000000
vt 0.953368 0.000000
vt 0.958549 1.000000
vt 0.958549 0.000000
vt 0.963731 1.000000
vt 0.963731 0.000000
vt 0.968912 1.000000
vt 0.968912 0.000000
vt 0.974093 1.000000
vt 0.974093 0.000000
vt 0.979275 1.000000
vt 0.979275 0.000000
vt 0.984456 1.000000
vt 0.984456 0.000000
vt 0.989637 1.000000
vt 0.989637 0.000000
vt 0.994819 1.000000
vt 0.994819 0.000000
vt 0.001252 1.000000
vt 0.001252 0.000000
vt 0.002503 1.000000
vt 0.002503 0.000000
vt 0.003755 1.000000
vt 0.003755 0.000000
vt 0.005006 1.000000
vt 0.005006 0.000000
vt 0.006258 1.000000
vt 0.006258 0.000000
vt 0.007509 1.000000
vt 0.007509 0.000000
vt 0.008761 1.000000
vt 0.008761 0.000000
vt 0.010013 1.000000
vt 0.010013 0.000000
vt 0.011264 1.000000
vt 0.011264 0.000000
vt 0.012516 1.000000
vt 0.012516 0.000000
vt 0.013767 1.000000
vt 0.013767 0.000000
vt 0.015019 1.000000
vt 0.015019 0.000000
vt 0.016270 1.000000
vt 0.016270 0.000000
vt 0.017522 1.000000
vt 0.017522 0.000000
vt 0.018773 1.000000
vt 0.018773 0.000000
vt 0.020025 1.000000
vt 0.020025 0.000000
vt 0.021277 1.000000
vt 0.021277 0.000000
vt 0.022528 1.000000
vt 0.022528 0.000000
vt 0.023780 1.000000
vt 0.023780 0.000000
vt 0.025031 1.000000
vt 0.025031 0.000000
vt 0.026283 1.000000
vt 0.026283 0.000000
vt 0.027534 1.000000
vt 0.027534 0.000000
vt 0.028786 1.000000
vt 0.028786 0.000000
vt 0.030038 1.000000
vt 0.030038 0.000000
vt 0.031289 1.000000
vt 0.031289 0.000000
vt 0.032541 1.000000
vt 0.032541 0.000000
vt 0.033792 1.000000
vt 0.033792 0.000000
vt 0.035044 1.000000
vt 0.035044 0.000000
vt 0.036295 1.000000
vt 0.036295 0.000000
vt 0.037547 1.000000
vt 0.037547 0.000000
vt 0.038798 1.000000
vt 0.038798 0.000000
vt 0.040050 1.000000
vt 0.040050 0.000000
vt 0.041302 1.000000
vt 0.041302 0.000000
vt 0.042553 1.000000
vt 0.042553 0.000000
vt 0.043805 1.000000
vt 0.043805 0.000000
vt 0.045056 1.000000
vt 0.045056 0.000000
vt 0.046308 1.000000
vt 0.046308 0.000000
vt 0.047559 1.000000
vt 0.047559 0.000000
vt 0.048811 1.000000
vt 0.048811 0.000000
vt 0.050063 1.000000
vt 0.050063 0.000000
vt 0.051314 1.000000
vt 0.051314 0.000000
vt 0.052566 1.000000
vt 0.052566 0.000000
vt 0.053817 1.000000
vt 0.053817 0.000000
vt 0.055069 1.000000
vt 0.055069 0.000000
vt 0.056320 1.000000
vt 0.056320 0.000000
vt 0.057572 1.000000
vt 0.057572 0.000000
vt 0.058824 1.000000
vt 0.058824 0.000000
vt 0.060075 1.000000
vt 0.060075 0.000000
vt 0.061327 1.000000
vt 0.061327 0.000000
vt 0.062578 1.000000
vt 0.062578 0.000000
vt 0.063830 1.000000
vt 0.063830 0.000000
vt 0.065081 1.000000
vt 0.065081 0.000000
vt 0.066333 1.000000
vt 0.066333 0.000000
vt 0.067584 1.000000
vt 0.067584 0.000000
vt 0.068836 1.000000
vt 0.068836 0.000000
vt 0.070088 1.000000
vt 0.070088 0.000000
vt 0.071339 1.000000
vt 0.071339 0.000000
vt 0.072591 1.000000
vt 0.072591 0.000000
vt 0.073842 1.000000
vt 0.073842 0.000000
vt 0.075094 1.000000
vt 0.075094 0.000000
vt 0.076345 1.000000
vt 0.076345 0.000000
vt 0.077597 1.000000
vt 0.077597 0.000000
vt 0.078849 1.000000
vt 0.078849 0.000000
vt 0.080100 1.000000
vt 0.080100 0.000000
vt 0.081352 1.000000
vt 0.081352 0.000000
vt 0.082603 1.000000
vt 0.082603 0.000000
vt 0.083855 1.000000
vt 0.083855 0.000000
vt 0.085106 1.000000
vt 0.085106 0.000000
vt 0.086358 1.000000
vt 0.086358 0.000000
vt 0.087610 1.000000
vt 0.087610 0.000000
vt 0.088861 1.000000
vt 0.088861 0.000000
vt 0.090113 1.000000
vt 0.090113 0.000000
vt 0.091364 1.000000
vt 0.091364 0.000000
vt 0.092616 1.000000
vt 0.092616 0.000000
vt 0.093867 1.000000
vt 0.093867 0.000000
vt 0.095119 1.000000
vt 0.095119 0.000000
vt 0.096370 1.000000
vt 0.096370 0.000000
vt 0.097622 1.000000
vt 0.097622 0.000000
vt 0.098874 1.000000
vt 0.098874 0.000000
vt 0.100125 1.000000
vt 0.100125 0.000000
vt 0.101377 1.000000
vt 0.101377 0.000000
vt 0.102628 1.000000
vt 0.102628 0.000000
vt 0.103880 1.000000
vt 0.103880 0.000000
vt 0.105131 1.000000
vt 0.105131 0.000000
vt 0.106383 1.000000
vt 0.106383 0.000000
vt 0.107635 1.000000
vt 0.107635 0.000000
vt 0.108886 1.000000
vt 0.108886 0.000000
vt 0.110138 1.000000
vt 0.110138 0.000000
vt 0.111389 1.000000
vt 0.111389 0.000000
vt 0.112641 1.000000
vt 0.112641 0.000000
vt 0.113892 1.000000
vt 0.113892 0.000000
vt 0.115144 1.000000
vt 0.115144 0.000000
vt 0.116395 1.000000
vt 0.116395 0.000000
vt 0.117647 1.000000
vt 0.117647 0.000000
vt 0.118899 1.000000
vt 0.118899 0.000000
vt 0.120150 1.000000
vt 0.120150 0.000000
vt 0.121402 1.000000
vt 0.121402 0.000000
vt 0.122653 1.000000
vt 0.122653 0.000000
vt 0.123905 1.000000
vt 0.123905 0.000000
vt 0.125156 1.000000
vt 0.125156 0.000000
vt 0.126408 1.000000
vt 0.126408 0.000000
vt 0.127660 1.000000
vt 0.127660 0.000000
vt 0.128911 1.000000
vt 0.128911 0.000000
vt 0.130163 1.000000
vt 0.130163 0.000000
vt 0.131414 1.000000
vt 0.131414 0.000000
vt 0.132666 1.000000
vt 0.132666 0.000000
vt 0.133917 1.000000
vt 0.133917 0.000000
vt 0.135169 1.000000
vt 0.135169 0.000000
vt 0.136421 1.000000
vt 0.136421 0.000000
vt 0.137672 1.000000
vt 0.137672 0.000000
vt 0.138924 1.000000
vt 0.138924 0.000000
vt 0.140175 1.000000
vt 0.140175 0.000000
vt 0.141427 1.000000
vt 0.141427 0.000000
vt 0.142678 1.000000
vt 0.142678 0.000000
vt 0.143930 1.000000
vt 0.143930 0.000000
vt 0.145181 1.000000
vt 0.145181 0.000000
vt 0.146433 1.000000
vt 0.146433 0.000000
vt 0.147685 1.000000
vt 0.147685 0.000000
vt 0.148936 1.000000
vt 0.148936 0.000000
vt 0.150188 1.000000
vt 0.150188 0.000000
vt 0.151439 1.000000
vt 0.151439 0.000000
vt 0.152691 1.000000
vt 0.152691 0.000000
vt 0.153942 1.000000
vt 0.153942 0.000000
vt 0.155194 1.000000
vt 0.155194 0.000000
vt 0.156446 1.000000
vt 0.156446 0.000000
vt 0.157697 1.000000
vt 0.157697 0.000000
vt 0.158949 1.000000
vt 0.158949 0.000000
vt 0.160200 1.000000
vt 0.160200 0.000000
vt 0.161452 1.000000
vt 0.161452 0.000000
vt 0.162703 1.000000
vt 0.162703 0.000000
vt 0.163955 1.000000
vt 0.163955 0.000000
vt 0.165207 1.000000
vt 0.165207 0.000000
vt 0.166458 1.000000
vt 0.166458 0.000000
vt 0.167710 1.000000
vt 0.167710 0.000000
vt 0.168961 1.000000
vt 0.168961 0.000000
vt 0.170213 1.000000
vt 0.170213 0.000000
vt 0.171464 1.000000
vt 0.171464 0.000000
vt 0.172716 1.000000
vt 0.172716 0.000000
vt 0.173967 1.000000
vt 0.173967 0.000000
vt 0.175219 1.000000
vt 0.175219 0.000000
vt 0.176471 1.000000
vt 0.176471 0.000000
vt 0.177722 1.000000
vt 0.177722 0.000000
vt 0.178974 1.000000
vt 0.178974 0.000000
vt 0.180225 1.000000
vt 0.180225 0.000000
vt 0.181477 1.000000
vt 0.181477 0.000000
vt 0.182728 1.000000
vt 0.182728 0.000000
vt 0.183980 1.000000
vt 0.183980 0.000000
vt 0.185232 1.000000
vt 0.185232 0.000000
vt 0.186483 1.000000
vt 0.186483 0.000000
vt 0.187735 1.000000
vt 0.187735 0.000000
vt 0.188986 1.000000
vt 0.188986 0.000000
vt 0.190238 1.000000
vt 0.190238 0.000000
vt 0.191489 1.000000
vt 0.191489 0.000000
vt 0.192741 1.000000
vt 0.192741 0.000000
vt 0.193992 1.000000
vt 0.193992 0.000000
vt 0.195244 1.000000
vt 0.195244 0.000000
vt 0.196496 1.000000
vt 0.196496 0.000000
vt 0.197747 1.000000
vt 0.197747 0.000000
vt 0.198999 1.000000
vt 0.198999 0.000000
vt 0.200250 1.000000
vt 0.200250 0.000000
vt 0.201502 1.000000
vt 0.201502 0.000000
vt 0.202753 1.000000
vt 0.202753 0.000000
vt 0.204005 1.000000
vt 0.204005 0.000000
vt 0.205257 1.000000
vt 0.205257 0.000000
vt 0.206508 1.000000
vt 0.206508 0.000000
vt 0.207760 1.000000
vt 0.207760 0.000000
vt 0.209011 1.000000
vt 0.209011 0.000000
vt 0.210263 1.000000
vt 0.210263 0.000000
vt 0.211514 1.000000
vt 0.211514 0.000000
vt 0.212766 1.000000
vt 0.212766 0.000000
vt 0.214018 1.000000
vt 0.214018 0.000000
vt 0.215269 1.000000
vt 0.215269 0.000000
vt 0.216521 1.000000
vt 0.216521 0.000000
vt 0.217772 1.000000
vt 0.217772 0.000000
vt 0.219024 1.000000
vt 0.219024 0.000000
vt 0.220275 1.000000
vt 0.220275 0.000000
vt 0.221527 1.000000
vt 0.221527 0.000000
vt 0.222778 1.000000
vt 0.222778 0.000000
vt 0.224030 1.000000
vt 0.224030 0.000000
vt 0.225282 1.000000
vt 0.225282 0.000000
vt 0.226533 1.000000
vt 0.226533 0.000000
vt 0.227785 1.000000
vt 0.227785 0.000000
vt 0.229036 1.000000
vt 0.229036 0.000000
vt 0.230288 1.000000
vt 0.230288 0.000000
vt 0.231539 1.000000
vt 0.231539 0.000000
vt 0.232791 1.000000
vt 0.232791 0.000000
vt 0.234043 1.000000
vt 0.234043 0.000000
vt 0.235294 1.000000
vt 0.235294 0.000000
vt 0.236546 1.000000
vt 0.236546 0.000000
vt 0.237797 1.000000
vt 0.237797 0.000000
vt 0.239049 1.000000
vt 0.239049 0.000000
vt 0.240300 1.000000
vt 0.240300 0.000000
vt 0.241552 1.000000
vt 0.241552 0.000000
vt 0.242803 1.000000
vt 0.242803 0.000000
vt 0.244055 1.000000
vt 0.244055 0.000000
vt 0.245307 1.000000
vt 0.245307 0.000000
vt 0.246558 1.000000
vt 0.246558 0.000000
vt 0.247810 1.000000
vt 0.247810 0.000000
vt 0.249061 1.000000
vt 0.249061 0.000000
vt 0.250313 1.000000
vt 0.250313 0.000000
vt 0.251564 1.000000
vt 0.251564 0.000000
vt 0.252816 1.000000
vt 0.252816 0.000000
vt 0.254068 1.000000
vt 0.254068 0.000000
vt 0.255319 1.000000
vt 0.255319 0.000000
vt 0.256571 1.000000
vt 0.256571 0.000000
vt 0.257822 1.000000
vt 0.257822 0.000000
vt 0.259074 1.000000
vt 0.259074 0.000000
vt 0.260325 1.000000
vt 0.260325 0.000000
vt 0.261577 1.000000
vt 0.261577 0.000000
vt 0.262829 1.000000
vt 0.262829 0.000000
vt 0.264080 1.000000
vt 0.264080 0.000000
vt 0.265332 1.000000
vt 0.265332 0.000000
vt 0.266583 1.000000
vt 0.266583 0.000000
vt 0.267835 1.000000
vt 0.267835 0.000000
vt 0.269086 1.000000
vt 0.269086 0.000000
vt 0.270338 1.000000
vt 0.270338 0.000000
vt 0.271589 1.000000
vt 0.271589 0.000000
vt 0.272841 1.000000
vt 0.272841 0.000000
vt 0.274093 1.000000
vt 0.274093 0.000000
vt 0.275344 1.000000
vt 0.275344 0.000000
vt 0.276596 1.000000
vt 0.276596 0.000000
vt 0.277847 1.000000
vt 0.277847 0.000000
vt 0.279099 1.000000
vt 0.279099 0.000000
vt 0.280350 1.000000
vt 0.280350 0.000000
vt 0.281602 1.000000
vt 0.281602 0.000000
vt 0.282854 1.000000
vt 0.282854 0.000000
vt 0.284105 1.000000
vt 0.284105 0.000000
vt 0.285357 1.000000
vt 0.285357 0.000000
vt 0.286608 1.000000
vt 0.286608 0.000000
vt 0.287860 1.000000
vt 0.287860 0.000000
vt 0.289111 1.000000
vt 0.289111 0.000000
vt 0.290363 1.000000
vt 0.290363 0.000000
vt 0.291615 1.000000
vt 0.291615 0.000000
vt 0.292866 1.000000
vt 0.292866 0.000000
vt 0.294118 1.000000
vt 0.294118 0.000000
vt 0.295369 1.000000
vt 0.295369 0.000000
vt 0.296621 1.000000
vt 0.296621 0.000000
vt 0.297872 1.000000
vt 0.297872 0.000000
vt 0.299124 1.000000
vt 0.299124 0.000000
vt 0.300375 1.000000
vt 0.300375 0.000000
vt 0.301627 1.000000
vt 0.301627 0.000000
vt 0.302879 1.000000
vt 0.302879 0.000000
vt 0.304130 1.000000
vt 0.304130 0.000000
vt 0.305382 1.000000
vt 0.305382 0.000000
vt 0.306633 1.000000
vt 0.306633 0.000000
vt 0.307885 1.000000
vt 0.307885 0.000000
vt 0.309136 1.000000
vt 0.309136 0.000000
vt 0.310388 1.000000
vt 0.310388 0.000000
vt 0.311640 1.000000
vt 0.311640 0.000000
vt 0.312891 1.000000
vt 0.312891 0.000000
vt 0.314143 1.000000
vt 0.314143 0.000000
vt 0.315394 1.000000
vt 0.315394 0.000000
vt 0.316646 1.000000
vt 0.316646 0.000000
vt 0.317897 1.000000
vt 0.317897 0.000000
vt 0.319149 1.000000
vt 0.319149 0.000000
vt 0.320401 1.000000
vt 0.320401 0.000000
vt 0.321652 1.000000
vt 0.321652 0.000000
vt 0.322904 1.000000
vt 0.322904 0.000000
vt 0.324155 1.000000
vt 0.324155 0.000000
vt 0.325407 1.000000
vt 0.325407 0.000000
vt 0.326658 1.000000
vt 0.326658 0.000000
vt 0.327910 1.000000
vt 0.327910 0.000000
vt 0.329161 1.000000
vt 0.329161 0.000000
vt 0.330413 1.000000
vt 0.330413 0.000000
vt 0.331665 1.000000
vt 0.331665 0.000000
vt 0.332916 1.000000
vt 0.332916 0.000000
vt 0.334168 1.000000
vt 0.334168 0.000000
vt 0.335419 1.000000
vt 0.335419 0.000000
vt 0.336671 1.000000
vt 0.336671 0.000000
vt 0.337922 1.000000
vt 0.337922 0.000000
vt 0.339174 1.000000
vt 0.339174 0.000000
vt 0.340426 1.000000
vt 0.340426 0.000000
vt 0.341677 1.000000
vt 0.341677 0.000000
vt 0.342929 1.000000
vt 0.342929 0.000000
vt 0.344180 1.000000
vt 0.344180 0.000000
vt 0.345432 1.000000
vt 0.345432 0.000000
vt 0.346683 1.000000
vt 0.346683 0.000000
vt 0.347935 1.000000
vt 0.347935 0.000000
vt 0.349186 1.000000
vt 0.349186 0.000000
vt 0.350438 1.000000
vt 0.350438 0.000000
vt 0.351690 1.000000
vt 0.351690 0.000000
vt 0.352941 1.000000
vt 0.352941 0.000000
vt 0.354193 1.000000
vt 0.354193 0.000000
vt 0.355444 1.000000
vt 0.355444 0.000000
vt 0.356696 1.000000
vt 0.356696 0.000000
vt 0.357947 1.000000
vt 0.357947 0.000000
vt 0.359199 1.000000
vt 0.359199 0.000000
vt 0.360451 1.000000
vt 0.360451 0.000000
vt 0.361702 1.000000
vt 0.361702 0.000000
vt 0.362954 1.000000
vt 0.362954 0.000000
vt 0.364205 1.000000
vt 0.364205 0.000000
vt 0.365457 1.000000
vt 0.365457 0.000000
vt 0.366708 1.000000
vt 0.366708 0.000000
vt 0.367960 1.000000
vt 0.367960 0.000000
vt 0.369212 1.000000
vt 0.369212 0.000000
vt 0.370463 1.000000
vt 0.370463 0.000000
vt 0.371715 1.000000
vt 0.371715 0.000000
vt 0.372966 1.000000
vt 0.372966 0.000000
vt 0.374218 1.000000
vt 0.374218 0.000000
vt 0.375469 1.000000
vt 0.375469 0.000000
vt 0.376721 1.000000
vt 0.376721 0.000000
vt 0.377972 1.000000
vt 0.377972 0.000000
vt 0.379224 1.000000
vt 0.379224 0.000000
vt 0.380476 1.000000
vt 0.380476 0.000000
vt 0.381727 1.000000
vt 0.381727 0.000000
vt 0.382979 1.000000
vt 0.382979 0.000000
vt 0.384230 1.000000
vt 0.384230 0.000000
vt 0.385482 1.000000
vt 0.385482 0.000000
vt 0.386733 1.000000
vt 0.386733 0.000000
vt 0.387985 1.000000
vt 0.387985 0.000000
vt 0.389237 1.000000
vt 0.389237 0.000000
vt 0.390488 1.000000
vt 0.390488 0.000000
vt 0.391740 1.000000
vt 0.391740 0.000000
vt 0.392991 1.000000
vt 0.392991 0.000000
vt 0.394243 1.000000
vt 0.394243 0.000000
vt 0.395494 1.000000
vt 0.395494 0.000000
vt 0.396746 1.000000
vt 0.396746 0.000000
vt 0.397997 1.000000
vt 0.397997 0.000000
vt 0.399249 1.000000
vt 0.399249 0.000000
vt 0.400501 1.000000
vt 0.400501 0.000000
vt 0.401752 1.000000
vt 0.401752 0.000000
vt 0.403004 1.000000
vt 0.403004 0.000000
vt 0.404255 1.000000
vt 0.404255 0.000000
vt 0.405507 1.000000
vt 0.405507 0.000000
vt 0.406758 1.000000
vt 0.406758 0.000000
vt 0.408010 1.000000
vt 0.408010 0.000000
vt 0.409262 1.000000
vt 0.409262 0.000000
vt 0.410513 1.000000
vt 0.410513 0.000000
vt 0.411765 1.000000
vt 0.411765 0.000000
vt 0.413016 1.000000
vt 0.413016 0.000000
vt 0.414268 1.000000
vt 0.414268 0.000000
vt 0.415519 1.000000
vt 0.415519 0.000000
vt 0.416771 1.000000
vt 0.416771 0.000000
vt 0.418023 1.000000
vt 0.418023 0.000000
vt 0.419274 1.000000
vt 0.419274 0.000000
vt 0.420526 1.000000
vt 0.420526 0.000000
vt 0.421777 1.000000
vt 0.421777 0.000000
vt 0.423029 1.000000
vt 0.423029 0.000000
vt 0.424280 1.000000
vt 0.424280 0.000000
vt 0.425532 1.000000
vt 0.425532 0.000000
vt 0.426783 1.000000
vt 0.426783 0.000000
vt 0.428035 1.000000
vt 0.428035 0.000000
vt 0.429287 1.000000
vt 0.429287 0.000000
vt 0.430538 1.000000
vt 0.430538 0.000000
vt 0.431790 1.000000
vt 0.431790 0.000000
vt 0.433041 1.000000
vt 0.433041 0.000000
vt 0.434293 1.000000
vt 0.434293 0.000000
vt 0.435544 1.000000
vt 0.435544 0.000000
vt 0.436796 1.000000
vt 0.436796 0.000000
vt 0.438048 1.000000
vt 0.438048 0.000000
vt 0.439299 1.000000
vt 0.439299 0.000000
vt 0.440551 1.000000
vt 0.440551 0.000000
vt 0.441802 1.000000
vt 0.441802 0.000000
vt 0.443054 1.000000
vt 0.443054 0.000000
vt 0.444305 1.000000
vt 0.444305 0.000000
vt 0.445557 1.000000
vt 0.445557 0.000000
vt 0.446809 1.000000
vt 0.446809 0.000000
vt 0.448060 1.000000
vt 0.448060 0.000000
vt 0.449312 1.000000
vt 0.449312 0.000000
vt 0.450563 1.000000
vt 0.450563 0.000000
vt 0.451815 1.000000
vt 0.451815 0.000000
vt 0.453066 1.000000
vt 0.453066 0.000000
vt 0.454318 1.000000
vt 0.454318 0.000000
vt 0.455569 1.000000
vt 0.455569 0.000000
vt 0.456821 1.000000
vt 0.456821 0.000000
vt 0.458073 1.000000
vt 0.458073 0.000000
vt 0.459324 1.000000
vt 0.459324 0.000000
vt 0.460576 1.000000
vt 0.460576 0.000000
vt 0.461827 1.000000
vt 0.461827 0.000000
vt 0.463079 1.000000
vt 0.463079 0.000000
vt 0.464330 1.000000
vt 0.464330 0.000000
vt 0.465582 1.000000
vt 0.465582 0.000000
vt 0.466834 1.000000
vt 0.466834 0.000000
vt 0.468085 1.000000
vt 0.468085 0.000000
vt 0.469337 1.000000
vt 0.469337 0.000000
vt 0.470588 1.000000
vt 0.470588 0.000000
vt 0.471840 1.000000
vt 0.471840 0.000000
vt 0.473091 1.000000
vt 0.473091 0.000000
vt 0.474343 1.000000
vt 0.474343 0.000000
vt 0.475594 1.000000
vt 0.475594 0.000000
vt 0.476846 1.000000
vt 0.476846 0.000000
vt 0.478098 1.000000
vt 0.478098 0.000000
vt 0.479349 1.000000
vt 0.479349 0.000000
vt 0.480601 1.000000
vt 0.480601 0.000000
vt 0.481852 1.000000
vt 0.481852 0.000000
vt 0.483104 1.000000
vt 0.483104 0.000000
vt 0.484355 1.000000
vt 0.484355 0.000000
vt 0.485607 1.000000
vt 0.485607 0.000000
vt 0.486859 1.000000
vt 0.486859 0.000000
vt 0.488110 1.000000
vt 0.488110 0.000000
vt 0.489362 1.000000
vt 0.489362 0.000000
vt 0.490613 1.000000
vt 0.490613 0.000000
vt 0.491865 1.000000
vt 0.491865 0.000000
vt 0.493116 1.000000
vt 0.493116 0.000000
vt 0.494368 1.000000
vt 0.494368 0.000000
vt 0.495620 1.000000
vt 0.495620 0.000000
vt 0.496871 1.000000
vt 0.496871 0.000000
vt 0.498123 1.000000
vt 0.498123 0.000000
vt 0.499374 1.000000
vt 0.499374 0.000000
vt 0.500626 1.000000
vt 0.500626 0.000000
vt 0.501877 1.000000
vt 0.501877 0.000000
vt 0.503129 1.000000
vt 0.503129 0.000000
vt 0.504380 1.000000
vt 0.504380 0.000000
vt 0.505632 1.000000
vt 0.505632 0.000000
vt 0.506884 1.000000
vt 0.506884 0.000000
vt 0.508135 1.000000
vt 0.508135 0.000000
vt 0.509387 1.000000
vt 0.509387 0.000000
vt 0.510638 1.000000
vt 0.510638 0.000000
vt 0.511890 1.000000
vt 0.511890 0.000000
vt 0.513141 1.000000
vt 0.513141 0.000000
vt 0.514393 1.000000
vt 0.514393 0.000000
vt 0.515645 1.000000
vt 0.515645 0.000000
vt 0.516896 1.000000
vt 0.516896 0.000000
vt 0.518148 1.000000
vt 0.518148 0.000000
vt 0.519399 1.000000
vt 0.519399 0.000000
vt 0.520651 1.000000
vt 0.520651 0.000000
vt 0.521902 1.000000
vt 0.521902 0.000000
vt 0.523154 1.000000
vt 0.523154 0.000000
vt 0.524405 1.000000
vt 0.524405 0.000000
vt 0.525657 1.000000
vt 0.525657 0.000000
vt 0.526909 1.000000
vt 0.526909 0.000000
vt 0.528160 1.000000
vt 0.528160 0.000000
vt 0.529412 1.000000
vt 0.529412 0.000000
vt 0.530663 1.000000
vt 0.530663 0.000000
vt 0.531915 1.000000
vt 0.531915 0.000000
vt 0.533166 1.000000
vt 0.533166 0.000000
vt 0.534418 1.000000
vt 0.534418 0.000000
vt 0.535670 1.000000
vt 0.535670 0.000000
vt 0.536921 1.000000
vt 0.536921 0.000000
vt 0.538173 1.000000
vt 0.538173 0.000000
vt 0.539424 1.000000
vt 0.539424 0.000000
vt 0.540676 1.000000
vt 0.540676 0.000000
vt 0.541927 1.000000
vt 0.541927 0.000000
vt 0.543179 1.000000
vt 0.543179 0.000000
vt 0.544431 1.000000
vt 0.544431 0.000000
vt 0.545682 1.000000
vt 0.545682 0.000000
vt 0.546934 1.000000
vt 0.546934 0.000000
vt 0.548185 1.000000
vt 0.548185 0.000000
vt 0.549437 1.000000
vt 0.549437 0.000000
vt 0.550688 1.000000
vt 0.550688 0.000000
vt 0.551940 1.000000
vt 0.551940 0.000000
vt 0.553191 1.000000
vt 0.553191 0.000000
vt 0.554443 1.000000
vt 0.554443 0.000000
vt 0.555695 1.000000
vt 0.555695 0.000000
vt 0.556946 1.000000
vt 0.556946 0.000000
vt 0.558198 1.000000
vt 0.558198 0.000000
vt 0.559449 1.000000
vt 0.559449 0.000000
vt 0.560701 1.000000
vt 0.560701 0.000000
vt 0.561952 1.000000
vt 0.561952 0.000000
vt 0.563204 1.000000
vt 0.563204 0.000000
vt 0.564456 1.000000
vt 0.564456 0.000000
vt 0.565707 1.000000
vt 0.565707 0.000000
vt 0.566959 1.000000
vt 0.566959 0.000000
vt 0.568210 1.000000
vt 0.568210 0.000000
vt 0.569462 1.000000
vt 0.569462 0.000000
vt 0.570713 1.000000
vt 0.570713 0.000000
vt 0.571965 1.000000
vt 0.571965 0.000000
vt 0.573216 1.000000
vt 0.573216 0.000000
vt 0.574468 1.000000
vt 0.574468 0.000000
vt 0.575720 1.000000
vt 0.575720 0.000000
vt 0.576971 1.000000
vt 0.576971 0.000000
vt 0.578223 1.000000
vt 0.578223 0.000000
vt 0.579474 1.000000
vt 0.579474 0.000000
vt 0.580726 1.000000
vt 0.580726 0.000000
vt 0.581977 1.000000
vt 0.581977 0.000000
vt 0.583229 1.000000
vt 0.583229 0.000000
vt 0.584481 1.000000
vt 0.584481 0.000000
vt 0.585732 1.000000
vt 0.585732 0.000000
vt 0.586984 1.000000
vt 0.586984 0.000000
vt 0.588235 1.000000
vt 0.588235 0.000000
vt 0.589487 1.000000
vt 0.589487 0.000000
vt 0.590738 1.000000
vt 0.590738 0.000000
vt 0.591990 1.000000
vt 0.591990 0.000000
vt 0.593242 1.000000
vt 0.593242 0.000000
vt 0.594493 1.000000
vt 0.594493 0.000000
vt 0.595745 1.000000
vt 0.595745 0.000000
vt 0.596996 1.000000
vt 0.596996 0.000000
vt 0.598248 1.000000
vt 0.598248 0.000000
vt 0.599499 1.000000
vt 0.599499 0.000000
vt 0.600751 1.000000
vt 0.600751 0.000000
vt 0.602003 1.000000
vt 0.602003 0.000000
vt 0.603254 1.000000
vt 0.603254 0.000000
vt 0.604506 1.000000
vt 0.604506 0.000000
vt 0.605757 1.000000
vt 0.605757 0.000000
vt 0.607009 1.000000
vt 0.607009 0.000000
vt 0.608260 1.000000
vt 0.608260 0.000000
vt 0.609512 1.000000
vt 0.609512 0.000000
vt 0.610763 1.000000
vt 0.610763 0.000000
vt 0.612015 1.000000
vt 0.612015 0.000000
vt 0.613267 1.000000
vt 0.613267 0.000000
vt 0.614518 1.000000
vt 0.614518 0.000000
vt 0.615770 1.000000
vt 0.615770 0.000000
vt 0.617021 1.000000
vt 0.617021 0.000000
vt 0.618273 1.000000
vt 0.618273 0.000000
vt 0.619524 1.000000
vt 0.619524 0.000000
vt 0.620776 1.000000
vt 0.620776 0.000000
vt 0.622028 1.000000
vt 0.622028 0.000000
vt 0.623279 1.000000
vt 0.623279 0.000000
vt 0.624531 1.000000
vt 0.624531 0.000000
vt 0.625782 1.000000
vt 0.625782 0.000000
vt 0.627034 1.000000
vt 0.627034 0.000000
vt 0.628285 1.000000
vt 0.628285 0.000000
vt 0.629537 1.000000
vt 0.629537 0.000000
vt 0.630789 1.000000
vt 0.630789 0.000000
vt 0.632040 1.000000
vt 0.632040 0.000000
vt 0.633292 1.000000
vt 0.633292 0.000000
vt 0.634543 1.000000
vt 0.634543 0.000000
vt 0.635795 1.000000
vt 0.635795 0.000000
vt 0.637046 1.000000
vt 0.637046 0.000000
vt 0.638298 1.000000
vt 0.638298 0.000000
vt 0.639549 1.000000
vt 0.639549 0.000000
vt 0.640801 1.000000
vt 0.640801 0.000000
vt 0.642053 1.000000
vt 0.642053 0.000000
vt 0.643304 1.000000
vt 0.643304 0.000000
vt 0.644556 1.000000
vt 0.644556 0.000000
vt 0.645807 1.000000
vt 0.645807 0.000000
vt 0.647059 1.000000
vt 0.647059 0.000000
vt 0.648310 1.000000
vt 0.648310 0.000000
vt 0.649562 1.000000
vt 0.649562 0.000000
vt 0.650814 1.000000
vt 0.650814 0.000000
vt 0.652065 1.000000
vt 0.652065 0.000000
vt 0.653317 1.000000
vt 0.653317 0.000000
vt 0.654568 1.000000
vt 0.654568 0.000000
vt 0.655820 1.000000
vt 0.655820 0.000000
vt 0.657071 1.000000
vt 0.657071 0.000000
vt 0.658323 1.000000
vt 0.658323 0.000000
vt 0.659574 1.000000
vt 0.659574 0.000000
vt 0.660826 1.000000
vt 0.660826 0.000000
vt 0.662078 1.000000
vt 0.662078 0.000000
vt 0.663329 1.000000
vt 0.663329 0.000000
vt 0.664581 1.000000
vt 0.664581 0.000000
vt 0.665832 1.000000
vt 0.665832 0.000000
vt 0.667084 1.000000
vt 0.667084 0.000000
vt 0.668335 1.000000
vt 0.668335 0.000000
vt 0.669587 1.000000
vt 0.669587 0.000000
vt 0.670839 1.000000
vt 0.670839 0.000000
vt 0.672090 1.000000
vt 0.672090 0.000000
vt 0.673342 1.000000
vt 0.673342 0.000000
vt 0.674593 1.000000
vt 0.674593 0.000000
vt 0.675845 1.000000
vt 0.675845 0.000000
vt 0.677096 1.000000
vt 0.677096 0.000000
vt 0.678348 1.000000
vt 0.678348 0.000000
vt 0.679600 1.000000
vt 0.679600 0.000000
vt 0.680851 1.000000
vt 0.680851 0.000000
vt 0.682103 1.000000
vt 0.682103 0.000000
vt 0.683354 1.000000
vt 0.683354 0.000000
vt 0.684606 1.000000
vt 0.684606 0.000000
vt 0.685857 1.000000
vt 0.685857 0.000000
vt 0.687109 1.000000
vt 0.687109 0.000000
vt 0.688360 1.000000
vt 0.688360 0.000000
vt 0.689612 1.000000
vt 0.689612 0.000000
vt 0.690864 1.000000
vt 0.690864 0.000000
vt 0.692115 1.000000
vt 0.692115 0.000000
vt 0.693367 1.000000
vt 0.693367 0.000000
vt 0.694618 1.000000
vt 0.694618 0.000000
vt 0.695870 1.000000
vt 0.695870 0.000000
vt 0.697121 1.000000
vt 0.697121 0.000000
vt 0.698373 1.000000
vt 0.698373 0.000000
vt 0.699625 1.000000
vt 0.699625 0.000000
vt 0.700876 1.000000
vt 0.700876 0.000000
vt 0.702128 1.000000
vt 0.702128 0.000000
vt 0.703379 1.000000
vt 0.703379 0.000000
vt 0.704631 1.000000
vt 0.704631 0.000000
vt 0.705882 1.000000
vt 0.705882 0.000000
vt 0.707134 1.000000
vt 0.707134 0.000000
vt 0.708385 1.000000
vt 0.708385 0.000000
vt 0.709637 1.000000
vt 0.709637 0.000000
vt 0.710889 1.000000
vt 0.710889 0.000000
vt 0.712140 1.000000
vt 0.712140 0.000000
vt 0.713392 1.000000
vt 0.713392 0.000000
vt 0.714643 1.000000
vt 0.714643 0.000000
vt 0.715895 1.000000
vt 0.715895 0.000000
vt 0.717146 1.000000
vt 0.717146 0.000000
vt 0.718398 1.000000
vt 0.718398 0.000000
vt 0.719650 1.000000
vt 0.719650 0.000000
vt 0.720901 1.000000
vt 0.720901 0.000000
vt 0.722153 1.000000
vt 0.722153 0.000000
vt 0.723404 1.000000
vt 0.723404 0.000000
vt 0.724656 1.000000
vt 0.724656 0.000000
vt 0.725907 1.000000
vt 0.725907 0.000000
vt 0.727159 1.000000
vt 0.727159 0.000000
vt 0.728411 1.000000
vt 0.728411 0.000000
vt 0.729662 1.000000
vt 0.729662 0.000000
vt 0.730914 1.000000
vt 0.730914 0.000000
vt 0.732165 1.000000
vt 0.732165 0.000000
vt 0.733417 1.000000
vt 0.733417 0.000000
vt 0.734668 1.000000
vt 0.734668 0.000000
vt 0.735920 1.000000
vt 0.735920 0.000000
vt 0.737171 1.000000
vt 0.737171 0.000000
vt 0.738423 1.000000
vt 0.738423 0.000000
vt 0.739675 1.000000
vt 0.739675 0.000000
vt 0.740926 1.000000
vt 0.740926 0.000000
vt 0.742178 1.000000
vt 0.742178 0.000000
vt 0.743429 1.000000
vt 0.743429 0.000000
vt 0.744681 1.000000
vt 0.744681 0.000000
vt 0.745932 1.000000
vt 0.745932 0.000000
vt 0.747184 1.000000
vt 0.747184 0.000000
vt 0.748436 1.000000
vt 0.748436 0.000000
vt 0.749687 1.000000
vt 0.749687 0.000000
vt 0.750939 1.000000
vt 0.750939 0.000000
vt 0.752190 1.000000
vt 0.752190 0.000000
vt 0.753442 1.000000
vt 0.753442 0.000000
vt 0.754693 1.000000
vt 0.754693 0.000000
vt 0.755945 1.000000
vt 0.755945 0.000000
vt 0.757196 1.000000
vt 0.757196 0.000000
vt 0.758448 1.000000
vt 0.758448 0.000000
vt 0.759700 1.000000
vt 0.759700 0.000000
vt 0.760951 1.000000
vt 0.760951 0.000000
vt 0.762203 1.000000
vt 0.762203 0.000000
vt 0.763454 1.000000
vt 0.763454 0.000000
vt 0.764706 1.000000
vt 0.764706 0.000000
vt 0.765957 1.000000
vt 0.765957 0.000000
vt 0.767209 1.000000
vt 0.767209 0.000000
vt 0.768461 1.000000
vt 0.768461 0.000000
vt 0.769712 1.000000
vt 0.769712 0.000000
vt 0.770964 1.000000
vt 0.770964 0.000000
vt 0.772215 1.000000
vt 0.772215 0.000000
vt 0.773467 1.000000
vt 0.773467 0.000000
vt 0.774718 1.000000
vt 0.774718 0.000000
vt 0.775970 1.000000
vt 0.775970 0.000000
vt 0.777222 1.000000
vt 0.777222 0.000000
vt 0.778473 1.000000
vt 0.778473 0.000000
vt 0.779725 1.000000
vt 0.779725 0.000000
vt 0.780976 1.000000
vt 0.780976 0.000000
vt 0.782228 1.000000
vt 0.782228 0.000000
vt 0.783479 1.000000
vt 0.783479 0.000000
vt 0.784731 1.000000
vt 0.784731 0.000000
vt 0.785982 1.000000
vt 0.785982 0.000000
vt 0.787234 1.000000
vt 0.787234 0.000000
vt 0.788486 1.000000
vt 0.788486 0.000000
vt 0.789737 1.000000
vt 0.789737 0.000000
vt 0.790989 1.000000
vt 0.790989 0.000000
vt 0.792240 1.000000
vt 0.792240 0.000000
vt 0.793492 1.000000
vt 0.793492 0.000000
vt 0.794743 1.000000
vt 0.794743 0.000000
vt 0.795995 1.000000
vt 0.795995 0.000000
vt 0.797247 1.000000
vt 0.797247 0.000000
vt 0.798498 1.000000
vt 0.798498 0.000000
vt 0.799750 1.000000
vt 0.799750 0.000000
vt 0.801001 1.000000
vt 0.801001 0.000000
vt 0.802253 1.000000
vt 0.802253 0.000000
vt 0.803504 1.000000
vt 0.803504 0.000000
vt 0.804756 1.000000
vt 0.804756 0.000000
vt 0.806008 1.000000
vt 0.806008 0.000000
vt 0.807259 1.000000
vt 0.807259 0.000000
vt 0.808511 1.000000
vt 0.808511 0.000000
vt 0.809762 1.000000
vt 0.809762 0.000000
vt 0.811014 1.000000
vt 0.811014 0.000000
vt 0.812265 1.000000
vt 0.812265 0.000000
vt 0.813517 1.000000
vt 0.813517 0.000000
vt 0.814768 1.000000
vt 0.814768 0.000000
vt 0.816020 1.000000
vt 0.816020 0.000000
vt 0.817272 1.000000
vt 0.817272 0.000000
vt 0.818523 1.000000
vt 0.818523 0.000000
vt 0.819775 1.000000
vt 0.819775 0.000000
vt 0.821026 1.000000
vt 0.821026 0.000000
vt 0.822278 1.000000
vt 0.822278 0.000000
vt 0.823529 1.000000
vt 0.823529 0.000000
vt 0.824781 1.000000
vt 0.824781 0.000000
vt 0.826033 1.000000
vt 0.826033 0.000000
vt 0.827284 1.000000
vt 0.827284 0.000000
vt 0.828536 1.000000
vt 0.828536 0.000000
vt 0.829787 1.000000
vt 0.829787 0.000000
vt 0.831039 1.000000
vt 0.831039 0.000000
vt 0.832290 1.000000
vt 0.832290 0.000000
vt 0.833542 1.000000
vt 0.833542 0.000000
vt 0.834794 1.000000
vt 0.834794 0.000000
vt 0.836045 1.000000
vt 0.836045 0.000000
vt 0.837297 1.000000
vt 0.837297 0.000000
vt 0.838548 1.000000
vt 0.838548 0.000000
vt 0.839800 1.000000
vt 0.839800 0.000000
vt 0.841051 1.000000
vt 0.841051 0.000000
vt 0.842303 1.000000
vt 0.842303 0.000000
vt 0.843554 1.000000
vt 0.843554 0.000000
vt 0.844806 1.000000
vt 0.844806 0.000000
vt 0.846058 1.000000
vt 0.846058 0.000000
vt 0.847309 1.000000
vt 0.847309 0.000000
vt 0.848561 1.000000
vt 0.848561 0.000000
vt 0.849812 1.000000
vt 0.849812 0.000000
vt 0.851064 1.000000
vt 0.851064 0.000000
vt 0.852315 1.000000
vt 0.852315 0.000000
vt 0.853567 1.000000
vt 0.853567 0.000000
vt 0.854819 1.000000
vt 0.854819 0.000000
vt 0.856070 1.000000
vt 0.856070 0.000000
vt 0.857322 1.000000
vt 0.857322 0.000000
vt 0.858573 1.000000
vt 0.858573 0.000000
vt 0.859825 1.000000
vt 0.859825 0.000000
vt 0.861076 1.000000
vt 0.861076 0.000000
vt 0.862328 1.000000
vt 0.862328 0.000000
vt 0.863579 1.000000
vt 0.863579 0.000000
vt 0.864831 1.000000
vt 0.864831 0.000000
vt 0.866083 1.000000
vt 0.866083 0.000000
vt 0.867334 1.000000
vt 0.867334 0.000000
vt 0.868586 1.000000
vt 0.868586 0.000000
vt 0.869837 1.000000
vt 0.869837 0.000000
vt 0.871089 1.000000
vt 0.871089 0.000000
vt 0.872340 1.000000
vt 0.872340 0.000000
vt 0.873592 1.000000
vt 0.873592 0.000000
vt 0.874844 1.000000
vt 0.874844 0.000000
vt 0.876095 1.000000
vt 0.876095 0.000000
vt 0.877347 1.000000
vt 0.877347 0.000000
vt 0.878598 1.000000
vt 0.878598 0.000000
vt 0.879850 1.000000
vt 0.879850 0.000000
vt 0.881101 1.000000
vt 0.881101 0.000000
vt 0.882353 1.000000
vt 0.882353 0.000000
vt 0.883605 1.000000
vt 0.883605 0.000000
vt 0.884856 1.000000
vt 0.884856 0.000000
vt 0.886108 1.000000
vt 0.886108 0.000000
vt 0.887359 1.000000
vt 0.887359 0.000000
vt 0.888611 1.000000
vt 0.888611 0.000000
vt 0.889862 1.000000
vt 0.889862 0.000000
vt 0.891114 1.000000
vt 0.891114 0.000000
vt 0.892365 1.000000
vt 0.892365 0.000000
vt 0.893617 1.000000
vt 0.893617 0.000000
vt 0.894869 1.000000
vt 0.894869 0.000000
vt 0.896120 1.000000
vt 0.896120 0.000000
vt 0.897372 1.000000
vt 0.897372 0.000000
vt 0.898623 1.000000
vt 0.898623 0.000000
vt 0.899875 1.000000
vt 0.899875 0.000000
vt 0.901126 1.000000
vt 0.901126 0.000000
vt 0.902378 1.000000
vt 0.902378 0.000000
vt 0.903630 1.000000
vt 0.903630 0.000000
vt 0.904881 1.000000
vt 0.904881 0.000000
vt 0.906133 1.000000
vt 0.906133 0.000000
vt 0.907384 1.000000
vt 0.907384 0.000000
vt 0.908636 1.000000
vt 0.908636 0.000000
vt 0.909887 1.000000
vt 0.909887 0.000000
vt 0.911139 1.000000
vt 0.911139 0.000000
vt 0.912390 1.000000
vt 0.912390 0.000000
vt 0.913642 1.000000
vt 0.913642 0.000000
vt 0.914894 1.000000
vt 0.914894 0.000000
vt 0.916145 1.000000
vt 0.916145 0.000000
vt 0.917397 1.000000
vt 0.917397 0.000000
vt 0.918648 1.000000
vt 0.918648 0.000000
vt 0.919900 1.000000
vt 0.919900 0.000000
vt 0.921151 1.000000
vt 0.921151 0.000000
vt 0.922403 1.000000
vt 0.922403 0.000000
vt 0.923655 1.000000
vt 0.923655 0.000000
vt 0.924906 1.000000
vt 0.924906 0.000000
vt 0.926158 1.000000
vt 0.926158 0.000000
vt 0.927409 1.000000
vt 0.927409 0.000000
vt 0.928661 1.000000
vt 0.928661 0.000000
vt 0.929912 1.000000
vt 0.929912 0.000000
vt 0.931164 1.000000
vt 0.931164 0.000000
vt 0.932416 1.000000
vt 0.932416 0.000000
vt 0.933667 1.000000
vt 0.933667 0.000000
vt 0.934919 1.000000
vt 0.934919 0.000000
vt 0.936170 1.000000
vt 0.936170 0.000000
vt 0.937422 1.000000
vt 0.937422 0.000000
vt 0.938673 1.000000
vt 0.938673 0.000000
vt 0.939925 1.000000
vt 0.939925 0.000000
vt 0.941176 1.000000
vt 0.941176 0.000000
vt 0.942428 1.000000
vt 0.942428 0.000000
vt 0.943680 1.000000
vt 0.943680 0.000000
vt 0.944931 1.000000
vt 0.944931 0.000000
vt 0.946183 1.000000
vt 0.946183 0.000000
vt 0.947434 1.000000
vt 0.947434 0.000000
vt 0.948686 1.000000
vt 0.948686 0.000000
vt 0.949937 1.000000
vt 0.949937 0.000000
vt 0.951189 1.000000
vt 0.951189 0.000000
vt 0.952441 1.000000
vt 0.952441 0.000000
vt 0.953692 1.000000
vt 0.953692 0.000000
vt 0.954944 1.000000
vt 0.954944 0.000000
vt 0.956195 1.000000
vt 0.956195 0.000000
vt 0.957447 1.000000
vt 0.957447 0.000000
vt 0.958698 1.000000
vt 0.958698 0.000000
vt 0.959950 1.000000
vt 0.959950 0.000000
vt 0.961201 1.000000
vt 0.961201 0.000000
vt 0.962453 1.000000
vt 0.962453 0.000000
vt 0.963705 1.000000
vt 0.963705 0.000000
vt 0.964956 1.000000
vt 0.964956 0.000000
vt 0.966208 1.000000
vt 0.966208 0.000000
vt 0.967459 1.000000
vt 0.967459 0.000000
vt 0.968711 1.000000
vt 0.968711 0.000000
vt 0.969962 1.000000
vt 0.969962 0.000000
vt 0.971214 1.000000
vt 0.971214 0.000000
vt 0.972466 1.000000
vt 0.972466 0.000000
vt 0.973717 1.000000
vt 0.973717 0.000000
vt 0.974969 1.000000
vt 0.974969 0.000000
vt 0.976220 1.000000
vt 0.976220 0.000000
vt 0.977472 1.000000
vt 0.977472 0.000000
vt 0.978723 1.000000
vt 0.978723 0.000000
vt 0.979975 1.000000
vt 0.979975 0.000000
vt 0.981227 1.000000
vt 0.981227 0.000000
vt 0.982478 1.000000
vt 0.982478 0.000000
vt 0.983730 1.000000
vt 0.983730 0.000000
vt 0.984981 1.000000
vt 0.984981 0.000000
vt 0.986233 1.000000
vt 0.986233 0.000000
vt 0.987484 1.000000
vt 0.987484 0.000000
vt 0.988736 1.000000
vt 0.988736 0.000000
vt 0.989987 1.000000
vt 0.989987 0.000000
vt 0.991239 1.000000
vt 0.991239 0.000000
vt 0.992491 1.000000
vt 0.992491 0.000000
vt 0.993742 1.000000
vt 0.993742 0.000000
vt 0.994994 1.000000
vt 0.994994 0.000000
vt 0.996245 1.000000
vt 0.996245 0.000000
vt 0.997497 1.000000
vt 0.997497 0.000000
vt 0.998748 1.000000
vt 0.998748 0.000000
vt 0.002309 1.000000
vt 0.002309 0.000000
vt 0.004619 1.000000
vt 0.004619 0.000000
vt 0.006928 1.000000
vt 0.006928 0.000000
vt 0.009238 1.000000
vt 0.009238 0.000000
vt 0.011547 1.000000
vt 0.011547 0.000000
vt 0.013857 1.000000
vt 0.013857 0.000000
vt 0.016166 1.000000
vt 0.016166 0.000000
vt 0.018476 1.000000
vt 0.018476 0.000000
vt 0.020785 1.000000
vt 0.020785 0.000000
vt 0.023095 1.000000
vt 0.023095 0.000000
vt 0.025404 1.000000
vt 0.025404 0.000000
vt 0.027714 1.000000
vt 0.027714 0.000000
vt 0.030023 1.000000
vt 0.030023 0.000000
vt 0.032333 1.000000
vt 0.032333 0.000000
vt 0.034642 1.000000
vt 0.034642 0.000000
vt 0.036952 1.000000
vt 0.036952 0.000000
vt 0.039261 1.000000
vt 0.039261 0.000000
vt 0.041570 1.000000
vt 0.041570 0.000000
vt 0.043880 1.000000
vt 0.043880 0.000000
vt 0.046189 1.000000
vt 0.046189 0.000000
vt 0.048499 1.000000
vt 0.048499 0.000000
vt 0.050808 1.000000
vt 0.050808 0.000000
vt 0.053118 1.000000
vt 0.053118 0.000000
vt 0.055427 1.000000
vt 0.055427 0.000000
vt 0.057737 1.000000
vt 0.057737 0.000000
vt 0.060046 1.000000
vt 0.060046 0.000000
vt 0.062356 1.000000
vt 0.062356 0.000000
vt 0.064665 1.000000
vt 0.064665 0.000000
vt 0.066975 1.000000
vt 0.066975 0.000000
vt 0.069284 1.000000
vt 0.069284 0.000000
vt 0.071594 1.000000
vt 0.071594 0.000000
vt 0.073903 1.000000
vt 0.073903 0.000000
vt 0.076212 1.000000
vt 0.076212 0.000000
vt 0.078522 1.000000
vt 0.078522 0.000000
vt 0.080831 1.000000
vt 0.080831 0.000000
vt 0.083141 1.000000
vt 0.083141 0.000000
vt 0.085450 1.000000
vt 0.085450 0.000000
vt 0.087760 1.000000
vt 0.087760 0.000000
vt 0.090069 1.000000
vt 0.090069 0.000000
vt 0.092379 1.000000
vt 0.092379 0.000000
vt 0.094688 1.000000
vt 0.094688 0.000000
vt 0.096998 1.000000
vt 0.096998 0.000000
vt 0.099307 1.000000
vt 0.099307 0.000000
vt 0.101617 1.000000
vt 0.101617 0.000000
vt 0.103926 1.000000
vt 0.103926 0.000000
vt 0.106236 1.000000
vt 0.106236 0.000000
vt 0.108545 1.000000
vt 0.108545 0.000000
vt 0.110855 1.000000
vt 0.110855 0.000000
vt 0.113164 1.000000
vt 0.113164 0.000000
vt 0.115473 1.000000
vt 0.115473 0.000000
vt 0.117783 1.000000
vt 0.117783 0.000000
vt 0.120092 1.000000
vt 0.120092 0.000000
vt 0.122402 1.000000
vt 0.122402 0.000000
vt 0.124711 1.000000
vt 0.124711 0.000000
vt 0.127021 1.000000
vt 0.127021 0.000000
vt 0.129330 1.000000
vt 0.129330 0.000000
vt 0.131640 1.000000
vt 0.131640 0.000000
vt 0.133949 1.000000
vt 0.133949 0.000000
vt 0.136259 1.000000
vt 0.136259 0.000000
vt 0.138568 1.000000
vt 0.138568 0.000000
vt 0.140878 1.000000
vt 0.140878 0.000000
vt 0.143187 1.000000
vt 0.143187 0.000000
vt 0.145497 1.000000
vt 0.145497 0.000000
vt 0.147806 1.000000
vt 0.147806 0.000000
vt 0.150115 1.000000
vt 0.150115 0.000000
vt 0.152425 1.000000
vt 0.152425 0.000000
vt 0.154734 1.000000
vt 0.154734 0.000000
vt 0.157044 1.000000
vt 0.157044 0.000000
vt 0.159353 1.000000
vt 0.159353 0.000000
vt 0.161663 1.000000
vt 0.161663 0.000000
vt 0.163972 1.000000
vt 0.163972 0.000000
vt 0.166282 1.000000
vt 0.166282 0.000000
vt 0.168591 1.000000
vt 0.168591 0.000000
vt 0.170901 1.000000
vt 0.170901 0.000000
vt 0.173210 1.000000
vt 0.173210 0.000000
vt 0.175520 1.000000
vt 0.175520 0.000000
vt 0.177829 1.000000
vt 0.177829 0.000000
vt 0.180139 1.000000
vt 0.180139 0.000000
vt 0.182448 1.000000
vt 0.182448 0.000000
vt 0.184758 1.000000
vt 0.184758 0.000000
vt 0.187067 1.000000
vt 0.187067 0.000000
vt 0.189376 1.000000
vt 0.189376 0.000000
vt 0.191686 1.000000
vt 0.191686 0.000000
vt 0.193995 1.000000
vt 0.193995 0.000000
vt 0.196305 1.000000
vt 0.196305 0.000000
vt 0.198614 1.000000
vt 0.198614 0.000000
vt 0.200924 1.000000
vt 0.200924 0.000000
vt 0.203233 1.000000
vt 0.203233 0.000000
vt 0.205543 1.000000
vt 0.205543 0.000000
vt 0.207852 1.000000
vt 0.207852 0.000000
vt 0.210162 1.000000
vt 0.210162 0.000000
vt 0.212471 1.000000
vt 0.212471 0.000000
vt 0.214781 1.000000
vt 0.214781 0.000000
vt 0.217090 1.000000
vt 0.217090 0.000000
vt 0.219400 1.000000
vt 0.219400 0.000000
vt 0.221709 1.000000
vt 0.221709 0.000000
vt 0.224018 1.000000
vt 0.224018 0.000000
vt 0.226328 1.000000
vt 0.226328 0.000000
vt 0.228637 1.000000
vt 0.228637 0.000000
vt 0.230947 1.000000
vt 0.230947 0.000000
vt 0.233256 1.000000
vt 0.233256 0.000000
vt 0.235566 1.000000
vt 0.235566 0.000000
vt 0.237875 1.000000
vt 0.237875 0.000000
vt 0.240185 1.000000
vt 0.240185 0.000000
vt 0.242494 1.000000
vt 0.242494 0.000000
vt 0.244804 1.000000
vt 0.244804 0.000000
vt 0.247113 1.000000
vt 0.247113 0.000000
vt 0.249423 1.000000
vt 0.249423 0.000000
vt 0.251732 1.000000
vt 0.251732 0.000000
vt 0.254042 1.000000
vt 0.254042 0.000000
vt 0.256351 1.000000
vt 0.256351 0.000000
vt 0.258660 1.000000
vt 0.258660 0.000000
vt 0.260970 1.000000
vt 0.260970 0.000000
vt 0.263279 1.000000
vt 0.263279 0.000000
vt 0.265589 1.000000
vt 0.265589 0.000000
vt 0.267898 1.000000
vt 0.267898 0.000000
vt 0.270208 1.000000
vt 0.270208 0.000000
vt 0.272517 1.000000
vt 0.272517 0.000000
vt 0.274827 1.000000
vt 0.274827 0.000000
vt 0.277136 1.000000
vt 0.277136 0.000000
vt 0.279446 1.000000
vt 0.279446 0.000000
vt 0.281755 1.000000
vt 0.281755 0.000000
vt 0.284065 1.000000
vt 0.284065 0.000000
vt 0.286374 1.000000
vt 0.286374 0.000000
vt 0.288684 1.000000
vt 0.288684 0.000000
vt 0.290993 1.000000
vt 0.290993 0.000000
vt 0.293303 1.000000
vt 0.293303 0.000000
vt 0.295612 1.000000
vt 0.295612 0.000000
vt 0.297921 1.000000
vt 0.297921 0.000000
vt 0.300231 1.000000
vt 0.300231 0.000000
vt 0.302540 1.000000
vt 0.302540 0.000000
vt 0.304850 1.000000
vt 0.304850 0.000000
vt 0.307159 1.000000
vt 0.307159 0.000000
vt 0.309469 1.000000
vt 0.309469 0.000000
vt 0.311778 1.000000
vt 0.311778 0.000000
vt 0.314088 1.000000
vt 0.314088 0.000000
vt 0.316397 1.000000
vt 0.316397 0.000000
vt 0.318707 1.000000
vt 0.318707 0.000000
vt 0.321016 1.000000
vt 0.321016 0.000000
vt 0.323326 1.000000
vt 0.323326 0.000000
vt 0.325635 1.000000
vt 0.325635 0.000000
vt 0.327945 1.000000
vt 0.327945 0.000000
vt 0.330254 1.000000
vt 0.330254 0.000000
vt 0.332564 1.000000
vt 0.332564 0.000000
vt 0.334873 1.000000
vt 0.334873 0.000000
vt 0.337182 1.000000
vt 0.337182 0.000000
vt 0.339492 1.000000
vt 0.339492 0.000000
vt 0.341801 1.000000
vt 0.341801 0.000000
vt 0.344111 1.000000
vt 0.344111 0.000000
vt 0.346420 1.000000
vt 0.346420 0.000000
vt 0.348730 1.000000
vt 0.348730 0.000000
vt 0.351039 1.000000
vt 0.351039 0.000000
vt 0.353349 1.000000
vt 0.353349 0.000000
vt 0.355658 1.000000
vt 0.355658 0.000000
vt 0.357968 1.000000
vt 0.357968 0.000000
vt 0.360277 1.000000
vt 0.360277 0.000000
vt 0.362587 1.000000
vt 0.362587 0.000000
vt 0.364896 1.000000
vt 0.364896 0.000000
vt 0.367206 1.000000
vt 0.367206 0.000000
vt 0.369515 1.000000
vt 0.369515 0.000000
vt 0.371824 1.000000
vt 0.371824 0.000000
vt 0.374134 1.000000
vt 0.374134 0.000000
vt 0.376443 1.000000
vt 0.376443 0.000000
vt 0.378753 1.000000
vt 0.378753 0.000000
vt 0.381062 1.000000
vt 0.381062 0.000000
vt 0.383372 1.000000
vt 0.383372 0.000000
vt 0.385681 1.000000
vt 0.385681 0.000000
vt 0.387991 1.000000
vt 0.387991 0.000000
vt 0.390300 1.000000
vt 0.390300 0.000000
vt 0.392610 1.000000
vt 0.392610 0.000000
vt 0.394919 1.000000
vt 0.394919 0.000000
vt 0.397229 1.000000
vt 0.397229 0.000000
vt 0.399538 1.000000
vt 0.399538 0.000000
vt 0.401848 1.000000
vt 0.401848 0.000000
vt 0.404157 1.000000
vt 0.404157 0.000000
vt 0.406467 1.000000
vt 0.406467 0.000000
vt 0.408776 1.000000
vt 0.408776 0.000000
vt 0.411085 1.000000
vt 0.411085 0.000000
vt 0.413395 1.000000
vt 0.413395 0.000000
vt 0.415704 1.000000
vt 0.415704 0.000000
vt 0.418014 1.000000
vt 0.418014 0.000000
vt 0.420323 1.000000
vt 0.420323 0.000000
vt 0.422633 1.000000
vt 0.422633 0.000000
vt 0.424942 1.000000
vt 0.424942 0.000000
vt 0.427252 1.000000
vt 0.427252 0.000000
vt 0.429561 1.000000
vt 0.429561 0.000000
vt 0.431871 1.000000
vt 0.431871 0.000000
vt 0.434180 1.000000
vt 0.434180 0.000000
vt 0.436490 1.000000
vt 0.436490 0.000000
vt 0.438799 1.000000
vt 0.438799 0.000000
vt 0.441109 1.000000
vt 0.441109 0.000000
vt 0.443418 1.000000
vt 0.443418 0.000000
vt 0.445727 1.000000
vt 0.445727 0.000000
vt 0.448037 1.000000
vt 0.448037 0.000000
vt 0.450346 1.000000
vt 0.450346 0.000000
vt 0.452656 1.000000
vt 0.452656 0.000000
vt 0.454965 1.000000
vt 0.454965 0.000000
vt 0.457275 1.000000
vt 0.457275 0.000000
vt 0.459584 1.000000
vt 0.459584 0.000000
vt 0.461894 1.000000
vt 0.461894 0.000000
vt 0.464203 1.000000
vt 0.464203 0.000000
vt 0.466513 1.000000
vt 0.466513 0.000000
vt 0.468822 1.000000
vt 0.468822 0.000000
vt 0.471132 1.000000
vt 0.471132 0.000000
vt 0.473441 1.000000
vt 0.473441 0.000000
vt 0.475751 1.000000
vt 0.475751 0.000000
vt 0.478060 1.000000
vt 0.478060 0.000000
vt 0.480370 1.000000
vt 0.480370 0.000000
vt 0.482679 1.000000
vt 0.482679 0.000000
vt 0.484988 1.000000
vt 0.484988 0.000000
vt 0.487298 1.000000
vt 0.487298 0.000000
vt 0.489607 1.000000
vt 0.489607 0.000000
vt 0.491917 1.000000
vt 0.491917 0.000000
vt 0.494226 1.000000
vt 0.494226 0.000000
vt 0.496536 1.000000
vt 0.496536 0.000000
vt 0.498845 1.000000
vt 0.498845 0.000000
vt 0.501155 1.000000
vt 0.501155 0.000000
vt 0.503464 1.000000
vt 0.503464 0.000000
vt 0.505774 1.000000
vt 0.505774 0.000000
vt 0.508083 1.000000
vt 0.508083 0.000000
vt 0.510393 1.000000
vt 0.510393 0.000000
vt 0.512702 1.000000
vt 0.512702 0.000000
vt 0.515012 1.000000
vt 0.515012 0.000000
vt 0.517321 1.000000
vt 0.517321 0.000000
vt 0.519630 1.000000
vt 0.519630 0.000000
vt 0.521940 1.000000
vt 0.521940 0.000000
vt 0.524249 1.000000
vt 0.524249 0.000000
vt 0.526559 1.000000
vt 0.526559 0.000000
vt 0.528868 1.000000
vt 0.528868 0.000000
vt 0.531178 1.000000
vt 0.531178 0.000000
vt 0.533487 1.000000
vt 0.533487 0.000000
vt 0.535797 1.000000
vt 0.535797 0.000000
vt 0.538106 1.000000
vt 0.538106 0.000000
vt 0.540416 1.000000
vt 0.540416 0.000000
vt 0.542725 1.000000
vt 0.542725 0.000000
vt 0.545035 1.000000
vt 0.545035 0.000000
vt 0.547344 1.000000
vt 0.547344 0.000000
vt 0.549654 1.000000
vt 0.549654 0.000000
vt 0.551963 1.000000
vt 0.551963 0.000000
vt 0.554273 1.000000
vt 0.554273 0.000000
vt 0.556582 1.000000
vt 0.556582 0.000000
vt 0.558891 1.000000
vt 0.558891 0.000000
vt 0.561201 1.000000
vt 0.561201 0.000000
vt 0.563510 1.000000
vt 0.563510 0.000000
vt 0.565820 1.000000
vt 0.565820 0.000000
vt 0.568129 1.000000
vt 0.568129 0.000000
vt 0.570439 1.000000
vt 0.570439 0.000000
vt 0.572748 1.000000
vt 0.572748 0.000000
vt 0.575058 1.000000
vt 0.575058 0.000000
vt 0.577367 1.000000
vt 0.577367 0.000000
vt 0.579677 1.000000
vt 0.579677 0.000000
vt 0.581986 1.000000
vt 0.581986 0.000000
vt 0.584296 1.000000
vt 0.584296 0.000000
vt 0.586605 1.000000
vt 0.586605 0.000000
vt 0.588915 1.000000
vt 0.588915 0.000000
vt 0.591224 1.000000
vt 0.591224 0.000000
vt 0.593534 1.000000
vt 0.593534 0.000000
vt 0.595843 1.000000
vt 0.595843 0.000000
vt 0.598152 1.000000
vt 0.598152 0.000000
vt 0.600462 1.000000
vt 0.600462 0.000000
vt 0.602771 1.000000
vt 0.602771 0.000000
vt 0.605081 1.000000
vt 0.605081 0.000000
vt 0.607390 1.000000
vt 0.607390 0.000000
vt 0.609700 1.000000
vt 0.609700 0.000000
vt 0.612009 1.000000
vt 0.612009 0.000000
vt 0.614319 1.000000
vt 0.614319 0.000000
vt 0.616628 1.000000
vt 0.616628 0.000000
vt 0.618938 1.000000
vt 0.618938 0.000000
vt 0.621247 1.000000
vt 0.621247 0.000000
vt 0.623557 1.000000
vt 0.623557 0.000000
vt 0.625866 1.000000
vt 0.625866 0.000000
vt 0.628175 1.000000
vt 0.628175 0.000000
vt 0.630485 1.000000
vt 0.630485 0.000000
vt 0.632794 1.000000
vt 0.632794 0.000000
vt 0.635104 1.000000
vt 0.635104 0.000000
vt 0.637413 1.000000
vt 0.637413 0.000000
vt 0.639723 1.000000
vt 0.639723 0.000000
vt 0.642032 1.000000
vt 0.642032 0.000000
vt 0.644342 1.000000
vt 0.644342 0.000000
vt 0.646651 1.000000
vt 0.646651 0.000000
vt 0.648961 1.000000
vt 0.648961 0.000000
vt 0.651270 1.000000
vt 0.651270 0.000000
vt 0.653580 1.000000
vt 0.653580 0.000000
vt 0.655889 1.000000
vt 0.655889 0.000000
vt 0.658199 1.000000
vt 0.658199 0.000000
vt 0.660508 1.000000
vt 0.660508 0.000000
vt 0.662818 1.000000
vt 0.662818 0.000000
vt 0.665127 1.000000
vt 0.665127 0.000000
vt 0.667436 1.000000
vt 0.667436 0.000000
vt 0.669746 1.000000
vt 0.669746 0.000000
vt 0.672055 1.000000
vt 0.672055 0.000000
vt 0.674365 1.000000
vt 0.674365 0.000000
vt 0.676674 1.000000
vt 0.676674 0.000000
vt 0.678984 1.000000
vt 0.678984 0.000000
vt 0.681293 1.000000
vt 0.681293 0.000000
vt 0.683603 1.000000
vt 0.683603 0.000000
vt 0.685912 1.000000
vt 0.685912 0.000000
vt 0.688222 1.000000
vt 0.688222 0.000000
vt 0.690531 1.000000
vt 0.690531 0.000000
vt 0.692841 1.000000
vt 0.692841 0.000000
vt 0.695150 1.000000
vt 0.695150 0.000000
vt 0.697460 1.000000
vt 0.697460 0.000000
vt 0.699769 1.000000
vt 0.699769 0.000000
vt 0.702079 1.000000
vt 0.702079 0.000000
vt 0.704388 1.000000
vt 0.704388 0.000000
vt 0.706697 1.000000
vt 0.706697 0.000000
vt 0.709007 1.000000
vt 0.709007 0.000000
vt 0.711316 1.000000
vt 0.711316 0.000000
vt 0.713626 1.000000
vt 0.713626 0.000000
vt 0.715935 1.000000
vt 0.715935 0.000000
vt 0.718245 1.000000
vt 0.718245 0.000000
vt 0.720554 1.000000
vt 0.720554 0.000000
vt 0.722864 1.000000
vt 0.722864 0.000000
vt 0.725173 1.000000
vt 0.725173 0.000000
vt 0.727483 1.000000
vt 0.727483 0.000000
vt 0.729792 1.000000
vt 0.729792 0.000000
vt 0.732102 1.000000
vt 0.732102 0.000000
vt 0.734411 1.000000
vt 0.734411 0.000000
vt 0.736721 1.000000
vt 0.736721 0.000000
vt 0.739030 1.000000
vt 0.739030 0.000000
vt 0.741340 1.000000
vt 0.741340 0.000000
vt 0.743649 1.000000
vt 0.743649 0.000000
vt 0.745958 1.000000
vt 0.745958 0.000000
vt 0.748268 1.000000
vt 0.748268 0.000000
vt 0.750577 1.000000
vt 0.750577 0.000000
vt 0.752887 1.000000
vt 0.752887 0.000000
vt 0.755196 1.000000
vt 0.755196 0.000000
vt 0.757506 1.000000
vt 0.757506 0.000000
vt 0.759815 1.000000
vt 0.759815 0.000000
vt 0.762125 1.000000
vt 0.762125 0.000000
vt 0.764434 1.000000
vt 0.764434 0.000000
vt 0.766744 1.000000
vt 0.766744 0.000000
vt 0.769053 1.000000
vt 0.769053 0.000000
vt 0.771363 1.000000
vt 0.771363 0.000000
vt 0.773672 1.000000
vt 0.773672 0.000000
vt 0.775982 1.000000
vt 0.775982 0.000000
vt 0.778291 1.000000
vt 0.778291 0.000000
vt 0.780600 1.000000
vt 0.780600 0.000000
vt 0.782910 1.000000
vt 0.782910 0.000000
vt 0.785219 1.000000
vt 0.785219 0.000000
vt 0.787529 1.000000
vt 0.787529 0.000000
vt 0.789838 1.000000
vt 0.789838 0.000000
vt 0.792148 1.000000
vt 0.792148 0.000000
vt 0.794457 1.000000
vt 0.794457 0.000000
vt 0.796767 1.000000
vt 0.796767 0.000000
vt 0.799076 1.000000
vt 0.799076 0.000000
vt 0.801386 1.000000
vt 0.801386 0.000000
vt 0.803695 1.000000
vt 0.803695 0.000000
vt 0.806005 1.000000
vt 0.806005 0.000000
vt 0.808314 1.000000
vt 0.808314 0.000000
vt 0.810624 1.000000
vt 0.810624 0.000000
vt 0.812933 1.000000
vt 0.812933 0.000000
vt 0.815242 1.000000
vt 0.815242 0.000000
vt 0.817552 1.000000
vt 0.817552 0.000000
vt 0.819861 1.000000
vt 0.819861 0.000000
vt 0.822171 1.000000
vt 0.822171 0.000000
vt 0.824480 1.000000
vt 0.824480 0.000000
vt 0.826790 1.000000
vt 0.826790 0.000000
vt 0.829099 1.000000
vt 0.829099 0.000000
vt 0.831409 1.000000
vt 0.831409 0.000000
vt 0.833718 1.000000
vt 0.833718 0.000000
vt 0.836028 1.000000
vt 0.836028 0.000000
vt 0.838337 1.000000
vt 0.838337 0.000000
vt 0.840647 1.000000
vt 0.840647 0.000000
vt 0.842956 1.000000
vt 0.842956 0.000000
vt 0.845266 1.000000
vt 0.845266 0.000000
vt 0.847575 1.000000
vt 0.847575 0.000000
vt 0.849885 1.000000
vt 0.849885 0.000000
vt 0.852194 1.000000
vt 0.852194 0.000000
vt 0.854503 1.000000
vt 0.854503 0.000000
vt 0.856813 1.000000
vt 0.856813 0.000000
vt 0.859122 1.000000
vt 0.859122 0.000000
vt 0.861432 1.000000
vt 0.861432 0.000000
vt 0.863741 1.000000
vt 0.863741 0.000000
vt 0.866051 1.000000
vt 0.866051 0.000000
vt 0.868360 1.000000
vt 0.868360 0.000000
vt 0.870670 1.000000
vt 0.870670 0.000000
vt 0.872979 1.000000
vt 0.872979 0.000000
vt 0.875289 1.000000
vt 0.875289 0.000000
vt 0.877598 1.000000
vt 0.877598 0.000000
vt 0.879908 1.000000
vt 0.879908 0.000000
vt 0.882217 1.000000
vt 0.882217 0.000000
vt 0.884527 1.000000
vt 0.884527 0.000000
vt 0.886836 1.000000
vt 0.886836 0.000000
vt 0.889145 1.000000
vt 0.889145 0.000000
vt 0.891455 1.000000
vt 0.891455 0.000000
vt 0.893764 1.000000
vt 0.893764 0.000000
vt 0.896074 1.000000
vt 0.896074 0.000000
vt 0.898383 1.000000
vt 0.898383 0.000000
vt 0.900693 1.000000
vt 0.900693 0.000000
vt 0.903002 1.000000
vt 0.903002 0.000000
vt 0.905312 1.000000
vt 0.905312 0.000000
vt 0.907621 1.000000
vt 0.907621 0.000000
vt 0.909931 1.000000
vt 0.909931 0.000000
vt 0.912240 1.000000
vt 0.912240 0.000000
vt 0.914550 1.000000
vt 0.914550 0.000000
vt 0.916859 1.000000
vt 0.916859 0.000000
vt 0.919169 1.000000
vt 0.919169 0.000000
vt 0.921478 1.000000
vt 0.921478 0.000000
vt 0.923788 1.000000
vt 0.923788 0.000000
vt 0.926097 1.000000
vt 0.926097 0.000000
vt 0.928406 1.000000
vt 0.928406 0.000000
vt 0.930716 1.000000
vt 0.930716 0.000000
vt 0.933025 1.000000
vt 0.933025 0.000000
vt 0.935335 1.000000
vt 0.935335 0.000000
vt 0.937644 1.000000
vt 0.937644 0.000000
vt 0.939954 1.000000
vt 0.939954 0.000000
vt 0.942263 1.000000
vt 0.942263 0.000000
vt 0.944573 1.000000
vt 0.944573 0.000000
vt 0.946882 1.000000
vt 0.946882 0.000000
vt 0.949192 1.000000
vt 0.949192 0.000000
vt 0.951501 1.000000
vt 0.951501 0.000000
vt 0.953811 1.000000
vt 0.953811 0.000000
vt 0.956120 1.000000
vt 0.956120 0.000000
vt 0.958430 1.000000
vt 0.958430 0.000000
vt 0.960739 1.000000
vt 0.960739 0.000000
vt 0.963049 1.000000
vt 0.963049 0.000000
vt 0.965358 1.000000
vt 0.965358 0.000000
vt 0.967667 1.000000
vt 0.967667 0.000000
vt 0.969977 1.000000
vt 0.969977 0.000000
vt 0.972286 1.000000
vt 0.972286 0.000000
vt 0.974596 1.000000
vt 0.974596 0.000000
vt 0.976905 1.000000
vt 0.976905 0.000000
vt 0.979215 1.000000
vt 0.979215 0.000000
vt 0.981524 1.000000
vt 0.981524 0.000000
vt 0.983834 1.000000
vt 0.983834 0.000000
vt 0.986143 1.000000
vt 0.986143 0.000000
vt 0.988453 1.000000
vt 0.988453 0.000000
vt 0.990762 1.000000
vt 0.990762 0.000000
vt 0.993072 1.000000
vt 0.993072 0.000000
vt 0.995381 1.000000
vt 0.995381 0.000000
vt 0.997691 1.000000
vt 0.997691 0.000000
vt 0.008264 1.000000
vt 0.008264 0.000000
vt 0.016529 1.000000
vt 0.016529 0.000000
vt 0.024793 1.000000
vt 0.024793 0.000000
vt 0.033058 1.000000
vt 0.033058 0.000000
vt 0.041322 1.000000
vt 0.041322 0.000000
vt 0.049587 1.000000
vt 0.049587 0.000000
vt 0.057851 1.000000
vt 0.057851 0.000000
vt 0.066116 1.000000
vt 0.066116 0.000000
vt 0.074380 1.000000
vt 0.074380 0.000000
vt 0.082645 1.000000
vt 0.082645 0.000000
vt 0.090909 1.000000
vt 0.090909 0.000000
vt 0.099174 1.000000
vt 0.099174 0.000000
vt 0.107438 1.000000
vt 0.107438 0.000000
vt 0.115702 1.000000
vt 0.115702 0.000000
vt 0.123967 1.000000
vt 0.123967 0.000000
vt 0.132231 1.000000
vt 0.132231 0.000000
vt 0.140496 1.000000
vt 0.140496 0.000000
vt 0.148760 1.000000
vt 0.148760 0.000000
vt 0.157025 1.000000
vt 0.157025 0.000000
vt 0.165289 1.000000
vt 0.165289 0.000000
vt 0.173554 1.000000
vt 0.173554 0.000000
vt 0.181818 1.000000
vt 0.181818 0.000000
vt 0.190083 1.000000
vt 0.190083 0.000000
vt 0.198347 1.000000
vt 0.198347 0.000000
vt 0.206612 1.000000
vt 0.206612 0.000000
vt 0.214876 1.000000
vt 0.214876 0.000000
vt 0.223140 1.000000
vt 0.223140 0.000000
vt 0.231405 1.000000
vt 0.231405 0.000000
vt 0.239669 1.000000
vt 0.239669 0.000000
vt 0.247934 1.000000
vt 0.247934 0.000000
vt 0.256198 1.000000
vt 0.256198 0.000000
vt 0.264463 1.000000
vt 0.264463 0.000000
vt 0.272727 1.000000
vt 0.272727 0.000000
vt 0.280992 1.000000
vt 0.280992 0.000000
vt 0.289256 1.000000
vt 0.289256 0.000000
vt 0.297521 1.000000
vt 0.297521 0.000000
vt 0.305785 1.000000
vt 0.305785 0.000000
vt 0.314050 1.000000
vt 0.314050 0.000000
vt 0.322314 1.000000
vt 0.322314 0.000000
vt 0.330579 1.000000
vt 0.330579 0.000000
vt 0.338843 1.000000
vt 0.338843 0.000000
vt 0.347107 1.000000
vt 0.347107 0.000000
vt 0.355372 1.000000
vt 0.355372 0.000000
vt 0.363636 1.000000
vt 0.363636 0.000000
vt 0.371901 1.000000
vt 0.371901 0.000000
vt 0.380165 1.000000
vt 0.380165 0.000000
vt 0.388430 1.000000
vt 0.388430 0.000000
vt 0.396694 1.000000
vt 0.396694 0.000000
vt 0.404959 1.000000
vt 0.404959 0.000000
vt 0.413223 1.000000
vt 0.413223 0.000000
vt 0.421488 1.000000
vt 0.421488 0.000000
vt 0.429752 1.000000
vt 0.429752 0.000000
vt 0.438017 1.000000
vt 0.438017 0.000000
vt 0.446281 1.000000
vt 0.446281 0.000000
vt 0.454545 1.000000
vt 0.454545 0.000000
vt 0.462810 1.000000
vt 0.462810 0.000000
vt 0.471074 1.000000
vt 0.471074 0.000000
vt 0.479339 1.000000
vt 0.479339 0.000000
vt 0.487603 1.000000
vt 0.487603 0.000000
vt 0.495868 1.000000
vt 0.495868 0.000000
vt 0.504132 1.000000
vt 0.504132 0.000000
vt 0.512397 1.000000
vt 0.512397 0.000000
vt 0.520661 1.000000
vt 0.520661 0.000000
vt 0.528926 1.000000
vt 0.528926 0.000000
vt 0.537190 1.000000
vt 0.537190 0.000000
vt 0.545455 1.000000
vt 0.545455 0.000000
vt 0.553719 1.000000
vt 0.553719 0.000000
vt 0.561983 1.000000
vt 0.561983 0.000000
vt 0.570248 1.000000
vt 0.570248 0.000000
vt 0.578512 1.000000
vt 0.578512 0.000000
vt 0.586777 1.000000
vt 0.586777 0.000000
vt 0.595041 1.000000
vt 0.595041 0.000000
vt 0.603306 1.000000
vt 0.603306 0.000000
vt 0.611570 1.000000
vt 0.611570 0.000000
vt 0.619835 1.000000
vt 0.619835 0.000000
vt 0.628099 1.000000
vt 0.628099 0.000000
vt 0.636364 1.000000
vt 0.636364 0.000000
vt 0.644628 1.000000
vt 0.644628 0.000000
vt 0.652893 1.000000
vt 0.652893 0.000000
vt 0.661157 1.000000
vt 0.661157 0.000000
vt 0.669421 1.000000
vt 0.669421 0.000000
vt 0.677686 1.000000
vt 0.677686 0.000000
vt 0.685950 1.000000
vt 0.685950 0.000000
vt 0.694215 1.000000
vt 0.694215 0.000000
vt 0.702479 1.000000
vt 0.702479 0.000000
vt 0.710744 1.000000
vt 0.710744 0.000000
vt 0.719008 1.000000
vt 0.719008 0.000000
vt 0.727273 1.000000
vt 0.727273 0.000000
vt 0.735537 1.000000
vt 0.735537 0.000000
vt 0.743802 1.000000
vt 0.743802 0.000000
vt 0.752066 1.000000
vt 0.752066 0.000000
vt 0.760331 1.000000
vt 0.760331 0.000000
vt 0.768595 1.000000
vt 0.768595 0.000000
vt 0.776860 1.000000
vt 0.776860 0.000000
vt 0.785124 1.000000
vt 0.785124 0.000000
vt 0.793388 1.000000
vt 0.793388 0.000000
vt 0.801653 1.000000
vt 0.801653 0.000000
vt 0.809917 1.000000
vt 0.809917 0.000000
vt 0.818182 1.000000
vt 0.818182 0.000000
vt 0.826446 1.000000
vt 0.826446 0.000000
vt 0.834711 1.000000
vt 0.834711 0.000000
vt 0.842975 1.000000
vt 0.842975 0.000000
vt 0.851240 1.000000
vt 0.851240 0.000000
vt 0.859504 1.000000
vt 0.859504 0.000000
vt 0.867769 1.000000
vt 0.867769 0.000000
vt 0.876033 1.000000
vt 0.876033 0.000000
vt 0.884298 1.000000
vt 0.884298 0.000000
vt 0.892562 1.000000
vt 0.892562 0.000000
vt 0.900826 1.000000
vt 0.900826 0.000000
vt 0.909091 1.000000
vt 0.909091 0.000000
vt 0.917355 1.000000
vt 0.917355 0.000000
vt 0.925620 1.000000
vt 0.925620 0.000000
vt 0.933884 1.000000
vt 0.933884 0.000000
vt 0.942149 1.000000
vt 0.942149 0.000000
vt 0.950413 1.000000
vt 0.950413 0.000000
vt 0.958678 1.000000
vt 0.958678 0.000000
vt 0.966942 1.000000
vt 0.966942 0.000000
vt 0.975207 1.000000
vt 0.975207 0.000000
vt 0.983471 1.000000
vt 0.983471 0.000000
vt 0.991736 1.000000
vt 0.991736 0.000000
s 0
f 397/1/1 399/2/1 398/3/1
f 397/1/1 400/4/1 399/2/1
f 396/5/1 400/4/1 397/1/1
f 396/5/1 401/6/1 400/4/1
f 395/7/1 401/6/1 396/5/1
f 395/7/1 402/8/1 401/6/1
f 394/9/1 402/8/1 395/7/1
f 394/9/1 403/10/1 402/8/1
f 393/11/1 403/10/1 394/9/1
f 393/11/1 404/12/1 403/10/1
f 393/11/1 405/13/1 404/12/1
f 392/14/1 405/13/1 393/11/1
f 392/14/1 406/15/1 405/13/1
f 391/16/1 406/15/1 392/14/1
f 391/16/1 407/17/1 406/15/1
f 390/18/1 407/17/1 391/16/1
f 390/18/1 408/19/1 407/17/1
f 389/20/1 408/19/1 390/18/1
f 389/20/1 409/21/1 408/19/1
f 388/22/1 409/21/1 389/20/1
f 388/22/1 410/23/1 409/21/1
f 388/22/1 411/24/1 410/23/1
f 387/25/1 411/24/1 388/22/1
f 387/25/1 412/26/1 411/24/1
f 386/27/1 412/26/1 387/25/1
f 386/27/1 413/28/1 412/26/1
f 385/29/1 413/28/1 386/27/1
f 385/29/1 414/30/1 413/28/1
f 384/31/1 414/30/1 385/29/1
f 384/31/1 415/32/1 414/30/1
f 384/31/1 416/33/1 415/32/1
f 383/34/1 416/33/1 384/31/1
f 383/34/1 417/35/1 416/33/1
f 382/36/1 417/35/1 383/34/1
f 382/36/1 418/37/1 417/35/1
f 381/38/1 418/37/1 382/36/1
f 381/38/1 419/39/1 418/37/1
f 380/40/1 419/39/1 381/38/1
f 380/40/1 420/41/1 419/39/1
f 380/40/1 421/42/1 420/41/1
f 379/43/1 421/42/1 380/40/1
f 379/43/1 422/44/1 421/42/1
f 378/45/1 422/44/1 379/43/1
f 378/45/1 423/46/1 422/44/1
f 377/47/1 423/46/1 378/45/1
f 377/47/1 424/48/1 423/46/1
f 376/49/1 424/48/1 377/47/1
f 376/49/1 425/50/1 424/48/1
f 376/49/1 426/51/1 425/50/1
f 375/52/1 426/51/1 376/49/1
f 375/52/1 427/53/1 426/51/1
f 374/54/1 427/53/1 375/52/1
f 374/54/1 428/55/1 427/53/1
f 373/56/1 428/55/1 374/54/1
f 373/56/1 429/57/1 428/55/1
f 372/58/1 429/57/1 373/56/1
f 372/58/1 430/59/1 429/57/1
f 372/58/1 431/60/1 430/59/1
f 371/61/1 431/60/1 372/58/1
f 371/61/1 432/62/1 431/60/1
f 370/63/1 432/62/1 371/61/1
f 370/63/1 433/64/1 432/62/1
f 369/65/1 433/64/1 370/63/1
f 369/65/1 1/66/1 433/64/1
f 368/67/1 1/66/1 369/65/1
f 368/67/1 2/68/1 1/66/1
f 368/67/1 3/69/1 2/68/1
f 367/70/1 3/69/1 368/67/1
f 367/70/1 470/71/1 3/69/1
f 470/71/1 4/72/1 3/69/1
f 367/70/1 471/73/1 470/71/1
f 469/74/1 4/72/1 470/71/1
f 367/70/1 472/75/1 471/73/1
f 468/76/1 4/72/1 469/74/1
f 366/77/1 472/75/1 367/70/1
f 366/77/1 473/78/1 472/75/1
f 467/79/1 4/72/1 468/76/1
f 366/77/1 474/80/1 473/78/1
f 466/81/1 4/72/1 467/79/1
f 366/77/1 475/82/1 474/80/1
f 465/83/1 4/72/1 466/81/1
f 366/77/1 476/84/1 475/82/1
f 465/83/1 5/85/1 4/72/1
f 366/77/1 477/86/1 476/84/1
f 464/87/1 5/85/1 465/83/1
f 366/77/1 478/88/1 477/86/1
f 463/89/1 5/85/1 464/87/1
f 366/77/1 479/90/1 478/88/1
f 462/91/1 5/85/1 463/89/1
f 366/77/1 480/92/1 479/90/1
f 365/93/1 480/92/1 366/77/1
f 462/91/1 6/94/1 5/85/1
f 461/95/1 6/94/1 462/91/1
f 365/93/1 481/96/1 480/92/1
f 460/97/1 6/94/1 461/95/1
f 365/93/1 482/98/1 481/96/1
f 365/93/1 483/99/1 482/98/1
f 459/100/1 6/94/1 460/97/1
f 459/100/1 7/101/1 6/94/1
f 364/102/1 483/99/1 365/93/1
f 364/102/1 484/103/1 483/99/1
f 458/104/1 7/101/1 459/100/1
f 364/102/1 485/105/1 484/103/1
f 457/106/1 7/101/1 458/104/1
f 457/106/1 8/107/1 7/101/1
f 364/102/1 486/108/1 485/105/1
f 456/109/1 8/107/1 457/106/1
f 364/102/1 487/110/1 486/108/1
f 363/111/1 487/110/1 364/102/1
f 456/109/1 9/112/1 8/107/1
f 363/111/1 488/113/1 487/110/1
f 455/114/1 9/112/1 456/109/1
f 363/111/1 489/115/1 488/113/1
f 454/116/1 9/112/1 455/114/1
f 454/116/1 10/117/1 9/112/1
f 362/118/1 489/115/1 363/111/1
f 362/118/1 490/119/1 489/115/1
f 453/120/1 10/117/1 454/116/1
f 362/118/1 491/121/1 490/119/1
f 453/120/1 11/122/1 10/117/1
f 452/123/1 11/122/1 453/120/1
f 362/118/1 492/124/1 491/121/1
f 361/125/1 492/124/1 362/118/1
f 451/126/1 11/122/1 452/123/1
f 361/125/1 493/127/1 492/124/1
f 451/126/1 12/128/1 11/122/1
f 361/125/1 494/129/1 493/127/1
f 450/130/1 12/128/1 451/126/1
f 360/131/1 494/129/1 361/125/1
f 450/130/1 13/132/1 12/128/1
f 360/131/1 495/133/1 494/129/1
f 449/134/1 13/132/1 450/130/1
f 360/131/1 496/135/1 495/133/1
f 448/136/1 13/132/1 449/134/1
f 448/136/1 14/137/1 13/132/1
f 359/138/1 496/135/1 360/131/1
f 359/138/1 497/139/1 496/135/1
f 447/140/1 14/137/1 448/136/1
f 359/138/1 498/141/1 497/139/1
f 447/140/1 15/142/1 14/137/1
f 446/143/1 15/142/1 447/140/1
f 359/138/1 499/144/1 498/141/1
f 358/145/1 499/144/1 359/138/1
f 445/146/1 15/142/1 446/143/1
f 358/145/1 500/147/1 499/144/1
f 445/146/1 16/148/1 15/142/1
f 444/149/1 16/148/1 445/146/1
f 358/145/1 501/150/1 500/147/1
f 357/151/1 501/150/1 358/145/1
f 443/152/1 16/148/1 444/149/1
f 357/151/1 502/153/1 501/150/1
f 442/154/1 16/148/1 443/152/1
f 442/154/1 17/155/1 16/148/1
f 441/156/1 17/155/1 442/154/1
f 356/157/1 502/153/1 357/151/1
f 356/157/1 503/158/1 502/153/1
f 440/159/1 17/155/1 441/156/1
f 356/157/1 504/160/1 503/158/1
f 439/161/1 17/155/1 440/159/1
f 439/161/1 18/162/1 17/155/1
f 355/163/1 504/160/1 356/157/1
f 438/164/1 18/162/1 439/161/1
f 355/163/1 505/165/1 504/160/1
f 437/166/1 18/162/1 438/164/1
f 437/166/1 19/167/1 18/162/1
f 355/163/1 506/168/1 505/165/1
f 436/169/1 19/167/1 437/166/1
f 354/170/1 506/168/1 355/163/1
f 435/171/1 19/167/1 436/169/1
f 354/170/1 507/172/1 506/168/1
f 434/173/1 19/167/1 435/171/1
f 434/173/1 20/174/1 19/167/1
f 354/170/1 508/175/1 507/172/1
f 554/176/1 20/174/1 434/173/1
f 353/177/1 508/175/1 354/170/1
f 553/178/1 20/174/1 554/176/1
f 353/177/1 509/179/1 508/175/1
f 553/178/1 21/180/1 20/174/1
f 552/181/1 21/180/1 553/178/1
f 551/182/1 21/180/1 552/181/1
f 353/177/1 510/183/1 509/179/1
f 352/184/1 510/183/1 353/177/1
f 550/185/1 21/180/1 551/182/1
f 550/185/1 22/186/1 21/180/1
f 549/187/1 22/186/1 550/185/1
f 352/184/1 511/188/1 510/183/1
f 548/189/1 22/186/1 549/187/1
f 351/190/1 511/188/1 352/184/1
f 547/191/1 22/186/1 548/189/1
f 547/191/1 23/192/1 22/186/1
f 351/190/1 512/193/1 511/188/1
f 546/194/1 23/192/1 547/191/1
f 545/195/1 23/192/1 546/194/1
f 351/190/1 513/196/1 512/193/1
f 544/197/1 23/192/1 545/195/1
f 544/197/1 24/198/1 23/192/1
f 350/199/1 513/196/1 351/190/1
f 543/200/1 24/198/1 544/197/1
f 542/201/1 24/198/1 543/200/1
f 350/199/1 514/202/1 513/196/1
f 541/203/1 24/198/1 542/201/1
f 540/204/1 24/198/1 541/203/1
f 540/204/1 25/205/1 24/198/1
f 350/199/1 515/206/1 514/202/1
f 349/207/1 515/206/1 350/199/1
f 539/208/1 25/205/1 540/204/1
f 538/209/1 25/205/1 539/208/1
f 537/210/1 25/205/1 538/209/1
f 537/210/1 26/211/1 25/205/1
f 349/207/1 516/212/1 515/206/1
f 536/213/1 26/211/1 537/210/1
f 535/214/1 26/211/1 536/213/1
f 534/215/1 26/211/1 535/214/1
f 348/216/1 516/212/1 349/207/1
f 533/217/1 26/211/1 534/215/1
f 348/216/1 517/218/1 516/212/1
f 532/219/1 26/211/1 533/217/1
f 532/219/1 27/220/1 26/211/1
f 531/221/1 27/220/1 532/219/1
f 530/222/1 27/220/1 531/221/1
f 529/223/1 27/220/1 530/222/1
f 348/216/1 518/224/1 517/218/1
f 528/225/1 27/220/1 529/223/1
f 527/226/1 27/220/1 528/225/1
f 347/227/1 518/224/1 348/216/1
f 527/226/1 28/228/1 27/220/1
f 526/229/1 28/228/1 527/226/1
f 525/230/1 28/228/1 526/229/1
f 524/231/1 28/228/1 525/230/1
f 523/232/1 28/228/1 524/231/1
f 522/233/1 28/228/1 523/232/1
f 521/234/1 28/228/1 522/233/1
f 520/235/1 28/228/1 521/234/1
f 519/236/1 28/228/1 520/235/1
f 347/227/1 519/236/1 518/224/1
f 347/227/1 28/228/1 519/236/1
f 347/227/1 29/237/1 28/228/1
f 346/238/1 29/237/1 347/227/1
f 346/238/1 30/239/1 29/237/1
f 345/240/1 30/239/1 346/238/1
f 345/240/1 31/241/1 30/239/1
f 345/240/1 32/242/1 31/241/1
f 344/243/1 32/242/1 345/240/1
f 344/243/1 33/244/1 32/242/1
f 343/245/1 33/244/1 344/243/1
f 343/245/1 34/246/1 33/244/1
f 343/245/1 35/247/1 34/246/1
f 342/248/1 35/247/1 343/245/1
f 342/248/1 36/249/1 35/247/1
f 342/248/1 37/250/1 36/249/1
f 341/251/1 37/250/1 342/248/1
f 341/251/1 38/252/1 37/250/1
f 341/251/1 39/253/1 38/252/1
f 340/254/1 39/253/1 341/251/1
f 340/254/1 40/255/1 39/253/1
f 340/254/1 41/256/1 40/255/1
f 339/257/1 41/256/1 340/254/1
f 339/257/1 42/258/1 41/256/1
f 339/257/1 43/259/1 42/258/1
f 338/260/1 43/259/1 339/257/1
f 338/260/1 44/261/1 43/259/1
f 338/260/1 45/262/1 44/261/1
f 337/263/1 45/262/1 338/260/1
f 337/263/1 46/264/1 45/262/1
f 337/263/1 47/265/1 46/264/1
f 337/263/1 48/266/1 47/265/1
f 336/267/1 48/266/1 337/263/1
f 336/267/1 49/268/1 48/266/1
f 336/267/1 50/269/1 49/268/1
f 336/267/1 51/270/1 50/269/1
f 336/267/1 52/271/1 51/270/1
f 335/272/1 52/271/1 336/267/1
f 335/272/1 53/273/1 52/271/1
f 335/272/1 54/274/1 53/273/1
f 335/272/1 55/275/1 54/274/1
f 335/272/1 56/276/1 55/275/1
f 335/272/1 57/277/1 56/276/1
f 334/278/1 62/279/1 335/272/1
f 62/279/1 57/277/1 335/272/1
f 62/279/1 58/280/1 57/277/1
f 62/279/1 59/281/1 58/280/1
f 62/279/1 60/282/1 59/281/1
f 62/279/1 61/283/1 60/282/1
f 334/278/1 63/284/1 62/279/1
f 334/278/1 64/285/1 63/284/1
f 334/278/1 65/286/1 64/285/1
f 333/287/1 65/286/1 334/278/1
f 333/287/1 66/288/1 65/286/1
f 333/287/1 67/289/1 66/288/1
f 333/287/1 68/290/1 67/289/1
f 332/291/1 68/290/1 333/287/1
f 332/291/1 69/292/1 68/290/1
f 332/291/1 70/293/1 69/292/1
f 332/291/1 71/294/1 70/293/1
f 331/295/1 71/294/1 332/291/1
f 331/295/1 72/296/1 71/294/1
f 331/295/1 73/297/1 72/296/1
f 331/295/1 74/298/1 73/297/1
f 331/295/1 75/299/1 74/298/1
f 330/300/1 75/299/1 331/295/1
f 330/300/1 76/301/1 75/299/1
f 330/300/1 77/302/1 76/301/1
f 330/300/1 78/303/1 77/302/1
f 329/304/1 78/303/1 330/300/1
f 329/304/1 79/305/1 78/303/1
f 329/304/1 80/306/1 79/305/1
f 329/304/1 81/307/1 80/306/1
f 328/308/1 81/307/1 329/304/1
f 328/308/1 82/309/1 81/307/1
f 328/308/1 83/310/1 82/309/1
f 328/308/1 84/311/1 83/310/1
f 327/312/1 84/311/1 328/308/1
f 327/312/1 85/313/1 84/311/1
f 327/312/1 86/314/1 85/313/1
f 327/312/1 87/315/1 86/314/1
f 326/316/1 87/315/1 327/312/1
f 326/316/1 88/317/1 87/315/1
f 325/318/1 88/317/1 326/316/1
f 325/318/1 89/319/1 88/317/1
f 324/320/1 89/319/1 325/318/1
f 324/320/1 90/321/1 89/319/1
f 323/322/1 90/321/1 324/320/1
f 323/322/1 91/323/1 90/321/1
f 322/324/1 91/323/1 323/322/1
f 322/324/1 92/325/1 91/323/1
f 322/324/1 93/326/1 92/325/1
f 321/327/1 93/326/1 322/324/1
f 321/327/1 94/328/1 93/326/1
f 320/329/1 94/328/1 321/327/1
f 320/329/1 95/330/1 94/328/1
f 319/331/1 95/330/1 320/329/1
f 319/331/1 96/332/1 95/330/1
f 157/333/1 159/334/1 158/335/1
f 157/333/1 160/336/1 159/334/1
f 156/337/1 160/336/1 157/333/1
f 156/337/1 161/338/1 160/336/1
f 155/339/1 161/338/1 156/337/1
f 155/339/1 162/340/1 161/338/1
f 154/341/1 162/340/1 155/339/1
f 154/341/1 163/342/1 162/340/1
f 153/343/1 163/342/1 154/341/1
f 153/343/1 164/344/1 163/342/1
f 152/345/1 164/344/1 153/343/1
f 152/345/1 165/346/1 164/344/1
f 151/347/1 165/346/1 152/345/1
f 151/347/1 166/348/1 165/346/1
f 151/347/1 167/349/1 166/348/1
f 150/350/1 167/349/1 151/347/1
f 150/350/1 168/351/1 167/349/1
f 149/352/1 168/351/1 150/350/1
f 149/352/1 169/353/1 168/351/1
f 319/331/1 97/354/1 96/332/1
f 148/355/1 169/353/1 149/352/1
f 148/355/1 170/356/1 169/353/1
f 147/357/1 170/356/1 148/355/1
f 147/357/1 171/358/1 170/356/1
f 318/359/1 97/354/1 319/331/1
f 146/360/1 171/358/1 147/357/1
f 146/360/1 172/361/1 171/358/1
f 145/362/1 172/361/1 146/360/1
f 145/362/1 173/363/1 172/361/1
f 145/362/1 174/364/1 173/363/1
f 144/365/1 174/364/1 145/362/1
f 144/365/1 175/366/1 174/364/1
f 143/367/1 175/366/1 144/365/1
f 318/359/1 98/368/1 97/354/1
f 143/367/1 176/369/1 175/366/1
f 142/370/1 176/369/1 143/367/1
f 142/370/1 177/371/1 176/369/1
f 141/372/1 177/371/1 142/370/1
f 140/373/1 177/371/1 141/372/1
f 140/373/1 178/374/1 177/371/1
f 139/375/1 178/374/1 140/373/1
f 317/376/1 98/368/1 318/359/1
f 139/375/1 179/377/1 178/374/1
f 317/376/1 99/378/1 98/368/1
f 138/379/1 179/377/1 139/375/1
f 138/379/1 180/380/1 179/377/1
f 137/381/1 180/380/1 138/379/1
f 137/381/1 181/382/1 180/380/1
f 136/383/1 181/382/1 137/381/1
f 317/376/1 100/384/1 99/378/1
f 136/383/1 182/385/1 181/382/1
f 135/386/1 182/385/1 136/383/1
f 134/387/1 182/385/1 135/386/1
f 134/387/1 183/388/1 182/385/1
f 133/389/1 183/388/1 134/387/1
f 316/390/1 100/384/1 317/376/1
f 133/389/1 184/391/1 183/388/1
f 132/392/1 184/391/1 133/389/1
f 316/390/1 101/393/1 100/384/1
f 131/394/1 184/391/1 132/392/1
f 131/394/1 185/395/1 184/391/1
f 130/396/1 185/395/1 131/394/1
f 130/396/1 186/397/1 185/395/1
f 316/390/1 102/398/1 101/393/1
f 129/399/1 186/397/1 130/396/1
f 128/400/1 186/397/1 129/399/1
f 128/400/1 187/401/1 186/397/1
f 127/402/1 187/401/1 128/400/1
f 315/403/1 102/398/1 316/390/1
f 315/403/1 103/404/1 102/398/1
f 126/405/1 187/401/1 127/402/1
f 126/405/1 188/406/1 187/401/1
f 125/407/1 188/406/1 126/405/1
f 124/408/1 188/406/1 125/407/1
f 315/403/1 104/409/1 103/404/1
f 124/408/1 189/410/1 188/406/1
f 123/411/1 189/410/1 124/408/1
f 122/412/1 189/410/1 123/411/1
f 122/412/1 190/413/1 189/410/1
f 315/403/1 105/414/1 104/409/1
f 121/415/1 190/413/1 122/412/1
f 120/416/1 190/413/1 121/415/1
f 314/417/1 105/414/1 315/403/1
f 314/417/1 106/418/1 105/414/1
f 120/416/1 191/419/1 190/413/1
f 119/420/1 191/419/1 120/416/1
f 118/421/1 191/419/1 119/420/1
f 314/417/1 107/422/1 106/418/1
f 117/423/1 191/419/1 118/421/1
f 117/423/1 192/424/1 191/419/1
f 116/425/1 192/424/1 117/423/1
f 314/417/1 108/426/1 107/422/1
f 115/427/1 192/424/1 116/425/1
f 114/428/1 192/424/1 115/427/1
f 314/417/1 109/429/1 108/426/1
f 113/430/1 192/424/1 114/428/1
f 112/431/1 192/424/1 113/430/1
f 314/417/1 110/432/1 109/429/1
f 111/433/1 192/424/1 112/431/1
f 111/433/1 193/434/1 192/424/1
f 110/432/1 193/434/1 111/433/1
f 314/417/1 193/434/1 110/432/1
f 314/417/1 194/435/1 193/434/1
f 313/436/1 194/435/1 314/417/1
f 313/436/1 195/437/1 194/435/1
f 313/436/1 196/438/1 195/437/1
f 312/439/1 196/438/1 313/436/1
f 312/439/1 197/440/1 196/438/1
f 312/439/1 198/441/1 197/440/1
f 312/439/1 199/442/1 198/441/1
f 311/443/1 199/442/1 312/439/1
f 311/443/1 200/444/1 199/442/1
f 311/443/1 201/445/1 200/444/1
f 311/443/1 202/446/1 201/445/1
f 310/447/1 202/446/1 311/443/1
f 310/447/1 203/448/1 202/446/1
f 310/447/1 204/449/1 203/448/1
f 310/447/1 205/450/1 204/449/1
f 309/451/1 205/450/1 310/447/1
f 309/451/1 206/452/1 205/450/1
f 309/451/1 207/453/1 206/452/1
f 308/454/1 207/453/1 309/451/1
f 308/454/1 208/455/1 207/453/1
f 308/454/1 209/456/1 208/455/1
f 308/454/1 210/457/1 209/456/1
f 307/458/1 210/457/1 308/454/1
f 307/458/1 211/459/1 210/457/1
f 307/458/1 212/460/1 211/459/1
f 306/461/1 212/460/1 307/458/1
f 306/461/1 213/462/1 212/460/1
f 306/461/1 214/463/1 213/462/1
f 306/461/1 215/464/1 214/463/1
f 305/465/1 215/464/1 306/461/1
f 305/465/1 216/466/1 215/464/1
f 305/465/1 217/467/1 216/466/1
f 304/468/1 217/467/1 305/465/1
f 304/468/1 218/469/1 217/467/1
f 304/468/1 219/470/1 218/469/1
f 303/471/1 219/470/1 304/468/1
f 303/471/1 220/472/1 219/470/1
f 303/471/1 221/473/1 220/472/1
f 303/471/1 222/474/1 221/473/1
f 302/475/1 222/474/1 303/471/1
f 302/475/1 223/476/1 222/474/1
f 302/475/1 224/477/1 223/476/1
f 302/475/1 225/478/1 224/477/1
f 301/479/1 225/478/1 302/475/1
f 301/479/1 226/480/1 225/478/1
f 301/479/1 227/481/1 226/480/1
f 301/479/1 228/482/1 227/481/1
f 300/483/1 228/482/1 301/479/1
f 300/483/1 229/484/1 228/482/1
f 300/483/1 230/485/1 229/484/1
f 300/483/1 231/486/1 230/485/1
f 299/487/1 231/486/1 300/483/1
f 299/487/1 232/488/1 231/486/1
f 299/487/1 233/489/1 232/488/1
f 299/487/1 234/490/1 233/489/1
f 298/491/1 234/490/1 299/487/1
f 298/491/1 235/492/1 234/490/1
f 298/491/1 236/493/1 235/492/1
f 298/491/1 237/494/1 236/493/1
f 297/495/1 237/494/1 298/491/1
f 297/495/1 238/496/1 237/494/1
f 297/495/1 239/497/1 238/496/1
f 297/495/1 240/498/1 239/497/1
f 296/499/1 240/498/1 297/495/1
f 296/499/1 241/500/1 240/498/1
f 296/499/1 242/501/1 241/500/1
f 295/502/1 242/501/1 296/499/1
f 295/502/1 243/503/1 242/501/1
f 295/502/1 244/504/1 243/503/1
f 295/502/1 245/505/1 244/504/1
f 294/506/1 245/505/1 295/502/1
f 294/506/1 246/507/1 245/505/1
f 294/506/1 247/508/1 246/507/1
f 293/509/1 247/508/1 294/506/1
f 293/509/1 248/510/1 247/508/1
f 293/509/1 249/511/1 248/510/1
f 293/509/1 250/512/1 249/511/1
f 292/513/1 250/512/1 293/509/1
f 292/513/1 251/514/1 250/512/1
f 292/513/1 252/515/1 251/514/1
f 291/516/1 252/515/1 292/513/1
f 291/516/1 253/517/1 252/515/1
f 291/516/1 254/518/1 253/517/1
f 290/519/1 254/518/1 291/516/1
f 290/519/1 255/520/1 254/518/1
f 290/519/1 256/521/1 255/520/1
f 289/522/1 256/521/1 290/519/1
f 289/522/1 257/523/1 256/521/1
f 289/522/1 258/524/1 257/523/1
f 288/525/1 258/524/1 289/522/1
f 288/525/1 259/526/1 258/524/1
f 288/525/1 260/527/1 259/526/1
f 287/528/1 260/527/1 288/525/1
f 287/528/1 261/529/1 260/527/1
f 287/528/1 262/530/1 261/529/1
f 286/531/1 262/530/1 287/528/1
f 286/531/1 263/532/1 262/530/1
f 286/531/1 264/533/1 263/532/1
f 285/534/1 264/533/1 286/531/1
f 285/534/1 265/535/1 264/533/1
f 285/534/1 266/536/1 265/535/1
f 284/537/1 266/536/1 285/534/1
f 284/537/1 267/538/1 266/536/1
f 284/537/1 268/539/1 267/538/1
f 283/540/1 268/539/1 284/537/1
f 283/540/1 269/541/1 268/539/1
f 283/540/1 270/542/1 269/541/1
f 282/543/1 270/542/1 283/540/1
f 282/543/1 271/544/1 270/542/1
f 281/545/1 271/544/1 282/543/1
f 281/545/1 272/546/1 271/544/1
f 281/545/1 273/547/1 272/546/1
f 280/548/1 273/547/1 281/545/1
f 280/548/1 274/549/1 273/547/1
f 280/548/1 275/550/1 274/549/1
f 279/551/1 275/550/1 280/548/1
f 279/551/1 276/552/1 275/550/1
f 279/551/1 277/553/1 276/552/1
f 278/554/1 277/553/1 279/551/1
f 1185/555/1 1187/556/1 1186/557/1
f 1281/558/1 1283/559/1 1282/560/1
f 1185/555/1 1188/561/1 1187/556/1
f 1184/562/1 1188/561/1 1185/555/1
f 1280/563/1 1283/559/1 1281/558/1
f 1280/563/1 1284/564/1 1283/559/1
f 1184/562/1 1189/565/1 1188/561/1
f 1183/566/1 1189/565/1 1184/562/1
f 1279/567/1 1284/564/1 1280/563/1
f 1279/567/1 1285/568/1 1284/564/1
f 1183/566/1 1190/569/1 1189/565/1
f 1182/570/1 1190/569/1 1183/566/1
f 1278/571/1 1285/568/1 1279/567/1
f 1278/571/1 1286/572/1 1285/568/1
f 1182/570/1 1191/573/1 1190/569/1
f 1181/574/1 1191/573/1 1182/570/1
f 1277/575/1 1286/572/1 1278/571/1
f 1277/575/1 1287/576/1 1286/572/1
f 1181/574/1 1192/577/1 1191/573/1
f 1180/578/1 1192/577/1 1181/574/1
f 1276/579/1 1287/576/1 1277/575/1
f 1276/579/1 1288/580/1 1287/576/1
f 1180/578/1 1193/581/1 1192/577/1
f 1179/582/1 1193/581/1 1180/578/1
f 1275/583/1 1288/580/1 1276/579/1
f 1275/583/1 1289/584/1 1288/580/1
f 1179/582/1 1194/585/1 1193/581/1
f 1178/586/1 1194/585/1 1179/582/1
f 1274/587/1 1289/584/1 1275/583/1
f 1274/587/1 1290/588/1 1289/584/1
f 1178/586/1 1195/589/1 1194/585/1
f 1177/590/1 1195/589/1 1178/586/1
f 1273/591/1 1290/588/1 1274/587/1
f 1273/591/1 1291/592/1 1290/588/1
f 1177/590/1 1196/593/1 1195/589/1
f 1176/594/1 1196/593/1 1177/590/1
f 1272/595/1 1291/592/1 1273/591/1
f 1176/594/1 1197/596/1 1196/593/1
f 1272/595/1 1292/597/1 1291/592/1
f 1175/598/1 1197/596/1 1176/594/1
f 1271/599/1 1292/597/1 1272/595/1
f 1175/598/1 1198/600/1 1197/596/1
f 1271/599/1 1293/601/1 1292/597/1
f 1175/598/1 1199/602/1 1198/600/1
f 1174/603/1 1199/602/1 1175/598/1
f 1270/604/1 1293/601/1 1271/599/1
f 1270/604/1 1294/605/1 1293/601/1
f 1088/606/1 1090/607/1 1089/608/1
f 1087/609/1 1090/607/1 1088/606/1
f 1087/609/1 1091/610/1 1090/607/1
f 1086/611/1 1091/610/1 1087/609/1
f 1086/611/1 1092/612/1 1091/610/1
f 1085/613/1 1092/612/1 1086/611/1
f 1085/613/1 1093/614/1 1092/612/1
f 1084/615/1 1093/614/1 1085/613/1
f 1084/615/1 1094/616/1 1093/614/1
f 1083/617/1 1094/616/1 1084/615/1
f 1083/617/1 1095/618/1 1094/616/1
f 1082/619/1 1095/618/1 1083/617/1
f 1082/619/1 1096/620/1 1095/618/1
f 1081/621/1 1096/620/1 1082/619/1
f 1081/621/1 1097/622/1 1096/620/1
f 1080/623/1 1097/622/1 1081/621/1
f 1080/623/1 1098/624/1 1097/622/1
f 1174/603/1 1200/625/1 1199/602/1
f 1079/626/1 1098/624/1 1080/623/1
f 1079/626/1 1099/627/1 1098/624/1
f 1173/628/1 1200/625/1 1174/603/1
f 1269/629/1 1294/605/1 1270/604/1
f 1078/630/1 1099/627/1 1079/626/1
f 1078/630/1 1100/631/1 1099/627/1
f 1077/632/1 1100/631/1 1078/630/1
f 1077/632/1 1101/633/1 1100/631/1
f 1076/634/1 1101/633/1 1077/632/1
f 1076/634/1 1102/635/1 1101/633/1
f 1269/629/1 1295/636/1 1294/605/1
f 1075/637/1 1102/635/1 1076/634/1
f 1075/637/1 1103/638/1 1102/635/1
f 1074/639/1 1103/638/1 1075/637/1
f 1074/639/1 1104/640/1 1103/638/1
f 1073/641/1 1104/640/1 1074/639/1
f 1073/641/1 1105/642/1 1104/640/1
f 1173/628/1 1201/643/1 1200/625/1
f 1072/644/1 1105/642/1 1073/641/1
f 1072/644/1 1106/645/1 1105/642/1
f 1172/646/1 1201/643/1 1173/628/1
f 1268/647/1 1295/636/1 1269/629/1
f 1071/648/1 1106/645/1 1072/644/1
f 1071/648/1 1107/649/1 1106/645/1
f 1070/650/1 1107/649/1 1071/648/1
f 1070/650/1 1108/651/1 1107/649/1
f 1268/647/1 1296/652/1 1295/636/1
f 1069/653/1 1108/651/1 1070/650/1
f 1069/653/1 1109/654/1 1108/651/1
f 1068/655/1 1109/654/1 1069/653/1
f 1068/655/1 1110/656/1 1109/654/1
f 1172/646/1 1202/657/1 1201/643/1
f 1067/658/1 1110/656/1 1068/655/1
f 1067/658/1 1111/659/1 1110/656/1
f 1171/660/1 1202/657/1 1172/646/1
f 1267/661/1 1296/652/1 1268/647/1
f 1066/662/1 1111/659/1 1067/658/1
f 1066/662/1 1112/663/1 1111/659/1
f 1065/664/1 1112/663/1 1066/662/1
f 1065/664/1 1113/665/1 1112/663/1
f 1267/661/1 1297/666/1 1296/652/1
f 1064/667/1 1113/665/1 1065/664/1
f 1064/667/1 1114/668/1 1113/665/1
f 1171/660/1 1203/669/1 1202/657/1
f 1063/670/1 1114/668/1 1064/667/1
f 1063/670/1 1115/671/1 1114/668/1
f 1062/672/1 1115/671/1 1063/670/1
f 1062/672/1 1116/673/1 1115/671/1
f 1170/674/1 1203/669/1 1171/660/1
f 1266/675/1 1297/666/1 1267/661/1
f 1061/676/1 1116/673/1 1062/672/1
f 1061/676/1 1117/677/1 1116/673/1
f 1060/678/1 1117/677/1 1061/676/1
f 1060/678/1 1118/679/1 1117/677/1
f 1266/675/1 1298/680/1 1297/666/1
f 1170/674/1 1204/681/1 1203/669/1
f 1059/682/1 1118/679/1 1060/678/1
f 1059/682/1 1119/683/1 1118/679/1
f 1058/684/1 1119/683/1 1059/682/1
f 1058/684/1 1120/685/1 1119/683/1
f 1169/686/1 1204/681/1 1170/674/1
f 1265/687/1 1298/680/1 1266/675/1
f 1057/688/1 1120/685/1 1058/684/1
f 1057/688/1 1121/689/1 1120/685/1
f 1056/690/1 1121/689/1 1057/688/1
f 1056/690/1 1122/691/1 1121/689/1
f 1169/686/1 1205/692/1 1204/681/1
f 1265/687/1 1299/693/1 1298/680/1
f 1055/694/1 1122/691/1 1056/690/1
f 1055/694/1 1123/695/1 1122/691/1
f 1168/696/1 1205/692/1 1169/686/1
f 1264/697/1 1299/693/1 1265/687/1
f 1054/698/1 1123/695/1 1055/694/1
f 1054/698/1 1124/699/1 1123/695/1
f 1053/700/1 1124/699/1 1054/698/1
f 1053/700/1 1125/5/1 1124/699/1
f 1168/696/1 1206/701/1 1205/692/1
f 1264/697/1 1300/702/1 1299/693/1
f 1052/703/1 1125/5/1 1053/700/1
f 1052/703/1 1126/704/1 1125/5/1
f 1167/705/1 1206/701/1 1168/696/1
f 1263/706/1 1300/702/1 1264/697/1
f 1051/707/1 1126/704/1 1052/703/1
f 1051/707/1 1127/708/1 1126/704/1
f 1050/709/1 1127/708/1 1051/707/1
f 1050/709/1 1128/710/1 1127/708/1
f 1167/705/1 1207/711/1 1206/701/1
f 1049/712/1 1128/710/1 1050/709/1
f 1049/712/1 1129/713/1 1128/710/1
f 1263/706/1 1301/714/1 1300/702/1
f 1166/715/1 1207/711/1 1167/705/1
f 1262/716/1 1301/714/1 1263/706/1
f 1048/717/1 1129/713/1 1049/712/1
f 1048/717/1 1130/718/1 1129/713/1
f 1047/719/1 1130/718/1 1048/717/1
f 1047/719/1 1131/720/1 1130/718/1
f 1166/715/1 1208/721/1 1207/711/1
f 1046/722/1 1131/720/1 1047/719/1
f 1046/722/1 1132/723/1 1131/720/1
f 1262/716/1 1302/724/1 1301/714/1
f 1165/725/1 1208/721/1 1166/715/1
f 1261/726/1 1302/724/1 1262/716/1
f 1045/727/1 1132/723/1 1046/722/1
f 1045/727/1 1133/728/1 1132/723/1
f 1044/729/1 1133/728/1 1045/727/1
f 1044/729/1 1134/730/1 1133/728/1
f 1165/725/1 1209/731/1 1208/721/1
f 1043/732/1 1134/730/1 1044/729/1
f 1043/732/1 1135/733/1 1134/730/1
f 1164/734/1 1209/731/1 1165/725/1
f 1260/735/1 1302/724/1 1261/726/1
f 1260/735/1 1303/736/1 1302/724/1
f 1042/737/1 1135/733/1 1043/732/1
f 1042/737/1 1136/738/1 1135/733/1
f 1164/734/1 1210/739/1 1209/731/1
f 1041/740/1 1136/738/1 1042/737/1
f 1041/740/1 1137/741/1 1136/738/1
f 1040/742/1 1137/741/1 1041/740/1
f 1040/742/1 1138/743/1 1137/741/1
f 1163/744/1 1210/739/1 1164/734/1
f 1259/745/1 1303/736/1 1260/735/1
f 1259/745/1 1304/746/1 1303/736/1
f 1163/744/1 1211/747/1 1210/739/1
f 1162/748/1 1211/747/1 1163/744/1
f 1258/749/1 1304/746/1 1259/745/1
f 1258/749/1 1305/750/1 1304/746/1
f 1162/748/1 1212/751/1 1211/747/1
f 1161/752/1 1212/751/1 1162/748/1
f 1257/753/1 1305/750/1 1258/749/1
f 1257/753/1 1306/754/1 1305/750/1
f 1161/752/1 1213/755/1 1212/751/1
f 1256/756/1 1306/754/1 1257/753/1
f 1160/757/1 1213/755/1 1161/752/1
f 1160/757/1 1214/758/1 1213/755/1
f 1256/756/1 1307/759/1 1306/754/1
f 1255/760/1 1307/759/1 1256/756/1
f 1159/761/1 1214/758/1 1160/757/1
f 1159/761/1 1215/762/1 1214/758/1
f 1255/760/1 1308/763/1 1307/759/1
f 1254/764/1 1308/763/1 1255/760/1
f 1158/765/1 1215/762/1 1159/761/1
f 1158/765/1 1216/766/1 1215/762/1
f 1254/764/1 1309/767/1 1308/763/1
f 1253/768/1 1309/767/1 1254/764/1
f 1157/769/1 1216/766/1 1158/765/1
f 1157/769/1 1217/770/1 1216/766/1
f 1252/771/1 1309/767/1 1253/768/1
f 1156/772/1 1217/770/1 1157/769/1
f 1252/771/1 1310/773/1 1309/767/1
f 1156/772/1 1218/774/1 1217/770/1
f 1251/775/1 1310/773/1 1252/771/1
f 1155/776/1 1218/774/1 1156/772/1
f 1251/775/1 1311/777/1 1310/773/1
f 1155/776/1 1219/778/1 1218/774/1
f 1250/779/1 1311/777/1 1251/775/1
f 1154/780/1 1219/778/1 1155/776/1
f 1250/779/1 1312/781/1 1311/777/1
f 1154/780/1 1220/782/1 1219/778/1
f 1249/783/1 1312/781/1 1250/779/1
f 1153/784/1 1220/782/1 1154/780/1
f 1153/784/1 1221/785/1 1220/782/1
f 1249/783/1 1313/786/1 1312/781/1
f 1248/787/1 1313/786/1 1249/783/1
f 1152/788/1 1221/785/1 1153/784/1
f 1152/788/1 1222/789/1 1221/785/1
f 1248/787/1 1314/790/1 1313/786/1
f 1247/791/1 1314/790/1 1248/787/1
f 1151/792/1 1222/789/1 1152/788/1
f 1151/792/1 1223/793/1 1222/789/1
f 1247/791/1 1315/794/1 1314/790/1
f 1246/795/1 1315/794/1 1247/791/1
f 1150/796/1 1223/793/1 1151/792/1
f 1150/796/1 1224/797/1 1223/793/1
f 1245/798/1 1315/794/1 1246/795/1
f 1149/799/1 1224/797/1 1150/796/1
f 1245/798/1 1316/800/1 1315/794/1
f 1149/799/1 1225/801/1 1224/797/1
f 1244/802/1 1316/800/1 1245/798/1
f 1148/803/1 1225/801/1 1149/799/1
f 1244/802/1 1317/804/1 1316/800/1
f 1148/803/1 1226/805/1 1225/801/1
f 1243/806/1 1317/804/1 1244/802/1
f 1147/807/1 1226/805/1 1148/803/1
f 1243/806/1 1318/808/1 1317/804/1
f 1147/807/1 1227/809/1 1226/805/1
f 1242/810/1 1318/808/1 1243/806/1
f 1146/811/1 1227/809/1 1147/807/1
f 1242/810/1 1319/812/1 1318/808/1
f 1146/811/1 1228/813/1 1227/809/1
f 1241/814/1 1319/812/1 1242/810/1
f 1145/815/1 1228/813/1 1146/811/1
f 1240/816/1 1319/812/1 1241/814/1
f 1145/815/1 1229/817/1 1228/813/1
f 1144/818/1 1229/817/1 1145/815/1
f 1240/816/1 1320/819/1 1319/812/1
f 1239/82/1 1320/819/1 1240/816/1
f 1143/820/1 1229/817/1 1144/818/1
f 1143/820/1 1230/821/1 1229/817/1
f 1239/82/1 1321/822/1 1320/819/1
f 1238/823/1 1321/822/1 1239/82/1
f 1142/824/1 1230/821/1 1143/820/1
f 1142/824/1 1231/825/1 1230/821/1
f 1238/823/1 1322/826/1 1321/822/1
f 1237/827/1 1322/826/1 1238/823/1
f 1141/828/1 1231/825/1 1142/824/1
f 1141/828/1 1232/829/1 1231/825/1
f 1236/830/1 1322/826/1 1237/827/1
f 1140/831/1 1232/829/1 1141/828/1
f 1236/830/1 1323/832/1 1322/826/1
f 1140/831/1 1233/833/1 1232/829/1
f 1235/834/1 1323/832/1 1236/830/1
f 1139/835/1 1233/833/1 1140/831/1
f 1235/834/1 1324/836/1 1323/832/1
f 1139/835/1 1234/837/1 1233/833/1
f 1234/837/1 1324/836/1 1235/834/1
f 1138/743/1 1234/837/1 1139/835/1
f 1234/837/1 1325/838/1 1324/836/1
f 1040/742/1 924/839/1 1138/743/1
f 924/839/1 923/840/1 1138/743/1
f 923/840/1 922/841/1 1138/743/1
f 922/841/1 921/842/1 1138/743/1
f 921/842/1 920/843/1 1138/743/1
f 920/843/1 919/844/1 1138/743/1
f 919/844/1 918/845/1 1138/743/1
f 918/845/1 917/846/1 1138/743/1
f 917/846/1 916/847/1 1138/743/1
f 916/847/1 915/848/1 1138/743/1
f 915/848/1 914/849/1 1138/743/1
f 914/849/1 913/850/1 1138/743/1
f 913/850/1 912/851/1 1138/743/1
f 912/851/1 911/852/1 1138/743/1
f 911/852/1 910/853/1 1138/743/1
f 910/853/1 909/854/1 1138/743/1
f 909/854/1 908/855/1 1138/743/1
f 908/855/1 907/856/1 1138/743/1
f 907/856/1 906/857/1 1138/743/1
f 906/857/1 905/858/1 1138/743/1
f 905/858/1 904/859/1 1138/743/1
f 904/859/1 903/860/1 1138/743/1
f 903/860/1 902/861/1 1138/743/1
f 902/861/1 901/862/1 1138/743/1
f 901/862/1 900/863/1 1138/743/1
f 900/863/1 899/864/1 1138/743/1
f 899/864/1 898/865/1 1138/743/1
f 898/865/1 897/496/1 1138/743/1
f 897/496/1 896/866/1 1138/743/1
f 896/866/1 1234/837/1 1138/743/1
f 896/866/1 895/867/1 1234/837/1
f 895/867/1 1325/838/1 1234/837/1
f 895/867/1 701/868/1 1325/838/1
f 701/868/1 1326/869/1 1325/838/1
f 894/870/1 701/868/1 895/867/1
f 894/870/1 702/871/1 701/868/1
f 700/872/1 1326/869/1 701/868/1
f 894/870/1 703/873/1 702/871/1
f 893/874/1 703/873/1 894/870/1
f 699/875/1 1326/869/1 700/872/1
f 893/874/1 704/876/1 703/873/1
f 892/877/1 704/876/1 893/874/1
f 698/878/1 1326/869/1 699/875/1
f 892/877/1 705/879/1 704/876/1
f 891/880/1 705/879/1 892/877/1
f 697/881/1 1326/869/1 698/878/1
f 697/881/1 1327/882/1 1326/869/1
f 891/880/1 706/883/1 705/879/1
f 890/884/1 706/883/1 891/880/1
f 696/885/1 1327/882/1 697/881/1
f 890/884/1 707/886/1 706/883/1
f 889/887/1 707/886/1 890/884/1
f 695/888/1 1327/882/1 696/885/1
f 889/887/1 708/889/1 707/886/1
f 888/890/1 708/889/1 889/887/1
f 694/891/1 1327/882/1 695/888/1
f 888/890/1 709/892/1 708/889/1
f 887/893/1 709/892/1 888/890/1
f 693/894/1 1327/882/1 694/891/1
f 693/894/1 1328/895/1 1327/882/1
f 887/893/1 710/896/1 709/892/1
f 886/897/1 710/896/1 887/893/1
f 692/898/1 1328/895/1 693/894/1
f 886/897/1 711/899/1 710/896/1
f 885/900/1 711/899/1 886/897/1
f 691/901/1 1328/895/1 692/898/1
f 885/900/1 712/902/1 711/899/1
f 691/901/1 1329/903/1 1328/895/1
f 884/904/1 712/902/1 885/900/1
f 690/905/1 1329/903/1 691/901/1
f 884/904/1 713/906/1 712/902/1
f 883/907/1 713/906/1 884/904/1
f 689/908/1 1329/903/1 690/905/1
f 883/907/1 714/909/1 713/906/1
f 689/908/1 1330/910/1 1329/903/1
f 882/911/1 714/909/1 883/907/1
f 688/912/1 1330/910/1 689/908/1
f 882/911/1 715/913/1 714/909/1
f 881/914/1 715/913/1 882/911/1
f 687/915/1 1330/910/1 688/912/1
f 881/914/1 716/916/1 715/913/1
f 687/915/1 1331/917/1 1330/910/1
f 880/918/1 716/916/1 881/914/1
f 686/919/1 1331/917/1 687/915/1
f 880/918/1 717/920/1 716/916/1
f 686/919/1 1332/921/1 1331/917/1
f 879/922/1 717/920/1 880/918/1
f 685/923/1 1332/921/1 686/919/1
f 879/922/1 718/924/1 717/920/1
f 685/923/1 1333/925/1 1332/921/1
f 878/926/1 718/924/1 879/922/1
f 684/927/1 1333/925/1 685/923/1
f 878/926/1 719/928/1 718/924/1
f 684/927/1 1334/929/1 1333/925/1
f 877/930/1 719/928/1 878/926/1
f 683/931/1 1334/929/1 684/927/1
f 877/930/1 720/932/1 719/928/1
f 683/931/1 1335/933/1 1334/929/1
f 876/934/1 720/932/1 877/930/1
f 682/935/1 1335/933/1 683/931/1
f 876/934/1 721/936/1 720/932/1
f 682/935/1 1336/937/1 1335/933/1
f 875/938/1 721/936/1 876/934/1
f 875/938/1 722/939/1 721/936/1
f 681/940/1 1336/937/1 682/935/1
f 681/940/1 1337/941/1 1336/937/1
f 874/942/1 722/939/1 875/938/1
f 874/942/1 723/943/1 722/939/1
f 680/944/1 1337/941/1 681/940/1
f 680/944/1 1338/945/1 1337/941/1
f 873/946/1 723/943/1 874/942/1
f 873/946/1 724/947/1 723/943/1
f 679/948/1 1338/945/1 680/944/1
f 679/948/1 1339/949/1 1338/945/1
f 872/950/1 724/947/1 873/946/1
f 872/950/1 725/951/1 724/947/1
f 679/948/1 1340/952/1 1339/949/1
f 678/953/1 1340/952/1 679/948/1
f 871/954/1 725/951/1 872/950/1
f 678/953/1 1341/955/1 1340/952/1
f 871/954/1 726/956/1 725/951/1
f 677/957/1 1341/955/1 678/953/1
f 870/958/1 726/956/1 871/954/1
f 677/957/1 1342/959/1 1341/955/1
f 870/958/1 727/960/1 726/956/1
f 869/961/1 727/960/1 870/958/1
f 676/962/1 1342/959/1 677/957/1
f 676/962/1 1343/963/1 1342/959/1
f 868/964/1 727/960/1 869/961/1
f 675/965/1 1343/963/1 676/962/1
f 868/964/1 728/966/1 727/960/1
f 867/967/1 728/966/1 868/964/1
f 674/968/1 1343/963/1 675/965/1
f 674/968/1 1344/969/1 1343/963/1
f 673/970/1 1344/969/1 674/968/1
f 866/971/1 728/966/1 867/967/1
f 673/970/1 1345/972/1 1344/969/1
f 866/971/1 729/973/1 728/966/1
f 672/974/1 1345/972/1 673/970/1
f 865/975/1 729/973/1 866/971/1
f 671/976/1 1345/972/1 672/974/1
f 864/977/1 729/973/1 865/975/1
f 671/976/1 1346/978/1 1345/972/1
f 864/977/1 730/979/1 729/973/1
f 670/980/1 1346/978/1 671/976/1
f 863/981/1 730/979/1 864/977/1
f 670/980/1 1347/982/1 1346/978/1
f 669/306/1 1347/982/1 670/980/1
f 862/983/1 730/979/1 863/981/1
f 668/984/1 1347/982/1 669/306/1
f 1040/742/1 925/985/1 924/839/1
f 862/983/1 731/986/1 730/979/1
f 861/987/1 731/986/1 862/983/1
f 668/984/1 1348/988/1 1347/982/1
f 667/989/1 1348/988/1 668/984/1
f 860/990/1 731/986/1 861/987/1
f 666/991/1 1348/988/1 667/989/1
f 666/991/1 1349/992/1 1348/988/1
f 859/993/1 731/986/1 860/990/1
f 1040/742/1 926/994/1 925/985/1
f 859/993/1 732/995/1 731/986/1
f 665/996/1 1349/992/1 666/991/1
f 858/997/1 732/995/1 859/993/1
f 665/996/1 1350/998/1 1349/992/1
f 664/999/1 1350/998/1 665/996/1
f 857/1000/1 732/995/1 858/997/1
f 1040/742/1 927/1001/1 926/994/1
f 857/1000/1 733/1002/1 732/995/1
f 663/1003/1 1350/998/1 664/999/1
f 663/1003/1 1351/1004/1 1350/998/1
f 856/1005/1 733/1002/1 857/1000/1
f 662/1006/1 1351/1004/1 663/1003/1
f 855/1007/1 733/1002/1 856/1005/1
f 662/1006/1 1352/1008/1 1351/1004/1
f 661/1009/1 1352/1008/1 662/1006/1
f 1040/742/1 928/1010/1 927/1001/1
f 855/1007/1 734/1011/1 733/1002/1
f 854/1012/1 734/1011/1 855/1007/1
f 660/1013/1 1352/1008/1 661/1009/1
f 660/1013/1 1353/176/1 1352/1008/1
f 853/1014/1 734/1011/1 854/1012/1
f 659/1015/1 1353/176/1 660/1013/1
f 1040/742/1 929/1016/1 928/1010/1
f 853/1014/1 735/1017/1 734/1011/1
f 852/1018/1 735/1017/1 853/1014/1
f 658/1019/1 1353/176/1 659/1015/1
f 658/1019/1 555/66/1 1353/176/1
f 851/1020/1 735/1017/1 852/1018/1
f 657/1021/1 555/66/1 658/1019/1
f 657/1021/1 556/1022/1 555/66/1
f 850/1023/1 735/1017/1 851/1020/1
f 656/1024/1 556/1022/1 657/1021/1
f 1040/742/1 930/1025/1 929/1016/1
f 850/1023/1 736/1026/1 735/1017/1
f 849/1027/1 736/1026/1 850/1023/1
f 655/1028/1 556/1022/1 656/1024/1
f 848/1029/1 736/1026/1 849/1027/1
f 654/1030/1 556/1022/1 655/1028/1
f 1040/742/1 931/1031/1 930/1025/1
f 848/1029/1 737/1032/1 736/1026/1
f 847/1033/1 737/1032/1 848/1029/1
f 653/1034/1 556/1022/1 654/1030/1
f 846/1035/1 737/1032/1 847/1033/1
f 652/1036/1 556/1022/1 653/1034/1
f 1040/742/1 932/1037/1 931/1031/1
f 846/1035/1 738/1038/1 737/1032/1
f 1040/742/1 933/1039/1 932/1037/1
f 846/1035/1 739/1040/1 738/1038/1
f 1040/742/1 934/1041/1 933/1039/1
f 846/1035/1 740/1042/1 739/1040/1
f 1040/742/1 935/1043/1 934/1041/1
f 846/1035/1 741/1044/1 740/1042/1
f 1040/742/1 936/1045/1 935/1043/1
f 846/1035/1 742/1046/1 741/1044/1
f 1040/742/1 937/1047/1 936/1045/1
f 846/1035/1 743/1048/1 742/1046/1
f 1040/742/1 938/1049/1 937/1047/1
f 846/1035/1 744/1050/1 743/1048/1
f 1040/742/1 939/1051/1 938/1049/1
f 846/1035/1 745/1052/1 744/1050/1
f 1040/742/1 940/1053/1 939/1051/1
f 846/1035/1 746/1054/1 745/1052/1
f 1040/742/1 941/1055/1 940/1053/1
f 846/1035/1 747/1056/1 746/1054/1
f 1040/742/1 942/1057/1 941/1055/1
f 846/1035/1 748/1058/1 747/1056/1
f 1040/742/1 943/1059/1 942/1057/1
f 846/1035/1 749/1060/1 748/1058/1
f 1040/742/1 944/1061/1 943/1059/1
f 846/1035/1 750/1062/1 749/1060/1
f 1039/1063/1 944/1061/1 1040/742/1
f 1039/1063/1 945/1064/1 944/1061/1
f 845/1065/1 750/1062/1 846/1035/1
f 845/1065/1 751/1066/1 750/1062/1
f 651/1067/1 556/1022/1 652/1036/1
f 651/1067/1 557/1068/1 556/1022/1
f 1038/1069/1 945/1064/1 1039/1063/1
f 1038/1069/1 946/1070/1 945/1064/1
f 844/1071/1 751/1066/1 845/1065/1
f 844/1071/1 752/1072/1 751/1066/1
f 650/1073/1 557/1068/1 651/1067/1
f 650/1073/1 558/1074/1 557/1068/1
f 1037/1075/1 946/1070/1 1038/1069/1
f 1037/1075/1 947/1076/1 946/1070/1
f 843/1077/1 752/1072/1 844/1071/1
f 843/1077/1 753/1078/1 752/1072/1
f 649/1079/1 558/1074/1 650/1073/1
f 649/1079/1 559/1080/1 558/1074/1
f 1036/1081/1 947/1076/1 1037/1075/1
f 1036/1081/1 948/1082/1 947/1076/1
f 842/1083/1 753/1078/1 843/1077/1
f 842/1083/1 754/1084/1 753/1078/1
f 648/1085/1 559/1080/1 649/1079/1
f 648/1085/1 560/1086/1 559/1080/1
f 1035/1087/1 948/1082/1 1036/1081/1
f 1035/1087/1 949/1088/1 948/1082/1
f 841/1089/1 754/1084/1 842/1083/1
f 841/1089/1 755/1090/1 754/1084/1
f 647/1091/1 560/1086/1 648/1085/1
f 647/1091/1 561/1092/1 560/1086/1
f 1034/1093/1 949/1088/1 1035/1087/1
f 1034/1093/1 950/1094/1 949/1088/1
f 840/1095/1 755/1090/1 841/1089/1
f 840/1095/1 756/1096/1 755/1090/1
f 646/1097/1 561/1092/1 647/1091/1
f 646/1097/1 562/1098/1 561/1092/1
f 1033/1099/1 950/1094/1 1034/1093/1
f 1033/1099/1 951/1100/1 950/1094/1
f 839/1101/1 756/1096/1 840/1095/1
f 839/1101/1 757/1102/1 756/1096/1
f 645/1103/1 562/1098/1 646/1097/1
f 645/1103/1 563/1104/1 562/1098/1
f 1032/1105/1 951/1100/1 1033/1099/1
f 1032/1105/1 952/1106/1 951/1100/1
f 838/1107/1 757/1102/1 839/1101/1
f 838/1107/1 758/1108/1 757/1102/1
f 644/1109/1 563/1104/1 645/1103/1
f 644/1109/1 564/1110/1 563/1104/1
f 1031/1111/1 952/1106/1 1032/1105/1
f 1031/1111/1 953/1112/1 952/1106/1
f 837/1113/1 758/1108/1 838/1107/1
f 837/1113/1 759/1114/1 758/1108/1
f 643/1115/1 564/1110/1 644/1109/1
f 643/1115/1 565/1116/1 564/1110/1
f 1030/1117/1 953/1112/1 1031/1111/1
f 1030/1117/1 954/1118/1 953/1112/1
f 836/1119/1 759/1114/1 837/1113/1
f 836/1119/1 760/1120/1 759/1114/1
f 642/1121/1 565/1116/1 643/1115/1
f 642/1121/1 566/1122/1 565/1116/1
f 1029/1123/1 954/1118/1 1030/1117/1
f 1029/1123/1 955/1124/1 954/1118/1
f 835/1125/1 760/1120/1 836/1119/1
f 835/1125/1 761/1126/1 760/1120/1
f 641/1127/1 566/1122/1 642/1121/1
f 641/1127/1 567/1128/1 566/1122/1
f 1028/1129/1 955/1124/1 1029/1123/1
f 1028/1129/1 956/1130/1 955/1124/1
f 834/1131/1 761/1126/1 835/1125/1
f 834/1131/1 762/1132/1 761/1126/1
f 640/1133/1 567/1128/1 641/1127/1
f 640/1133/1 568/1134/1 567/1128/1
f 1027/1135/1 956/1130/1 1028/1129/1
f 1027/1135/1 957/1136/1 956/1130/1
f 833/1137/1 762/1132/1 834/1131/1
f 833/1137/1 763/1138/1 762/1132/1
f 639/1139/1 568/1134/1 640/1133/1
f 639/1139/1 569/1140/1 568/1134/1
f 1026/1141/1 957/1136/1 1027/1135/1
f 832/1142/1 763/1138/1 833/1137/1
f 638/1143/1 569/1140/1 639/1139/1
f 1026/1141/1 958/1144/1 957/1136/1
f 832/1142/1 764/1145/1 763/1138/1
f 638/1143/1 570/1146/1 569/1140/1
f 1025/1147/1 958/1144/1 1026/1141/1
f 831/1148/1 764/1145/1 832/1142/1
f 637/1149/1 570/1146/1 638/1143/1
f 1025/1147/1 959/1150/1 958/1144/1
f 831/1148/1 765/1151/1 764/1145/1
f 637/1149/1 571/1152/1 570/1146/1
f 1024/1153/1 959/1150/1 1025/1147/1
f 830/1154/1 765/1151/1 831/1148/1
f 636/1155/1 571/1152/1 637/1149/1
f 1024/1153/1 960/1156/1 959/1150/1
f 830/1154/1 766/1157/1 765/1151/1
f 636/1155/1 572/1158/1 571/1152/1
f 1023/1159/1 960/1156/1 1024/1153/1
f 829/1160/1 766/1157/1 830/1154/1
f 635/1161/1 572/1158/1 636/1155/1
f 1023/1159/1 961/1162/1 960/1156/1
f 829/1160/1 767/1163/1 766/1157/1
f 635/1161/1 573/1164/1 572/1158/1
f 1022/1165/1 961/1162/1 1023/1159/1
f 828/1166/1 767/1163/1 829/1160/1
f 634/1167/1 573/1164/1 635/1161/1
f 1022/1165/1 962/1168/1 961/1162/1
f 828/1166/1 768/1169/1 767/1163/1
f 634/1167/1 574/1170/1 573/1164/1
f 1021/1171/1 962/1168/1 1022/1165/1
f 827/1172/1 768/1169/1 828/1166/1
f 633/1173/1 574/1170/1 634/1167/1
f 1021/1171/1 963/1174/1 962/1168/1
f 827/1172/1 769/1175/1 768/1169/1
f 633/1173/1 575/1176/1 574/1170/1
f 1020/1177/1 963/1174/1 1021/1171/1
f 826/1178/1 769/1175/1 827/1172/1
f 632/1179/1 575/1176/1 633/1173/1
f 1020/1177/1 964/1180/1 963/1174/1
f 826/1178/1 770/1181/1 769/1175/1
f 632/1179/1 576/1182/1 575/1176/1
f 1019/1183/1 964/1180/1 1020/1177/1
f 825/1184/1 770/1181/1 826/1178/1
f 631/1185/1 576/1182/1 632/1179/1
f 1019/1183/1 965/1186/1 964/1180/1
f 825/1184/1 771/1187/1 770/1181/1
f 631/1185/1 577/1188/1 576/1182/1
f 1018/1189/1 965/1186/1 1019/1183/1
f 824/1190/1 771/1187/1 825/1184/1
f 630/1191/1 577/1188/1 631/1185/1
f 1018/1189/1 966/1192/1 965/1186/1
f 824/1190/1 772/1193/1 771/1187/1
f 630/1191/1 578/1194/1 577/1188/1
f 1017/1195/1 966/1192/1 1018/1189/1
f 823/1196/1 772/1193/1 824/1190/1
f 629/1197/1 578/1194/1 630/1191/1
f 1017/1195/1 967/1198/1 966/1192/1
f 823/1196/1 773/1199/1 772/1193/1
f 629/1197/1 579/1200/1 578/1194/1
f 1016/1201/1 967/1198/1 1017/1195/1
f 822/1202/1 773/1199/1 823/1196/1
f 628/1203/1 579/1200/1 629/1197/1
f 1016/1201/1 968/1204/1 967/1198/1
f 822/1202/1 774/1205/1 773/1199/1
f 628/1203/1 580/1206/1 579/1200/1
f 1015/1207/1 968/1204/1 1016/1201/1
f 1015/1207/1 969/1208/1 968/1204/1
f 821/1209/1 774/1205/1 822/1202/1
f 821/1209/1 775/1210/1 774/1205/1
f 627/1211/1 580/1206/1 628/1203/1
f 627/1211/1 581/1212/1 580/1206/1
f 1014/1213/1 969/1208/1 1015/1207/1
f 1014/1213/1 970/1214/1 969/1208/1
f 820/1215/1 775/1210/1 821/1209/1
f 820/1215/1 776/1216/1 775/1210/1
f 626/1217/1 581/1212/1 627/1211/1
f 626/1217/1 582/1218/1 581/1212/1
f 1013/1219/1 970/1214/1 1014/1213/1
f 1013/1219/1 971/1220/1 970/1214/1
f 819/1221/1 776/1216/1 820/1215/1
f 819/1221/1 777/1222/1 776/1216/1
f 625/1223/1 582/1218/1 626/1217/1
f 625/1223/1 583/1224/1 582/1218/1
f 1012/1225/1 971/1220/1 1013/1219/1
f 1012/1225/1 972/1226/1 971/1220/1
f 818/1227/1 777/1222/1 819/1221/1
f 818/1227/1 778/1228/1 777/1222/1
f 624/1229/1 583/1224/1 625/1223/1
f 624/1229/1 584/1230/1 583/1224/1
f 1011/376/1 972/1226/1 1012/1225/1
f 1011/376/1 973/1231/1 972/1226/1
f 817/1232/1 778/1228/1 818/1227/1
f 817/1232/1 779/1233/1 778/1228/1
f 623/1234/1 584/1230/1 624/1229/1
f 623/1234/1 585/1235/1 584/1230/1
f 1010/1236/1 973/1231/1 1011/376/1
f 1010/1236/1 974/1237/1 973/1231/1
f 816/1238/1 779/1233/1 817/1232/1
f 816/1238/1 780/1239/1 779/1233/1
f 622/1240/1 585/1235/1 623/1234/1
f 622/1240/1 586/1241/1 585/1235/1
f 1009/1242/1 974/1237/1 1010/1236/1
f 1009/1242/1 975/1243/1 974/1237/1
f 815/1244/1 780/1239/1 816/1238/1
f 815/1244/1 781/1245/1 780/1239/1
f 621/1246/1 586/1241/1 622/1240/1
f 621/1246/1 587/1247/1 586/1241/1
f 1008/1248/1 975/1243/1 1009/1242/1
f 1008/1248/1 976/1249/1 975/1243/1
f 814/1250/1 781/1245/1 815/1244/1
f 814/1250/1 782/1251/1 781/1245/1
f 620/1252/1 587/1247/1 621/1246/1
f 620/1252/1 588/1253/1 587/1247/1
f 1007/1254/1 976/1249/1 1008/1248/1
f 1007/1254/1 977/1255/1 976/1249/1
f 813/1256/1 782/1251/1 814/1250/1
f 813/1256/1 783/334/1 782/1251/1
f 619/1257/1 588/1253/1 620/1252/1
f 619/1257/1 589/1258/1 588/1253/1
f 1006/1259/1 977/1255/1 1007/1254/1
f 1006/1259/1 978/1260/1 977/1255/1
f 812/1261/1 783/334/1 813/1256/1
f 812/1261/1 784/1262/1 783/334/1
f 618/1263/1 589/1258/1 619/1257/1
f 618/1263/1 590/1264/1 589/1258/1
f 1005/1265/1 978/1260/1 1006/1259/1
f 1005/1265/1 979/1266/1 978/1260/1
f 811/1267/1 784/1262/1 812/1261/1
f 811/1267/1 785/1268/1 784/1262/1
f 617/1269/1 590/1264/1 618/1263/1
f 617/1269/1 591/1270/1 590/1264/1
f 1004/1271/1 979/1266/1 1005/1265/1
f 1004/1271/1 980/1272/1 979/1266/1
f 810/1273/1 785/1268/1 811/1267/1
f 810/1273/1 786/1274/1 785/1268/1
f 616/1275/1 591/1270/1 617/1269/1
f 616/1275/1 592/1276/1 591/1270/1
f 1003/1277/1 980/1272/1 1004/1271/1
f 1003/1277/1 981/1278/1 980/1272/1
f 809/1279/1 786/1274/1 810/1273/1
f 809/1279/1 787/1280/1 786/1274/1
f 615/1281/1 592/1276/1 616/1275/1
f 615/1281/1 593/1282/1 592/1276/1
f 1002/1283/1 981/1278/1 1003/1277/1
f 808/1284/1 787/1280/1 809/1279/1
f 614/1285/1 593/1282/1 615/1281/1
f 1002/1283/1 982/1286/1 981/1278/1
f 808/1284/1 788/1287/1 787/1280/1
f 614/1285/1 594/1288/1 593/1282/1
f 1001/1289/1 982/1286/1 1002/1283/1
f 807/1290/1 788/1287/1 808/1284/1
f 613/1291/1 594/1288/1 614/1285/1
f 1001/1289/1 983/1292/1 982/1286/1
f 807/1290/1 789/1293/1 788/1287/1
f 613/1291/1 595/1294/1 594/1288/1
f 1000/1295/1 983/1292/1 1001/1289/1
f 806/1296/1 789/1293/1 807/1290/1
f 612/1297/1 595/1294/1 613/1291/1
f 1000/1295/1 984/1298/1 983/1292/1
f 806/1296/1 790/1299/1 789/1293/1
f 612/1297/1 596/1300/1 595/1294/1
f 999/1301/1 984/1298/1 1000/1295/1
f 805/1302/1 790/1299/1 806/1296/1
f 611/1303/1 596/1300/1 612/1297/1
f 999/1301/1 985/1304/1 984/1298/1
f 805/1302/1 791/1305/1 790/1299/1
f 611/1303/1 597/1306/1 596/1300/1
f 998/1307/1 985/1304/1 999/1301/1
f 804/1308/1 791/1305/1 805/1302/1
f 610/1309/1 597/1306/1 611/1303/1
f 998/1307/1 986/1310/1 985/1304/1
f 804/1308/1 792/1311/1 791/1305/1
f 610/1309/1 598/1312/1 597/1306/1
f 997/1313/1 986/1310/1 998/1307/1
f 803/1314/1 792/1311/1 804/1308/1
f 609/1315/1 598/1312/1 610/1309/1
f 997/1313/1 987/1316/1 986/1310/1
f 803/1314/1 793/1317/1 792/1311/1
f 609/1315/1 599/1318/1 598/1312/1
f 996/1319/1 987/1316/1 997/1313/1
f 802/1320/1 793/1317/1 803/1314/1
f 608/1321/1 599/1318/1 609/1315/1
f 996/1319/1 988/1322/1 987/1316/1
f 802/1320/1 794/1323/1 793/1317/1
f 608/1321/1 600/1324/1 599/1318/1
f 995/1325/1 988/1322/1 996/1319/1
f 801/1326/1 794/1323/1 802/1320/1
f 607/1327/1 600/1324/1 608/1321/1
f 995/1325/1 989/1328/1 988/1322/1
f 801/1326/1 795/1329/1 794/1323/1
f 607/1327/1 601/1330/1 600/1324/1
f 994/1331/1 989/1328/1 995/1325/1
f 800/1332/1 795/1329/1 801/1326/1
f 606/1333/1 601/1330/1 607/1327/1
f 994/1331/1 990/1334/1 989/1328/1
f 800/1332/1 796/1335/1 795/1329/1
f 606/1333/1 602/1336/1 601/1330/1
f 993/1337/1 990/1334/1 994/1331/1
f 799/1338/1 796/1335/1 800/1332/1
f 605/1339/1 602/1336/1 606/1333/1
f 993/1337/1 991/1340/1 990/1334/1
f 799/1338/1 797/1341/1 796/1335/1
f 605/1339/1 603/1342/1 602/1336/1
f 992/1343/1 991/1340/1 993/1337/1
f 798/1344/1 797/1341/1 799/1338/1
f 604/1345/1 603/1342/1 605/1339/1
f 1595/1346/1 1597/1347/1 1596/1348/1
f 1594/1349/1 1597/1347/1 1595/1346/1
f 1594/1349/1 1598/1350/1 1597/1347/1
f 1593/1351/1 1598/1350/1 1594/1349/1
f 1593/1351/1 1599/1352/1 1598/1350/1
f 1592/1353/1 1599/1352/1 1593/1351/1
f 1592/1353/1 1600/1354/1 1599/1352/1
f 1591/1355/1 1600/1354/1 1592/1353/1
f 1591/1355/1 1601/1356/1 1600/1354/1
f 1590/1357/1 1601/1356/1 1591/1355/1
f 1590/1357/1 1602/1358/1 1601/1356/1
f 1589/1359/1 1602/1358/1 1590/1357/1
f 1589/1359/1 1603/1360/1 1602/1358/1
f 1588/1361/1 1603/1360/1 1589/1359/1
f 1588/1361/1 1604/1362/1 1603/1360/1
f 1587/1363/1 1604/1362/1 1588/1361/1
f 1587/1363/1 1605/1364/1 1604/1362/1
f 1644/1365/1 1646/1366/1 1645/1367/1
f 1644/1365/1 1647/1368/1 1646/1366/1
f 1643/1369/1 1647/1368/1 1644/1365/1
f 1643/1369/1 1648/1370/1 1647/1368/1
f 1643/1369/1 1649/1371/1 1648/1370/1
f 1642/1372/1 1649/1371/1 1643/1369/1
f 1642/1372/1 1650/1373/1 1649/1371/1
f 1642/1372/1 1651/1374/1 1650/1373/1
f 1641/1375/1 1651/1374/1 1642/1372/1
f 1641/1375/1 1652/1376/1 1651/1374/1
f 1586/1377/1 1605/1364/1 1587/1363/1
f 1641/1375/1 1653/1378/1 1652/1376/1
f 1640/1379/1 1653/1378/1 1641/1375/1
f 1640/1379/1 1654/1380/1 1653/1378/1
f 1640/1379/1 1655/1381/1 1654/1380/1
f 1639/1382/1 1655/1381/1 1640/1379/1
f 1639/1382/1 1656/1383/1 1655/1381/1
f 1639/1382/1 1657/1384/1 1656/1383/1
f 1638/1385/1 1657/1384/1 1639/1382/1
f 1586/1377/1 1606/1386/1 1605/1364/1
f 1638/1385/1 1658/1387/1 1657/1384/1
f 1638/1385/1 1659/1388/1 1658/1387/1
f 1637/1389/1 1659/1388/1 1638/1385/1
f 1637/1389/1 1660/1390/1 1659/1388/1
f 1637/1389/1 1661/1391/1 1660/1390/1
f 1636/1392/1 1661/1391/1 1637/1389/1
f 1636/1392/1 1662/1393/1 1661/1391/1
f 1585/1394/1 1606/1386/1 1586/1377/1
f 1636/1392/1 1663/1395/1 1662/1393/1
f 1635/1396/1 1663/1395/1 1636/1392/1
f 1635/1396/1 1664/1397/1 1663/1395/1
f 1635/1396/1 1665/1398/1 1664/1397/1
f 1634/1399/1 1665/1398/1 1635/1396/1
f 1634/1399/1 1666/1400/1 1665/1398/1
f 1585/1394/1 1607/1401/1 1606/1386/1
f 1634/1399/1 1667/1402/1 1666/1400/1
f 1633/1403/1 1667/1402/1 1634/1399/1
f 1633/1403/1 1668/1404/1 1667/1402/1
f 1633/1403/1 1669/1405/1 1668/1404/1
f 1632/1406/1 1669/1405/1 1633/1403/1
f 1584/1407/1 1607/1401/1 1585/1394/1
f 1632/1406/1 1670/1408/1 1669/1405/1
f 1632/1406/1 1671/1409/1 1670/1408/1
f 1631/1410/1 1671/1409/1 1632/1406/1
f 1631/1410/1 1672/1411/1 1671/1409/1
f 1631/1410/1 1673/1412/1 1672/1411/1
f 1584/1407/1 1608/1413/1 1607/1401/1
f 1630/1414/1 1673/1412/1 1631/1410/1
f 1630/1414/1 1674/1415/1 1673/1412/1
f 1630/1414/1 1675/1416/1 1674/1415/1
f 1629/1417/1 1675/1416/1 1630/1414/1
f 1583/1418/1 1608/1413/1 1584/1407/1
f 1629/1417/1 1676/1419/1 1675/1416/1
f 1629/1417/1 1677/1420/1 1676/1419/1
f 1628/1421/1 1677/1420/1 1629/1417/1
f 1628/1421/1 1678/1422/1 1677/1420/1
f 1583/1418/1 1609/1423/1 1608/1413/1
f 1628/1421/1 1679/1424/1 1678/1422/1
f 1627/1425/1 1679/1424/1 1628/1421/1
f 1627/1425/1 1680/1426/1 1679/1424/1
f 1582/1427/1 1609/1423/1 1583/1418/1
f 1627/1425/1 1681/1428/1 1680/1426/1
f 1626/1429/1 1681/1428/1 1627/1425/1
f 1626/1429/1 1682/1430/1 1681/1428/1
f 1626/1429/1 1683/1431/1 1682/1430/1
f 1582/1427/1 1610/1432/1 1609/1423/1
f 1625/1433/1 1683/1431/1 1626/1429/1
f 1625/1433/1 1684/1434/1 1683/1431/1
f 1625/1433/1 1685/1435/1 1684/1434/1
f 1581/1436/1 1610/1432/1 1582/1427/1
f 1624/1437/1 1685/1435/1 1625/1433/1
f 1624/1437/1 1686/1438/1 1685/1435/1
f 1624/1437/1 1687/1439/1 1686/1438/1
f 1623/1440/1 1687/1439/1 1624/1437/1
f 1623/1440/1 1688/1441/1 1687/1439/1
f 1581/1436/1 1611/1442/1 1610/1432/1
f 1623/1440/1 1689/1443/1 1688/1441/1
f 1580/1444/1 1611/1442/1 1581/1436/1
f 1622/1445/1 1689/1443/1 1623/1440/1
f 1622/1445/1 1690/1446/1 1689/1443/1
f 1622/1445/1 1691/1447/1 1690/1446/1
f 1621/1448/1 1691/1447/1 1622/1445/1
f 1621/1448/1 1692/1449/1 1691/1447/1
f 1580/1444/1 1612/1450/1 1611/1442/1
f 1621/1448/1 1354/66/1 1692/1449/1
f 1579/1451/1 1612/1450/1 1580/1444/1
f 1620/1452/1 1354/66/1 1621/1448/1
f 1620/1452/1 1355/1453/1 1354/66/1
f 1579/1451/1 1613/1454/1 1612/1450/1
f 1578/1455/1 1613/1454/1 1579/1451/1
f 1577/1456/1 1613/1454/1 1578/1455/1
f 1577/1456/1 1614/1457/1 1613/1454/1
f 1576/1458/1 1614/1457/1 1577/1456/1
f 1576/1458/1 1615/1459/1 1614/1457/1
f 1575/1460/1 1615/1459/1 1576/1458/1
f 1575/1460/1 1616/1461/1 1615/1459/1
f 1574/1462/1 1616/1461/1 1575/1460/1
f 1574/1462/1 1617/1463/1 1616/1461/1
f 1573/1464/1 1617/1463/1 1574/1462/1
f 1573/1464/1 1618/1465/1 1617/1463/1
f 1572/1466/1 1618/1465/1 1573/1464/1
f 1572/1466/1 1619/1467/1 1618/1465/1
f 1571/1468/1 1619/1467/1 1572/1466/1
f 1571/1468/1 1620/1452/1 1619/1467/1
f 1570/1469/1 1620/1452/1 1571/1468/1
f 1569/1470/1 1620/1452/1 1570/1469/1
f 1569/1470/1 1713/1471/1 1620/1452/1
f 1713/1471/1 1712/1472/1 1620/1452/1
f 1712/1472/1 1711/1473/1 1620/1452/1
f 1711/1473/1 1710/1474/1 1620/1452/1
f 1710/1474/1 1709/1475/1 1620/1452/1
f 1709/1475/1 1708/609/1 1620/1452/1
f 1708/609/1 1707/1476/1 1620/1452/1
f 1707/1476/1 1706/1477/1 1620/1452/1
f 1706/1477/1 1705/1478/1 1620/1452/1
f 1705/1478/1 1704/1479/1 1620/1452/1
f 1704/1479/1 1703/1480/1 1620/1452/1
f 1703/1480/1 1702/1481/1 1620/1452/1
f 1702/1481/1 1701/1482/1 1620/1452/1
f 1701/1482/1 1700/1483/1 1620/1452/1
f 1700/1483/1 1699/1484/1 1620/1452/1
f 1699/1484/1 1698/1485/1 1620/1452/1
f 1698/1485/1 1697/1486/1 1620/1452/1
f 1697/1486/1 1696/1487/1 1620/1452/1
f 1696/1487/1 1695/1488/1 1620/1452/1
f 1695/1488/1 1694/1489/1 1620/1452/1
f 1694/1489/1 1355/1453/1 1620/1452/1
f 1568/1490/1 1714/1491/1 1569/1470/1
f 1714/1491/2 1713/1471/2 1569/1470/2
f 1567/1492/1 1715/1493/1 1568/1490/1
f 1715/1493/1 1714/1491/1 1568/1490/1
f 1566/1494/1 1715/1493/1 1567/1492/1
f 1565/1495/1 1716/1496/1 1566/1494/1
f 1716/1496/1 1715/1493/1 1566/1494/1
f 1564/1497/1 1717/1498/1 1565/1495/1
f 1717/1498/1 1716/1496/1 1565/1495/1
f 1563/1499/1 1717/1498/1 1564/1497/1
f 1562/1500/1 1718/1501/1 1563/1499/1
f 1718/1501/1 1717/1498/1 1563/1499/1
f 1562/1500/1 1719/1502/1 1718/1501/1
f 1562/1500/1 1720/1503/1 1719/1502/1
f 1562/1500/1 1721/1504/1 1720/1503/1
f 1561/1505/1 1721/1504/1 1562/1500/1
f 1561/1505/1 1722/1506/1 1721/1504/1
f 1561/1505/1 1723/1507/1 1722/1506/1
f 1561/1505/1 1724/1508/1 1723/1507/1
f 1561/1505/1 1725/1509/1 1724/1508/1
f 1561/1505/1 1726/1510/1 1725/1509/1
f 1561/1505/1 1727/1511/1 1726/1510/1
f 1561/1505/1 1728/1512/1 1727/1511/1
f 1560/1513/1 1728/1512/1 1561/1505/1
f 1560/1513/1 1729/1514/1 1728/1512/1
f 1560/1513/1 1730/1515/1 1729/1514/1
f 1560/1513/1 1731/1516/1 1730/1515/1
f 1560/1513/1 1732/1517/1 1731/1516/1
f 1559/1518/1 1732/1517/1 1560/1513/1
f 1559/1518/1 1733/1519/1 1732/1517/1
f 1559/1518/1 1734/1520/1 1733/1519/1
f 1559/1518/1 1735/1521/1 1734/1520/1
f 1558/1522/1 1735/1521/1 1559/1518/1
f 1558/1522/1 1736/1523/1 1735/1521/1
f 1558/1522/1 1737/1524/1 1736/1523/1
f 1557/1525/1 1737/1524/1 1558/1522/1
f 1557/1525/1 1738/1526/1 1737/1524/1
f 1557/1525/1 1739/1527/1 1738/1526/1
f 1557/1525/1 1740/1528/1 1739/1527/1
f 1556/1529/1 1740/1528/1 1557/1525/1
f 1556/1529/1 1741/1530/1 1740/1528/1
f 1556/1529/1 1742/1531/1 1741/1530/1
f 1555/1532/1 1742/1531/1 1556/1529/1
f 1555/1532/1 1743/1533/1 1742/1531/1
f 1555/1532/1 1744/1534/1 1743/1533/1
f 1554/1535/1 1744/1534/1 1555/1532/1
f 1554/1535/1 1745/1536/1 1744/1534/1
f 1554/1535/1 1746/1537/1 1745/1536/1
f 1553/1538/1 1746/1537/1 1554/1535/1
f 1553/1538/1 1747/1539/1 1746/1537/1
f 1553/1538/1 1748/1540/1 1747/1539/1
f 1552/1541/1 1748/1540/1 1553/1538/1
f 1552/1541/1 1749/1542/1 1748/1540/1
f 1693/1543/1 1355/1453/1 1694/1489/1
f 1552/1541/1 1750/1544/1 1749/1542/1
f 1551/1545/1 1750/1544/1 1552/1541/1
f 1551/1545/1 1751/1546/1 1750/1544/1
f 1550/1547/1 1751/1546/1 1551/1545/1
f 1550/1547/1 1752/1548/1 1751/1546/1
f 1550/1547/1 1753/1549/1 1752/1548/1
f 1549/1550/1 1753/1549/1 1550/1547/1
f 1549/1550/1 1754/1551/1 1753/1549/1
f 1549/1550/1 1755/1552/1 1754/1551/1
f 1548/1553/1 1755/1552/1 1549/1550/1
f 1548/1553/1 1756/1554/1 1755/1552/1
f 1548/1553/1 1757/1555/1 1756/1554/1
f 1547/1556/1 1757/1555/1 1548/1553/1
f 1547/1556/1 1758/1557/1 1757/1555/1
f 1546/1558/1 1758/1557/1 1547/1556/1
f 1546/1558/1 1759/1559/1 1758/1557/1
f 1546/1558/1 1760/1560/1 1759/1559/1
f 1545/1561/1 1760/1560/1 1546/1558/1
f 1545/1561/1 1761/1562/1 1760/1560/1
f 1544/1563/1 1761/1562/1 1545/1561/1
f 1544/1563/1 1762/1564/1 1761/1562/1
f 1544/1563/1 1763/1565/1 1762/1564/1
f 1543/1566/1 1763/1565/1 1544/1563/1
f 1543/1566/1 1764/1567/1 1763/1565/1
f 1543/1566/1 1765/1568/1 1764/1567/1
f 1542/1569/1 1765/1568/1 1543/1566/1
f 1542/1569/1 1766/1570/1 1765/1568/1
f 1541/1571/1 1766/1570/1 1542/1569/1
f 1541/1571/1 1767/1572/1 1766/1570/1
f 1885/176/1 1355/1453/1 1693/1543/1
f 1541/1571/1 1768/1573/1 1767/1572/1
f 1540/1574/1 1768/1573/1 1541/1571/1
f 1884/1575/1 1355/1453/1 1885/176/1
f 1540/1574/1 1769/1576/1 1768/1573/1
f 1539/1577/1 1769/1576/1 1540/1574/1
f 1539/1577/1 1770/1578/1 1769/1576/1
f 1883/1579/1 1355/1453/1 1884/1575/1
f 1539/1577/1 1771/1580/1 1770/1578/1
f 1538/1581/1 1771/1580/1 1539/1577/1
f 1882/1582/1 1355/1453/1 1883/1579/1
f 1538/1581/1 1772/1583/1 1771/1580/1
f 1537/1584/1 1772/1583/1 1538/1581/1
f 1881/1585/1 1355/1453/1 1882/1582/1
f 1537/1584/1 1773/1586/1 1772/1583/1
f 1537/1584/1 1774/1587/1 1773/1586/1
f 1880/1588/1 1355/1453/1 1881/1585/1
f 1536/1589/1 1774/1587/1 1537/1584/1
f 1536/1589/1 1775/1590/1 1774/1587/1
f 1879/1591/1 1355/1453/1 1880/1588/1
f 1536/1589/1 1776/1592/1 1775/1590/1
f 1535/1593/1 1776/1592/1 1536/1589/1
f 1535/1593/1 1777/1594/1 1776/1592/1
f 1878/1595/1 1355/1453/1 1879/1591/1
f 1534/1596/1 1777/1594/1 1535/1593/1
f 1534/1596/1 1778/1597/1 1777/1594/1
f 1877/1598/1 1355/1453/1 1878/1595/1
f 1534/1596/1 1779/1599/1 1778/1597/1
f 1533/1600/1 1779/1599/1 1534/1596/1
f 1876/1601/1 1355/1453/1 1877/1598/1
f 1533/1600/1 1780/1602/1 1779/1599/1
f 1532/1603/1 1780/1602/1 1533/1600/1
f 1875/1604/1 1355/1453/1 1876/1601/1
f 1532/1603/1 1781/1605/1 1780/1602/1
f 1532/1603/1 1782/1606/1 1781/1605/1
f 1531/1209/1 1782/1606/1 1532/1603/1
f 1874/1607/1 1355/1453/1 1875/1604/1
f 1531/1209/1 1783/1608/1 1782/1606/1
f 1873/1609/1 1355/1453/1 1874/1607/1
f 1530/1610/1 1783/1608/1 1531/1209/1
f 1530/1610/1 1784/1611/1 1783/1608/1
f 1872/1612/1 1355/1453/1 1873/1609/1
f 1530/1610/1 1785/1613/1 1784/1611/1
f 1529/1614/1 1785/1613/1 1530/1610/1
f 1529/1614/1 1786/1615/1 1785/1613/1
f 1871/1616/1 1355/1453/1 1872/1612/1
f 1528/1617/1 1786/1615/1 1529/1614/1
f 1528/1617/1 1787/1618/1 1786/1615/1
f 1870/1619/1 1355/1453/1 1871/1616/1
f 1528/1617/1 1788/1620/1 1787/1618/1
f 1527/1621/1 1788/1620/1 1528/1617/1
f 1869/1622/1 1355/1453/1 1870/1619/1
f 1527/1621/1 1789/1623/1 1788/1620/1
f 1526/1624/1 1789/1623/1 1527/1621/1
f 1526/1624/1 1790/1625/1 1789/1623/1
f 1868/1626/1 1355/1453/1 1869/1622/1
f 1526/1624/1 1791/1627/1 1790/1625/1
f 1525/1628/1 1791/1627/1 1526/1624/1
f 1867/1629/1 1355/1453/1 1868/1626/1
f 1525/1628/1 1792/1630/1 1791/1627/1
f 1525/1628/1 1793/1631/1 1792/1630/1
f 1866/1632/1 1355/1453/1 1867/1629/1
f 1524/1633/1 1793/1631/1 1525/1628/1
f 1524/1633/1 1794/1634/1 1793/1631/1
f 1524/1633/1 1795/1635/1 1794/1634/1
f 1865/1636/1 1355/1453/1 1866/1632/1
f 1523/1637/1 1795/1635/1 1524/1633/1
f 1523/1637/1 1796/1638/1 1795/1635/1
f 1864/1639/1 1355/1453/1 1865/1636/1
f 1523/1637/1 1797/1640/1 1796/1638/1
f 1523/1637/1 1798/1641/1 1797/1640/1
f 1522/1642/1 1798/1641/1 1523/1637/1
f 1863/1643/1 1355/1453/1 1864/1639/1
f 1522/1642/1 1799/1644/1 1798/1641/1
f 1522/1642/1 1800/1645/1 1799/1644/1
f 1862/1646/1 1355/1453/1 1863/1643/1
f 1521/1647/1 1800/1645/1 1522/1642/1
f 1521/1647/1 1801/1648/1 1800/1645/1
f 1521/1647/1 1802/1649/1 1801/1648/1
f 1861/1650/1 1355/1453/1 1862/1646/1
f 1521/1647/1 1803/1651/1 1802/1649/1
f 1520/1652/1 1803/1651/1 1521/1647/1
f 1860/1653/1 1355/1453/1 1861/1650/1
f 1520/1652/1 1804/1654/1 1803/1651/1
f 1520/1652/1 1805/1655/1 1804/1654/1
f 1859/1656/1 1355/1453/1 1860/1653/1
f 1519/1657/1 1805/1655/1 1520/1652/1
f 1519/1657/1 1806/1658/1 1805/1655/1
f 1858/1659/1 1355/1453/1 1859/1656/1
f 1519/1657/1 1807/1660/1 1806/1658/1
f 1519/1657/1 1808/1661/1 1807/1660/1
f 1518/1662/1 1808/1661/1 1519/1657/1
f 1857/1663/1 1428/1664/1 1858/1659/1
f 1428/1664/1 1355/1453/1 1858/1659/1
f 1518/1662/1 1809/1665/1 1808/1661/1
f 1518/1662/1 1810/1666/1 1809/1665/1
f 1856/1667/1 1428/1664/1 1857/1663/1
f 1517/1668/1 1810/1666/1 1518/1662/1
f 1517/1668/1 1811/1669/1 1810/1666/1
f 1855/1670/1 1428/1664/1 1856/1667/1
f 1517/1668/1 1812/1671/1 1811/1669/1
f 1517/1668/1 1813/1672/1 1812/1671/1
f 1854/1673/1 1428/1664/1 1855/1670/1
f 1516/1674/1 1813/1672/1 1517/1668/1
f 1516/1674/1 1814/1675/1 1813/1672/1
f 1853/1676/1 1428/1664/1 1854/1673/1
f 1516/1674/1 1815/1677/1 1814/1675/1
f 1516/1674/1 1816/1678/1 1815/1677/1
f 1852/1679/1 1428/1664/1 1853/1676/1
f 1515/1680/1 1816/1678/1 1516/1674/1
f 1515/1680/1 1817/1681/1 1816/1678/1
f 1515/1680/1 1818/1682/1 1817/1681/1
f 1851/1683/1 1428/1664/1 1852/1679/1
f 1515/1680/1 1819/1684/1 1818/1682/1
f 1850/1685/1 1428/1664/1 1851/1683/1
f 1515/1680/1 1820/1686/1 1819/1684/1
f 1514/1687/1 1820/1686/1 1515/1680/1
f 1514/1687/1 1821/1688/1 1820/1686/1
f 1849/1689/1 1428/1664/1 1850/1685/1
f 1514/1687/1 1822/1690/1 1821/1688/1
f 1848/1691/1 1428/1664/1 1849/1689/1
f 1514/1687/1 1823/1692/1 1822/1690/1
f 1513/1693/1 1823/1692/1 1514/1687/1
f 1513/1693/1 1824/1694/1 1823/1692/1
f 1847/1695/1 1428/1664/1 1848/1691/1
f 1513/1693/1 1825/1696/1 1824/1694/1
f 1846/1697/1 1428/1664/1 1847/1695/1
f 1513/1693/1 1826/1698/1 1825/1696/1
f 1513/1693/1 1827/1699/1 1826/1698/1
f 1845/1700/1 1428/1664/1 1846/1697/1
f 1513/1693/1 1828/1701/1 1827/1699/1
f 1512/1702/1 1828/1701/1 1513/1693/1
f 1844/1703/1 1428/1664/1 1845/1700/1
f 1512/1702/1 1829/1704/1 1828/1701/1
f 1512/1702/1 1830/1705/1 1829/1704/1
f 1843/1706/1 1428/1664/1 1844/1703/1
f 1512/1702/1 1831/1707/1 1830/1705/1
f 1842/1708/1 1428/1664/1 1843/1706/1
f 1512/1702/1 1832/1709/1 1831/1707/1
f 1512/1702/1 1833/1710/1 1832/1709/1
f 1841/1711/1 1428/1664/1 1842/1708/1
f 1512/1702/1 1834/1712/1 1833/1710/1
f 1840/1713/1 1428/1664/1 1841/1711/1
f 1512/1702/1 1835/1714/1 1834/1712/1
f 1512/1702/1 1836/1715/1 1835/1714/1
f 1839/1716/1 1428/1664/1 1840/1713/1
f 1512/1702/1 1837/1717/1 1836/1715/1
f 1838/1718/1 1428/1664/1 1839/1716/1
f 1512/1702/1 1838/1718/1 1837/1717/1
f 1512/1702/1 1428/1664/1 1838/1718/1
f 1511/1719/1 1428/1664/1 1512/1702/1
f 1510/1720/1 1428/1664/1 1511/1719/1
f 1510/1720/1 1429/1721/1 1428/1664/1
f 1427/1722/1 1355/1453/1 1428/1664/1
f 1510/1720/1 1430/1723/1 1429/1721/1
f 1509/1724/1 1430/1723/1 1510/1720/1
f 1509/1724/1 1431/1725/1 1430/1723/1
f 1509/1724/1 1432/1726/1 1431/1725/1
f 1508/1727/1 1432/1726/1 1509/1724/1
f 1508/1727/1 1433/1728/1 1432/1726/1
f 1507/1729/1 1433/1728/1 1508/1727/1
f 1507/1729/1 1434/1730/1 1433/1728/1
f 1507/1729/1 1435/1731/1 1434/1730/1
f 1506/1732/1 1435/1731/1 1507/1729/1
f 1506/1732/1 1436/1733/1 1435/1731/1
f 1506/1732/1 1437/1734/1 1436/1733/1
f 1505/1735/1 1437/1734/1 1506/1732/1
f 1505/1735/1 1438/1736/1 1437/1734/1
f 1504/1737/1 1438/1736/1 1505/1735/1
f 1504/1737/1 1439/1738/1 1438/1736/1
f 1504/1737/1 1440/1739/1 1439/1738/1
f 1503/1740/1 1440/1739/1 1504/1737/1
f 1503/1740/1 1441/1741/1 1440/1739/1
f 1502/1742/1 1441/1741/1 1503/1740/1
f 1502/1742/1 1442/1743/1 1441/1741/1
f 1502/1742/1 1443/1744/1 1442/1743/1
f 1501/1745/1 1443/1744/1 1502/1742/1
f 1501/1745/1 1444/1746/1 1443/1744/1
f 1500/1747/1 1444/1746/1 1501/1745/1
f 1500/1747/1 1445/1748/1 1444/1746/1
f 1499/1749/1 1445/1748/1 1500/1747/1
f 1499/1749/1 1446/1750/1 1445/1748/1
f 1499/1749/1 1447/1751/1 1446/1750/1
f 1498/1752/1 1447/1751/1 1499/1749/1
f 1498/1752/1 1448/1753/1 1447/1751/1
f 1497/1754/1 1448/1753/1 1498/1752/1
f 1497/1754/1 1449/1755/1 1448/1753/1
f 1497/1754/1 1450/1756/1 1449/1755/1
f 1496/1757/1 1450/1756/1 1497/1754/1
f 1496/1757/1 1451/1758/1 1450/1756/1
f 1495/1759/1 1451/1758/1 1496/1757/1
f 1495/1759/1 1452/1760/1 1451/1758/1
f 1494/1761/1 1452/1760/1 1495/1759/1
f 1494/1761/1 1453/1762/1 1452/1760/1
f 1494/1761/1 1454/1763/1 1453/1762/1
f 1493/1764/1 1454/1763/1 1494/1761/1
f 1493/1764/1 1455/1765/1 1454/1763/1
f 1426/1766/1 1355/1453/1 1427/1722/1
f 1426/1766/1 1356/1767/1 1355/1453/1
f 1492/1768/1 1455/1765/1 1493/1764/1
f 1425/1769/1 1356/1767/1 1426/1766/1
f 1492/1768/1 1456/1770/1 1455/1765/1
f 1425/1769/1 1357/1771/1 1356/1767/1
f 1424/1772/1 1357/1771/1 1425/1769/1
f 1423/1773/1 1357/1771/1 1424/1772/1
f 1423/1773/1 1358/1774/1 1357/1771/1
f 1422/1775/1 1358/1774/1 1423/1773/1
f 1491/1776/1 1456/1770/1 1492/1768/1
f 1491/1776/1 1457/1777/1 1456/1770/1
f 1421/1778/1 1358/1774/1 1422/1775/1
f 1421/1778/1 1359/1779/1 1358/1774/1
f 1420/1780/1 1359/1779/1 1421/1778/1
f 1491/1776/1 1458/1781/1 1457/1777/1
f 1419/1782/1 1359/1779/1 1420/1780/1
f 1419/1782/1 1360/1783/1 1359/1779/1
f 1490/1784/1 1458/1781/1 1491/1776/1
f 1418/1785/1 1360/1783/1 1419/1782/1
f 1417/1786/1 1360/1783/1 1418/1785/1
f 1417/1786/1 1361/1787/1 1360/1783/1
f 1490/1784/1 1459/1788/1 1458/1781/1
f 1416/1789/1 1361/1787/1 1417/1786/1
f 1415/1790/1 1361/1787/1 1416/1789/1
f 1415/1790/1 1362/1791/1 1361/1787/1
f 1489/1792/1 1459/1788/1 1490/1784/1
f 1414/1793/1 1362/1791/1 1415/1790/1
f 1489/1792/1 1460/1794/1 1459/1788/1
f 1413/1795/1 1362/1791/1 1414/1793/1
f 1413/1795/1 1363/1796/1 1362/1791/1
f 1412/1797/1 1363/1796/1 1413/1795/1
f 1411/1798/1 1363/1796/1 1412/1797/1
f 1411/1798/1 1364/1799/1 1363/1796/1
f 1410/1800/1 1364/1799/1 1411/1798/1
f 1488/1801/1 1460/1794/1 1489/1792/1
f 1488/1801/1 1461/1802/1 1460/1794/1
f 1409/1803/1 1364/1799/1 1410/1800/1
f 1409/1803/1 1365/1804/1 1364/1799/1
f 1408/1805/1 1365/1804/1 1409/1803/1
f 1407/1806/1 1365/1804/1 1408/1805/1
f 1407/1806/1 1366/1807/1 1365/1804/1
f 1488/1801/1 1462/1808/1 1461/1802/1
f 1406/1809/1 1366/1807/1 1407/1806/1
f 1487/1810/1 1462/1808/1 1488/1801/1
f 1405/1811/1 1366/1807/1 1406/1809/1
f 1405/1811/1 1367/1812/1 1366/1807/1
f 1404/1813/1 1367/1812/1 1405/1811/1
f 1403/1814/1 1367/1812/1 1404/1813/1
f 1403/1814/1 1368/1815/1 1367/1812/1
f 1487/1810/1 1463/1816/1 1462/1808/1
f 1402/1817/1 1368/1815/1 1403/1814/1
f 1401/1818/1 1368/1815/1 1402/1817/1
f 1401/1818/1 1369/1819/1 1368/1815/1
f 1400/1820/1 1369/1819/1 1401/1818/1
f 1486/1821/1 1463/1816/1 1487/1810/1
f 1399/1822/1 1369/1819/1 1400/1820/1
f 1399/1822/1 1370/1823/1 1369/1819/1
f 1398/1824/1 1370/1823/1 1399/1822/1
f 1486/1821/1 1464/1825/1 1463/1816/1
f 1397/1826/1 1370/1823/1 1398/1824/1
f 1397/1826/1 1371/1827/1 1370/1823/1
f 1396/1828/1 1371/1827/1 1397/1826/1
f 1395/1829/1 1371/1827/1 1396/1828/1
f 1395/1829/1 1372/1830/1 1371/1827/1
f 1394/1831/1 1372/1830/1 1395/1829/1
f 1393/1832/1 1372/1830/1 1394/1831/1
f 1393/1832/1 1373/1833/1 1372/1830/1
f 1392/1834/1 1373/1833/1 1393/1832/1
f 1485/1835/1 1464/1825/1 1486/1821/1
f 1391/1836/1 1373/1833/1 1392/1834/1
f 1391/1836/1 1374/1837/1 1373/1833/1
f 1485/1835/1 1465/1838/1 1464/1825/1
f 1390/1839/1 1374/1837/1 1391/1836/1
f 1389/1840/1 1374/1837/1 1390/1839/1
f 1389/1840/1 1375/1841/1 1374/1837/1
f 1388/1842/1 1375/1841/1 1389/1840/1
f 1387/1843/1 1375/1841/1 1388/1842/1
f 1387/1843/1 1376/1844/1 1375/1841/1
f 1386/1845/1 1376/1844/1 1387/1843/1
f 1385/1846/1 1376/1844/1 1386/1845/1
f 1385/1846/1 1377/1847/1 1376/1844/1
f 1384/1848/1 1377/1847/1 1385/1846/1
f 1383/1849/1 1377/1847/1 1384/1848/1
f 1383/1849/1 1378/1850/1 1377/1847/1
f 1382/1851/1 1378/1850/1 1383/1849/1
f 1381/1852/1 1378/1850/1 1382/1851/1
f 1381/1852/1 1379/1853/1 1378/1850/1
f 1380/1854/1 1379/1853/1 1381/1852/1
f 1485/1835/1 1466/1855/1 1465/1838/1
f 1484/1856/1 1466/1855/1 1485/1835/1
f 1484/1856/1 1467/1857/1 1466/1855/1
f 1483/1858/1 1467/1857/1 1484/1856/1
f 1483/1858/1 1468/1859/1 1467/1857/1
f 1482/1860/1 1468/1859/1 1483/1858/1
f 1482/1860/1 1469/1861/1 1468/1859/1
f 1481/1862/1 1469/1861/1 1482/1860/1
f 1481/1862/1 1470/1863/1 1469/1861/1
f 1480/1864/1 1470/1863/1 1481/1862/1
f 1480/1864/1 1471/1865/1 1470/1863/1
f 1480/1864/1 1472/1866/1 1471/1865/1
f 1479/1867/1 1472/1866/1 1480/1864/1
f 1479/1867/1 1473/1868/1 1472/1866/1
f 1478/1869/1 1473/1868/1 1479/1867/1
f 1478/1869/1 1474/1870/1 1473/1868/1
f 1477/1871/1 1474/1870/1 1478/1869/1
f 1477/1871/1 1475/1872/1 1474/1870/1
f 1476/1873/1 1475/1872/1 1477/1871/1
f 2477/1874/1 2479/1875/1 2478/1876/1
f 2477/1874/1 2480/1877/1 2479/1875/1
f 2476/1878/1 2480/1877/1 2477/1874/1
f 2476/1878/1 2481/1879/1 2480/1877/1
f 2476/1878/1 2482/1880/1 2481/1879/1
f 2475/575/1 2482/1880/1 2476/1878/1
f 2475/575/1 2483/1881/1 2482/1880/1
f 2475/575/1 2484/1882/1 2483/1881/1
f 2474/1883/1 2484/1882/1 2475/575/1
f 2474/1883/1 2485/1884/1 2484/1882/1
f 2473/1885/1 2485/1884/1 2474/1883/1
f 2473/1885/1 2486/1886/1 2485/1884/1
f 2473/1885/1 2487/1887/1 2486/1886/1
f 2472/1888/1 2487/1887/1 2473/1885/1
f 2472/1888/1 2488/1889/1 2487/1887/1
f 2472/1888/1 2489/1890/1 2488/1889/1
f 2471/1891/1 2489/1890/1 2472/1888/1
f 2471/1891/1 2490/1892/1 2489/1890/1
f 2470/1893/1 2490/1892/1 2471/1891/1
f 2470/1893/1 2491/1894/1 2490/1892/1
f 2470/1893/1 2492/1895/1 2491/1894/1
f 2469/1896/1 2492/1895/1 2470/1893/1
f 2469/1896/1 2493/1897/1 2492/1895/1
f 2469/1896/1 2494/1898/1 2493/1897/1
f 2468/1899/1 2494/1898/1 2469/1896/1
f 2468/1899/1 2495/1900/1 2494/1898/1
f 2468/1899/1 2496/1901/1 2495/1900/1
f 2467/1902/1 2496/1901/1 2468/1899/1
f 2467/1902/1 2497/1903/1 2496/1901/1
f 2467/1902/1 2498/1904/1 2497/1903/1
f 2466/1905/1 2498/1904/1 2467/1902/1
f 2466/1905/1 2499/1906/1 2498/1904/1
f 2466/1905/1 2500/1907/1 2499/1906/1
f 2465/1908/1 2500/1907/1 2466/1905/1
f 2465/1908/1 2501/1909/1 2500/1907/1
f 2465/1908/1 2502/1910/1 2501/1909/1
f 2464/1911/1 2502/1910/1 2465/1908/1
f 2464/1911/1 2503/1912/1 2502/1910/1
f 2464/1911/1 2504/1913/1 2503/1912/1
f 2463/1914/1 2504/1913/1 2464/1911/1
f 2463/1914/1 2505/1915/1 2504/1913/1
f 2463/1914/1 2506/794/1 2505/1915/1
f 2462/1916/1 2506/794/1 2463/1914/1
f 2462/1916/1 2507/1917/1 2506/794/1
f 2462/1916/1 2508/1918/1 2507/1917/1
f 2462/1916/1 2509/1919/1 2508/1918/1
f 2461/1920/1 2509/1919/1 2462/1916/1
f 2461/1920/1 2510/1921/1 2509/1919/1
f 2461/1920/1 2511/1922/1 2510/1921/1
f 2460/1923/1 2511/1922/1 2461/1920/1
f 2460/1923/1 2512/1924/1 2511/1922/1
f 2460/1923/1 2513/1925/1 2512/1924/1
f 2459/1926/1 2513/1925/1 2460/1923/1
f 2459/1926/1 2514/1927/1 2513/1925/1
f 2459/1926/1 2515/1928/1 2514/1927/1
f 2459/1926/1 2516/1929/1 2515/1928/1
f 2458/1930/1 2516/1929/1 2459/1926/1
f 2458/1930/1 2517/1931/1 2516/1929/1
f 2458/1930/1 2518/1932/1 2517/1931/1
f 2458/1930/1 2519/1933/1 2518/1932/1
f 2457/1934/1 2519/1933/1 2458/1930/1
f 2457/1934/1 2520/1935/1 2519/1933/1
f 2457/1934/1 2521/1936/1 2520/1935/1
f 2457/1934/1 2522/1937/1 2521/1936/1
f 2456/1938/1 2522/1937/1 2457/1934/1
f 2456/1938/1 2523/1939/1 2522/1937/1
f 2456/1938/1 2524/1940/1 2523/1939/1
f 2456/1938/1 2525/1941/1 2524/1940/1
f 2456/1938/1 2526/1942/1 2525/1941/1
f 2455/1943/1 2526/1942/1 2456/1938/1
f 2455/1943/1 2527/1944/1 2526/1942/1
f 2455/1943/1 2528/1945/1 2527/1944/1
f 2455/1943/1 2529/1946/1 2528/1945/1
f 2455/1943/1 2530/1947/1 2529/1946/1
f 2455/1943/1 2531/1948/1 2530/1947/1
f 2454/1949/1 2531/1948/1 2455/1943/1
f 2454/1949/1 2532/1950/1 2531/1948/1
f 2454/1949/1 2533/1951/1 2532/1950/1
f 2454/1949/1 2534/1952/1 2533/1951/1
f 2454/1949/1 2535/1953/1 2534/1952/1
f 2454/1949/1 2536/1954/1 2535/1953/1
f 2453/1955/1 2536/1954/1 2454/1949/1
f 2453/1955/1 2537/176/1 2536/1954/1
f 2453/1955/1 1886/66/1 2537/176/1
f 2453/1955/1 1887/1956/1 1886/66/1
f 2453/1955/1 1888/1957/1 1887/1956/1
f 2453/1955/1 1889/1958/1 1888/1957/1
f 2452/1959/1 1889/1958/1 2453/1955/1
f 2452/1959/1 1890/1960/1 1889/1958/1
f 2452/1959/1 1891/1961/1 1890/1960/1
f 2452/1959/1 1892/1962/1 1891/1961/1
f 2452/1959/1 1893/1963/1 1892/1962/1
f 2451/1964/1 1893/1963/1 2452/1959/1
f 2451/1964/1 1894/1965/1 1893/1963/1
f 2451/1964/1 1895/1966/1 1894/1965/1
f 2451/1964/1 1896/1967/1 1895/1966/1
f 2450/1968/1 1896/1967/1 2451/1964/1
f 2450/1968/1 1897/1969/1 1896/1967/1
f 2450/1968/1 1898/1970/1 1897/1969/1
f 2450/1968/1 1899/1971/1 1898/1970/1
f 2450/1968/1 1900/1972/1 1899/1971/1
f 2450/1968/1 1901/1973/1 1900/1972/1
f 2449/1974/1 1901/1973/1 2450/1968/1
f 2449/1974/1 1902/1975/1 1901/1973/1
f 2449/1974/1 1903/1976/1 1902/1975/1
f 2449/1974/1 1904/1977/1 1903/1976/1
f 2449/1974/1 1905/1978/1 1904/1977/1
f 2449/1974/1 1906/1979/1 1905/1978/1
f 2448/1980/1 1906/1979/1 2449/1974/1
f 2448/1980/1 1907/1981/1 1906/1979/1
f 2448/1980/1 1908/1982/1 1907/1981/1
f 2448/1980/1 1909/1983/1 1908/1982/1
f 2448/1980/1 1910/1984/1 1909/1983/1
f 2448/1980/1 1911/1985/1 1910/1984/1
f 2447/1986/1 1911/1985/1 2448/1980/1
f 2447/1986/1 1912/1987/1 1911/1985/1
f 2447/1986/1 1913/1988/1 1912/1987/1
f 2447/1986/1 1914/1989/1 1913/1988/1
f 2447/1986/1 1915/1990/1 1914/1989/1
f 2446/1991/1 1915/1990/1 2447/1986/1
f 2446/1991/1 1916/1992/1 1915/1990/1
f 2446/1991/1 1917/1282/1 1916/1992/1
f 2446/1991/1 1918/1993/1 1917/1282/1
f 2446/1991/1 1919/1994/1 1918/1993/1
f 2445/1995/1 2019/1996/1 2446/1991/1
f 2019/1996/1 2018/1997/1 2446/1991/1
f 2018/1997/1 1919/1994/1 2446/1991/1
f 2018/1997/1 1920/1998/1 1919/1994/1
f 2018/1997/1 1921/1999/1 1920/1998/1
f 2017/2000/1 1921/1999/1 2018/1997/1
f 2016/2001/1 1921/1999/1 2017/2000/1
f 2445/1995/1 2020/2002/1 2019/1996/1
f 2015/2003/1 1921/1999/1 2016/2001/1
f 2445/1995/1 2021/2004/1 2020/2002/1
f 2014/2005/1 1921/1999/1 2015/2003/1
f 2445/1995/1 2022/2006/1 2021/2004/1
f 2013/2007/1 1921/1999/1 2014/2005/1
f 2013/2007/1 1922/2008/1 1921/1999/1
f 2445/1995/1 2023/2009/1 2022/2006/1
f 2012/2010/1 1922/2008/1 2013/2007/1
f 2011/2011/1 1922/2008/1 2012/2010/1
f 2445/1995/1 2024/2012/1 2023/2009/1
f 2011/2011/1 1923/2013/1 1922/2008/1
f 2010/886/1 1923/2013/1 2011/2011/1
f 2445/1995/1 2025/2014/1 2024/2012/1
f 2444/82/1 2025/2014/1 2445/1995/1
f 2009/2015/1 1923/2013/1 2010/886/1
f 2444/82/1 2026/2016/1 2025/2014/1
f 2009/2015/1 1924/2017/1 1923/2013/1
f 2008/2018/1 1924/2017/1 2009/2015/1
f 2444/82/1 2027/2019/1 2026/2016/1
f 2008/2018/1 1925/2020/1 1924/2017/1
f 2007/2021/1 1925/2020/1 2008/2018/1
f 2444/82/1 2028/2022/1 2027/2019/1
f 2006/2023/1 1925/2020/1 2007/2021/1
f 2006/2023/1 1926/2024/1 1925/2020/1
f 2005/2025/1 1926/2024/1 2006/2023/1
f 2444/82/1 2029/2026/1 2028/2022/1
f 2005/2025/1 1927/2027/1 1926/2024/1
f 2443/2028/1 2029/2026/1 2444/82/1
f 2004/2029/1 1927/2027/1 2005/2025/1
f 2443/2028/1 2030/2030/1 2029/2026/1
f 2004/2029/1 1928/2031/1 1927/2027/1
f 2003/2032/1 1928/2031/1 2004/2029/1
f 2003/2032/1 1929/2033/1 1928/2031/1
f 2443/2028/1 2031/2034/1 2030/2030/1
f 2002/2035/1 1929/2033/1 2003/2032/1
f 2002/2035/1 1930/2036/1 1929/2033/1
f 2443/2028/1 2032/2037/1 2031/2034/1
f 2001/2038/1 1930/2036/1 2002/2035/1
f 2001/2038/1 1931/2039/1 1930/2036/1
f 2000/2040/1 1931/2039/1 2001/2038/1
f 2442/2041/1 2032/2037/1 2443/2028/1
f 2442/2041/1 2033/2042/1 2032/2037/1
f 2000/2040/1 1932/2043/1 1931/2039/1
f 1999/2044/1 1932/2043/1 2000/2040/1
f 1999/2044/1 1933/2045/1 1932/2043/1
f 2442/2041/1 2034/2046/1 2033/2042/1
f 1998/2047/1 1933/2045/1 1999/2044/1
f 1998/2047/1 1934/2048/1 1933/2045/1
f 1997/2049/1 1934/2048/1 1998/2047/1
f 1997/2049/1 1935/2050/1 1934/2048/1
f 2442/2041/1 2035/2051/1 2034/2046/1
f 1996/2052/1 1935/2050/1 1997/2049/1
f 2441/2053/1 2035/2051/1 2442/2041/1
f 1996/2052/1 1936/2054/1 1935/2050/1
f 2441/2053/1 2036/2055/1 2035/2051/1
f 1995/2056/1 1936/2054/1 1996/2052/1
f 1995/2056/1 1937/2057/1 1936/2054/1
f 1994/2058/1 1937/2057/1 1995/2056/1
f 1994/2058/1 1938/2059/1 1937/2057/1
f 2441/2053/1 2037/2060/1 2036/2055/1
f 1994/2058/1 1939/2061/1 1938/2059/1
f 1993/2062/1 1939/2061/1 1994/2058/1
f 1993/2062/1 1940/2063/1 1939/2061/1
f 1992/2064/1 1940/2063/1 1993/2062/1
f 2440/2065/1 2037/2060/1 2441/2053/1
f 2440/2065/1 2038/2066/1 2037/2060/1
f 1992/2064/1 1941/2067/1 1940/2063/1
f 1991/2068/1 1941/2067/1 1992/2064/1
f 1991/2068/1 1942/2069/1 1941/2067/1
f 2440/2065/1 2039/2070/1 2038/2066/1
f 1990/2071/1 1942/2069/1 1991/2068/1
f 1990/2071/1 1943/2072/1 1942/2069/1
f 1990/2071/1 1944/2073/1 1943/2072/1
f 1989/2074/1 1944/2073/1 1990/2071/1
f 1989/2074/1 1945/2075/1 1944/2073/1
f 2440/2065/1 2040/2076/1 2039/2070/1
f 1988/2077/1 1945/2075/1 1989/2074/1
f 2439/2078/1 2040/2076/1 2440/2065/1
f 1988/2077/1 1946/2079/1 1945/2075/1
f 1987/2080/1 1946/2079/1 1988/2077/1
f 1987/2080/1 1947/2081/1 1946/2079/1
f 2439/2078/1 2041/1052/1 2040/2076/1
f 1986/2082/1 1947/2081/1 1987/2080/1
f 1986/2082/1 1948/1185/1 1947/2081/1
f 1986/2082/1 1949/2083/1 1948/1185/1
f 1985/2084/1 1949/2083/1 1986/2082/1
f 1985/2084/1 1950/2085/1 1949/2083/1
f 1984/2086/1 1950/2085/1 1985/2084/1
f 2439/2078/1 2042/2087/1 2041/1052/1
f 1984/2086/1 1951/2088/1 1950/2085/1
f 2438/2089/1 2042/2087/1 2439/2078/1
f 1983/2090/1 1951/2088/1 1984/2086/1
f 1983/2090/1 1952/2091/1 1951/2088/1
f 1983/2090/1 1953/2092/1 1952/2091/1
f 1982/2093/1 1953/2092/1 1983/2090/1
f 2438/2089/1 2043/2094/1 2042/2087/1
f 1982/2093/1 1954/2095/1 1953/2092/1
f 1981/2096/1 1954/2095/1 1982/2093/1
f 1981/2096/1 1955/2097/1 1954/2095/1
f 1981/2096/1 1956/2098/1 1955/2097/1
f 1980/2099/1 1956/2098/1 1981/2096/1
f 1980/2099/1 1957/2100/1 1956/2098/1
f 1979/306/1 1957/2100/1 1980/2099/1
f 2438/2089/1 2044/2101/1 2043/2094/1
f 1979/306/1 1958/2102/1 1957/2100/1
f 2437/2103/1 2044/2101/1 2438/2089/1
f 1978/2104/1 1958/2102/1 1979/306/1
f 1978/2104/1 1959/2105/1 1958/2102/1
f 1978/2104/1 1960/2106/1 1959/2105/1
f 1977/2107/1 1960/2106/1 1978/2104/1
f 1977/2107/1 1961/2108/1 1960/2106/1
f 1976/2109/1 1961/2108/1 1977/2107/1
f 1976/2109/1 1962/2110/1 1961/2108/1
f 1975/2111/1 1962/2110/1 1976/2109/1
f 1975/2111/1 1963/2112/1 1962/2110/1
f 2437/2103/1 2045/2113/1 2044/2101/1
f 1975/2111/1 1964/2114/1 1963/2112/1
f 1974/2115/1 1964/2114/1 1975/2111/1
f 1974/2115/1 1965/2116/1 1964/2114/1
f 1973/2117/1 1965/2116/1 1974/2115/1
f 1973/2117/1 1966/2118/1 1965/2116/1
f 1972/2119/1 1966/2118/1 1973/2117/1
f 1972/2119/1 1967/2120/1 1966/2118/1
f 1972/2119/1 1968/2121/1 1967/2120/1
f 1971/2122/1 1968/2121/1 1972/2119/1
f 1971/2122/1 1969/2123/1 1968/2121/1
f 1970/2124/1 1969/2123/1 1971/2122/1
f 2437/2103/1 2046/2125/1 2045/2113/1
f 2436/2126/1 2046/2125/1 2437/2103/1
f 2436/2126/1 2047/2127/1 2046/2125/1
f 2435/2128/1 2047/2127/1 2436/2126/1
f 2435/2128/1 2048/2129/1 2047/2127/1
f 2435/2128/1 2049/2130/1 2048/2129/1
f 2434/2131/1 2049/2130/1 2435/2128/1
f 2434/2131/1 2050/2132/1 2049/2130/1
f 2434/2131/1 2051/2133/1 2050/2132/1
f 2433/2134/1 2051/2133/1 2434/2131/1
f 2433/2134/1 2052/2135/1 2051/2133/1
f 2432/2136/1 2052/2135/1 2433/2134/1
f 2432/2136/1 2053/2137/1 2052/2135/1
f 2432/2136/1 2054/2138/1 2053/2137/1
f 2431/2139/1 2054/2138/1 2432/2136/1
f 2431/2139/1 2055/2140/1 2054/2138/1
f 2431/2139/1 2056/2141/1 2055/2140/1
f 2430/2142/1 2056/2141/1 2431/2139/1
f 2430/2142/1 2057/2143/1 2056/2141/1
f 2429/2144/1 2057/2143/1 2430/2142/1
f 2429/2144/1 2058/2145/1 2057/2143/1
f 2429/2144/1 2059/2146/1 2058/2145/1
f 2428/2147/1 2059/2146/1 2429/2144/1
f 2428/2147/1 2060/2148/1 2059/2146/1
f 2427/2149/1 2060/2148/1 2428/2147/1
f 2427/2149/1 2061/2150/1 2060/2148/1
f 2427/2149/1 2062/2151/1 2061/2150/1
f 2426/2152/1 2062/2151/1 2427/2149/1
f 2426/2152/1 2063/2153/1 2062/2151/1
f 2425/2154/1 2063/2153/1 2426/2152/1
f 2425/2154/1 2064/2155/1 2063/2153/1
f 2425/2154/1 2065/2156/1 2064/2155/1
f 2424/2157/1 2065/2156/1 2425/2154/1
f 2424/2157/1 2066/2158/1 2065/2156/1
f 2423/2159/1 2066/2158/1 2424/2157/1
f 2423/2159/1 2067/2160/1 2066/2158/1
f 2423/2159/1 2068/2161/1 2067/2160/1
f 2422/2162/1 2068/2161/1 2423/2159/1
f 2422/2162/1 2069/2163/1 2068/2161/1
f 2421/2164/1 2069/2163/1 2422/2162/1
f 2421/2164/1 2070/2165/1 2069/2163/1
f 2421/2164/1 2071/2166/1 2070/2165/1
f 2420/2167/1 2071/2166/1 2421/2164/1
f 2259/2168/1 2261/2169/1 2260/2170/1
f 2259/2168/1 2262/2171/1 2261/2169/1
f 2258/376/1 2262/2171/1 2259/2168/1
f 2258/376/1 2263/2172/1 2262/2171/1
f 2257/2173/1 2263/2172/1 2258/376/1
f 2256/2174/1 2263/2172/1 2257/2173/1
f 2256/2174/1 2264/2175/1 2263/2172/1
f 2255/2176/1 2264/2175/1 2256/2174/1
f 2255/2176/1 2265/2177/1 2264/2175/1
f 2254/2178/1 2265/2177/1 2255/2176/1
f 2253/2179/1 2265/2177/1 2254/2178/1
f 2253/2179/1 2266/2180/1 2265/2177/1
f 2252/2181/1 2266/2180/1 2253/2179/1
f 2252/2181/1 2267/2182/1 2266/2180/1
f 2251/2183/1 2267/2182/1 2252/2181/1
f 2250/2184/1 2267/2182/1 2251/2183/1
f 2250/2184/1 2268/2185/1 2267/2182/1
f 2420/2167/1 2072/334/1 2071/2166/1
f 2249/2186/1 2268/2185/1 2250/2184/1
f 2249/2186/1 2269/2187/1 2268/2185/1
f 2248/2188/1 2269/2187/1 2249/2186/1
f 2247/2189/1 2269/2187/1 2248/2188/1
f 2247/2189/1 2270/2190/1 2269/2187/1
f 2246/2191/1 2270/2190/1 2247/2189/1
f 2245/2192/1 2270/2190/1 2246/2191/1
f 2245/2192/1 2271/2193/1 2270/2190/1
f 2244/2194/1 2271/2193/1 2245/2192/1
f 2244/2194/1 2272/2195/1 2271/2193/1
f 2243/2196/1 2272/2195/1 2244/2194/1
f 2419/2197/1 2072/334/1 2420/2167/1
f 2419/2197/1 2073/2198/1 2072/334/1
f 2242/2199/1 2272/2195/1 2243/2196/1
f 2242/2199/1 2273/2200/1 2272/2195/1
f 2241/2201/1 2273/2200/1 2242/2199/1
f 2240/2202/1 2273/2200/1 2241/2201/1
f 2240/2202/1 2274/2203/1 2273/2200/1
f 2239/2204/1 2274/2203/1 2240/2202/1
f 2238/2205/1 2274/2203/1 2239/2204/1
f 2238/2205/1 2275/2206/1 2274/2203/1
f 2237/2207/1 2275/2206/1 2238/2205/1
f 2419/2197/1 2074/2208/1 2073/2198/1
f 2236/2209/1 2275/2206/1 2237/2207/1
f 2236/2209/1 2276/2210/1 2275/2206/1
f 2235/2211/1 2276/2210/1 2236/2209/1
f 2418/2212/1 2074/2208/1 2419/2197/1
f 2235/2211/1 2277/2213/1 2276/2210/1
f 2234/2214/1 2277/2213/1 2235/2211/1
f 2233/2215/1 2277/2213/1 2234/2214/1
f 2233/2215/1 2278/2216/1 2277/2213/1
f 2232/2217/1 2278/2216/1 2233/2215/1
f 2418/2212/1 2075/2218/1 2074/2208/1
f 2231/2219/1 2278/2216/1 2232/2217/1
f 2231/2219/1 2279/2220/1 2278/2216/1
f 2230/2221/1 2279/2220/1 2231/2219/1
f 2229/2222/1 2279/2220/1 2230/2221/1
f 2229/2222/1 2280/2223/1 2279/2220/1
f 2228/2224/1 2280/2223/1 2229/2222/1
f 2417/2225/1 2075/2218/1 2418/2212/1
f 2417/2225/1 2076/2226/1 2075/2218/1
f 2227/1231/1 2280/2223/1 2228/2224/1
f 2227/1231/1 2281/2227/1 2280/2223/1
f 2226/2228/1 2281/2227/1 2227/1231/1
f 2225/2229/1 2281/2227/1 2226/2228/1
f 2225/2229/1 2282/2230/1 2281/2227/1
f 2224/2231/1 2282/2230/1 2225/2229/1
f 2417/2225/1 2077/2232/1 2076/2226/1
f 2223/2233/1 2282/2230/1 2224/2231/1
f 2223/2233/1 2283/2234/1 2282/2230/1
f 2222/2235/1 2283/2234/1 2223/2233/1
f 2416/2236/1 2077/2232/1 2417/2225/1
f 2221/2237/1 2283/2234/1 2222/2235/1
f 2221/2237/1 2284/2238/1 2283/2234/1
f 2220/2239/1 2284/2238/1 2221/2237/1
f 2416/2236/1 2078/2240/1 2077/2232/1
f 2219/2241/1 2284/2238/1 2220/2239/1
f 2219/2241/1 2285/2242/1 2284/2238/1
f 2218/2243/1 2285/2242/1 2219/2241/1
f 2217/2244/1 2285/2242/1 2218/2243/1
f 2217/2244/1 2163/2245/1 2285/2242/1
f 2163/2245/1 2286/2246/1 2285/2242/1
f 2216/2247/1 2163/2245/1 2217/2244/1
f 2415/2248/1 2078/2240/1 2416/2236/1
f 2415/2248/1 2079/2249/1 2078/2240/1
f 2215/2250/1 2163/2245/1 2216/2247/1
f 2214/2251/1 2163/2245/1 2215/2250/1
f 2213/2252/1 2163/2245/1 2214/2251/1
f 2212/2253/1 2163/2245/1 2213/2252/1
f 2415/2248/1 2080/2254/1 2079/2249/1
f 2211/2255/1 2163/2245/1 2212/2253/1
f 2210/2256/1 2163/2245/1 2211/2255/1
f 2414/2257/1 2080/2254/1 2415/2248/1
f 2209/2258/1 2163/2245/1 2210/2256/1
f 2208/2259/1 2163/2245/1 2209/2258/1
f 2414/2257/1 2081/2260/1 2080/2254/1
f 2207/2261/1 2163/2245/1 2208/2259/1
f 2206/2262/1 2163/2245/1 2207/2261/1
f 2205/2263/1 2163/2245/1 2206/2262/1
f 2204/2264/1 2163/2245/1 2205/2263/1
f 2413/643/1 2081/2260/1 2414/2257/1
f 2203/2265/1 2163/2245/1 2204/2264/1
f 2413/643/1 2082/2266/1 2081/2260/1
f 2202/2267/1 2163/2245/1 2203/2265/1
f 2201/2268/1 2163/2245/1 2202/2267/1
f 2200/2269/1 2163/2245/1 2201/2268/1
f 2199/2270/1 2163/2245/1 2200/2269/1
f 2413/643/1 2083/2271/1 2082/2266/1
f 2198/2272/1 2163/2245/1 2199/2270/1
f 2197/2273/1 2163/2245/1 2198/2272/1
f 2412/2274/1 2083/2271/1 2413/643/1
f 2196/1043/1 2163/2245/1 2197/2273/1
f 2195/2275/1 2163/2245/1 2196/1043/1
f 2194/2276/1 2163/2245/1 2195/2275/1
f 2412/2274/1 2084/2277/1 2083/2271/1
f 2193/2278/1 2163/2245/1 2194/2276/1
f 2192/2279/1 2163/2245/1 2193/2278/1
f 2191/2280/1 2163/2245/1 2192/2279/1
f 2190/2281/1 2163/2245/1 2191/2280/1
f 2189/2282/1 2163/2245/1 2190/2281/1
f 2411/2283/1 2084/2277/1 2412/2274/1
f 2188/2284/1 2163/2245/1 2189/2282/1
f 2411/2283/1 2085/2285/1 2084/2277/1
f 2187/2286/1 2163/2245/1 2188/2284/1
f 2186/2287/1 2163/2245/1 2187/2286/1
f 2185/2288/1 2163/2245/1 2186/2287/1
f 2184/2289/1 2163/2245/1 2185/2288/1
f 2411/2283/1 2086/2290/1 2085/2285/1
f 2183/2291/1 2163/2245/1 2184/2289/1
f 2410/2292/1 2086/2290/1 2411/2283/1
f 2182/2293/1 2163/2245/1 2183/2291/1
f 2181/2294/1 2163/2245/1 2182/2293/1
f 2180/2295/1 2163/2245/1 2181/2294/1
f 2410/2292/1 2087/2296/1 2086/2290/1
f 2179/2297/1 2163/2245/1 2180/2295/1
f 2178/2298/1 2163/2245/1 2179/2297/1
f 2177/2299/1 2163/2245/1 2178/2298/1
f 2176/2300/1 2163/2245/1 2177/2299/1
f 2175/2301/1 2163/2245/1 2176/2300/1
f 2174/2302/1 2163/2245/1 2175/2301/1
f 2409/2303/1 2087/2296/1 2410/2292/1
f 2409/2303/1 2088/2304/1 2087/2296/1
f 2173/2305/1 2163/2245/1 2174/2302/1
f 2172/2306/1 2163/2245/1 2173/2305/1
f 2171/2307/1 2163/2245/1 2172/2306/1
f 2170/2308/1 2163/2245/1 2171/2307/1
f 2169/2309/1 2163/2245/1 2170/2308/1
f 2168/2310/1 2163/2245/1 2169/2309/1
f 2167/2311/1 2163/2245/1 2168/2310/1
f 2166/2312/1 2163/2245/1 2167/2311/1
f 2165/496/1 2163/2245/1 2166/2312/1
f 2164/2313/1 2163/2245/1 2165/496/1
f 2162/2314/1 2286/2246/1 2163/2245/1
f 2409/2303/1 2089/2315/1 2088/2304/1
f 2408/2316/1 2089/2315/1 2409/2303/1
f 2408/2316/1 2090/2317/1 2089/2315/1
f 2408/2316/1 2091/2318/1 2090/2317/1
f 2407/2319/1 2091/2318/1 2408/2316/1
f 2407/2319/1 2092/2320/1 2091/2318/1
f 2406/2321/1 2092/2320/1 2407/2319/1
f 2406/2321/1 2093/2322/1 2092/2320/1
f 2405/2323/1 2093/2322/1 2406/2321/1
f 2405/2323/1 2094/2324/1 2093/2322/1
f 2405/2323/1 2095/2325/1 2094/2324/1
f 2404/2326/1 2095/2325/1 2405/2323/1
f 2404/2326/1 2096/2327/1 2095/2325/1
f 2404/2326/1 2097/2328/1 2096/2327/1
f 2403/2329/1 2097/2328/1 2404/2326/1
f 2403/2329/1 2098/2330/1 2097/2328/1
f 2403/2329/1 2099/2331/1 2098/2330/1
f 2402/2332/1 2099/2331/1 2403/2329/1
f 2402/2332/1 2100/2333/1 2099/2331/1
f 2401/2334/1 2100/2333/1 2402/2332/1
f 2401/2334/1 2101/2335/1 2100/2333/1
f 2401/2334/1 2102/2336/1 2101/2335/1
f 2400/2337/1 2102/2336/1 2401/2334/1
f 2400/2337/1 2103/1209/1 2102/2336/1
f 2400/2337/1 2104/2338/1 2103/1209/1
f 2399/2339/1 2104/2338/1 2400/2337/1
f 2399/2339/1 2105/2340/1 2104/2338/1
f 2399/2339/1 2106/2341/1 2105/2340/1
f 2398/2342/1 2106/2341/1 2399/2339/1
f 2398/2342/1 2107/2343/1 2106/2341/1
f 2398/2342/1 2108/2344/1 2107/2343/1
f 2397/2345/1 2108/2344/1 2398/2342/1
f 2397/2345/1 2109/2346/1 2108/2344/1
f 2397/2345/1 2110/2347/1 2109/2346/1
f 2396/2348/1 2110/2347/1 2397/2345/1
f 2396/2348/1 2111/2349/1 2110/2347/1
f 2396/2348/1 2112/2350/1 2111/2349/1
f 2395/2351/1 2112/2350/1 2396/2348/1
f 2395/2351/1 2113/2352/1 2112/2350/1
f 2395/2351/1 2114/2353/1 2113/2352/1
f 2395/2351/1 2115/2354/1 2114/2353/1
f 2394/2355/1 2115/2354/1 2395/2351/1
f 2394/2355/1 2116/2356/1 2115/2354/1
f 2394/2355/1 2117/2357/1 2116/2356/1
f 2393/2358/1 2117/2357/1 2394/2355/1
f 2393/2358/1 2118/2359/1 2117/2357/1
f 2393/2358/1 2119/2360/1 2118/2359/1
f 2393/2358/1 2120/2361/1 2119/2360/1
f 2392/2362/1 2120/2361/1 2393/2358/1
f 2392/2362/1 2121/2363/1 2120/2361/1
f 2161/2364/1 2286/2246/1 2162/2314/1
f 2392/2362/1 2122/2365/1 2121/2363/1
f 2160/2366/1 2286/2246/1 2161/2364/1
f 2392/2362/1 2123/2367/1 2122/2365/1
f 2159/2368/1 2286/2246/1 2160/2366/1
f 2391/2369/1 2123/2367/1 2392/2362/1
f 2391/2369/1 2124/2370/1 2123/2367/1
f 2158/2371/1 2286/2246/1 2159/2368/1
f 2157/2372/1 2286/2246/1 2158/2371/1
f 2391/2369/1 2125/2373/1 2124/2370/1
f 2156/2374/1 2286/2246/1 2157/2372/1
f 2391/2369/1 2126/2375/1 2125/2373/1
f 2155/2376/1 2286/2246/1 2156/2374/1
f 2154/2377/1 2286/2246/1 2155/2376/1
f 2391/2369/1 2127/2378/1 2126/2375/1
f 2390/2379/1 2127/2378/1 2391/2369/1
f 2153/2380/1 2286/2246/1 2154/2377/1
f 2390/2379/1 2128/2381/1 2127/2378/1
f 2152/2382/1 2286/2246/1 2153/2380/1
f 2390/2379/1 2129/2383/1 2128/2381/1
f 2151/2384/1 2286/2246/1 2152/2382/1
f 2150/2385/1 2286/2246/1 2151/2384/1
f 2390/2379/1 2130/2386/1 2129/2383/1
f 2149/2387/1 2286/2246/1 2150/2385/1
f 2390/2379/1 2131/2388/1 2130/2386/1
f 2148/2389/1 2286/2246/1 2149/2387/1
f 2147/2390/1 2286/2246/1 2148/2389/1
f 2390/2379/1 2132/2391/1 2131/2388/1
f 2146/2392/1 2286/2246/1 2147/2390/1
f 2390/2379/1 2133/2393/1 2132/2391/1
f 2389/2394/1 2133/2393/1 2390/2379/1
f 2145/2395/1 2286/2246/1 2146/2392/1
f 2389/2394/1 2134/993/1 2133/2393/1
f 2144/2396/1 2286/2246/1 2145/2395/1
f 2143/2397/1 2286/2246/1 2144/2396/1
f 2389/2394/1 2135/2398/1 2134/993/1
f 2142/2399/1 2286/2246/1 2143/2397/1
f 2389/2394/1 2136/2400/1 2135/2398/1
f 2141/2401/1 2286/2246/1 2142/2399/1
f 2140/2402/1 2286/2246/1 2141/2401/1
f 2389/2394/1 2137/2403/1 2136/2400/1
f 2139/2404/1 2286/2246/1 2140/2402/1
f 2389/2394/1 2138/2405/1 2137/2403/1
f 2138/2405/1 2286/2246/1 2139/2404/1
f 2389/2394/1 2286/2246/1 2138/2405/1
f 2388/2406/1 2286/2246/1 2389/2394/1
f 2387/2407/1 2286/2246/1 2388/2406/1
f 2386/2408/1 2286/2246/1 2387/2407/1
f 2385/2409/1 2286/2246/1 2386/2408/1
f 2384/2410/1 2286/2246/1 2385/2409/1
f 2384/2410/1 2287/2411/1 2286/2246/1
f 2384/2410/1 2288/2412/1 2287/2411/1
f 2384/2410/1 2289/712/1 2288/2412/1
f 2383/2413/1 2289/712/1 2384/2410/1
f 2383/2413/1 2290/2414/1 2289/712/1
f 2383/2413/1 2291/2415/1 2290/2414/1
f 2383/2413/1 2292/2416/1 2291/2415/1
f 2383/2413/1 2293/2417/1 2292/2416/1
f 2382/744/1 2293/2417/1 2383/2413/1
f 2382/744/1 2294/2418/1 2293/2417/1
f 2382/744/1 2295/2419/1 2294/2418/1
f 2382/744/1 2296/2420/1 2295/2419/1
f 2382/744/1 2297/2421/1 2296/2420/1
f 2381/2422/1 2297/2421/1 2382/744/1
f 2381/2422/1 2298/2423/1 2297/2421/1
f 2381/2422/1 2299/2424/1 2298/2423/1
f 2381/2422/1 2300/2425/1 2299/2424/1
f 2381/2422/1 2301/2426/1 2300/2425/1
f 2380/2427/1 2301/2426/1 2381/2422/1
f 2380/2427/1 2302/2428/1 2301/2426/1
f 2380/2427/1 2303/2429/1 2302/2428/1
f 2380/2427/1 2304/2430/1 2303/2429/1
f 2380/2427/1 2305/2431/1 2304/2430/1
f 2380/2427/1 2306/2432/1 2305/2431/1
f 2379/2433/1 2306/2432/1 2380/2427/1
f 2379/2433/1 2307/2434/1 2306/2432/1
f 2379/2433/1 2308/2435/1 2307/2434/1
f 2379/2433/1 2309/2436/1 2308/2435/1
f 2379/2433/1 2310/2437/1 2309/2436/1
f 2379/2433/1 2311/2438/1 2310/2437/1
f 2378/2439/1 2311/2438/1 2379/2433/1
f 2378/2439/1 2312/2440/1 2311/2438/1
f 2378/2439/1 2313/2441/1 2312/2440/1
f 2378/2439/1 2314/2442/1 2313/2441/1
f 2378/2439/1 2315/2443/1 2314/2442/1
f 2377/2444/1 2315/2443/1 2378/2439/1
f 2377/2444/1 2316/2445/1 2315/2443/1
f 2377/2444/1 2317/2446/1 2316/2445/1
f 2377/2444/1 2318/2447/1 2317/2446/1
f 2377/2444/1 2319/2448/1 2318/2447/1
f 2376/2449/1 2319/2448/1 2377/2444/1
f 2376/2449/1 2320/609/1 2319/2448/1
f 2376/2449/1 2321/2450/1 2320/609/1
f 2376/2449/1 2322/2451/1 2321/2450/1
f 2375/2452/1 2322/2451/1 2376/2449/1
f 2375/2452/1 2323/2453/1 2322/2451/1
f 2375/2452/1 2324/2454/1 2323/2453/1
f 2375/2452/1 2325/2455/1 2324/2454/1
f 2374/2456/1 2325/2455/1 2375/2452/1
f 2374/2456/1 2326/2457/1 2325/2455/1
f 2374/2456/1 2327/2458/1 2326/2457/1
f 2374/2456/1 2328/2459/1 2327/2458/1
f 2373/2460/1 2328/2459/1 2374/2456/1
f 2373/2460/1 2329/2461/1 2328/2459/1
f 2373/2460/1 2330/2462/1 2329/2461/1
f 2372/2463/1 2330/2462/1 2373/2460/1
f 2372/2463/1 2331/2464/1 2330/2462/1
f 2372/2463/1 2332/2465/1 2331/2464/1
f 2371/2466/1 2332/2465/1 2372/2463/1
f 2371/2466/1 2333/2467/1 2332/2465/1
f 2371/2466/1 2334/2468/1 2333/2467/1
f 2371/2466/1 2335/2469/1 2334/2468/1
f 2370/2470/1 2335/2469/1 2371/2466/1
f 2370/2470/1 2336/2471/1 2335/2469/1
f 2370/2470/1 2337/2472/1 2336/2471/1
f 2369/2473/1 2337/2472/1 2370/2470/1
f 2369/2473/1 2338/2474/1 2337/2472/1
f 2369/2473/1 2339/2475/1 2338/2474/1
f 2368/2476/1 2339/2475/1 2369/2473/1
f 2368/2476/1 2340/2477/1 2339/2475/1
f 2368/2476/1 2341/2478/1 2340/2477/1
f 2367/2479/1 2341/2478/1 2368/2476/1
f 2367/2479/1 2342/2480/1 2341/2478/1
f 2367/2479/1 2343/2481/1 2342/2480/1
f 2366/2482/1 2343/2481/1 2367/2479/1
f 2366/2482/1 2344/2483/1 2343/2481/1
f 2366/2482/1 2345/2484/1 2344/2483/1
f 2365/2485/1 2345/2484/1 2366/2482/1
f 2365/2485/1 2346/2486/1 2345/2484/1
f 2365/2485/1 2347/2487/1 2346/2486/1
f 2364/2488/1 2347/2487/1 2365/2485/1
f 2364/2488/1 2348/2489/1 2347/2487/1
f 2363/2490/1 2348/2489/1 2364/2488/1
f 2363/2490/1 2349/2491/1 2348/2489/1
f 2363/2490/1 2350/2492/1 2349/2491/1
f 2362/2493/1 2350/2492/1 2363/2490/1
f 2362/2493/1 2351/5/1 2350/2492/1
f 2362/2493/1 2352/2494/1 2351/5/1
f 2361/2495/1 2352/2494/1 2362/2493/1
f 2361/2495/1 2353/2496/1 2352/2494/1
f 2360/2497/1 2353/2496/1 2361/2495/1
f 2360/2497/1 2354/2498/1 2353/2496/1
f 2360/2497/1 2355/2499/1 2354/2498/1
f 2359/2500/1 2355/2499/1 2360/2497/1
f 2359/2500/1 2356/2501/1 2355/2499/1
f 2359/2500/1 2357/2502/1 2356/2501/1
f 2358/2503/1 2357/2502/1 2359/2500/1
f 2934/1/3 2935/3/3 2936/2/3
f 2934/1/3 2936/2/3 2937/4/3
f 2933/5/3 2934/1/3 2937/4/3
f 2933/5/3 2937/4/3 2938/6/3
f 2932/7/3 2933/5/3 2938/6/3
f 2932/7/3 2938/6/3 2939/8/3
f 2931/9/3 2932/7/3 2939/8/3
f 2931/9/3 2939/8/3 2940/10/3
f 2930/11/3 2931/9/3 2940/10/3
f 2930/11/3 2940/10/3 2941/12/3
f 2930/11/3 2941/12/3 2942/13/3
f 2929/14/3 2930/11/3 2942/13/3
f 2929/14/3 2942/13/3 2943/15/3
f 2928/16/3 2929/14/3 2943/15/3
f 2928/16/3 2943/15/3 2944/17/3
f 2927/18/3 2928/16/3 2944/17/3
f 2927/18/3 2944/17/3 2945/19/3
f 2926/20/3 2927/18/3 2945/19/3
f 2926/20/3 2945/19/3 2946/21/3
f 2925/22/3 2926/20/3 2946/21/3
f 2925/22/3 2946/21/3 2947/23/3
f 2925/22/3 2947/23/3 2948/24/3
f 2924/25/3 2925/22/3 2948/24/3
f 2924/25/3 2948/24/3 2949/26/3
f 2923/27/3 2924/25/3 2949/26/3
f 2923/27/3 2949/26/3 2950/28/3
f 2922/29/3 2923/27/3 2950/28/3
f 2922/29/3 2950/28/3 2951/30/3
f 2921/31/3 2922/29/3 2951/30/3
f 2921/31/3 2951/30/3 2952/32/3
f 2921/31/3 2952/32/3 2953/33/3
f 2920/34/3 2921/31/3 2953/33/3
f 2920/34/3 2953/33/3 2954/35/3
f 2919/36/3 2920/34/3 2954/35/3
f 2919/36/3 2954/35/3 2955/37/3
f 2918/38/3 2919/36/3 2955/37/3
f 2918/38/3 2955/37/3 2956/39/3
f 2917/40/3 2918/38/3 2956/39/3
f 2917/40/3 2956/39/3 2957/41/3
f 2917/40/3 2957/41/3 2958/42/3
f 2916/43/3 2917/40/3 2958/42/3
f 2916/43/3 2958/42/3 2959/44/3
f 2915/45/3 2916/43/3 2959/44/3
f 2915/45/3 2959/44/3 2960/46/3
f 2914/47/3 2915/45/3 2960/46/3
f 2914/47/3 2960/46/3 2961/48/3
f 2913/49/3 2914/47/3 2961/48/3
f 2913/49/3 2961/48/3 2962/50/3
f 2913/49/3 2962/50/3 2963/51/3
f 2912/52/3 2913/49/3 2963/51/3
f 2912/52/3 2963/51/3 2964/53/3
f 2911/54/3 2912/52/3 2964/53/3
f 2911/54/3 2964/53/3 2965/55/3
f 2910/56/3 2911/54/3 2965/55/3
f 2910/56/3 2965/55/3 2966/57/3
f 2909/58/3 2910/56/3 2966/57/3
f 2909/58/3 2966/57/3 2967/59/3
f 2909/58/3 2967/59/3 2968/60/3
f 2908/61/3 2909/58/3 2968/60/3
f 2908/61/3 2968/60/3 2969/62/3
f 2907/63/3 2908/61/3 2969/62/3
f 2907/63/3 2969/62/3 2970/64/3
f 2906/65/3 2907/63/3 2970/64/3
f 2906/65/3 2970/64/3 2538/66/3
f 2905/67/3 2906/65/3 2538/66/3
f 2905/67/3 2538/66/3 2539/68/3
f 2905/67/3 2539/68/3 2540/69/3
f 2904/70/3 2905/67/3 2540/69/3
f 2904/70/3 2540/69/3 3007/71/3
f 3007/71/3 2540/69/3 2541/72/3
f 2904/70/3 3007/71/3 3008/73/3
f 3006/74/3 3007/71/3 2541/72/3
f 2904/70/3 3008/73/3 3009/75/3
f 3005/76/3 3006/74/3 2541/72/3
f 2903/77/3 2904/70/3 3009/75/3
f 2903/77/3 3009/75/3 3010/78/3
f 3004/79/3 3005/76/3 2541/72/3
f 2903/77/3 3010/78/3 3011/80/3
f 3003/81/3 3004/79/3 2541/72/3
f 2903/77/3 3011/80/3 3012/82/3
f 3002/83/3 3003/81/3 2541/72/3
f 2903/77/3 3012/82/3 3013/84/3
f 3002/83/3 2541/72/3 2542/85/3
f 2903/77/3 3013/84/3 3014/86/3
f 3001/87/3 3002/83/3 2542/85/3
f 2903/77/3 3014/86/3 3015/88/3
f 3000/89/3 3001/87/3 2542/85/3
f 2903/77/3 3015/88/3 3016/90/3
f 2999/91/3 3000/89/3 2542/85/3
f 2903/77/3 3016/90/3 3017/92/3
f 2902/93/3 2903/77/3 3017/92/3
f 2999/91/3 2542/85/3 2543/94/3
f 2998/95/3 2999/91/3 2543/94/3
f 2902/93/3 3017/92/3 3018/96/3
f 2997/97/3 2998/95/3 2543/94/3
f 2902/93/3 3018/96/3 3019/98/3
f 2902/93/3 3019/98/3 3020/99/3
f 2996/100/3 2997/97/3 2543/94/3
f 2996/100/3 2543/94/3 2544/101/3
f 2901/102/3 2902/93/3 3020/99/3
f 2901/102/3 3020/99/3 3021/103/3
f 2995/104/3 2996/100/3 2544/101/3
f 2901/102/3 3021/103/3 3022/105/3
f 2994/106/3 2995/104/3 2544/101/3
f 2994/106/3 2544/101/3 2545/107/3
f 2901/102/3 3022/105/3 3023/108/3
f 2993/109/3 2994/106/3 2545/107/3
f 2901/102/3 3023/108/3 3024/110/3
f 2900/111/3 2901/102/3 3024/110/3
f 2993/109/3 2545/107/3 2546/112/3
f 2900/111/3 3024/110/3 3025/113/3
f 2992/114/3 2993/109/3 2546/112/3
f 2900/111/3 3025/113/3 3026/115/3
f 2991/116/3 2992/114/3 2546/112/3
f 2991/116/3 2546/112/3 2547/117/3
f 2899/118/3 2900/111/3 3026/115/3
f 2899/118/3 3026/115/3 3027/119/3
f 2990/120/3 2991/116/3 2547/117/3
f 2899/118/3 3027/119/3 3028/121/3
f 2990/120/3 2547/117/3 2548/122/3
f 2989/123/3 2990/120/3 2548/122/3
f 2899/118/3 3028/121/3 3029/124/3
f 2898/125/3 2899/118/3 3029/124/3
f 2988/126/3 2989/123/3 2548/122/3
f 2898/125/3 3029/124/3 3030/127/3
f 2988/126/3 2548/122/3 2549/128/3
f 2898/125/3 3030/127/3 3031/129/3
f 2987/130/3 2988/126/3 2549/128/3
f 2897/131/3 2898/125/3 3031/129/3
f 2987/130/3 2549/128/3 2550/132/3
f 2897/131/3 3031/129/3 3032/133/3
f 2986/134/3 2987/130/3 2550/132/3
f 2897/131/3 3032/133/3 3033/135/3
f 2985/136/3 2986/134/3 2550/132/3
f 2985/136/3 2550/132/3 2551/137/3
f 2896/138/3 2897/131/3 3033/135/3
f 2896/138/3 3033/135/3 3034/139/3
f 2984/140/3 2985/136/3 2551/137/3
f 2896/138/3 3034/139/3 3035/141/3
f 2984/140/3 2551/137/3 2552/142/3
f 2983/143/3 2984/140/3 2552/142/3
f 2896/138/3 3035/141/3 3036/144/3
f 2895/145/3 2896/138/3 3036/144/3
f 2982/146/3 2983/143/3 2552/142/3
f 2895/145/3 3036/144/3 3037/147/3
f 2982/146/3 2552/142/3 2553/148/3
f 2981/149/3 2982/146/3 2553/148/3
f 2895/145/3 3037/147/3 3038/150/3
f 2894/151/3 2895/145/3 3038/150/3
f 2980/152/3 2981/149/3 2553/148/3
f 2894/151/3 3038/150/3 3039/153/3
f 2979/154/3 2980/152/3 2553/148/3
f 2979/154/3 2553/148/3 2554/155/3
f 2978/156/3 2979/154/3 2554/155/3
f 2893/157/3 2894/151/3 3039/153/3
f 2893/157/3 3039/153/3 3040/158/3
f 2977/159/3 2978/156/3 2554/155/3
f 2893/157/3 3040/158/3 3041/160/3
f 2976/161/3 2977/159/3 2554/155/3
f 2976/161/3 2554/155/3 2555/162/3
f 2892/163/3 2893/157/3 3041/160/3
f 2975/164/3 2976/161/3 2555/162/3
f 2892/163/3 3041/160/3 3042/165/3
f 2974/166/3 2975/164/3 2555/162/3
f 2974/166/3 2555/162/3 2556/167/3
f 2892/163/3 3042/165/3 3043/168/3
f 2973/169/3 2974/166/3 2556/167/3
f 2891/170/3 2892/163/3 3043/168/3
f 2972/171/3 2973/169/3 2556/167/3
f 2891/170/3 3043/168/3 3044/172/3
f 2971/173/3 2972/171/3 2556/167/3
f 2971/173/3 2556/167/3 2557/174/3
f 2891/170/3 3044/172/3 3045/175/3
f 3091/176/3 2971/173/3 2557/174/3
f 2890/177/3 2891/170/3 3045/175/3
f 3090/178/3 3091/176/3 2557/174/3
f 2890/177/3 3045/175/3 3046/179/3
f 3090/178/3 2557/174/3 2558/180/3
f 3089/181/3 3090/178/3 2558/180/3
f 3088/182/3 3089/181/3 2558/180/3
f 2890/177/3 3046/179/3 3047/183/3
f 2889/184/3 2890/177/3 3047/183/3
f 3087/185/3 3088/182/3 2558/180/3
f 3087/185/3 2558/180/3 2559/186/3
f 3086/187/3 3087/185/3 2559/186/3
f 2889/184/3 3047/183/3 3048/188/3
f 3085/189/3 3086/187/3 2559/186/3
f 2888/190/3 2889/184/3 3048/188/3
f 3084/191/3 3085/189/3 2559/186/3
f 3084/191/3 2559/186/3 2560/192/3
f 2888/190/3 3048/188/3 3049/193/3
f 3083/194/3 3084/191/3 2560/192/3
f 3082/195/3 3083/194/3 2560/192/3
f 2888/190/3 3049/193/3 3050/196/3
f 3081/197/3 3082/195/3 2560/192/3
f 3081/197/3 2560/192/3 2561/198/3
f 2887/199/3 2888/190/3 3050/196/3
f 3080/200/3 3081/197/3 2561/198/3
f 3079/201/3 3080/200/3 2561/198/3
f 2887/199/3 3050/196/3 3051/202/3
f 3078/203/3 3079/201/3 2561/198/3
f 3077/204/3 3078/203/3 2561/198/3
f 3077/204/3 2561/198/3 2562/205/3
f 2887/199/3 3051/202/3 3052/206/3
f 2886/207/3 2887/199/3 3052/206/3
f 3076/208/3 3077/204/3 2562/205/3
f 3075/209/3 3076/208/3 2562/205/3
f 3074/210/3 3075/209/3 2562/205/3
f 3074/210/3 2562/205/3 2563/211/3
f 2886/207/3 3052/206/3 3053/212/3
f 3073/213/3 3074/210/3 2563/211/3
f 3072/214/3 3073/213/3 2563/211/3
f 3071/215/3 3072/214/3 2563/211/3
f 2885/216/3 2886/207/3 3053/212/3
f 3070/217/3 3071/215/3 2563/211/3
f 2885/216/3 3053/212/3 3054/218/3
f 3069/219/3 3070/217/3 2563/211/3
f 3069/219/3 2563/211/3 2564/220/3
f 3068/221/3 3069/219/3 2564/220/3
f 3067/222/3 3068/221/3 2564/220/3
f 3066/223/3 3067/222/3 2564/220/3
f 2885/216/3 3054/218/3 3055/224/3
f 3065/225/3 3066/223/3 2564/220/3
f 3064/226/3 3065/225/3 2564/220/3
f 2884/227/3 2885/216/3 3055/224/3
f 3064/226/3 2564/220/3 2565/228/3
f 3063/229/3 3064/226/3 2565/228/3
f 3062/230/3 3063/229/3 2565/228/3
f 3061/231/3 3062/230/3 2565/228/3
f 3060/232/3 3061/231/3 2565/228/3
f 3059/233/3 3060/232/3 2565/228/3
f 3058/234/3 3059/233/3 2565/228/3
f 3057/235/3 3058/234/3 2565/228/3
f 3056/236/3 3057/235/3 2565/228/3
f 2884/227/3 3055/224/3 3056/236/3
f 2884/227/3 3056/236/3 2565/228/3
f 2884/227/3 2565/228/3 2566/237/3
f 2883/238/3 2884/227/3 2566/237/3
f 2883/238/3 2566/237/3 2567/239/3
f 2882/240/3 2883/238/3 2567/239/3
f 2882/240/3 2567/239/3 2568/241/3
f 2882/240/3 2568/241/3 2569/242/3
f 2881/243/3 2882/240/3 2569/242/3
f 2881/243/3 2569/242/3 2570/244/3
f 2880/245/3 2881/243/3 2570/244/3
f 2880/245/3 2570/244/3 2571/246/3
f 2880/245/3 2571/246/3 2572/247/3
f 2879/248/3 2880/245/3 2572/247/3
f 2879/248/3 2572/247/3 2573/249/3
f 2879/248/3 2573/249/3 2574/250/3
f 2878/251/3 2879/248/3 2574/250/3
f 2878/251/3 2574/250/3 2575/252/3
f 2878/251/3 2575/252/3 2576/253/3
f 2877/254/3 2878/251/3 2576/253/3
f 2877/254/3 2576/253/3 2577/255/3
f 2877/254/3 2577/255/3 2578/256/3
f 2876/257/3 2877/254/3 2578/256/3
f 2876/257/3 2578/256/3 2579/258/3
f 2876/257/3 2579/258/3 2580/259/3
f 2875/260/3 2876/257/3 2580/259/3
f 2875/260/3 2580/259/3 2581/261/3
f 2875/260/3 2581/261/3 2582/262/3
f 2874/263/3 2875/260/3 2582/262/3
f 2874/263/3 2582/262/3 2583/264/3
f 2874/263/3 2583/264/3 2584/265/3
f 2874/263/3 2584/265/3 2585/266/3
f 2873/267/3 2874/263/3 2585/266/3
f 2873/267/3 2585/266/3 2586/268/3
f 2873/267/3 2586/268/3 2587/269/3
f 2873/267/3 2587/269/3 2588/270/3
f 2873/267/3 2588/270/3 2589/271/3
f 2872/272/3 2873/267/3 2589/271/3
f 2872/272/3 2589/271/3 2590/273/3
f 2872/272/3 2590/273/3 2591/274/3
f 2872/272/3 2591/274/3 2592/275/3
f 2872/272/3 2592/275/3 2593/276/3
f 2872/272/3 2593/276/3 2594/277/3
f 2871/278/3 2872/272/3 2599/279/3
f 2599/279/3 2872/272/3 2594/277/3
f 2599/279/3 2594/277/3 2595/280/3
f 2599/279/3 2595/280/3 2596/281/3
f 2599/279/3 2596/281/3 2597/282/3
f 2599/279/3 2597/282/3 2598/283/3
f 2871/278/3 2599/279/3 2600/284/3
f 2871/278/3 2600/284/3 2601/285/3
f 2871/278/3 2601/285/3 2602/286/3
f 2870/287/3 2871/278/3 2602/286/3
f 2870/287/3 2602/286/3 2603/288/3
f 2870/287/3 2603/288/3 2604/289/3
f 2870/287/3 2604/289/3 2605/290/3
f 2869/291/3 2870/287/3 2605/290/3
f 2869/291/3 2605/290/3 2606/292/3
f 2869/291/3 2606/292/3 2607/293/3
f 2869/291/3 2607/293/3 2608/294/3
f 2868/295/3 2869/291/3 2608/294/3
f 2868/295/3 2608/294/3 2609/296/3
f 2868/295/3 2609/296/3 2610/297/3
f 2868/295/3 2610/297/3 2611/298/3
f 2868/295/3 2611/298/3 2612/299/3
f 2867/300/3 2868/295/3 2612/299/3
f 2867/300/3 2612/299/3 2613/301/3
f 2867/300/3 2613/301/3 2614/302/3
f 2867/300/3 2614/302/3 2615/303/3
f 2866/304/3 2867/300/3 2615/303/3
f 2866/304/3 2615/303/3 2616/305/3
f 2866/304/3 2616/305/3 2617/306/3
f 2866/304/3 2617/306/3 2618/307/3
f 2865/308/3 2866/304/3 2618/307/3
f 2865/308/3 2618/307/3 2619/309/3
f 2865/308/3 2619/309/3 2620/310/3
f 2865/308/3 2620/310/3 2621/311/3
f 2864/312/3 2865/308/3 2621/311/3
f 2864/312/3 2621/311/3 2622/313/3
f 2864/312/3 2622/313/3 2623/314/3
f 2864/312/3 2623/314/3 2624/315/3
f 2863/316/3 2864/312/3 2624/315/3
f 2863/316/3 2624/315/3 2625/317/3
f 2862/318/3 2863/316/3 2625/317/3
f 2862/318/3 2625/317/3 2626/319/3
f 2861/320/3 2862/318/3 2626/319/3
f 2861/320/3 2626/319/3 2627/321/3
f 2860/322/3 2861/320/3 2627/321/3
f 2860/322/3 2627/321/3 2628/323/3
f 2859/324/3 2860/322/3 2628/323/3
f 2859/324/3 2628/323/3 2629/325/3
f 2859/324/3 2629/325/3 2630/326/3
f 2858/327/3 2859/324/3 2630/326/3
f 2858/327/3 2630/326/3 2631/328/3
f 2857/329/3 2858/327/3 2631/328/3
f 2857/329/3 2631/328/3 2632/330/3
f 2856/331/3 2857/329/3 2632/330/3
f 2856/331/3 2632/330/3 2633/332/3
f 2694/333/3 2695/335/3 2696/334/3
f 2694/333/3 2696/334/3 2697/336/3
f 2693/337/3 2694/333/3 2697/336/3
f 2693/337/3 2697/336/3 2698/338/3
f 2692/339/3 2693/337/3 2698/338/3
f 2692/339/3 2698/338/3 2699/340/3
f 2691/341/3 2692/339/3 2699/340/3
f 2691/341/3 2699/340/3 2700/342/3
f 2690/343/3 2691/341/3 2700/342/3
f 2690/343/3 2700/342/3 2701/344/3
f 2689/345/3 2690/343/3 2701/344/3
f 2689/345/3 2701/344/3 2702/346/3
f 2688/347/3 2689/345/3 2702/346/3
f 2688/347/3 2702/346/3 2703/348/3
f 2688/347/3 2703/348/3 2704/349/3
f 2687/350/3 2688/347/3 2704/349/3
f 2687/350/3 2704/349/3 2705/351/3
f 2686/352/3 2687/350/3 2705/351/3
f 2686/352/3 2705/351/3 2706/353/3
f 2856/331/3 2633/332/3 2634/354/3
f 2685/355/3 2686/352/3 2706/353/3
f 2685/355/3 2706/353/3 2707/356/3
f 2684/357/3 2685/355/3 2707/356/3
f 2684/357/3 2707/356/3 2708/358/3
f 2855/359/3 2856/331/3 2634/354/3
f 2683/360/3 2684/357/3 2708/358/3
f 2683/360/3 2708/358/3 2709/361/3
f 2682/362/3 2683/360/3 2709/361/3
f 2682/362/3 2709/361/3 2710/363/3
f 2682/362/3 2710/363/3 2711/364/3
f 2681/365/3 2682/362/3 2711/364/3
f 2681/365/3 2711/364/3 2712/366/3
f 2680/367/3 2681/365/3 2712/366/3
f 2855/359/3 2634/354/3 2635/368/3
f 2680/367/3 2712/366/3 2713/369/3
f 2679/370/3 2680/367/3 2713/369/3
f 2679/370/3 2713/369/3 2714/371/3
f 2678/372/3 2679/370/3 2714/371/3
f 2677/373/3 2678/372/3 2714/371/3
f 2677/373/3 2714/371/3 2715/374/3
f 2676/375/3 2677/373/3 2715/374/3
f 2854/376/3 2855/359/3 2635/368/3
f 2676/375/3 2715/374/3 2716/377/3
f 2854/376/3 2635/368/3 2636/378/3
f 2675/379/3 2676/375/3 2716/377/3
f 2675/379/3 2716/377/3 2717/380/3
f 2674/381/3 2675/379/3 2717/380/3
f 2674/381/3 2717/380/3 2718/382/3
f 2673/383/3 2674/381/3 2718/382/3
f 2854/376/3 2636/378/3 2637/384/3
f 2673/383/3 2718/382/3 2719/385/3
f 2672/386/3 2673/383/3 2719/385/3
f 2671/387/3 2672/386/3 2719/385/3
f 2671/387/3 2719/385/3 2720/388/3
f 2670/389/3 2671/387/3 2720/388/3
f 2853/390/3 2854/376/3 2637/384/3
f 2670/389/3 2720/388/3 2721/391/3
f 2669/392/3 2670/389/3 2721/391/3
f 2853/390/3 2637/384/3 2638/393/3
f 2668/394/3 2669/392/3 2721/391/3
f 2668/394/3 2721/391/3 2722/395/3
f 2667/396/3 2668/394/3 2722/395/3
f 2667/396/3 2722/395/3 2723/397/3
f 2853/390/3 2638/393/3 2639/398/3
f 2666/399/3 2667/396/3 2723/397/3
f 2665/400/3 2666/399/3 2723/397/3
f 2665/400/3 2723/397/3 2724/401/3
f 2664/402/3 2665/400/3 2724/401/3
f 2852/403/3 2853/390/3 2639/398/3
f 2852/403/3 2639/398/3 2640/404/3
f 2663/405/3 2664/402/3 2724/401/3
f 2663/405/3 2724/401/3 2725/406/3
f 2662/407/3 2663/405/3 2725/406/3
f 2661/408/3 2662/407/3 2725/406/3
f 2852/403/3 2640/404/3 2641/409/3
f 2661/408/3 2725/406/3 2726/410/3
f 2660/411/3 2661/408/3 2726/410/3
f 2659/412/3 2660/411/3 2726/410/3
f 2659/412/3 2726/410/3 2727/413/3
f 2852/403/3 2641/409/3 2642/414/3
f 2658/415/3 2659/412/3 2727/413/3
f 2657/416/3 2658/415/3 2727/413/3
f 2851/417/3 2852/403/3 2642/414/3
f 2851/417/3 2642/414/3 2643/418/3
f 2657/416/3 2727/413/3 2728/419/3
f 2656/420/3 2657/416/3 2728/419/3
f 2655/421/3 2656/420/3 2728/419/3
f 2851/417/3 2643/418/3 2644/422/3
f 2654/423/3 2655/421/3 2728/419/3
f 2654/423/3 2728/419/3 2729/424/3
f 2653/425/3 2654/423/3 2729/424/3
f 2851/417/3 2644/422/3 2645/426/3
f 2652/427/3 2653/425/3 2729/424/3
f 2651/428/3 2652/427/3 2729/424/3
f 2851/417/3 2645/426/3 2646/429/3
f 2650/430/3 2651/428/3 2729/424/3
f 2649/431/3 2650/430/3 2729/424/3
f 2851/417/3 2646/429/3 2647/432/3
f 2648/433/3 2649/431/3 2729/424/3
f 2648/433/3 2729/424/3 2730/434/3
f 2647/432/3 2648/433/3 2730/434/3
f 2851/417/3 2647/432/3 2730/434/3
f 2851/417/3 2730/434/3 2731/435/3
f 2850/436/3 2851/417/3 2731/435/3
f 2850/436/3 2731/435/3 2732/437/3
f 2850/436/3 2732/437/3 2733/438/3
f 2849/439/3 2850/436/3 2733/438/3
f 2849/439/3 2733/438/3 2734/440/3
f 2849/439/3 2734/440/3 2735/441/3
f 2849/439/3 2735/441/3 2736/442/3
f 2848/443/3 2849/439/3 2736/442/3
f 2848/443/3 2736/442/3 2737/444/3
f 2848/443/3 2737/444/3 2738/445/3
f 2848/443/3 2738/445/3 2739/446/3
f 2847/447/3 2848/443/3 2739/446/3
f 2847/447/3 2739/446/3 2740/448/3
f 2847/447/3 2740/448/3 2741/449/3
f 2847/447/3 2741/449/3 2742/450/3
f 2846/451/3 2847/447/3 2742/450/3
f 2846/451/3 2742/450/3 2743/452/3
f 2846/451/3 2743/452/3 2744/453/3
f 2845/454/3 2846/451/3 2744/453/3
f 2845/454/3 2744/453/3 2745/455/3
f 2845/454/3 2745/455/3 2746/456/3
f 2845/454/3 2746/456/3 2747/457/3
f 2844/458/3 2845/454/3 2747/457/3
f 2844/458/3 2747/457/3 2748/459/3
f 2844/458/3 2748/459/3 2749/460/3
f 2843/461/3 2844/458/3 2749/460/3
f 2843/461/3 2749/460/3 2750/462/3
f 2843/461/3 2750/462/3 2751/463/3
f 2843/461/3 2751/463/3 2752/464/3
f 2842/465/3 2843/461/3 2752/464/3
f 2842/465/3 2752/464/3 2753/466/3
f 2842/465/3 2753/466/3 2754/467/3
f 2841/468/3 2842/465/3 2754/467/3
f 2841/468/3 2754/467/3 2755/469/3
f 2841/468/3 2755/469/3 2756/470/3
f 2840/471/3 2841/468/3 2756/470/3
f 2840/471/3 2756/470/3 2757/472/3
f 2840/471/3 2757/472/3 2758/473/3
f 2840/471/3 2758/473/3 2759/474/3
f 2839/475/3 2840/471/3 2759/474/3
f 2839/475/3 2759/474/3 2760/476/3
f 2839/475/3 2760/476/3 2761/477/3
f 2839/475/3 2761/477/3 2762/478/3
f 2838/479/3 2839/475/3 2762/478/3
f 2838/479/3 2762/478/3 2763/480/3
f 2838/479/3 2763/480/3 2764/481/3
f 2838/479/3 2764/481/3 2765/482/3
f 2837/483/3 2838/479/3 2765/482/3
f 2837/483/3 2765/482/3 2766/484/3
f 2837/483/3 2766/484/3 2767/485/3
f 2837/483/3 2767/485/3 2768/486/3
f 2836/487/3 2837/483/3 2768/486/3
f 2836/487/3 2768/486/3 2769/488/3
f 2836/487/3 2769/488/3 2770/489/3
f 2836/487/3 2770/489/3 2771/490/3
f 2835/491/3 2836/487/3 2771/490/3
f 2835/491/3 2771/490/3 2772/492/3
f 2835/491/3 2772/492/3 2773/493/3
f 2835/491/3 2773/493/3 2774/494/3
f 2834/495/3 2835/491/3 2774/494/3
f 2834/495/3 2774/494/3 2775/496/3
f 2834/495/3 2775/496/3 2776/497/3
f 2834/495/3 2776/497/3 2777/498/3
f 2833/499/3 2834/495/3 2777/498/3
f 2833/499/3 2777/498/3 2778/500/3
f 2833/499/3 2778/500/3 2779/501/3
f 2832/502/3 2833/499/3 2779/501/3
f 2832/502/3 2779/501/3 2780/503/3
f 2832/502/3 2780/503/3 2781/504/3
f 2832/502/3 2781/504/3 2782/505/3
f 2831/506/3 2832/502/3 2782/505/3
f 2831/506/3 2782/505/3 2783/507/3
f 2831/506/3 2783/507/3 2784/508/3
f 2830/509/3 2831/506/3 2784/508/3
f 2830/509/3 2784/508/3 2785/510/3
f 2830/509/3 2785/510/3 2786/511/3
f 2830/509/3 2786/511/3 2787/512/3
f 2829/513/3 2830/509/3 2787/512/3
f 2829/513/3 2787/512/3 2788/514/3
f 2829/513/3 2788/514/3 2789/515/3
f 2828/516/3 2829/513/3 2789/515/3
f 2828/516/3 2789/515/3 2790/517/3
f 2828/516/3 2790/517/3 2791/518/3
f 2827/519/3 2828/516/3 2791/518/3
f 2827/519/3 2791/518/3 2792/520/3
f 2827/519/3 2792/520/3 2793/521/3
f 2826/522/3 2827/519/3 2793/521/3
f 2826/522/3 2793/521/3 2794/523/3
f 2826/522/3 2794/523/3 2795/524/3
f 2825/525/3 2826/522/3 2795/524/3
f 2825/525/3 2795/524/3 2796/526/3
f 2825/525/3 2796/526/3 2797/527/3
f 2824/528/3 2825/525/3 2797/527/3
f 2824/528/3 2797/527/3 2798/529/3
f 2824/528/3 2798/529/3 2799/530/3
f 2823/531/3 2824/528/3 2799/530/3
f 2823/531/3 2799/530/3 2800/532/3
f 2823/531/3 2800/532/3 2801/533/3
f 2822/534/3 2823/531/3 2801/533/3
f 2822/534/3 2801/533/3 2802/535/3
f 2822/534/3 2802/535/3 2803/536/3
f 2821/537/3 2822/534/3 2803/536/3
f 2821/537/3 2803/536/3 2804/538/3
f 2821/537/3 2804/538/3 2805/539/3
f 2820/540/3 2821/537/3 2805/539/3
f 2820/540/3 2805/539/3 2806/541/3
f 2820/540/3 2806/541/3 2807/542/3
f 2819/543/3 2820/540/3 2807/542/3
f 2819/543/3 2807/542/3 2808/544/3
f 2818/545/3 2819/543/3 2808/544/3
f 2818/545/3 2808/544/3 2809/546/3
f 2818/545/3 2809/546/3 2810/547/3
f 2817/548/3 2818/545/3 2810/547/3
f 2817/548/3 2810/547/3 2811/549/3
f 2817/548/3 2811/549/3 2812/550/3
f 2816/551/3 2817/548/3 2812/550/3
f 2816/551/3 2812/550/3 2813/552/3
f 2816/551/3 2813/552/3 2814/553/3
f 2815/554/3 2816/551/3 2814/553/3
f 3722/555/3 3723/557/3 3724/556/3
f 3818/558/3 3819/560/3 3820/559/3
f 3722/555/3 3724/556/3 3725/561/3
f 3721/562/3 3722/555/3 3725/561/3
f 3817/563/3 3818/558/3 3820/559/3
f 3817/563/3 3820/559/3 3821/564/3
f 3721/562/3 3725/561/3 3726/565/3
f 3720/566/3 3721/562/3 3726/565/3
f 3816/567/3 3817/563/3 3821/564/3
f 3816/567/3 3821/564/3 3822/568/3
f 3720/566/3 3726/565/3 3727/569/3
f 3719/570/3 3720/566/3 3727/569/3
f 3815/571/3 3816/567/3 3822/568/3
f 3815/571/3 3822/568/3 3823/572/3
f 3719/570/3 3727/569/3 3728/573/3
f 3718/574/3 3719/570/3 3728/573/3
f 3814/575/3 3815/571/3 3823/572/3
f 3814/575/3 3823/572/3 3824/576/3
f 3718/574/3 3728/573/3 3729/577/3
f 3717/578/3 3718/574/3 3729/577/3
f 3813/579/3 3814/575/3 3824/576/3
f 3813/579/3 3824/576/3 3825/580/3
f 3717/578/3 3729/577/3 3730/581/3
f 3716/582/3 3717/578/3 3730/581/3
f 3812/583/3 3813/579/3 3825/580/3
f 3812/583/3 3825/580/3 3826/584/3
f 3716/582/3 3730/581/3 3731/585/3
f 3715/586/3 3716/582/3 3731/585/3
f 3811/587/3 3812/583/3 3826/584/3
f 3811/587/3 3826/584/3 3827/588/3
f 3715/586/3 3731/585/3 3732/589/3
f 3714/590/3 3715/586/3 3732/589/3
f 3810/591/3 3811/587/3 3827/588/3
f 3810/591/3 3827/588/3 3828/592/3
f 3714/590/3 3732/589/3 3733/593/3
f 3713/594/3 3714/590/3 3733/593/3
f 3809/595/3 3810/591/3 3828/592/3
f 3713/594/3 3733/593/3 3734/596/3
f 3809/595/3 3828/592/3 3829/597/3
f 3712/598/3 3713/594/3 3734/596/3
f 3808/599/3 3809/595/3 3829/597/3
f 3712/598/3 3734/596/3 3735/600/3
f 3808/599/3 3829/597/3 3830/601/3
f 3712/598/3 3735/600/3 3736/602/3
f 3711/603/3 3712/598/3 3736/602/3
f 3807/604/3 3808/599/3 3830/601/3
f 3807/604/3 3830/601/3 3831/605/3
f 3625/606/3 3626/608/3 3627/607/3
f 3624/609/3 3625/606/3 3627/607/3
f 3624/609/3 3627/607/3 3628/610/3
f 3623/611/3 3624/609/3 3628/610/3
f 3623/611/3 3628/610/3 3629/612/3
f 3622/613/3 3623/611/3 3629/612/3
f 3622/613/3 3629/612/3 3630/614/3
f 3621/615/3 3622/613/3 3630/614/3
f 3621/615/3 3630/614/3 3631/616/3
f 3620/617/3 3621/615/3 3631/616/3
f 3620/617/3 3631/616/3 3632/618/3
f 3619/619/3 3620/617/3 3632/618/3
f 3619/619/3 3632/618/3 3633/620/3
f 3618/621/3 3619/619/3 3633/620/3
f 3618/621/3 3633/620/3 3634/622/3
f 3617/623/3 3618/621/3 3634/622/3
f 3617/623/3 3634/622/3 3635/624/3
f 3711/603/3 3736/602/3 3737/625/3
f 3616/626/3 3617/623/3 3635/624/3
f 3616/626/3 3635/624/3 3636/627/3
f 3710/628/3 3711/603/3 3737/625/3
f 3806/629/3 3807/604/3 3831/605/3
f 3615/630/3 3616/626/3 3636/627/3
f 3615/630/3 3636/627/3 3637/631/3
f 3614/632/3 3615/630/3 3637/631/3
f 3614/632/3 3637/631/3 3638/633/3
f 3613/634/3 3614/632/3 3638/633/3
f 3613/634/3 3638/633/3 3639/635/3
f 3806/629/3 3831/605/3 3832/636/3
f 3612/637/3 3613/634/3 3639/635/3
f 3612/637/3 3639/635/3 3640/638/3
f 3611/639/3 3612/637/3 3640/638/3
f 3611/639/3 3640/638/3 3641/640/3
f 3610/641/3 3611/639/3 3641/640/3
f 3610/641/3 3641/640/3 3642/642/3
f 3710/628/3 3737/625/3 3738/643/3
f 3609/644/3 3610/641/3 3642/642/3
f 3609/644/3 3642/642/3 3643/645/3
f 3709/646/3 3710/628/3 3738/643/3
f 3805/647/3 3806/629/3 3832/636/3
f 3608/648/3 3609/644/3 3643/645/3
f 3608/648/3 3643/645/3 3644/649/3
f 3607/650/3 3608/648/3 3644/649/3
f 3607/650/3 3644/649/3 3645/651/3
f 3805/647/3 3832/636/3 3833/652/3
f 3606/653/3 3607/650/3 3645/651/3
f 3606/653/3 3645/651/3 3646/654/3
f 3605/655/3 3606/653/3 3646/654/3
f 3605/655/3 3646/654/3 3647/656/3
f 3709/646/3 3738/643/3 3739/657/3
f 3604/658/3 3605/655/3 3647/656/3
f 3604/658/3 3647/656/3 3648/659/3
f 3708/660/3 3709/646/3 3739/657/3
f 3804/661/3 3805/647/3 3833/652/3
f 3603/662/3 3604/658/3 3648/659/3
f 3603/662/3 3648/659/3 3649/663/3
f 3602/664/3 3603/662/3 3649/663/3
f 3602/664/3 3649/663/3 3650/665/3
f 3804/661/3 3833/652/3 3834/666/3
f 3601/667/3 3602/664/3 3650/665/3
f 3601/667/3 3650/665/3 3651/668/3
f 3708/660/3 3739/657/3 3740/669/3
f 3600/670/3 3601/667/3 3651/668/3
f 3600/670/3 3651/668/3 3652/671/3
f 3599/672/3 3600/670/3 3652/671/3
f 3599/672/3 3652/671/3 3653/673/3
f 3707/674/3 3708/660/3 3740/669/3
f 3803/675/3 3804/661/3 3834/666/3
f 3598/676/3 3599/672/3 3653/673/3
f 3598/676/3 3653/673/3 3654/677/3
f 3597/678/3 3598/676/3 3654/677/3
f 3597/678/3 3654/677/3 3655/679/3
f 3803/675/3 3834/666/3 3835/680/3
f 3707/674/3 3740/669/3 3741/681/3
f 3596/682/3 3597/678/3 3655/679/3
f 3596/682/3 3655/679/3 3656/683/3
f 3595/684/3 3596/682/3 3656/683/3
f 3595/684/3 3656/683/3 3657/685/3
f 3706/686/3 3707/674/3 3741/681/3
f 3802/687/3 3803/675/3 3835/680/3
f 3594/688/3 3595/684/3 3657/685/3
f 3594/688/3 3657/685/3 3658/689/3
f 3593/690/3 3594/688/3 3658/689/3
f 3593/690/3 3658/689/3 3659/691/3
f 3706/686/3 3741/681/3 3742/692/3
f 3802/687/3 3835/680/3 3836/693/3
f 3592/694/3 3593/690/3 3659/691/3
f 3592/694/3 3659/691/3 3660/695/3
f 3705/696/3 3706/686/3 3742/692/3
f 3801/697/3 3802/687/3 3836/693/3
f 3591/698/3 3592/694/3 3660/695/3
f 3591/698/3 3660/695/3 3661/699/3
f 3590/700/3 3591/698/3 3661/699/3
f 3590/700/3 3661/699/3 3662/5/3
f 3705/696/3 3742/692/3 3743/701/3
f 3801/697/3 3836/693/3 3837/702/3
f 3589/703/3 3590/700/3 3662/5/3
f 3589/703/3 3662/5/3 3663/704/3
f 3704/705/3 3705/696/3 3743/701/3
f 3800/706/3 3801/697/3 3837/702/3
f 3588/707/3 3589/703/3 3663/704/3
f 3588/707/3 3663/704/3 3664/708/3
f 3587/709/3 3588/707/3 3664/708/3
f 3587/709/3 3664/708/3 3665/710/3
f 3704/705/3 3743/701/3 3744/711/3
f 3586/712/3 3587/709/3 3665/710/3
f 3586/712/3 3665/710/3 3666/713/3
f 3800/706/3 3837/702/3 3838/714/3
f 3703/715/3 3704/705/3 3744/711/3
f 3799/716/3 3800/706/3 3838/714/3
f 3585/717/3 3586/712/3 3666/713/3
f 3585/717/3 3666/713/3 3667/718/3
f 3584/719/3 3585/717/3 3667/718/3
f 3584/719/3 3667/718/3 3668/720/3
f 3703/715/3 3744/711/3 3745/721/3
f 3583/722/3 3584/719/3 3668/720/3
f 3583/722/3 3668/720/3 3669/723/3
f 3799/716/3 3838/714/3 3839/724/3
f 3702/725/3 3703/715/3 3745/721/3
f 3798/726/3 3799/716/3 3839/724/3
f 3582/727/3 3583/722/3 3669/723/3
f 3582/727/3 3669/723/3 3670/728/3
f 3581/729/3 3582/727/3 3670/728/3
f 3581/729/3 3670/728/3 3671/730/3
f 3702/725/3 3745/721/3 3746/731/3
f 3580/732/3 3581/729/3 3671/730/3
f 3580/732/3 3671/730/3 3672/733/3
f 3701/734/3 3702/725/3 3746/731/3
f 3797/735/3 3798/726/3 3839/724/3
f 3797/735/3 3839/724/3 3840/736/3
f 3579/737/3 3580/732/3 3672/733/3
f 3579/737/3 3672/733/3 3673/738/3
f 3701/734/3 3746/731/3 3747/739/3
f 3578/740/3 3579/737/3 3673/738/3
f 3578/740/3 3673/738/3 3674/741/3
f 3577/742/3 3578/740/3 3674/741/3
f 3577/742/3 3674/741/3 3675/743/3
f 3700/744/3 3701/734/3 3747/739/3
f 3796/745/3 3797/735/3 3840/736/3
f 3796/745/3 3840/736/3 3841/746/3
f 3700/744/3 3747/739/3 3748/747/3
f 3699/748/3 3700/744/3 3748/747/3
f 3795/749/3 3796/745/3 3841/746/3
f 3795/749/3 3841/746/3 3842/750/3
f 3699/748/3 3748/747/3 3749/751/3
f 3698/752/3 3699/748/3 3749/751/3
f 3794/753/3 3795/749/3 3842/750/3
f 3794/753/3 3842/750/3 3843/754/3
f 3698/752/3 3749/751/3 3750/755/3
f 3793/756/3 3794/753/3 3843/754/3
f 3697/757/3 3698/752/3 3750/755/3
f 3697/757/3 3750/755/3 3751/758/3
f 3793/756/3 3843/754/3 3844/759/3
f 3792/760/3 3793/756/3 3844/759/3
f 3696/761/3 3697/757/3 3751/758/3
f 3696/761/3 3751/758/3 3752/762/3
f 3792/760/3 3844/759/3 3845/763/3
f 3791/764/3 3792/760/3 3845/763/3
f 3695/765/3 3696/761/3 3752/762/3
f 3695/765/3 3752/762/3 3753/766/3
f 3791/764/3 3845/763/3 3846/767/3
f 3790/768/3 3791/764/3 3846/767/3
f 3694/769/3 3695/765/3 3753/766/3
f 3694/769/3 3753/766/3 3754/770/3
f 3789/771/3 3790/768/3 3846/767/3
f 3693/772/3 3694/769/3 3754/770/3
f 3789/771/3 3846/767/3 3847/773/3
f 3693/772/3 3754/770/3 3755/774/3
f 3788/775/3 3789/771/3 3847/773/3
f 3692/776/3 3693/772/3 3755/774/3
f 3788/775/3 3847/773/3 3848/777/3
f 3692/776/3 3755/774/3 3756/778/3
f 3787/779/3 3788/775/3 3848/777/3
f 3691/780/3 3692/776/3 3756/778/3
f 3787/779/3 3848/777/3 3849/781/3
f 3691/780/3 3756/778/3 3757/782/3
f 3786/783/3 3787/779/3 3849/781/3
f 3690/784/3 3691/780/3 3757/782/3
f 3690/784/3 3757/782/3 3758/785/3
f 3786/783/3 3849/781/3 3850/786/3
f 3785/787/3 3786/783/3 3850/786/3
f 3689/788/3 3690/784/3 3758/785/3
f 3689/788/3 3758/785/3 3759/789/3
f 3785/787/3 3850/786/3 3851/790/3
f 3784/791/3 3785/787/3 3851/790/3
f 3688/792/3 3689/788/3 3759/789/3
f 3688/792/3 3759/789/3 3760/793/3
f 3784/791/3 3851/790/3 3852/794/3
f 3783/795/3 3784/791/3 3852/794/3
f 3687/796/3 3688/792/3 3760/793/3
f 3687/796/3 3760/793/3 3761/797/3
f 3782/798/3 3783/795/3 3852/794/3
f 3686/799/3 3687/796/3 3761/797/3
f 3782/798/3 3852/794/3 3853/800/3
f 3686/799/3 3761/797/3 3762/801/3
f 3781/802/3 3782/798/3 3853/800/3
f 3685/803/3 3686/799/3 3762/801/3
f 3781/802/3 3853/800/3 3854/804/3
f 3685/803/3 3762/801/3 3763/805/3
f 3780/806/3 3781/802/3 3854/804/3
f 3684/807/3 3685/803/3 3763/805/3
f 3780/806/3 3854/804/3 3855/808/3
f 3684/807/3 3763/805/3 3764/809/3
f 3779/810/3 3780/806/3 3855/808/3
f 3683/811/3 3684/807/3 3764/809/3
f 3779/810/3 3855/808/3 3856/812/3
f 3683/811/3 3764/809/3 3765/813/3
f 3778/814/3 3779/810/3 3856/812/3
f 3682/815/3 3683/811/3 3765/813/3
f 3777/816/3 3778/814/3 3856/812/3
f 3682/815/3 3765/813/3 3766/817/3
f 3681/818/3 3682/815/3 3766/817/3
f 3777/816/3 3856/812/3 3857/819/3
f 3776/82/3 3777/816/3 3857/819/3
f 3680/820/3 3681/818/3 3766/817/3
f 3680/820/3 3766/817/3 3767/821/3
f 3776/82/3 3857/819/3 3858/822/3
f 3775/823/3 3776/82/3 3858/822/3
f 3679/824/3 3680/820/3 3767/821/3
f 3679/824/3 3767/821/3 3768/825/3
f 3775/823/3 3858/822/3 3859/826/3
f 3774/827/3 3775/823/3 3859/826/3
f 3678/828/3 3679/824/3 3768/825/3
f 3678/828/3 3768/825/3 3769/829/3
f 3773/830/3 3774/827/3 3859/826/3
f 3677/831/3 3678/828/3 3769/829/3
f 3773/830/3 3859/826/3 3860/832/3
f 3677/831/3 3769/829/3 3770/833/3
f 3772/834/3 3773/830/3 3860/832/3
f 3676/835/3 3677/831/3 3770/833/3
f 3772/834/3 3860/832/3 3861/836/3
f 3676/835/3 3770/833/3 3771/837/3
f 3771/837/3 3772/834/3 3861/836/3
f 3675/743/3 3676/835/3 3771/837/3
f 3771/837/3 3861/836/3 3862/838/3
f 3577/742/3 3675/743/3 3461/839/3
f 3461/839/3 3675/743/3 3460/840/3
f 3460/840/3 3675/743/3 3459/841/3
f 3459/841/3 3675/743/3 3458/842/3
f 3458/842/3 3675/743/3 3457/843/3
f 3457/843/3 3675/743/3 3456/844/3
f 3456/844/3 3675/743/3 3455/845/3
f 3455/845/3 3675/743/3 3454/846/3
f 3454/846/3 3675/743/3 3453/847/3
f 3453/847/3 3675/743/3 3452/848/3
f 3452/848/3 3675/743/3 3451/849/3
f 3451/849/3 3675/743/3 3450/850/3
f 3450/850/3 3675/743/3 3449/851/3
f 3449/851/3 3675/743/3 3448/852/3
f 3448/852/3 3675/743/3 3447/853/3
f 3447/853/3 3675/743/3 3446/854/3
f 3446/854/3 3675/743/3 3445/855/3
f 3445/855/3 3675/743/3 3444/856/3
f 3444/856/3 3675/743/3 3443/857/3
f 3443/857/3 3675/743/3 3442/858/3
f 3442/858/3 3675/743/3 3441/859/3
f 3441/859/3 3675/743/3 3440/860/3
f 3440/860/3 3675/743/3 3439/861/3
f 3439/861/3 3675/743/3 3438/862/3
f 3438/862/3 3675/743/3 3437/863/3
f 3437/863/3 3675/743/3 3436/864/3
f 3436/864/3 3675/743/3 3435/865/3
f 3435/865/3 3675/743/3 3434/496/3
f 3434/496/3 3675/743/3 3433/866/3
f 3433/866/3 3675/743/3 3771/837/3
f 3433/866/3 3771/837/3 3432/867/3
f 3432/867/3 3771/837/3 3862/838/3
f 3432/867/3 3862/838/3 3238/868/3
f 3238/868/3 3862/838/3 3863/869/3
f 3431/870/3 3432/867/3 3238/868/3
f 3431/870/3 3238/868/3 3239/871/3
f 3237/872/3 3238/868/3 3863/869/3
f 3431/870/3 3239/871/3 3240/873/3
f 3430/874/3 3431/870/3 3240/873/3
f 3236/875/3 3237/872/3 3863/869/3
f 3430/874/3 3240/873/3 3241/876/3
f 3429/877/3 3430/874/3 3241/876/3
f 3235/878/3 3236/875/3 3863/869/3
f 3429/877/3 3241/876/3 3242/879/3
f 3428/880/3 3429/877/3 3242/879/3
f 3234/881/3 3235/878/3 3863/869/3
f 3234/881/3 3863/869/3 3864/882/3
f 3428/880/3 3242/879/3 3243/883/3
f 3427/884/3 3428/880/3 3243/883/3
f 3233/885/3 3234/881/3 3864/882/3
f 3427/884/3 3243/883/3 3244/886/3
f 3426/887/3 3427/884/3 3244/886/3
f 3232/888/3 3233/885/3 3864/882/3
f 3426/887/3 3244/886/3 3245/889/3
f 3425/890/3 3426/887/3 3245/889/3
f 3231/891/3 3232/888/3 3864/882/3
f 3425/890/3 3245/889/3 3246/892/3
f 3424/893/3 3425/890/3 3246/892/3
f 3230/894/3 3231/891/3 3864/882/3
f 3230/894/3 3864/882/3 3865/895/3
f 3424/893/3 3246/892/3 3247/896/3
f 3423/897/3 3424/893/3 3247/896/3
f 3229/898/3 3230/894/3 3865/895/3
f 3423/897/3 3247/896/3 3248/899/3
f 3422/900/3 3423/897/3 3248/899/3
f 3228/901/3 3229/898/3 3865/895/3
f 3422/900/3 3248/899/3 3249/902/3
f 3228/901/3 3865/895/3 3866/903/3
f 3421/904/3 3422/900/3 3249/902/3
f 3227/905/3 3228/901/3 3866/903/3
f 3421/904/3 3249/902/3 3250/906/3
f 3420/907/3 3421/904/3 3250/906/3
f 3226/908/3 3227/905/3 3866/903/3
f 3420/907/3 3250/906/3 3251/909/3
f 3226/908/3 3866/903/3 3867/910/3
f 3419/911/3 3420/907/3 3251/909/3
f 3225/912/3 3226/908/3 3867/910/3
f 3419/911/3 3251/909/3 3252/913/3
f 3418/914/3 3419/911/3 3252/913/3
f 3224/915/3 3225/912/3 3867/910/3
f 3418/914/3 3252/913/3 3253/916/3
f 3224/915/3 3867/910/3 3868/917/3
f 3417/918/3 3418/914/3 3253/916/3
f 3223/919/3 3224/915/3 3868/917/3
f 3417/918/3 3253/916/3 3254/920/3
f 3223/919/3 3868/917/3 3869/921/3
f 3416/922/3 3417/918/3 3254/920/3
f 3222/923/3 3223/919/3 3869/921/3
f 3416/922/3 3254/920/3 3255/924/3
f 3222/923/3 3869/921/3 3870/925/3
f 3415/926/3 3416/922/3 3255/924/3
f 3221/927/3 3222/923/3 3870/925/3
f 3415/926/3 3255/924/3 3256/928/3
f 3221/927/3 3870/925/3 3871/929/3
f 3414/930/3 3415/926/3 3256/928/3
f 3220/931/3 3221/927/3 3871/929/3
f 3414/930/3 3256/928/3 3257/932/3
f 3220/931/3 3871/929/3 3872/933/3
f 3413/934/3 3414/930/3 3257/932/3
f 3219/935/3 3220/931/3 3872/933/3
f 3413/934/3 3257/932/3 3258/936/3
f 3219/935/3 3872/933/3 3873/937/3
f 3412/938/3 3413/934/3 3258/936/3
f 3412/938/3 3258/936/3 3259/939/3
f 3218/940/3 3219/935/3 3873/937/3
f 3218/940/3 3873/937/3 3874/941/3
f 3411/942/3 3412/938/3 3259/939/3
f 3411/942/3 3259/939/3 3260/943/3
f 3217/944/3 3218/940/3 3874/941/3
f 3217/944/3 3874/941/3 3875/945/3
f 3410/946/3 3411/942/3 3260/943/3
f 3410/946/3 3260/943/3 3261/947/3
f 3216/948/3 3217/944/3 3875/945/3
f 3216/948/3 3875/945/3 3876/949/3
f 3409/950/3 3410/946/3 3261/947/3
f 3409/950/3 3261/947/3 3262/951/3
f 3216/948/3 3876/949/3 3877/952/3
f 3215/953/3 3216/948/3 3877/952/3
f 3408/954/3 3409/950/3 3262/951/3
f 3215/953/3 3877/952/3 3878/955/3
f 3408/954/3 3262/951/3 3263/956/3
f 3214/957/3 3215/953/3 3878/955/3
f 3407/958/3 3408/954/3 3263/956/3
f 3214/957/3 3878/955/3 3879/959/3
f 3407/958/3 3263/956/3 3264/960/3
f 3406/961/3 3407/958/3 3264/960/3
f 3213/962/3 3214/957/3 3879/959/3
f 3213/962/3 3879/959/3 3880/963/3
f 3405/964/3 3406/961/3 3264/960/3
f 3212/965/3 3213/962/3 3880/963/3
f 3405/964/3 3264/960/3 3265/966/3
f 3404/967/3 3405/964/3 3265/966/3
f 3211/968/3 3212/965/3 3880/963/3
f 3211/968/3 3880/963/3 3881/969/3
f 3210/970/3 3211/968/3 3881/969/3
f 3403/971/3 3404/967/3 3265/966/3
f 3210/970/3 3881/969/3 3882/972/3
f 3403/971/3 3265/966/3 3266/973/3
f 3209/974/3 3210/970/3 3882/972/3
f 3402/975/3 3403/971/3 3266/973/3
f 3208/976/3 3209/974/3 3882/972/3
f 3401/977/3 3402/975/3 3266/973/3
f 3208/976/3 3882/972/3 3883/978/3
f 3401/977/3 3266/973/3 3267/979/3
f 3207/980/3 3208/976/3 3883/978/3
f 3400/981/3 3401/977/3 3267/979/3
f 3207/980/3 3883/978/3 3884/982/3
f 3206/306/3 3207/980/3 3884/982/3
f 3399/983/3 3400/981/3 3267/979/3
f 3205/984/3 3206/306/3 3884/982/3
f 3577/742/3 3461/839/3 3462/985/3
f 3399/983/3 3267/979/3 3268/986/3
f 3398/987/3 3399/983/3 3268/986/3
f 3205/984/3 3884/982/3 3885/988/3
f 3204/989/3 3205/984/3 3885/988/3
f 3397/990/3 3398/987/3 3268/986/3
f 3203/991/3 3204/989/3 3885/988/3
f 3203/991/3 3885/988/3 3886/992/3
f 3396/993/3 3397/990/3 3268/986/3
f 3577/742/3 3462/985/3 3463/994/3
f 3396/993/3 3268/986/3 3269/995/3
f 3202/996/3 3203/991/3 3886/992/3
f 3395/997/3 3396/993/3 3269/995/3
f 3202/996/3 3886/992/3 3887/998/3
f 3201/999/3 3202/996/3 3887/998/3
f 3394/1000/3 3395/997/3 3269/995/3
f 3577/742/3 3463/994/3 3464/1001/3
f 3394/1000/3 3269/995/3 3270/1002/3
f 3200/1003/3 3201/999/3 3887/998/3
f 3200/1003/3 3887/998/3 3888/1004/3
f 3393/1005/3 3394/1000/3 3270/1002/3
f 3199/1006/3 3200/1003/3 3888/1004/3
f 3392/1007/3 3393/1005/3 3270/1002/3
f 3199/1006/3 3888/1004/3 3889/1008/3
f 3198/1009/3 3199/1006/3 3889/1008/3
f 3577/742/3 3464/1001/3 3465/1010/3
f 3392/1007/3 3270/1002/3 3271/1011/3
f 3391/1012/3 3392/1007/3 3271/1011/3
f 3197/1013/3 3198/1009/3 3889/1008/3
f 3197/1013/3 3889/1008/3 3890/176/3
f 3390/1014/3 3391/1012/3 3271/1011/3
f 3196/1015/3 3197/1013/3 3890/176/3
f 3577/742/3 3465/1010/3 3466/1016/3
f 3390/1014/3 3271/1011/3 3272/1017/3
f 3389/1018/3 3390/1014/3 3272/1017/3
f 3195/1019/3 3196/1015/3 3890/176/3
f 3195/1019/3 3890/176/3 3092/66/3
f 3388/1020/3 3389/1018/3 3272/1017/3
f 3194/1021/3 3195/1019/3 3092/66/3
f 3194/1021/3 3092/66/3 3093/1022/3
f 3387/1023/3 3388/1020/3 3272/1017/3
f 3193/1024/3 3194/1021/3 3093/1022/3
f 3577/742/3 3466/1016/3 3467/1025/3
f 3387/1023/3 3272/1017/3 3273/1026/3
f 3386/1027/3 3387/1023/3 3273/1026/3
f 3192/1028/3 3193/1024/3 3093/1022/3
f 3385/1029/3 3386/1027/3 3273/1026/3
f 3191/1030/3 3192/1028/3 3093/1022/3
f 3577/742/3 3467/1025/3 3468/1031/3
f 3385/1029/3 3273/1026/3 3274/1032/3
f 3384/1033/3 3385/1029/3 3274/1032/3
f 3190/1034/3 3191/1030/3 3093/1022/3
f 3383/1035/3 3384/1033/3 3274/1032/3
f 3189/1036/3 3190/1034/3 3093/1022/3
f 3577/742/3 3468/1031/3 3469/1037/3
f 3383/1035/3 3274/1032/3 3275/1038/3
f 3577/742/3 3469/1037/3 3470/1039/3
f 3383/1035/3 3275/1038/3 3276/1040/3
f 3577/742/3 3470/1039/3 3471/1041/3
f 3383/1035/3 3276/1040/3 3277/1042/3
f 3577/742/3 3471/1041/3 3472/1043/3
f 3383/1035/3 3277/1042/3 3278/1044/3
f 3577/742/3 3472/1043/3 3473/1045/3
f 3383/1035/3 3278/1044/3 3279/1046/3
f 3577/742/3 3473/1045/3 3474/1047/3
f 3383/1035/3 3279/1046/3 3280/1048/3
f 3577/742/3 3474/1047/3 3475/1049/3
f 3383/1035/3 3280/1048/3 3281/1050/3
f 3577/742/3 3475/1049/3 3476/1051/3
f 3383/1035/3 3281/1050/3 3282/1052/3
f 3577/742/3 3476/1051/3 3477/1053/3
f 3383/1035/3 3282/1052/3 3283/1054/3
f 3577/742/3 3477/1053/3 3478/1055/3
f 3383/1035/3 3283/1054/3 3284/1056/3
f 3577/742/3 3478/1055/3 3479/1057/3
f 3383/1035/3 3284/1056/3 3285/1058/3
f 3577/742/3 3479/1057/3 3480/1059/3
f 3383/1035/3 3285/1058/3 3286/1060/3
f 3577/742/3 3480/1059/3 3481/1061/3
f 3383/1035/3 3286/1060/3 3287/1062/3
f 3576/1063/3 3577/742/3 3481/1061/3
f 3576/1063/3 3481/1061/3 3482/1064/3
f 3382/1065/3 3383/1035/3 3287/1062/3
f 3382/1065/3 3287/1062/3 3288/1066/3
f 3188/1067/3 3189/1036/3 3093/1022/3
f 3188/1067/3 3093/1022/3 3094/1068/3
f 3575/1069/3 3576/1063/3 3482/1064/3
f 3575/1069/3 3482/1064/3 3483/1070/3
f 3381/1071/3 3382/1065/3 3288/1066/3
f 3381/1071/3 3288/1066/3 3289/1072/3
f 3187/1073/3 3188/1067/3 3094/1068/3
f 3187/1073/3 3094/1068/3 3095/1074/3
f 3574/1075/3 3575/1069/3 3483/1070/3
f 3574/1075/3 3483/1070/3 3484/1076/3
f 3380/1077/3 3381/1071/3 3289/1072/3
f 3380/1077/3 3289/1072/3 3290/1078/3
f 3186/1079/3 3187/1073/3 3095/1074/3
f 3186/1079/3 3095/1074/3 3096/1080/3
f 3573/1081/3 3574/1075/3 3484/1076/3
f 3573/1081/3 3484/1076/3 3485/1082/3
f 3379/1083/3 3380/1077/3 3290/1078/3
f 3379/1083/3 3290/1078/3 3291/1084/3
f 3185/1085/3 3186/1079/3 3096/1080/3
f 3185/1085/3 3096/1080/3 3097/1086/3
f 3572/1087/3 3573/1081/3 3485/1082/3
f 3572/1087/3 3485/1082/3 3486/1088/3
f 3378/1089/3 3379/1083/3 3291/1084/3
f 3378/1089/3 3291/1084/3 3292/1090/3
f 3184/1091/3 3185/1085/3 3097/1086/3
f 3184/1091/3 3097/1086/3 3098/1092/3
f 3571/1093/3 3572/1087/3 3486/1088/3
f 3571/1093/3 3486/1088/3 3487/1094/3
f 3377/1095/3 3378/1089/3 3292/1090/3
f 3377/1095/3 3292/1090/3 3293/1096/3
f 3183/1097/3 3184/1091/3 3098/1092/3
f 3183/1097/3 3098/1092/3 3099/1098/3
f 3570/1099/3 3571/1093/3 3487/1094/3
f 3570/1099/3 3487/1094/3 3488/1100/3
f 3376/1101/3 3377/1095/3 3293/1096/3
f 3376/1101/3 3293/1096/3 3294/1102/3
f 3182/1103/3 3183/1097/3 3099/1098/3
f 3182/1103/3 3099/1098/3 3100/1104/3
f 3569/1105/3 3570/1099/3 3488/1100/3
f 3569/1105/3 3488/1100/3 3489/1106/3
f 3375/1107/3 3376/1101/3 3294/1102/3
f 3375/1107/3 3294/1102/3 3295/1108/3
f 3181/1109/3 3182/1103/3 3100/1104/3
f 3181/1109/3 3100/1104/3 3101/1110/3
f 3568/1111/3 3569/1105/3 3489/1106/3
f 3568/1111/3 3489/1106/3 3490/1112/3
f 3374/1113/3 3375/1107/3 3295/1108/3
f 3374/1113/3 3295/1108/3 3296/1114/3
f 3180/1115/3 3181/1109/3 3101/1110/3
f 3180/1115/3 3101/1110/3 3102/1116/3
f 3567/1117/3 3568/1111/3 3490/1112/3
f 3567/1117/3 3490/1112/3 3491/1118/3
f 3373/1119/3 3374/1113/3 3296/1114/3
f 3373/1119/3 3296/1114/3 3297/1120/3
f 3179/1121/3 3180/1115/3 3102/1116/3
f 3179/1121/3 3102/1116/3 3103/1122/3
f 3566/1123/3 3567/1117/3 3491/1118/3
f 3566/1123/3 3491/1118/3 3492/1124/3
f 3372/1125/3 3373/1119/3 3297/1120/3
f 3372/1125/3 3297/1120/3 3298/1126/3
f 3178/1127/3 3179/1121/3 3103/1122/3
f 3178/1127/3 3103/1122/3 3104/1128/3
f 3565/1129/3 3566/1123/3 3492/1124/3
f 3565/1129/3 3492/1124/3 3493/1130/3
f 3371/1131/3 3372/1125/3 3298/1126/3
f 3371/1131/3 3298/1126/3 3299/1132/3
f 3177/1133/3 3178/1127/3 3104/1128/3
f 3177/1133/3 3104/1128/3 3105/1134/3
f 3564/1135/3 3565/1129/3 3493/1130/3
f 3564/1135/3 3493/1130/3 3494/1136/3
f 3370/1137/3 3371/1131/3 3299/1132/3
f 3370/1137/3 3299/1132/3 3300/1138/3
f 3176/1139/3 3177/1133/3 3105/1134/3
f 3176/1139/3 3105/1134/3 3106/1140/3
f 3563/1141/3 3564/1135/3 3494/1136/3
f 3369/1142/3 3370/1137/3 3300/1138/3
f 3175/1143/3 3176/1139/3 3106/1140/3
f 3563/1141/3 3494/1136/3 3495/1144/3
f 3369/1142/3 3300/1138/3 3301/1145/3
f 3175/1143/3 3106/1140/3 3107/1146/3
f 3562/1147/3 3563/1141/3 3495/1144/3
f 3368/1148/3 3369/1142/3 3301/1145/3
f 3174/1149/3 3175/1143/3 3107/1146/3
f 3562/1147/3 3495/1144/3 3496/1150/3
f 3368/1148/3 3301/1145/3 3302/1151/3
f 3174/1149/3 3107/1146/3 3108/1152/3
f 3561/1153/3 3562/1147/3 3496/1150/3
f 3367/1154/3 3368/1148/3 3302/1151/3
f 3173/1155/3 3174/1149/3 3108/1152/3
f 3561/1153/3 3496/1150/3 3497/1156/3
f 3367/1154/3 3302/1151/3 3303/1157/3
f 3173/1155/3 3108/1152/3 3109/1158/3
f 3560/1159/3 3561/1153/3 3497/1156/3
f 3366/1160/3 3367/1154/3 3303/1157/3
f 3172/1161/3 3173/1155/3 3109/1158/3
f 3560/1159/3 3497/1156/3 3498/1162/3
f 3366/1160/3 3303/1157/3 3304/1163/3
f 3172/1161/3 3109/1158/3 3110/1164/3
f 3559/1165/3 3560/1159/3 3498/1162/3
f 3365/1166/3 3366/1160/3 3304/1163/3
f 3171/1167/3 3172/1161/3 3110/1164/3
f 3559/1165/3 3498/1162/3 3499/1168/3
f 3365/1166/3 3304/1163/3 3305/1169/3
f 3171/1167/3 3110/1164/3 3111/1170/3
f 3558/1171/3 3559/1165/3 3499/1168/3
f 3364/1172/3 3365/1166/3 3305/1169/3
f 3170/1173/3 3171/1167/3 3111/1170/3
f 3558/1171/3 3499/1168/3 3500/1174/3
f 3364/1172/3 3305/1169/3 3306/1175/3
f 3170/1173/3 3111/1170/3 3112/1176/3
f 3557/1177/3 3558/1171/3 3500/1174/3
f 3363/1178/3 3364/1172/3 3306/1175/3
f 3169/1179/3 3170/1173/3 3112/1176/3
f 3557/1177/3 3500/1174/3 3501/1180/3
f 3363/1178/3 3306/1175/3 3307/1181/3
f 3169/1179/3 3112/1176/3 3113/1182/3
f 3556/1183/3 3557/1177/3 3501/1180/3
f 3362/1184/3 3363/1178/3 3307/1181/3
f 3168/1185/3 3169/1179/3 3113/1182/3
f 3556/1183/3 3501/1180/3 3502/1186/3
f 3362/1184/3 3307/1181/3 3308/1187/3
f 3168/1185/3 3113/1182/3 3114/1188/3
f 3555/1189/3 3556/1183/3 3502/1186/3
f 3361/1190/3 3362/1184/3 3308/1187/3
f 3167/1191/3 3168/1185/3 3114/1188/3
f 3555/1189/3 3502/1186/3 3503/1192/3
f 3361/1190/3 3308/1187/3 3309/1193/3
f 3167/1191/3 3114/1188/3 3115/1194/3
f 3554/1195/3 3555/1189/3 3503/1192/3
f 3360/1196/3 3361/1190/3 3309/1193/3
f 3166/1197/3 3167/1191/3 3115/1194/3
f 3554/1195/3 3503/1192/3 3504/1198/3
f 3360/1196/3 3309/1193/3 3310/1199/3
f 3166/1197/3 3115/1194/3 3116/1200/3
f 3553/1201/3 3554/1195/3 3504/1198/3
f 3359/1202/3 3360/1196/3 3310/1199/3
f 3165/1203/3 3166/1197/3 3116/1200/3
f 3553/1201/3 3504/1198/3 3505/1204/3
f 3359/1202/3 3310/1199/3 3311/1205/3
f 3165/1203/3 3116/1200/3 3117/1206/3
f 3552/1207/3 3553/1201/3 3505/1204/3
f 3552/1207/3 3505/1204/3 3506/1208/3
f 3358/1209/3 3359/1202/3 3311/1205/3
f 3358/1209/3 3311/1205/3 3312/1210/3
f 3164/1211/3 3165/1203/3 3117/1206/3
f 3164/1211/3 3117/1206/3 3118/1212/3
f 3551/1213/3 3552/1207/3 3506/1208/3
f 3551/1213/3 3506/1208/3 3507/1214/3
f 3357/1215/3 3358/1209/3 3312/1210/3
f 3357/1215/3 3312/1210/3 3313/1216/3
f 3163/1217/3 3164/1211/3 3118/1212/3
f 3163/1217/3 3118/1212/3 3119/1218/3
f 3550/1219/3 3551/1213/3 3507/1214/3
f 3550/1219/3 3507/1214/3 3508/1220/3
f 3356/1221/3 3357/1215/3 3313/1216/3
f 3356/1221/3 3313/1216/3 3314/1222/3
f 3162/1223/3 3163/1217/3 3119/1218/3
f 3162/1223/3 3119/1218/3 3120/1224/3
f 3549/1225/3 3550/1219/3 3508/1220/3
f 3549/1225/3 3508/1220/3 3509/1226/3
f 3355/1227/3 3356/1221/3 3314/1222/3
f 3355/1227/3 3314/1222/3 3315/1228/3
f 3161/1229/3 3162/1223/3 3120/1224/3
f 3161/1229/3 3120/1224/3 3121/1230/3
f 3548/376/3 3549/1225/3 3509/1226/3
f 3548/376/3 3509/1226/3 3510/1231/3
f 3354/1232/3 3355/1227/3 3315/1228/3
f 3354/1232/3 3315/1228/3 3316/1233/3
f 3160/1234/3 3161/1229/3 3121/1230/3
f 3160/1234/3 3121/1230/3 3122/1235/3
f 3547/1236/3 3548/376/3 3510/1231/3
f 3547/1236/3 3510/1231/3 3511/1237/3
f 3353/1238/3 3354/1232/3 3316/1233/3
f 3353/1238/3 3316/1233/3 3317/1239/3
f 3159/1240/3 3160/1234/3 3122/1235/3
f 3159/1240/3 3122/1235/3 3123/1241/3
f 3546/1242/3 3547/1236/3 3511/1237/3
f 3546/1242/3 3511/1237/3 3512/1243/3
f 3352/1244/3 3353/1238/3 3317/1239/3
f 3352/1244/3 3317/1239/3 3318/1245/3
f 3158/1246/3 3159/1240/3 3123/1241/3
f 3158/1246/3 3123/1241/3 3124/1247/3
f 3545/1248/3 3546/1242/3 3512/1243/3
f 3545/1248/3 3512/1243/3 3513/1249/3
f 3351/1250/3 3352/1244/3 3318/1245/3
f 3351/1250/3 3318/1245/3 3319/1251/3
f 3157/1252/3 3158/1246/3 3124/1247/3
f 3157/1252/3 3124/1247/3 3125/1253/3
f 3544/1254/3 3545/1248/3 3513/1249/3
f 3544/1254/3 3513/1249/3 3514/1255/3
f 3350/1256/3 3351/1250/3 3319/1251/3
f 3350/1256/3 3319/1251/3 3320/334/3
f 3156/1257/3 3157/1252/3 3125/1253/3
f 3156/1257/3 3125/1253/3 3126/1258/3
f 3543/1259/3 3544/1254/3 3514/1255/3
f 3543/1259/3 3514/1255/3 3515/1260/3
f 3349/1261/3 3350/1256/3 3320/334/3
f 3349/1261/3 3320/334/3 3321/1262/3
f 3155/1263/3 3156/1257/3 3126/1258/3
f 3155/1263/3 3126/1258/3 3127/1264/3
f 3542/1265/3 3543/1259/3 3515/1260/3
f 3542/1265/3 3515/1260/3 3516/1266/3
f 3348/1267/3 3349/1261/3 3321/1262/3
f 3348/1267/3 3321/1262/3 3322/1268/3
f 3154/1269/3 3155/1263/3 3127/1264/3
f 3154/1269/3 3127/1264/3 3128/1270/3
f 3541/1271/3 3542/1265/3 3516/1266/3
f 3541/1271/3 3516/1266/3 3517/1272/3
f 3347/1273/3 3348/1267/3 3322/1268/3
f 3347/1273/3 3322/1268/3 3323/1274/3
f 3153/1275/3 3154/1269/3 3128/1270/3
f 3153/1275/3 3128/1270/3 3129/1276/3
f 3540/1277/3 3541/1271/3 3517/1272/3
f 3540/1277/3 3517/1272/3 3518/1278/3
f 3346/1279/3 3347/1273/3 3323/1274/3
f 3346/1279/3 3323/1274/3 3324/1280/3
f 3152/1281/3 3153/1275/3 3129/1276/3
f 3152/1281/3 3129/1276/3 3130/1282/3
f 3539/1283/3 3540/1277/3 3518/1278/3
f 3345/1284/3 3346/1279/3 3324/1280/3
f 3151/1285/3 3152/1281/3 3130/1282/3
f 3539/1283/3 3518/1278/3 3519/1286/3
f 3345/1284/3 3324/1280/3 3325/1287/3
f 3151/1285/3 3130/1282/3 3131/1288/3
f 3538/1289/3 3539/1283/3 3519/1286/3
f 3344/1290/3 3345/1284/3 3325/1287/3
f 3150/1291/3 3151/1285/3 3131/1288/3
f 3538/1289/3 3519/1286/3 3520/1292/3
f 3344/1290/3 3325/1287/3 3326/1293/3
f 3150/1291/3 3131/1288/3 3132/1294/3
f 3537/1295/3 3538/1289/3 3520/1292/3
f 3343/1296/3 3344/1290/3 3326/1293/3
f 3149/1297/3 3150/1291/3 3132/1294/3
f 3537/1295/3 3520/1292/3 3521/1298/3
f 3343/1296/3 3326/1293/3 3327/1299/3
f 3149/1297/3 3132/1294/3 3133/1300/3
f 3536/1301/3 3537/1295/3 3521/1298/3
f 3342/1302/3 3343/1296/3 3327/1299/3
f 3148/1303/3 3149/1297/3 3133/1300/3
f 3536/1301/3 3521/1298/3 3522/1304/3
f 3342/1302/3 3327/1299/3 3328/1305/3
f 3148/1303/3 3133/1300/3 3134/1306/3
f 3535/1307/3 3536/1301/3 3522/1304/3
f 3341/1308/3 3342/1302/3 3328/1305/3
f 3147/1309/3 3148/1303/3 3134/1306/3
f 3535/1307/3 3522/1304/3 3523/1310/3
f 3341/1308/3 3328/1305/3 3329/1311/3
f 3147/1309/3 3134/1306/3 3135/1312/3
f 3534/1313/3 3535/1307/3 3523/1310/3
f 3340/1314/3 3341/1308/3 3329/1311/3
f 3146/1315/3 3147/1309/3 3135/1312/3
f 3534/1313/3 3523/1310/3 3524/1316/3
f 3340/1314/3 3329/1311/3 3330/1317/3
f 3146/1315/3 3135/1312/3 3136/1318/3
f 3533/1319/3 3534/1313/3 3524/1316/3
f 3339/1320/3 3340/1314/3 3330/1317/3
f 3145/1321/3 3146/1315/3 3136/1318/3
f 3533/1319/3 3524/1316/3 3525/1322/3
f 3339/1320/3 3330/1317/3 3331/1323/3
f 3145/1321/3 3136/1318/3 3137/1324/3
f 3532/1325/3 3533/1319/3 3525/1322/3
f 3338/1326/3 3339/1320/3 3331/1323/3
f 3144/1327/3 3145/1321/3 3137/1324/3
f 3532/1325/3 3525/1322/3 3526/1328/3
f 3338/1326/3 3331/1323/3 3332/1329/3
f 3144/1327/3 3137/1324/3 3138/1330/3
f 3531/1331/3 3532/1325/3 3526/1328/3
f 3337/1332/3 3338/1326/3 3332/1329/3
f 3143/1333/3 3144/1327/3 3138/1330/3
f 3531/1331/3 3526/1328/3 3527/1334/3
f 3337/1332/3 3332/1329/3 3333/1335/3
f 3143/1333/3 3138/1330/3 3139/1336/3
f 3530/1337/3 3531/1331/3 3527/1334/3
f 3336/1338/3 3337/1332/3 3333/1335/3
f 3142/1339/3 3143/1333/3 3139/1336/3
f 3530/1337/3 3527/1334/3 3528/1340/3
f 3336/1338/3 3333/1335/3 3334/1341/3
f 3142/1339/3 3139/1336/3 3140/1342/3
f 3529/1343/3 3530/1337/3 3528/1340/3
f 3335/1344/3 3336/1338/3 3334/1341/3
f 3141/1345/3 3142/1339/3 3140/1342/3
f 4132/1346/3 4133/1348/3 4134/1347/3
f 4131/1349/3 4132/1346/3 4134/1347/3
f 4131/1349/3 4134/1347/3 4135/1350/3
f 4130/1351/3 4131/1349/3 4135/1350/3
f 4130/1351/3 4135/1350/3 4136/1352/3
f 4129/1353/3 4130/1351/3 4136/1352/3
f 4129/1353/3 4136/1352/3 4137/1354/3
f 4128/1355/3 4129/1353/3 4137/1354/3
f 4128/1355/3 4137/1354/3 4138/1356/3
f 4127/1357/3 4128/1355/3 4138/1356/3
f 4127/1357/3 4138/1356/3 4139/1358/3
f 4126/1359/3 4127/1357/3 4139/1358/3
f 4126/1359/3 4139/1358/3 4140/1360/3
f 4125/1361/3 4126/1359/3 4140/1360/3
f 4125/1361/3 4140/1360/3 4141/1362/3
f 4124/1363/3 4125/1361/3 4141/1362/3
f 4124/1363/3 4141/1362/3 4142/1364/3
f 4181/1365/3 4182/1367/3 4183/1366/3
f 4181/1365/3 4183/1366/3 4184/1368/3
f 4180/1369/3 4181/1365/3 4184/1368/3
f 4180/1369/3 4184/1368/3 4185/1370/3
f 4180/1369/3 4185/1370/3 4186/1371/3
f 4179/1372/3 4180/1369/3 4186/1371/3
f 4179/1372/3 4186/1371/3 4187/1373/3
f 4179/1372/3 4187/1373/3 4188/1374/3
f 4178/1375/3 4179/1372/3 4188/1374/3
f 4178/1375/3 4188/1374/3 4189/1376/3
f 4123/1377/3 4124/1363/3 4142/1364/3
f 4178/1375/3 4189/1376/3 4190/1378/3
f 4177/1379/3 4178/1375/3 4190/1378/3
f 4177/1379/3 4190/1378/3 4191/1380/3
f 4177/1379/3 4191/1380/3 4192/1381/3
f 4176/1382/3 4177/1379/3 4192/1381/3
f 4176/1382/3 4192/1381/3 4193/1383/3
f 4176/1382/3 4193/1383/3 4194/1384/3
f 4175/1385/3 4176/1382/3 4194/1384/3
f 4123/1377/3 4142/1364/3 4143/1386/3
f 4175/1385/3 4194/1384/3 4195/1387/3
f 4175/1385/3 4195/1387/3 4196/1388/3
f 4174/1389/3 4175/1385/3 4196/1388/3
f 4174/1389/3 4196/1388/3 4197/1390/3
f 4174/1389/3 4197/1390/3 4198/1391/3
f 4173/1392/3 4174/1389/3 4198/1391/3
f 4173/1392/3 4198/1391/3 4199/1393/3
f 4122/1394/3 4123/1377/3 4143/1386/3
f 4173/1392/3 4199/1393/3 4200/1395/3
f 4172/1396/3 4173/1392/3 4200/1395/3
f 4172/1396/3 4200/1395/3 4201/1397/3
f 4172/1396/3 4201/1397/3 4202/1398/3
f 4171/1399/3 4172/1396/3 4202/1398/3
f 4171/1399/3 4202/1398/3 4203/1400/3
f 4122/1394/3 4143/1386/3 4144/1401/3
f 4171/1399/3 4203/1400/3 4204/1402/3
f 4170/1403/3 4171/1399/3 4204/1402/3
f 4170/1403/3 4204/1402/3 4205/1404/3
f 4170/1403/3 4205/1404/3 4206/1405/3
f 4169/1406/3 4170/1403/3 4206/1405/3
f 4121/1407/3 4122/1394/3 4144/1401/3
f 4169/1406/3 4206/1405/3 4207/1408/3
f 4169/1406/3 4207/1408/3 4208/1409/3
f 4168/1410/3 4169/1406/3 4208/1409/3
f 4168/1410/3 4208/1409/3 4209/1411/3
f 4168/1410/3 4209/1411/3 4210/1412/3
f 4121/1407/3 4144/1401/3 4145/1413/3
f 4167/1414/3 4168/1410/3 4210/1412/3
f 4167/1414/3 4210/1412/3 4211/1415/3
f 4167/1414/3 4211/1415/3 4212/1416/3
f 4166/1417/3 4167/1414/3 4212/1416/3
f 4120/1418/3 4121/1407/3 4145/1413/3
f 4166/1417/3 4212/1416/3 4213/1419/3
f 4166/1417/3 4213/1419/3 4214/1420/3
f 4165/1421/3 4166/1417/3 4214/1420/3
f 4165/1421/3 4214/1420/3 4215/1422/3
f 4120/1418/3 4145/1413/3 4146/1423/3
f 4165/1421/3 4215/1422/3 4216/1424/3
f 4164/1425/3 4165/1421/3 4216/1424/3
f 4164/1425/3 4216/1424/3 4217/1426/3
f 4119/1427/3 4120/1418/3 4146/1423/3
f 4164/1425/3 4217/1426/3 4218/1428/3
f 4163/1429/3 4164/1425/3 4218/1428/3
f 4163/1429/3 4218/1428/3 4219/1430/3
f 4163/1429/3 4219/1430/3 4220/1431/3
f 4119/1427/3 4146/1423/3 4147/1432/3
f 4162/1433/3 4163/1429/3 4220/1431/3
f 4162/1433/3 4220/1431/3 4221/1434/3
f 4162/1433/3 4221/1434/3 4222/1435/3
f 4118/1436/3 4119/1427/3 4147/1432/3
f 4161/1437/3 4162/1433/3 4222/1435/3
f 4161/1437/3 4222/1435/3 4223/1438/3
f 4161/1437/3 4223/1438/3 4224/1439/3
f 4160/1440/3 4161/1437/3 4224/1439/3
f 4160/1440/3 4224/1439/3 4225/1441/3
f 4118/1436/3 4147/1432/3 4148/1442/3
f 4160/1440/3 4225/1441/3 4226/1443/3
f 4117/1444/3 4118/1436/3 4148/1442/3
f 4159/1445/3 4160/1440/3 4226/1443/3
f 4159/1445/3 4226/1443/3 4227/1446/3
f 4159/1445/3 4227/1446/3 4228/1447/3
f 4158/1448/3 4159/1445/3 4228/1447/3
f 4158/1448/3 4228/1447/3 4229/1449/3
f 4117/1444/3 4148/1442/3 4149/1450/3
f 4158/1448/3 4229/1449/3 3891/66/3
f 4116/1451/3 4117/1444/3 4149/1450/3
f 4157/1452/3 4158/1448/3 3891/66/3
f 4157/1452/3 3891/66/3 3892/1453/3
f 4116/1451/3 4149/1450/3 4150/1454/3
f 4115/1455/3 4116/1451/3 4150/1454/3
f 4114/1456/3 4115/1455/3 4150/1454/3
f 4114/1456/3 4150/1454/3 4151/1457/3
f 4113/1458/3 4114/1456/3 4151/1457/3
f 4113/1458/3 4151/1457/3 4152/1459/3
f 4112/1460/3 4113/1458/3 4152/1459/3
f 4112/1460/3 4152/1459/3 4153/1461/3
f 4111/1462/3 4112/1460/3 4153/1461/3
f 4111/1462/3 4153/1461/3 4154/1463/3
f 4110/1464/3 4111/1462/3 4154/1463/3
f 4110/1464/3 4154/1463/3 4155/1465/3
f 4109/1466/3 4110/1464/3 4155/1465/3
f 4109/1466/3 4155/1465/3 4156/1467/3
f 4108/1468/3 4109/1466/3 4156/1467/3
f 4108/1468/3 4156/1467/3 4157/1452/3
f 4107/1469/3 4108/1468/3 4157/1452/3
f 4106/1470/3 4107/1469/3 4157/1452/3
f 4106/1470/3 4157/1452/3 4250/1471/3
f 4250/1471/3 4157/1452/3 4249/1472/3
f 4249/1472/3 4157/1452/3 4248/1473/3
f 4248/1473/3 4157/1452/3 4247/1474/3
f 4247/1474/3 4157/1452/3 4246/1475/3
f 4246/1475/3 4157/1452/3 4245/609/3
f 4245/609/3 4157/1452/3 4244/1476/3
f 4244/1476/3 4157/1452/3 4243/1477/3
f 4243/1477/3 4157/1452/3 4242/1478/3
f 4242/1478/3 4157/1452/3 4241/1479/3
f 4241/1479/3 4157/1452/3 4240/1480/3
f 4240/1480/3 4157/1452/3 4239/1481/3
f 4239/1481/3 4157/1452/3 4238/1482/3
f 4238/1482/3 4157/1452/3 4237/1483/3
f 4237/1483/3 4157/1452/3 4236/1484/3
f 4236/1484/3 4157/1452/3 4235/1485/3
f 4235/1485/3 4157/1452/3 4234/1486/3
f 4234/1486/3 4157/1452/3 4233/1487/3
f 4233/1487/3 4157/1452/3 4232/1488/3
f 4232/1488/3 4157/1452/3 4231/1489/3
f 4231/1489/3 4157/1452/3 3892/1453/3
f 4105/1490/3 4106/1470/3 4251/1491/3
f 4251/1491/4 4106/1470/4 4250/1471/4
f 4104/1492/3 4105/1490/3 4252/1493/3
f 4252/1493/3 4105/1490/3 4251/1491/3
f 4103/1494/3 4104/1492/3 4252/1493/3
f 4102/1495/3 4103/1494/3 4253/1496/3
f 4253/1496/3 4103/1494/3 4252/1493/3
f 4101/1497/3 4102/1495/3 4254/1498/3
f 4254/1498/3 4102/1495/3 4253/1496/3
f 4100/1499/3 4101/1497/3 4254/1498/3
f 4099/1500/3 4100/1499/3 4255/1501/3
f 4255/1501/3 4100/1499/3 4254/1498/3
f 4099/1500/3 4255/1501/3 4256/1502/3
f 4099/1500/3 4256/1502/3 4257/1503/3
f 4099/1500/3 4257/1503/3 4258/1504/3
f 4098/1505/3 4099/1500/3 4258/1504/3
f 4098/1505/3 4258/1504/3 4259/1506/3
f 4098/1505/3 4259/1506/3 4260/1507/3
f 4098/1505/3 4260/1507/3 4261/1508/3
f 4098/1505/3 4261/1508/3 4262/1509/3
f 4098/1505/3 4262/1509/3 4263/1510/3
f 4098/1505/3 4263/1510/3 4264/1511/3
f 4098/1505/3 4264/1511/3 4265/1512/3
f 4097/1513/3 4098/1505/3 4265/1512/3
f 4097/1513/3 4265/1512/3 4266/1514/3
f 4097/1513/3 4266/1514/3 4267/1515/3
f 4097/1513/3 4267/1515/3 4268/1516/3
f 4097/1513/3 4268/1516/3 4269/1517/3
f 4096/1518/3 4097/1513/3 4269/1517/3
f 4096/1518/3 4269/1517/3 4270/1519/3
f 4096/1518/3 4270/1519/3 4271/1520/3
f 4096/1518/3 4271/1520/3 4272/1521/3
f 4095/1522/3 4096/1518/3 4272/1521/3
f 4095/1522/3 4272/1521/3 4273/1523/3
f 4095/1522/3 4273/1523/3 4274/1524/3
f 4094/1525/3 4095/1522/3 4274/1524/3
f 4094/1525/3 4274/1524/3 4275/1526/3
f 4094/1525/3 4275/1526/3 4276/1527/3
f 4094/1525/3 4276/1527/3 4277/1528/3
f 4093/1529/3 4094/1525/3 4277/1528/3
f 4093/1529/3 4277/1528/3 4278/1530/3
f 4093/1529/3 4278/1530/3 4279/1531/3
f 4092/1532/3 4093/1529/3 4279/1531/3
f 4092/1532/3 4279/1531/3 4280/1533/3
f 4092/1532/3 4280/1533/3 4281/1534/3
f 4091/1535/3 4092/1532/3 4281/1534/3
f 4091/1535/3 4281/1534/3 4282/1536/3
f 4091/1535/3 4282/1536/3 4283/1537/3
f 4090/1538/3 4091/1535/3 4283/1537/3
f 4090/1538/3 4283/1537/3 4284/1539/3
f 4090/1538/3 4284/1539/3 4285/1540/3
f 4089/1541/3 4090/1538/3 4285/1540/3
f 4089/1541/3 4285/1540/3 4286/1542/3
f 4230/1543/3 4231/1489/3 3892/1453/3
f 4089/1541/3 4286/1542/3 4287/1544/3
f 4088/1545/3 4089/1541/3 4287/1544/3
f 4088/1545/3 4287/1544/3 4288/1546/3
f 4087/1547/3 4088/1545/3 4288/1546/3
f 4087/1547/3 4288/1546/3 4289/1548/3
f 4087/1547/3 4289/1548/3 4290/1549/3
f 4086/1550/3 4087/1547/3 4290/1549/3
f 4086/1550/3 4290/1549/3 4291/1551/3
f 4086/1550/3 4291/1551/3 4292/1552/3
f 4085/1553/3 4086/1550/3 4292/1552/3
f 4085/1553/3 4292/1552/3 4293/1554/3
f 4085/1553/3 4293/1554/3 4294/1555/3
f 4084/1556/3 4085/1553/3 4294/1555/3
f 4084/1556/3 4294/1555/3 4295/1557/3
f 4083/1558/3 4084/1556/3 4295/1557/3
f 4083/1558/3 4295/1557/3 4296/1559/3
f 4083/1558/3 4296/1559/3 4297/1560/3
f 4082/1561/3 4083/1558/3 4297/1560/3
f 4082/1561/3 4297/1560/3 4298/1562/3
f 4081/1563/3 4082/1561/3 4298/1562/3
f 4081/1563/3 4298/1562/3 4299/1564/3
f 4081/1563/3 4299/1564/3 4300/1565/3
f 4080/1566/3 4081/1563/3 4300/1565/3
f 4080/1566/3 4300/1565/3 4301/1567/3
f 4080/1566/3 4301/1567/3 4302/1568/3
f 4079/1569/3 4080/1566/3 4302/1568/3
f 4079/1569/3 4302/1568/3 4303/1570/3
f 4078/1571/3 4079/1569/3 4303/1570/3
f 4078/1571/3 4303/1570/3 4304/1572/3
f 4422/176/3 4230/1543/3 3892/1453/3
f 4078/1571/3 4304/1572/3 4305/1573/3
f 4077/1574/3 4078/1571/3 4305/1573/3
f 4421/1575/3 4422/176/3 3892/1453/3
f 4077/1574/3 4305/1573/3 4306/1576/3
f 4076/1577/3 4077/1574/3 4306/1576/3
f 4076/1577/3 4306/1576/3 4307/1578/3
f 4420/1579/3 4421/1575/3 3892/1453/3
f 4076/1577/3 4307/1578/3 4308/1580/3
f 4075/1581/3 4076/1577/3 4308/1580/3
f 4419/1582/3 4420/1579/3 3892/1453/3
f 4075/1581/3 4308/1580/3 4309/1583/3
f 4074/1584/3 4075/1581/3 4309/1583/3
f 4418/1585/3 4419/1582/3 3892/1453/3
f 4074/1584/3 4309/1583/3 4310/1586/3
f 4074/1584/3 4310/1586/3 4311/1587/3
f 4417/1588/3 4418/1585/3 3892/1453/3
f 4073/1589/3 4074/1584/3 4311/1587/3
f 4073/1589/3 4311/1587/3 4312/1590/3
f 4416/1591/3 4417/1588/3 3892/1453/3
f 4073/1589/3 4312/1590/3 4313/1592/3
f 4072/1593/3 4073/1589/3 4313/1592/3
f 4072/1593/3 4313/1592/3 4314/1594/3
f 4415/1595/3 4416/1591/3 3892/1453/3
f 4071/1596/3 4072/1593/3 4314/1594/3
f 4071/1596/3 4314/1594/3 4315/1597/3
f 4414/1598/3 4415/1595/3 3892/1453/3
f 4071/1596/3 4315/1597/3 4316/1599/3
f 4070/1600/3 4071/1596/3 4316/1599/3
f 4413/1601/3 4414/1598/3 3892/1453/3
f 4070/1600/3 4316/1599/3 4317/1602/3
f 4069/1603/3 4070/1600/3 4317/1602/3
f 4412/1604/3 4413/1601/3 3892/1453/3
f 4069/1603/3 4317/1602/3 4318/1605/3
f 4069/1603/3 4318/1605/3 4319/1606/3
f 4068/1209/3 4069/1603/3 4319/1606/3
f 4411/1607/3 4412/1604/3 3892/1453/3
f 4068/1209/3 4319/1606/3 4320/1608/3
f 4410/1609/3 4411/1607/3 3892/1453/3
f 4067/1610/3 4068/1209/3 4320/1608/3
f 4067/1610/3 4320/1608/3 4321/1611/3
f 4409/1612/3 4410/1609/3 3892/1453/3
f 4067/1610/3 4321/1611/3 4322/1613/3
f 4066/1614/3 4067/1610/3 4322/1613/3
f 4066/1614/3 4322/1613/3 4323/1615/3
f 4408/1616/3 4409/1612/3 3892/1453/3
f 4065/1617/3 4066/1614/3 4323/1615/3
f 4065/1617/3 4323/1615/3 4324/1618/3
f 4407/1619/3 4408/1616/3 3892/1453/3
f 4065/1617/3 4324/1618/3 4325/1620/3
f 4064/1621/3 4065/1617/3 4325/1620/3
f 4406/1622/3 4407/1619/3 3892/1453/3
f 4064/1621/3 4325/1620/3 4326/1623/3
f 4063/1624/3 4064/1621/3 4326/1623/3
f 4063/1624/3 4326/1623/3 4327/1625/3
f 4405/1626/3 4406/1622/3 3892/1453/3
f 4063/1624/3 4327/1625/3 4328/1627/3
f 4062/1628/3 4063/1624/3 4328/1627/3
f 4404/1629/3 4405/1626/3 3892/1453/3
f 4062/1628/3 4328/1627/3 4329/1630/3
f 4062/1628/3 4329/1630/3 4330/1631/3
f 4403/1632/3 4404/1629/3 3892/1453/3
f 4061/1633/3 4062/1628/3 4330/1631/3
f 4061/1633/3 4330/1631/3 4331/1634/3
f 4061/1633/3 4331/1634/3 4332/1635/3
f 4402/1636/3 4403/1632/3 3892/1453/3
f 4060/1637/3 4061/1633/3 4332/1635/3
f 4060/1637/3 4332/1635/3 4333/1638/3
f 4401/1639/3 4402/1636/3 3892/1453/3
f 4060/1637/3 4333/1638/3 4334/1640/3
f 4060/1637/3 4334/1640/3 4335/1641/3
f 4059/1642/3 4060/1637/3 4335/1641/3
f 4400/1643/3 4401/1639/3 3892/1453/3
f 4059/1642/3 4335/1641/3 4336/1644/3
f 4059/1642/3 4336/1644/3 4337/1645/3
f 4399/1646/3 4400/1643/3 3892/1453/3
f 4058/1647/3 4059/1642/3 4337/1645/3
f 4058/1647/3 4337/1645/3 4338/1648/3
f 4058/1647/3 4338/1648/3 4339/1649/3
f 4398/1650/3 4399/1646/3 3892/1453/3
f 4058/1647/3 4339/1649/3 4340/1651/3
f 4057/1652/3 4058/1647/3 4340/1651/3
f 4397/1653/3 4398/1650/3 3892/1453/3
f 4057/1652/3 4340/1651/3 4341/1654/3
f 4057/1652/3 4341/1654/3 4342/1655/3
f 4396/1656/3 4397/1653/3 3892/1453/3
f 4056/1657/3 4057/1652/3 4342/1655/3
f 4056/1657/3 4342/1655/3 4343/1658/3
f 4395/1659/3 4396/1656/3 3892/1453/3
f 4056/1657/3 4343/1658/3 4344/1660/3
f 4056/1657/3 4344/1660/3 4345/1661/3
f 4055/1662/3 4056/1657/3 4345/1661/3
f 4394/1663/3 4395/1659/3 3965/1664/3
f 3965/1664/3 4395/1659/3 3892/1453/3
f 4055/1662/3 4345/1661/3 4346/1665/3
f 4055/1662/3 4346/1665/3 4347/1666/3
f 4393/1667/3 4394/1663/3 3965/1664/3
f 4054/1668/3 4055/1662/3 4347/1666/3
f 4054/1668/3 4347/1666/3 4348/1669/3
f 4392/1670/3 4393/1667/3 3965/1664/3
f 4054/1668/3 4348/1669/3 4349/1671/3
f 4054/1668/3 4349/1671/3 4350/1672/3
f 4391/1673/3 4392/1670/3 3965/1664/3
f 4053/1674/3 4054/1668/3 4350/1672/3
f 4053/1674/3 4350/1672/3 4351/1675/3
f 4390/1676/3 4391/1673/3 3965/1664/3
f 4053/1674/3 4351/1675/3 4352/1677/3
f 4053/1674/3 4352/1677/3 4353/1678/3
f 4389/1679/3 4390/1676/3 3965/1664/3
f 4052/1680/3 4053/1674/3 4353/1678/3
f 4052/1680/3 4353/1678/3 4354/1681/3
f 4052/1680/3 4354/1681/3 4355/1682/3
f 4388/1683/3 4389/1679/3 3965/1664/3
f 4052/1680/3 4355/1682/3 4356/1684/3
f 4387/1685/3 4388/1683/3 3965/1664/3
f 4052/1680/3 4356/1684/3 4357/1686/3
f 4051/1687/3 4052/1680/3 4357/1686/3
f 4051/1687/3 4357/1686/3 4358/1688/3
f 4386/1689/3 4387/1685/3 3965/1664/3
f 4051/1687/3 4358/1688/3 4359/1690/3
f 4385/1691/3 4386/1689/3 3965/1664/3
f 4051/1687/3 4359/1690/3 4360/1692/3
f 4050/1693/3 4051/1687/3 4360/1692/3
f 4050/1693/3 4360/1692/3 4361/1694/3
f 4384/1695/3 4385/1691/3 3965/1664/3
f 4050/1693/3 4361/1694/3 4362/1696/3
f 4383/1697/3 4384/1695/3 3965/1664/3
f 4050/1693/3 4362/1696/3 4363/1698/3
f 4050/1693/3 4363/1698/3 4364/1699/3
f 4382/1700/3 4383/1697/3 3965/1664/3
f 4050/1693/3 4364/1699/3 4365/1701/3
f 4049/1702/3 4050/1693/3 4365/1701/3
f 4381/1703/3 4382/1700/3 3965/1664/3
f 4049/1702/3 4365/1701/3 4366/1704/3
f 4049/1702/3 4366/1704/3 4367/1705/3
f 4380/1706/3 4381/1703/3 3965/1664/3
f 4049/1702/3 4367/1705/3 4368/1707/3
f 4379/1708/3 4380/1706/3 3965/1664/3
f 4049/1702/3 4368/1707/3 4369/1709/3
f 4049/1702/3 4369/1709/3 4370/1710/3
f 4378/1711/3 4379/1708/3 3965/1664/3
f 4049/1702/3 4370/1710/3 4371/1712/3
f 4377/1713/3 4378/1711/3 3965/1664/3
f 4049/1702/3 4371/1712/3 4372/1714/3
f 4049/1702/3 4372/1714/3 4373/1715/3
f 4376/1716/3 4377/1713/3 3965/1664/3
f 4049/1702/3 4373/1715/3 4374/1717/3
f 4375/1718/3 4376/1716/3 3965/1664/3
f 4049/1702/3 4374/1717/3 4375/1718/3
f 4049/1702/3 4375/1718/3 3965/1664/3
f 4048/1719/3 4049/1702/3 3965/1664/3
f 4047/1720/3 4048/1719/3 3965/1664/3
f 4047/1720/3 3965/1664/3 3966/1721/3
f 3964/1722/3 3965/1664/3 3892/1453/3
f 4047/1720/3 3966/1721/3 3967/1723/3
f 4046/1724/3 4047/1720/3 3967/1723/3
f 4046/1724/3 3967/1723/3 3968/1725/3
f 4046/1724/3 3968/1725/3 3969/1726/3
f 4045/1727/3 4046/1724/3 3969/1726/3
f 4045/1727/3 3969/1726/3 3970/1728/3
f 4044/1729/3 4045/1727/3 3970/1728/3
f 4044/1729/3 3970/1728/3 3971/1730/3
f 4044/1729/3 3971/1730/3 3972/1731/3
f 4043/1732/3 4044/1729/3 3972/1731/3
f 4043/1732/3 3972/1731/3 3973/1733/3
f 4043/1732/3 3973/1733/3 3974/1734/3
f 4042/1735/3 4043/1732/3 3974/1734/3
f 4042/1735/3 3974/1734/3 3975/1736/3
f 4041/1737/3 4042/1735/3 3975/1736/3
f 4041/1737/3 3975/1736/3 3976/1738/3
f 4041/1737/3 3976/1738/3 3977/1739/3
f 4040/1740/3 4041/1737/3 3977/1739/3
f 4040/1740/3 3977/1739/3 3978/1741/3
f 4039/1742/3 4040/1740/3 3978/1741/3
f 4039/1742/3 3978/1741/3 3979/1743/3
f 4039/1742/3 3979/1743/3 3980/1744/3
f 4038/1745/3 4039/1742/3 3980/1744/3
f 4038/1745/3 3980/1744/3 3981/1746/3
f 4037/1747/3 4038/1745/3 3981/1746/3
f 4037/1747/3 3981/1746/3 3982/1748/3
f 4036/1749/3 4037/1747/3 3982/1748/3
f 4036/1749/3 3982/1748/3 3983/1750/3
f 4036/1749/3 3983/1750/3 3984/1751/3
f 4035/1752/3 4036/1749/3 3984/1751/3
f 4035/1752/3 3984/1751/3 3985/1753/3
f 4034/1754/3 4035/1752/3 3985/1753/3
f 4034/1754/3 3985/1753/3 3986/1755/3
f 4034/1754/3 3986/1755/3 3987/1756/3
f 4033/1757/3 4034/1754/3 3987/1756/3
f 4033/1757/3 3987/1756/3 3988/1758/3
f 4032/1759/3 4033/1757/3 3988/1758/3
f 4032/1759/3 3988/1758/3 3989/1760/3
f 4031/1761/3 4032/1759/3 3989/1760/3
f 4031/1761/3 3989/1760/3 3990/1762/3
f 4031/1761/3 3990/1762/3 3991/1763/3
f 4030/1764/3 4031/1761/3 3991/1763/3
f 4030/1764/3 3991/1763/3 3992/1765/3
f 3963/1766/3 3964/1722/3 3892/1453/3
f 3963/1766/3 3892/1453/3 3893/1767/3
f 4029/1768/3 4030/1764/3 3992/1765/3
f 3962/1769/3 3963/1766/3 3893/1767/3
f 4029/1768/3 3992/1765/3 3993/1770/3
f 3962/1769/3 3893/1767/3 3894/1771/3
f 3961/1772/3 3962/1769/3 3894/1771/3
f 3960/1773/3 3961/1772/3 3894/1771/3
f 3960/1773/3 3894/1771/3 3895/1774/3
f 3959/1775/3 3960/1773/3 3895/1774/3
f 4028/1776/3 4029/1768/3 3993/1770/3
f 4028/1776/3 3993/1770/3 3994/1777/3
f 3958/1778/3 3959/1775/3 3895/1774/3
f 3958/1778/3 3895/1774/3 3896/1779/3
f 3957/1780/3 3958/1778/3 3896/1779/3
f 4028/1776/3 3994/1777/3 3995/1781/3
f 3956/1782/3 3957/1780/3 3896/1779/3
f 3956/1782/3 3896/1779/3 3897/1783/3
f 4027/1784/3 4028/1776/3 3995/1781/3
f 3955/1785/3 3956/1782/3 3897/1783/3
f 3954/1786/3 3955/1785/3 3897/1783/3
f 3954/1786/3 3897/1783/3 3898/1787/3
f 4027/1784/3 3995/1781/3 3996/1788/3
f 3953/1789/3 3954/1786/3 3898/1787/3
f 3952/1790/3 3953/1789/3 3898/1787/3
f 3952/1790/3 3898/1787/3 3899/1791/3
f 4026/1792/3 4027/1784/3 3996/1788/3
f 3951/1793/3 3952/1790/3 3899/1791/3
f 4026/1792/3 3996/1788/3 3997/1794/3
f 3950/1795/3 3951/1793/3 3899/1791/3
f 3950/1795/3 3899/1791/3 3900/1796/3
f 3949/1797/3 3950/1795/3 3900/1796/3
f 3948/1798/3 3949/1797/3 3900/1796/3
f 3948/1798/3 3900/1796/3 3901/1799/3
f 3947/1800/3 3948/1798/3 3901/1799/3
f 4025/1801/3 4026/1792/3 3997/1794/3
f 4025/1801/3 3997/1794/3 3998/1802/3
f 3946/1803/3 3947/1800/3 3901/1799/3
f 3946/1803/3 3901/1799/3 3902/1804/3
f 3945/1805/3 3946/1803/3 3902/1804/3
f 3944/1806/3 3945/1805/3 3902/1804/3
f 3944/1806/3 3902/1804/3 3903/1807/3
f 4025/1801/3 3998/1802/3 3999/1808/3
f 3943/1809/3 3944/1806/3 3903/1807/3
f 4024/1810/3 4025/1801/3 3999/1808/3
f 3942/1811/3 3943/1809/3 3903/1807/3
f 3942/1811/3 3903/1807/3 3904/1812/3
f 3941/1813/3 3942/1811/3 3904/1812/3
f 3940/1814/3 3941/1813/3 3904/1812/3
f 3940/1814/3 3904/1812/3 3905/1815/3
f 4024/1810/3 3999/1808/3 4000/1816/3
f 3939/1817/3 3940/1814/3 3905/1815/3
f 3938/1818/3 3939/1817/3 3905/1815/3
f 3938/1818/3 3905/1815/3 3906/1819/3
f 3937/1820/3 3938/1818/3 3906/1819/3
f 4023/1821/3 4024/1810/3 4000/1816/3
f 3936/1822/3 3937/1820/3 3906/1819/3
f 3936/1822/3 3906/1819/3 3907/1823/3
f 3935/1824/3 3936/1822/3 3907/1823/3
f 4023/1821/3 4000/1816/3 4001/1825/3
f 3934/1826/3 3935/1824/3 3907/1823/3
f 3934/1826/3 3907/1823/3 3908/1827/3
f 3933/1828/3 3934/1826/3 3908/1827/3
f 3932/1829/3 3933/1828/3 3908/1827/3
f 3932/1829/3 3908/1827/3 3909/1830/3
f 3931/1831/3 3932/1829/3 3909/1830/3
f 3930/1832/3 3931/1831/3 3909/1830/3
f 3930/1832/3 3909/1830/3 3910/1833/3
f 3929/1834/3 3930/1832/3 3910/1833/3
f 4022/1835/3 4023/1821/3 4001/1825/3
f 3928/1836/3 3929/1834/3 3910/1833/3
f 3928/1836/3 3910/1833/3 3911/1837/3
f 4022/1835/3 4001/1825/3 4002/1838/3
f 3927/1839/3 3928/1836/3 3911/1837/3
f 3926/1840/3 3927/1839/3 3911/1837/3
f 3926/1840/3 3911/1837/3 3912/1841/3
f 3925/1842/3 3926/1840/3 3912/1841/3
f 3924/1843/3 3925/1842/3 3912/1841/3
f 3924/1843/3 3912/1841/3 3913/1844/3
f 3923/1845/3 3924/1843/3 3913/1844/3
f 3922/1846/3 3923/1845/3 3913/1844/3
f 3922/1846/3 3913/1844/3 3914/1847/3
f 3921/1848/3 3922/1846/3 3914/1847/3
f 3920/1849/3 3921/1848/3 3914/1847/3
f 3920/1849/3 3914/1847/3 3915/1850/3
f 3919/1851/3 3920/1849/3 3915/1850/3
f 3918/1852/3 3919/1851/3 3915/1850/3
f 3918/1852/3 3915/1850/3 3916/1853/3
f 3917/1854/3 3918/1852/3 3916/1853/3
f 4022/1835/3 4002/1838/3 4003/1855/3
f 4021/1856/3 4022/1835/3 4003/1855/3
f 4021/1856/3 4003/1855/3 4004/1857/3
f 4020/1858/3 4021/1856/3 4004/1857/3
f 4020/1858/3 4004/1857/3 4005/1859/3
f 4019/1860/3 4020/1858/3 4005/1859/3
f 4019/1860/3 4005/1859/3 4006/1861/3
f 4018/1862/3 4019/1860/3 4006/1861/3
f 4018/1862/3 4006/1861/3 4007/1863/3
f 4017/1864/3 4018/1862/3 4007/1863/3
f 4017/1864/3 4007/1863/3 4008/1865/3
f 4017/1864/3 4008/1865/3 4009/1866/3
f 4016/1867/3 4017/1864/3 4009/1866/3
f 4016/1867/3 4009/1866/3 4010/1868/3
f 4015/1869/3 4016/1867/3 4010/1868/3
f 4015/1869/3 4010/1868/3 4011/1870/3
f 4014/1871/3 4015/1869/3 4011/1870/3
f 4014/1871/3 4011/1870/3 4012/1872/3
f 4013/1873/3 4014/1871/3 4012/1872/3
f 5014/1874/3 5015/1876/3 5016/1875/3
f 5014/1874/3 5016/1875/3 5017/1877/3
f 5013/1878/3 5014/1874/3 5017/1877/3
f 5013/1878/3 5017/1877/3 5018/1879/3
f 5013/1878/3 5018/1879/3 5019/1880/3
f 5012/575/3 5013/1878/3 5019/1880/3
f 5012/575/3 5019/1880/3 5020/1881/3
f 5012/575/3 5020/1881/3 5021/1882/3
f 5011/1883/3 5012/575/3 5021/1882/3
f 5011/1883/3 5021/1882/3 5022/1884/3
f 5010/1885/3 5011/1883/3 5022/1884/3
f 5010/1885/3 5022/1884/3 5023/1886/3
f 5010/1885/3 5023/1886/3 5024/1887/3
f 5009/1888/3 5010/1885/3 5024/1887/3
f 5009/1888/3 5024/1887/3 5025/1889/3
f 5009/1888/3 5025/1889/3 5026/1890/3
f 5008/1891/3 5009/1888/3 5026/1890/3
f 5008/1891/3 5026/1890/3 5027/1892/3
f 5007/1893/3 5008/1891/3 5027/1892/3
f 5007/1893/3 5027/1892/3 5028/1894/3
f 5007/1893/3 5028/1894/3 5029/1895/3
f 5006/1896/3 5007/1893/3 5029/1895/3
f 5006/1896/3 5029/1895/3 5030/1897/3
f 5006/1896/3 5030/1897/3 5031/1898/3
f 5005/1899/3 5006/1896/3 5031/1898/3
f 5005/1899/3 5031/1898/3 5032/1900/3
f 5005/1899/3 5032/1900/3 5033/1901/3
f 5004/1902/3 5005/1899/3 5033/1901/3
f 5004/1902/3 5033/1901/3 5034/1903/3
f 5004/1902/3 5034/1903/3 5035/1904/3
f 5003/1905/3 5004/1902/3 5035/1904/3
f 5003/1905/3 5035/1904/3 5036/1906/3
f 5003/1905/3 5036/1906/3 5037/1907/3
f 5002/1908/3 5003/1905/3 5037/1907/3
f 5002/1908/3 5037/1907/3 5038/1909/3
f 5002/1908/3 5038/1909/3 5039/1910/3
f 5001/1911/3 5002/1908/3 5039/1910/3
f 5001/1911/3 5039/1910/3 5040/1912/3
f 5001/1911/3 5040/1912/3 5041/1913/3
f 5000/1914/3 5001/1911/3 5041/1913/3
f 5000/1914/3 5041/1913/3 5042/1915/3
f 5000/1914/3 5042/1915/3 5043/794/3
f 4999/1916/3 5000/1914/3 5043/794/3
f 4999/1916/3 5043/794/3 5044/1917/3
f 4999/1916/3 5044/1917/3 5045/1918/3
f 4999/1916/3 5045/1918/3 5046/1919/3
f 4998/1920/3 4999/1916/3 5046/1919/3
f 4998/1920/3 5046/1919/3 5047/1921/3
f 4998/1920/3 5047/1921/3 5048/1922/3
f 4997/1923/3 4998/1920/3 5048/1922/3
f 4997/1923/3 5048/1922/3 5049/1924/3
f 4997/1923/3 5049/1924/3 5050/1925/3
f 4996/1926/3 4997/1923/3 5050/1925/3
f 4996/1926/3 5050/1925/3 5051/1927/3
f 4996/1926/3 5051/1927/3 5052/1928/3
f 4996/1926/3 5052/1928/3 5053/1929/3
f 4995/1930/3 4996/1926/3 5053/1929/3
f 4995/1930/3 5053/1929/3 5054/1931/3
f 4995/1930/3 5054/1931/3 5055/1932/3
f 4995/1930/3 5055/1932/3 5056/1933/3
f 4994/1934/3 4995/1930/3 5056/1933/3
f 4994/1934/3 5056/1933/3 5057/1935/3
f 4994/1934/3 5057/1935/3 5058/1936/3
f 4994/1934/3 5058/1936/3 5059/1937/3
f 4993/1938/3 4994/1934/3 5059/1937/3
f 4993/1938/3 5059/1937/3 5060/1939/3
f 4993/1938/3 5060/1939/3 5061/1940/3
f 4993/1938/3 5061/1940/3 5062/1941/3
f 4993/1938/3 5062/1941/3 5063/1942/3
f 4992/1943/3 4993/1938/3 5063/1942/3
f 4992/1943/3 5063/1942/3 5064/1944/3
f 4992/1943/3 5064/1944/3 5065/1945/3
f 4992/1943/3 5065/1945/3 5066/1946/3
f 4992/1943/3 5066/1946/3 5067/1947/3
f 4992/1943/3 5067/1947/3 5068/1948/3
f 4991/1949/3 4992/1943/3 5068/1948/3
f 4991/1949/3 5068/1948/3 5069/1950/3
f 4991/1949/3 5069/1950/3 5070/1951/3
f 4991/1949/3 5070/1951/3 5071/1952/3
f 4991/1949/3 5071/1952/3 5072/1953/3
f 4991/1949/3 5072/1953/3 5073/1954/3
f 4990/1955/3 4991/1949/3 5073/1954/3
f 4990/1955/3 5073/1954/3 5074/176/3
f 4990/1955/3 5074/176/3 4423/66/3
f 4990/1955/3 4423/66/3 4424/1956/3
f 4990/1955/3 4424/1956/3 4425/1957/3
f 4990/1955/3 4425/1957/3 4426/1958/3
f 4989/1959/3 4990/1955/3 4426/1958/3
f 4989/1959/3 4426/1958/3 4427/1960/3
f 4989/1959/3 4427/1960/3 4428/1961/3
f 4989/1959/3 4428/1961/3 4429/1962/3
f 4989/1959/3 4429/1962/3 4430/1963/3
f 4988/1964/3 4989/1959/3 4430/1963/3
f 4988/1964/3 4430/1963/3 4431/1965/3
f 4988/1964/3 4431/1965/3 4432/1966/3
f 4988/1964/3 4432/1966/3 4433/1967/3
f 4987/1968/3 4988/1964/3 4433/1967/3
f 4987/1968/3 4433/1967/3 4434/1969/3
f 4987/1968/3 4434/1969/3 4435/1970/3
f 4987/1968/3 4435/1970/3 4436/1971/3
f 4987/1968/3 4436/1971/3 4437/1972/3
f 4987/1968/3 4437/1972/3 4438/1973/3
f 4986/1974/3 4987/1968/3 4438/1973/3
f 4986/1974/3 4438/1973/3 4439/1975/3
f 4986/1974/3 4439/1975/3 4440/1976/3
f 4986/1974/3 4440/1976/3 4441/1977/3
f 4986/1974/3 4441/1977/3 4442/1978/3
f 4986/1974/3 4442/1978/3 4443/1979/3
f 4985/1980/3 4986/1974/3 4443/1979/3
f 4985/1980/3 4443/1979/3 4444/1981/3
f 4985/1980/3 4444/1981/3 4445/1982/3
f 4985/1980/3 4445/1982/3 4446/1983/3
f 4985/1980/3 4446/1983/3 4447/1984/3
f 4985/1980/3 4447/1984/3 4448/1985/3
f 4984/1986/3 4985/1980/3 4448/1985/3
f 4984/1986/3 4448/1985/3 4449/1987/3
f 4984/1986/3 4449/1987/3 4450/1988/3
f 4984/1986/3 4450/1988/3 4451/1989/3
f 4984/1986/3 4451/1989/3 4452/1990/3
f 4983/1991/3 4984/1986/3 4452/1990/3
f 4983/1991/3 4452/1990/3 4453/1992/3
f 4983/1991/3 4453/1992/3 4454/1282/3
f 4983/1991/3 4454/1282/3 4455/1993/3
f 4983/1991/3 4455/1993/3 4456/1994/3
f 4982/1995/3 4983/1991/3 4556/1996/3
f 4556/1996/3 4983/1991/3 4555/1997/3
f 4555/1997/3 4983/1991/3 4456/1994/3
f 4555/1997/3 4456/1994/3 4457/1998/3
f 4555/1997/3 4457/1998/3 4458/1999/3
f 4554/2000/3 4555/1997/3 4458/1999/3
f 4553/2001/3 4554/2000/3 4458/1999/3
f 4982/1995/3 4556/1996/3 4557/2002/3
f 4552/2003/3 4553/2001/3 4458/1999/3
f 4982/1995/3 4557/2002/3 4558/2004/3
f 4551/2005/3 4552/2003/3 4458/1999/3
f 4982/1995/3 4558/2004/3 4559/2006/3
f 4550/2007/3 4551/2005/3 4458/1999/3
f 4550/2007/3 4458/1999/3 4459/2008/3
f 4982/1995/3 4559/2006/3 4560/2009/3
f 4549/2010/3 4550/2007/3 4459/2008/3
f 4548/2011/3 4549/2010/3 4459/2008/3
f 4982/1995/3 4560/2009/3 4561/2012/3
f 4548/2011/3 4459/2008/3 4460/2013/3
f 4547/886/3 4548/2011/3 4460/2013/3
f 4982/1995/3 4561/2012/3 4562/2014/3
f 4981/82/3 4982/1995/3 4562/2014/3
f 4546/2015/3 4547/886/3 4460/2013/3
f 4981/82/3 4562/2014/3 4563/2016/3
f 4546/2015/3 4460/2013/3 4461/2017/3
f 4545/2018/3 4546/2015/3 4461/2017/3
f 4981/82/3 4563/2016/3 4564/2019/3
f 4545/2018/3 4461/2017/3 4462/2020/3
f 4544/2021/3 4545/2018/3 4462/2020/3
f 4981/82/3 4564/2019/3 4565/2022/3
f 4543/2023/3 4544/2021/3 4462/2020/3
f 4543/2023/3 4462/2020/3 4463/2024/3
f 4542/2025/3 4543/2023/3 4463/2024/3
f 4981/82/3 4565/2022/3 4566/2026/3
f 4542/2025/3 4463/2024/3 4464/2027/3
f 4980/2028/3 4981/82/3 4566/2026/3
f 4541/2029/3 4542/2025/3 4464/2027/3
f 4980/2028/3 4566/2026/3 4567/2030/3
f 4541/2029/3 4464/2027/3 4465/2031/3
f 4540/2032/3 4541/2029/3 4465/2031/3
f 4540/2032/3 4465/2031/3 4466/2033/3
f 4980/2028/3 4567/2030/3 4568/2034/3
f 4539/2035/3 4540/2032/3 4466/2033/3
f 4539/2035/3 4466/2033/3 4467/2036/3
f 4980/2028/3 4568/2034/3 4569/2037/3
f 4538/2038/3 4539/2035/3 4467/2036/3
f 4538/2038/3 4467/2036/3 4468/2039/3
f 4537/2040/3 4538/2038/3 4468/2039/3
f 4979/2041/3 4980/2028/3 4569/2037/3
f 4979/2041/3 4569/2037/3 4570/2042/3
f 4537/2040/3 4468/2039/3 4469/2043/3
f 4536/2044/3 4537/2040/3 4469/2043/3
f 4536/2044/3 4469/2043/3 4470/2045/3
f 4979/2041/3 4570/2042/3 4571/2046/3
f 4535/2047/3 4536/2044/3 4470/2045/3
f 4535/2047/3 4470/2045/3 4471/2048/3
f 4534/2049/3 4535/2047/3 4471/2048/3
f 4534/2049/3 4471/2048/3 4472/2050/3
f 4979/2041/3 4571/2046/3 4572/2051/3
f 4533/2052/3 4534/2049/3 4472/2050/3
f 4978/2053/3 4979/2041/3 4572/2051/3
f 4533/2052/3 4472/2050/3 4473/2054/3
f 4978/2053/3 4572/2051/3 4573/2055/3
f 4532/2056/3 4533/2052/3 4473/2054/3
f 4532/2056/3 4473/2054/3 4474/2057/3
f 4531/2058/3 4532/2056/3 4474/2057/3
f 4531/2058/3 4474/2057/3 4475/2059/3
f 4978/2053/3 4573/2055/3 4574/2060/3
f 4531/2058/3 4475/2059/3 4476/2061/3
f 4530/2062/3 4531/2058/3 4476/2061/3
f 4530/2062/3 4476/2061/3 4477/2063/3
f 4529/2064/3 4530/2062/3 4477/2063/3
f 4977/2065/3 4978/2053/3 4574/2060/3
f 4977/2065/3 4574/2060/3 4575/2066/3
f 4529/2064/3 4477/2063/3 4478/2067/3
f 4528/2068/3 4529/2064/3 4478/2067/3
f 4528/2068/3 4478/2067/3 4479/2069/3
f 4977/2065/3 4575/2066/3 4576/2070/3
f 4527/2071/3 4528/2068/3 4479/2069/3
f 4527/2071/3 4479/2069/3 4480/2072/3
f 4527/2071/3 4480/2072/3 4481/2073/3
f 4526/2074/3 4527/2071/3 4481/2073/3
f 4526/2074/3 4481/2073/3 4482/2075/3
f 4977/2065/3 4576/2070/3 4577/2076/3
f 4525/2077/3 4526/2074/3 4482/2075/3
f 4976/2078/3 4977/2065/3 4577/2076/3
f 4525/2077/3 4482/2075/3 4483/2079/3
f 4524/2080/3 4525/2077/3 4483/2079/3
f 4524/2080/3 4483/2079/3 4484/2081/3
f 4976/2078/3 4577/2076/3 4578/1052/3
f 4523/2082/3 4524/2080/3 4484/2081/3
f 4523/2082/3 4484/2081/3 4485/1185/3
f 4523/2082/3 4485/1185/3 4486/2083/3
f 4522/2084/3 4523/2082/3 4486/2083/3
f 4522/2084/3 4486/2083/3 4487/2085/3
f 4521/2086/3 4522/2084/3 4487/2085/3
f 4976/2078/3 4578/1052/3 4579/2087/3
f 4521/2086/3 4487/2085/3 4488/2088/3
f 4975/2089/3 4976/2078/3 4579/2087/3
f 4520/2090/3 4521/2086/3 4488/2088/3
f 4520/2090/3 4488/2088/3 4489/2091/3
f 4520/2090/3 4489/2091/3 4490/2092/3
f 4519/2093/3 4520/2090/3 4490/2092/3
f 4975/2089/3 4579/2087/3 4580/2094/3
f 4519/2093/3 4490/2092/3 4491/2095/3
f 4518/2096/3 4519/2093/3 4491/2095/3
f 4518/2096/3 4491/2095/3 4492/2097/3
f 4518/2096/3 4492/2097/3 4493/2098/3
f 4517/2099/3 4518/2096/3 4493/2098/3
f 4517/2099/3 4493/2098/3 4494/2100/3
f 4516/306/3 4517/2099/3 4494/2100/3
f 4975/2089/3 4580/2094/3 4581/2101/3
f 4516/306/3 4494/2100/3 4495/2102/3
f 4974/2103/3 4975/2089/3 4581/2101/3
f 4515/2104/3 4516/306/3 4495/2102/3
f 4515/2104/3 4495/2102/3 4496/2105/3
f 4515/2104/3 4496/2105/3 4497/2106/3
f 4514/2107/3 4515/2104/3 4497/2106/3
f 4514/2107/3 4497/2106/3 4498/2108/3
f 4513/2109/3 4514/2107/3 4498/2108/3
f 4513/2109/3 4498/2108/3 4499/2110/3
f 4512/2111/3 4513/2109/3 4499/2110/3
f 4512/2111/3 4499/2110/3 4500/2112/3
f 4974/2103/3 4581/2101/3 4582/2113/3
f 4512/2111/3 4500/2112/3 4501/2114/3
f 4511/2115/3 4512/2111/3 4501/2114/3
f 4511/2115/3 4501/2114/3 4502/2116/3
f 4510/2117/3 4511/2115/3 4502/2116/3
f 4510/2117/3 4502/2116/3 4503/2118/3
f 4509/2119/3 4510/2117/3 4503/2118/3
f 4509/2119/3 4503/2118/3 4504/2120/3
f 4509/2119/3 4504/2120/3 4505/2121/3
f 4508/2122/3 4509/2119/3 4505/2121/3
f 4508/2122/3 4505/2121/3 4506/2123/3
f 4507/2124/3 4508/2122/3 4506/2123/3
f 4974/2103/3 4582/2113/3 4583/2125/3
f 4973/2126/3 4974/2103/3 4583/2125/3
f 4973/2126/3 4583/2125/3 4584/2127/3
f 4972/2128/3 4973/2126/3 4584/2127/3
f 4972/2128/3 4584/2127/3 4585/2129/3
f 4972/2128/3 4585/2129/3 4586/2130/3
f 4971/2131/3 4972/2128/3 4586/2130/3
f 4971/2131/3 4586/2130/3 4587/2132/3
f 4971/2131/3 4587/2132/3 4588/2133/3
f 4970/2134/3 4971/2131/3 4588/2133/3
f 4970/2134/3 4588/2133/3 4589/2135/3
f 4969/2136/3 4970/2134/3 4589/2135/3
f 4969/2136/3 4589/2135/3 4590/2137/3
f 4969/2136/3 4590/2137/3 4591/2138/3
f 4968/2139/3 4969/2136/3 4591/2138/3
f 4968/2139/3 4591/2138/3 4592/2140/3
f 4968/2139/3 4592/2140/3 4593/2141/3
f 4967/2142/3 4968/2139/3 4593/2141/3
f 4967/2142/3 4593/2141/3 4594/2143/3
f 4966/2144/3 4967/2142/3 4594/2143/3
f 4966/2144/3 4594/2143/3 4595/2145/3
f 4966/2144/3 4595/2145/3 4596/2146/3
f 4965/2147/3 4966/2144/3 4596/2146/3
f 4965/2147/3 4596/2146/3 4597/2148/3
f 4964/2149/3 4965/2147/3 4597/2148/3
f 4964/2149/3 4597/2148/3 4598/2150/3
f 4964/2149/3 4598/2150/3 4599/2151/3
f 4963/2152/3 4964/2149/3 4599/2151/3
f 4963/2152/3 4599/2151/3 4600/2153/3
f 4962/2154/3 4963/2152/3 4600/2153/3
f 4962/2154/3 4600/2153/3 4601/2155/3
f 4962/2154/3 4601/2155/3 4602/2156/3
f 4961/2157/3 4962/2154/3 4602/2156/3
f 4961/2157/3 4602/2156/3 4603/2158/3
f 4960/2159/3 4961/2157/3 4603/2158/3
f 4960/2159/3 4603/2158/3 4604/2160/3
f 4960/2159/3 4604/2160/3 4605/2161/3
f 4959/2162/3 4960/2159/3 4605/2161/3
f 4959/2162/3 4605/2161/3 4606/2163/3
f 4958/2164/3 4959/2162/3 4606/2163/3
f 4958/2164/3 4606/2163/3 4607/2165/3
f 4958/2164/3 4607/2165/3 4608/2166/3
f 4957/2167/3 4958/2164/3 4608/2166/3
f 4796/2168/3 4797/2170/3 4798/2169/3
f 4796/2168/3 4798/2169/3 4799/2171/3
f 4795/376/3 4796/2168/3 4799/2171/3
f 4795/376/3 4799/2171/3 4800/2172/3
f 4794/2173/3 4795/376/3 4800/2172/3
f 4793/2174/3 4794/2173/3 4800/2172/3
f 4793/2174/3 4800/2172/3 4801/2175/3
f 4792/2176/3 4793/2174/3 4801/2175/3
f 4792/2176/3 4801/2175/3 4802/2177/3
f 4791/2178/3 4792/2176/3 4802/2177/3
f 4790/2179/3 4791/2178/3 4802/2177/3
f 4790/2179/3 4802/2177/3 4803/2180/3
f 4789/2181/3 4790/2179/3 4803/2180/3
f 4789/2181/3 4803/2180/3 4804/2182/3
f 4788/2183/3 4789/2181/3 4804/2182/3
f 4787/2184/3 4788/2183/3 4804/2182/3
f 4787/2184/3 4804/2182/3 4805/2185/3
f 4957/2167/3 4608/2166/3 4609/334/3
f 4786/2186/3 4787/2184/3 4805/2185/3
f 4786/2186/3 4805/2185/3 4806/2187/3
f 4785/2188/3 4786/2186/3 4806/2187/3
f 4784/2189/3 4785/2188/3 4806/2187/3
f 4784/2189/3 4806/2187/3 4807/2190/3
f 4783/2191/3 4784/2189/3 4807/2190/3
f 4782/2192/3 4783/2191/3 4807/2190/3
f 4782/2192/3 4807/2190/3 4808/2193/3
f 4781/2194/3 4782/2192/3 4808/2193/3
f 4781/2194/3 4808/2193/3 4809/2195/3
f 4780/2196/3 4781/2194/3 4809/2195/3
f 4956/2197/3 4957/2167/3 4609/334/3
f 4956/2197/3 4609/334/3 4610/2198/3
f 4779/2199/3 4780/2196/3 4809/2195/3
f 4779/2199/3 4809/2195/3 4810/2200/3
f 4778/2201/3 4779/2199/3 4810/2200/3
f 4777/2202/3 4778/2201/3 4810/2200/3
f 4777/2202/3 4810/2200/3 4811/2203/3
f 4776/2204/3 4777/2202/3 4811/2203/3
f 4775/2205/3 4776/2204/3 4811/2203/3
f 4775/2205/3 4811/2203/3 4812/2206/3
f 4774/2207/3 4775/2205/3 4812/2206/3
f 4956/2197/3 4610/2198/3 4611/2208/3
f 4773/2209/3 4774/2207/3 4812/2206/3
f 4773/2209/3 4812/2206/3 4813/2210/3
f 4772/2211/3 4773/2209/3 4813/2210/3
f 4955/2212/3 4956/2197/3 4611/2208/3
f 4772/2211/3 4813/2210/3 4814/2213/3
f 4771/2214/3 4772/2211/3 4814/2213/3
f 4770/2215/3 4771/2214/3 4814/2213/3
f 4770/2215/3 4814/2213/3 4815/2216/3
f 4769/2217/3 4770/2215/3 4815/2216/3
f 4955/2212/3 4611/2208/3 4612/2218/3
f 4768/2219/3 4769/2217/3 4815/2216/3
f 4768/2219/3 4815/2216/3 4816/2220/3
f 4767/2221/3 4768/2219/3 4816/2220/3
f 4766/2222/3 4767/2221/3 4816/2220/3
f 4766/2222/3 4816/2220/3 4817/2223/3
f 4765/2224/3 4766/2222/3 4817/2223/3
f 4954/2225/3 4955/2212/3 4612/2218/3
f 4954/2225/3 4612/2218/3 4613/2226/3
f 4764/1231/3 4765/2224/3 4817/2223/3
f 4764/1231/3 4817/2223/3 4818/2227/3
f 4763/2228/3 4764/1231/3 4818/2227/3
f 4762/2229/3 4763/2228/3 4818/2227/3
f 4762/2229/3 4818/2227/3 4819/2230/3
f 4761/2231/3 4762/2229/3 4819/2230/3
f 4954/2225/3 4613/2226/3 4614/2232/3
f 4760/2233/3 4761/2231/3 4819/2230/3
f 4760/2233/3 4819/2230/3 4820/2234/3
f 4759/2235/3 4760/2233/3 4820/2234/3
f 4953/2236/3 4954/2225/3 4614/2232/3
f 4758/2237/3 4759/2235/3 4820/2234/3
f 4758/2237/3 4820/2234/3 4821/2238/3
f 4757/2239/3 4758/2237/3 4821/2238/3
f 4953/2236/3 4614/2232/3 4615/2240/3
f 4756/2241/3 4757/2239/3 4821/2238/3
f 4756/2241/3 4821/2238/3 4822/2242/3
f 4755/2243/3 4756/2241/3 4822/2242/3
f 4754/2244/3 4755/2243/3 4822/2242/3
f 4754/2244/3 4822/2242/3 4700/2245/3
f 4700/2245/3 4822/2242/3 4823/2246/3
f 4753/2247/3 4754/2244/3 4700/2245/3
f 4952/2248/3 4953/2236/3 4615/2240/3
f 4952/2248/3 4615/2240/3 4616/2249/3
f 4752/2250/3 4753/2247/3 4700/2245/3
f 4751/2251/3 4752/2250/3 4700/2245/3
f 4750/2252/3 4751/2251/3 4700/2245/3
f 4749/2253/3 4750/2252/3 4700/2245/3
f 4952/2248/3 4616/2249/3 4617/2254/3
f 4748/2255/3 4749/2253/3 4700/2245/3
f 4747/2256/3 4748/2255/3 4700/2245/3
f 4951/2257/3 4952/2248/3 4617/2254/3
f 4746/2258/3 4747/2256/3 4700/2245/3
f 4745/2259/3 4746/2258/3 4700/2245/3
f 4951/2257/3 4617/2254/3 4618/2260/3
f 4744/2261/3 4745/2259/3 4700/2245/3
f 4743/2262/3 4744/2261/3 4700/2245/3
f 4742/2263/3 4743/2262/3 4700/2245/3
f 4741/2264/3 4742/2263/3 4700/2245/3
f 4950/643/3 4951/2257/3 4618/2260/3
f 4740/2265/3 4741/2264/3 4700/2245/3
f 4950/643/3 4618/2260/3 4619/2266/3
f 4739/2267/3 4740/2265/3 4700/2245/3
f 4738/2268/3 4739/2267/3 4700/2245/3
f 4737/2269/3 4738/2268/3 4700/2245/3
f 4736/2270/3 4737/2269/3 4700/2245/3
f 4950/643/3 4619/2266/3 4620/2271/3
f 4735/2272/3 4736/2270/3 4700/2245/3
f 4734/2273/3 4735/2272/3 4700/2245/3
f 4949/2274/3 4950/643/3 4620/2271/3
f 4733/1043/3 4734/2273/3 4700/2245/3
f 4732/2275/3 4733/1043/3 4700/2245/3
f 4731/2276/3 4732/2275/3 4700/2245/3
f 4949/2274/3 4620/2271/3 4621/2277/3
f 4730/2278/3 4731/2276/3 4700/2245/3
f 4729/2279/3 4730/2278/3 4700/2245/3
f 4728/2280/3 4729/2279/3 4700/2245/3
f 4727/2281/3 4728/2280/3 4700/2245/3
f 4726/2282/3 4727/2281/3 4700/2245/3
f 4948/2283/3 4949/2274/3 4621/2277/3
f 4725/2284/3 4726/2282/3 4700/2245/3
f 4948/2283/3 4621/2277/3 4622/2285/3
f 4724/2286/3 4725/2284/3 4700/2245/3
f 4723/2287/3 4724/2286/3 4700/2245/3
f 4722/2288/3 4723/2287/3 4700/2245/3
f 4721/2289/3 4722/2288/3 4700/2245/3
f 4948/2283/3 4622/2285/3 4623/2290/3
f 4720/2291/3 4721/2289/3 4700/2245/3
f 4947/2292/3 4948/2283/3 4623/2290/3
f 4719/2293/3 4720/2291/3 4700/2245/3
f 4718/2294/3 4719/2293/3 4700/2245/3
f 4717/2295/3 4718/2294/3 4700/2245/3
f 4947/2292/3 4623/2290/3 4624/2296/3
f 4716/2297/3 4717/2295/3 4700/2245/3
f 4715/2298/3 4716/2297/3 4700/2245/3
f 4714/2299/3 4715/2298/3 4700/2245/3
f 4713/2300/3 4714/2299/3 4700/2245/3
f 4712/2301/3 4713/2300/3 4700/2245/3
f 4711/2302/3 4712/2301/3 4700/2245/3
f 4946/2303/3 4947/2292/3 4624/2296/3
f 4946/2303/3 4624/2296/3 4625/2304/3
f 4710/2305/3 4711/2302/3 4700/2245/3
f 4709/2306/3 4710/2305/3 4700/2245/3
f 4708/2307/3 4709/2306/3 4700/2245/3
f 4707/2308/3 4708/2307/3 4700/2245/3
f 4706/2309/3 4707/2308/3 4700/2245/3
f 4705/2310/3 4706/2309/3 4700/2245/3
f 4704/2311/3 4705/2310/3 4700/2245/3
f 4703/2312/3 4704/2311/3 4700/2245/3
f 4702/496/3 4703/2312/3 4700/2245/3
f 4701/2313/3 4702/496/3 4700/2245/3
f 4699/2314/3 4700/2245/3 4823/2246/3
f 4946/2303/3 4625/2304/3 4626/2315/3
f 4945/2316/3 4946/2303/3 4626/2315/3
f 4945/2316/3 4626/2315/3 4627/2317/3
f 4945/2316/3 4627/2317/3 4628/2318/3
f 4944/2319/3 4945/2316/3 4628/2318/3
f 4944/2319/3 4628/2318/3 4629/2320/3
f 4943/2321/3 4944/2319/3 4629/2320/3
f 4943/2321/3 4629/2320/3 4630/2322/3
f 4942/2323/3 4943/2321/3 4630/2322/3
f 4942/2323/3 4630/2322/3 4631/2324/3
f 4942/2323/3 4631/2324/3 4632/2325/3
f 4941/2326/3 4942/2323/3 4632/2325/3
f 4941/2326/3 4632/2325/3 4633/2327/3
f 4941/2326/3 4633/2327/3 4634/2328/3
f 4940/2329/3 4941/2326/3 4634/2328/3
f 4940/2329/3 4634/2328/3 4635/2330/3
f 4940/2329/3 4635/2330/3 4636/2331/3
f 4939/2332/3 4940/2329/3 4636/2331/3
f 4939/2332/3 4636/2331/3 4637/2333/3
f 4938/2334/3 4939/2332/3 4637/2333/3
f 4938/2334/3 4637/2333/3 4638/2335/3
f 4938/2334/3 4638/2335/3 4639/2336/3
f 4937/2337/3 4938/2334/3 4639/2336/3
f 4937/2337/3 4639/2336/3 4640/1209/3
f 4937/2337/3 4640/1209/3 4641/2338/3
f 4936/2339/3 4937/2337/3 4641/2338/3
f 4936/2339/3 4641/2338/3 4642/2340/3
f 4936/2339/3 4642/2340/3 4643/2341/3
f 4935/2342/3 4936/2339/3 4643/2341/3
f 4935/2342/3 4643/2341/3 4644/2343/3
f 4935/2342/3 4644/2343/3 4645/2344/3
f 4934/2345/3 4935/2342/3 4645/2344/3
f 4934/2345/3 4645/2344/3 4646/2346/3
f 4934/2345/3 4646/2346/3 4647/2347/3
f 4933/2348/3 4934/2345/3 4647/2347/3
f 4933/2348/3 4647/2347/3 4648/2349/3
f 4933/2348/3 4648/2349/3 4649/2350/3
f 4932/2351/3 4933/2348/3 4649/2350/3
f 4932/2351/3 4649/2350/3 4650/2352/3
f 4932/2351/3 4650/2352/3 4651/2353/3
f 4932/2351/3 4651/2353/3 4652/2354/3
f 4931/2355/3 4932/2351/3 4652/2354/3
f 4931/2355/3 4652/2354/3 4653/2356/3
f 4931/2355/3 4653/2356/3 4654/2357/3
f 4930/2358/3 4931/2355/3 4654/2357/3
f 4930/2358/3 4654/2357/3 4655/2359/3
f 4930/2358/3 4655/2359/3 4656/2360/3
f 4930/2358/3 4656/2360/3 4657/2361/3
f 4929/2362/3 4930/2358/3 4657/2361/3
f 4929/2362/3 4657/2361/3 4658/2363/3
f 4698/2364/3 4699/2314/3 4823/2246/3
f 4929/2362/3 4658/2363/3 4659/2365/3
f 4697/2366/3 4698/2364/3 4823/2246/3
f 4929/2362/3 4659/2365/3 4660/2367/3
f 4696/2368/3 4697/2366/3 4823/2246/3
f 4928/2369/3 4929/2362/3 4660/2367/3
f 4928/2369/3 4660/2367/3 4661/2370/3
f 4695/2371/3 4696/2368/3 4823/2246/3
f 4694/2372/3 4695/2371/3 4823/2246/3
f 4928/2369/3 4661/2370/3 4662/2373/3
f 4693/2374/3 4694/2372/3 4823/2246/3
f 4928/2369/3 4662/2373/3 4663/2375/3
f 4692/2376/3 4693/2374/3 4823/2246/3
f 4691/2377/3 4692/2376/3 4823/2246/3
f 4928/2369/3 4663/2375/3 4664/2378/3
f 4927/2379/3 4928/2369/3 4664/2378/3
f 4690/2380/3 4691/2377/3 4823/2246/3
f 4927/2379/3 4664/2378/3 4665/2381/3
f 4689/2382/3 4690/2380/3 4823/2246/3
f 4927/2379/3 4665/2381/3 4666/2383/3
f 4688/2384/3 4689/2382/3 4823/2246/3
f 4687/2385/3 4688/2384/3 4823/2246/3
f 4927/2379/3 4666/2383/3 4667/2386/3
f 4686/2387/3 4687/2385/3 4823/2246/3
f 4927/2379/3 4667/2386/3 4668/2388/3
f 4685/2389/3 4686/2387/3 4823/2246/3
f 4684/2390/3 4685/2389/3 4823/2246/3
f 4927/2379/3 4668/2388/3 4669/2391/3
f 4683/2392/3 4684/2390/3 4823/2246/3
f 4927/2379/3 4669/2391/3 4670/2393/3
f 4926/2394/3 4927/2379/3 4670/2393/3
f 4682/2395/3 4683/2392/3 4823/2246/3
f 4926/2394/3 4670/2393/3 4671/993/3
f 4681/2396/3 4682/2395/3 4823/2246/3
f 4680/2397/3 4681/2396/3 4823/2246/3
f 4926/2394/3 4671/993/3 4672/2398/3
f 4679/2399/3 4680/2397/3 4823/2246/3
f 4926/2394/3 4672/2398/3 4673/2400/3
f 4678/2401/3 4679/2399/3 4823/2246/3
f 4677/2402/3 4678/2401/3 4823/2246/3
f 4926/2394/3 4673/2400/3 4674/2403/3
f 4676/2404/3 4677/2402/3 4823/2246/3
f 4926/2394/3 4674/2403/3 4675/2405/3
f 4675/2405/3 4676/2404/3 4823/2246/3
f 4926/2394/3 4675/2405/3 4823/2246/3
f 4925/2406/3 4926/2394/3 4823/2246/3
f 4924/2407/3 4925/2406/3 4823/2246/3
f 4923/2408/3 4924/2407/3 4823/2246/3
f 4922/2409/3 4923/2408/3 4823/2246/3
f 4921/2410/3 4922/2409/3 4823/2246/3
f 4921/2410/3 4823/2246/3 4824/2411/3
f 4921/2410/3 4824/2411/3 4825/2412/3
f 4921/2410/3 4825/2412/3 4826/712/3
f 4920/2413/3 4921/2410/3 4826/712/3
f 4920/2413/3 4826/712/3 4827/2414/3
f 4920/2413/3 4827/2414/3 4828/2415/3
f 4920/2413/3 4828/2415/3 4829/2416/3
f 4920/2413/3 4829/2416/3 4830/2417/3
f 4919/744/3 4920/2413/3 4830/2417/3
f 4919/744/3 4830/2417/3 4831/2418/3
f 4919/744/3 4831/2418/3 4832/2419/3
f 4919/744/3 4832/2419/3 4833/2420/3
f 4919/744/3 4833/2420/3 4834/2421/3
f 4918/2422/3 4919/744/3 4834/2421/3
f 4918/2422/3 4834/2421/3 4835/2423/3
f 4918/2422/3 4835/2423/3 4836/2424/3
f 4918/2422/3 4836/2424/3 4837/2425/3
f 4918/2422/3 4837/2425/3 4838/2426/3
f 4917/2427/3 4918/2422/3 4838/2426/3
f 4917/2427/3 4838/2426/3 4839/2428/3
f 4917/2427/3 4839/2428/3 4840/2429/3
f 4917/2427/3 4840/2429/3 4841/2430/3
f 4917/2427/3 4841/2430/3 4842/2431/3
f 4917/2427/3 4842/2431/3 4843/2432/3
f 4916/2433/3 4917/2427/3 4843/2432/3
f 4916/2433/3 4843/2432/3 4844/2434/3
f 4916/2433/3 4844/2434/3 4845/2435/3
f 4916/2433/3 4845/2435/3 4846/2436/3
f 4916/2433/3 4846/2436/3 4847/2437/3
f 4916/2433/3 4847/2437/3 4848/2438/3
f 4915/2439/3 4916/2433/3 4848/2438/3
f 4915/2439/3 4848/2438/3 4849/2440/3
f 4915/2439/3 4849/2440/3 4850/2441/3
f 4915/2439/3 4850/2441/3 4851/2442/3
f 4915/2439/3 4851/2442/3 4852/2443/3
f 4914/2444/3 4915/2439/3 4852/2443/3
f 4914/2444/3 4852/2443/3 4853/2445/3
f 4914/2444/3 4853/2445/3 4854/2446/3
f 4914/2444/3 4854/2446/3 4855/2447/3
f 4914/2444/3 4855/2447/3 4856/2448/3
f 4913/2449/3 4914/2444/3 4856/2448/3
f 4913/2449/3 4856/2448/3 4857/609/3
f 4913/2449/3 4857/609/3 4858/2450/3
f 4913/2449/3 4858/2450/3 4859/2451/3
f 4912/2452/3 4913/2449/3 4859/2451/3
f 4912/2452/3 4859/2451/3 4860/2453/3
f 4912/2452/3 4860/2453/3 4861/2454/3
f 4912/2452/3 4861/2454/3 4862/2455/3
f 4911/2456/3 4912/2452/3 4862/2455/3
f 4911/2456/3 4862/2455/3 4863/2457/3
f 4911/2456/3 4863/2457/3 4864/2458/3
f 4911/2456/3 4864/2458/3 4865/2459/3
f 4910/2460/3 4911/2456/3 4865/2459/3
f 4910/2460/3 4865/2459/3 4866/2461/3
f 4910/2460/3 4866/2461/3 4867/2462/3
f 4909/2463/3 4910/2460/3 4867/2462/3
f 4909/2463/3 4867/2462/3 4868/2464/3
f 4909/2463/3 4868/2464/3 4869/2465/3
f 4908/2466/3 4909/2463/3 4869/2465/3
f 4908/2466/3 4869/2465/3 4870/2467/3
f 4908/2466/3 4870/2467/3 4871/2468/3
f 4908/2466/3 4871/2468/3 4872/2469/3
f 4907/2470/3 4908/2466/3 4872/2469/3
f 4907/2470/3 4872/2469/3 4873/2471/3
f 4907/2470/3 4873/2471/3 4874/2472/3
f 4906/2473/3 4907/2470/3 4874/2472/3
f 4906/2473/3 4874/2472/3 4875/2474/3
f 4906/2473/3 4875/2474/3 4876/2475/3
f 4905/2476/3 4906/2473/3 4876/2475/3
f 4905/2476/3 4876/2475/3 4877/2477/3
f 4905/2476/3 4877/2477/3 4878/2478/3
f 4904/2479/3 4905/2476/3 4878/2478/3
f 4904/2479/3 4878/2478/3 4879/2480/3
f 4904/2479/3 4879/2480/3 4880/2481/3
f 4903/2482/3 4904/2479/3 4880/2481/3
f 4903/2482/3 4880/2481/3 4881/2483/3
f 4903/2482/3 4881/2483/3 4882/2484/3
f 4902/2485/3 4903/2482/3 4882/2484/3
f 4902/2485/3 4882/2484/3 4883/2486/3
f 4902/2485/3 4883/2486/3 4884/2487/3
f 4901/2488/3 4902/2485/3 4884/2487/3
f 4901/2488/3 4884/2487/3 4885/2489/3
f 4900/2490/3 4901/2488/3 4885/2489/3
f 4900/2490/3 4885/2489/3 4886/2491/3
f 4900/2490/3 4886/2491/3 4887/2492/3
f 4899/2493/3 4900/2490/3 4887/2492/3
f 4899/2493/3 4887/2492/3 4888/5/3
f 4899/2493/3 4888/5/3 4889/2494/3
f 4898/2495/3 4899/2493/3 4889/2494/3
f 4898/2495/3 4889/2494/3 4890/2496/3
f 4897/2497/3 4898/2495/3 4890/2496/3
f 4897/2497/3 4890/2496/3 4891/2498/3
f 4897/2497/3 4891/2498/3 4892/2499/3
f 4896/2500/3 4897/2497/3 4892/2499/3
f 4896/2500/3 4892/2499/3 4893/2501/3
f 4896/2500/3 4893/2501/3 4894/2502/3
f 4895/2503/3 4896/2500/3 4894/2502/3
s 1
f 5076/2504/5 5078/2505/6 5077/2506/6 5075/66/5
f 5078/2505/6 5080/2507/7 5079/2508/7 5077/2506/6
f 5080/2507/7 5082/2509/8 5081/2510/8 5079/2508/7
f 5082/2509/8 5084/2511/9 5083/2512/9 5081/2510/8
f 5084/2511/9 5086/2513/10 5085/2514/10 5083/2512/9
f 5086/2513/10 5088/2515/11 5087/2516/11 5085/2514/10
f 5088/2515/11 5090/2517/12 5089/2518/12 5087/2516/11
f 5090/2517/12 5092/2519/13 5091/2520/13 5089/2518/12
f 5092/2519/13 5094/2521/14 5093/2522/14 5091/2520/13
f 5094/2521/14 5096/2523/15 5095/2524/15 5093/2522/14
f 5096/2523/15 5098/2525/16 5097/2526/16 5095/2524/15
f 5098/2525/16 5100/2527/17 5099/2528/17 5097/2526/16
f 5100/2527/17 5102/2529/18 5101/2530/18 5099/2528/17
f 5102/2529/18 5104/2531/19 5103/2532/19 5101/2530/18
f 5104/2531/19 5106/2533/20 5105/2534/20 5103/2532/19
f 5106/2533/20 5108/2535/21 5107/2536/21 5105/2534/20
f 5108/2535/21 5110/2537/22 5109/2538/22 5107/2536/21
f 5110/2537/22 5112/2539/23 5111/2540/23 5109/2538/22
f 5112/2539/23 5114/2541/24 5113/2542/24 5111/2540/23
f 5114/2541/24 5116/2543/25 5115/2544/25 5113/2542/24
f 5116/2543/25 5118/2545/26 5117/2546/26 5115/2544/25
f 5118/2545/26 5120/2547/27 5119/2548/27 5117/2546/26
f 5120/2547/27 5122/2549/28 5121/2550/28 5119/2548/27
f 5122/2549/28 5124/2551/29 5123/2552/29 5121/2550/28
f 5124/2551/29 5126/2553/30 5125/2554/30 5123/2552/29
f 5126/2553/30 5128/2555/31 5127/2556/31 5125/2554/30
f 5128/2555/31 5130/2557/32 5129/2558/32 5127/2556/31
f 5130/2557/32 5132/2559/33 5131/2560/33 5129/2558/32
f 5132/2559/33 5134/2561/34 5133/2562/34 5131/2560/33
f 5134/2561/34 5136/2563/35 5135/2564/35 5133/2562/34
f 5136/2563/35 5138/2565/36 5137/2566/36 5135/2564/35
f 5138/2565/36 5140/2567/37 5139/2568/37 5137/2566/36
f 5140/2567/37 5142/2569/38 5141/2570/38 5139/2568/37
f 5142/2569/38 5144/2571/39 5143/2572/39 5141/2570/38
f 5144/2571/39 5146/2573/40 5145/2574/40 5143/2572/39
f 5146/2573/40 5148/2575/41 5147/2576/41 5145/2574/40
f 5148/2575/41 5150/2577/42 5149/2578/42 5147/2576/41
f 5150/2577/42 5152/2579/43 5151/2580/43 5149/2578/42
f 5152/2579/43 5154/2581/44 5153/2582/44 5151/2580/43
f 5154/2581/44 5156/2583/45 5155/2584/45 5153/2582/44
f 5156/2583/45 5158/2585/46 5157/2586/46 5155/2584/45
f 5158/2585/46 5160/2587/47 5159/2588/47 5157/2586/46
f 5160/2587/47 5162/2589/48 5161/2590/48 5159/2588/47
f 5162/2589/48 5164/2591/49 5163/2592/49 5161/2590/48
f 5164/2591/49 5166/2593/50 5165/2594/50 5163/2592/49
f 5166/2593/50 5168/2595/51 5167/2596/51 5165/2594/50
f 5168/2595/51 5170/2597/52 5169/2598/52 5167/2596/51
f 5170/2597/52 5172/2599/53 5171/2600/53 5169/2598/52
f 5172/2599/53 5174/2601/54 5173/2602/54 5171/2600/53
f 5174/2601/54 5176/2603/55 5175/2604/55 5173/2602/54
f 5176/2603/55 5178/2605/56 5177/2606/56 5175/2604/55
f 5178/2605/56 5180/2607/57 5179/2608/57 5177/2606/56
f 5180/2607/57 5182/2609/58 5181/2610/58 5179/2608/57
f 5182/2609/58 5184/2611/59 5183/2612/59 5181/2610/58
f 5184/2611/59 5186/2613/60 5185/2614/60 5183/2612/59
f 5186/2613/60 5188/2615/61 5187/2616/61 5185/2614/60
f 5188/2615/61 5190/2617/62 5189/2618/62 5187/2616/61
f 5190/2617/62 5192/2619/63 5191/2620/63 5189/2618/62
f 5192/2619/63 5194/2621/64 5193/2622/64 5191/2620/63
f 5194/2621/64 5196/2623/65 5195/2624/65 5193/2622/64
f 5196/2623/65 5198/2625/66 5197/2626/66 5195/2624/65
f 5198/2625/66 5200/2627/67 5199/2628/67 5197/2626/66
f 5200/2627/67 5202/2629/68 5201/2630/68 5199/2628/67
f 5202/2629/68 5204/2631/69 5203/2632/69 5201/2630/68
f 5204/2631/69 5206/2633/70 5205/2634/70 5203/2632/69
f 5206/2633/70 5208/2635/71 5207/2636/71 5205/2634/70
f 5208/2635/71 5210/2637/72 5209/2638/72 5207/2636/71
f 5210/2637/72 5212/2639/73 5211/2640/73 5209/2638/72
f 5212/2639/73 5214/2641/74 5213/2642/74 5211/2640/73
f 5214/2641/74 5216/2643/75 5215/2644/75 5213/2642/74
f 5216/2643/75 5218/2645/76 5217/2646/76 5215/2644/75
f 5218/2645/76 5220/2647/77 5219/2648/77 5217/2646/76
f 5220/2647/77 5222/2649/78 5221/2650/78 5219/2648/77
f 5222/2649/78 5224/2651/79 5223/2652/79 5221/2650/78
f 5224/2651/79 5226/2653/80 5225/2654/80 5223/2652/79
f 5226/2653/80 5228/2655/81 5227/2656/81 5225/2654/80
f 5228/2655/81 5230/2657/82 5229/2658/82 5227/2656/81
f 5230/2657/82 5232/2659/83 5231/2660/83 5229/2658/82
f 5232/2659/83 5234/2661/84 5233/2662/84 5231/2660/83
f 5234/2661/84 5236/2663/85 5235/2664/85 5233/2662/84
f 5236/2663/85 5238/2665/86 5237/2666/86 5235/2664/85
f 5238/2665/86 5240/2667/87 5239/2668/87 5237/2666/86
f 5240/2667/87 5242/2669/88 5241/2670/88 5239/2668/87
f 5242/2669/88 5244/2671/89 5243/2672/89 5241/2670/88
f 5244/2671/89 5246/2673/90 5245/2674/90 5243/2672/89
f 5246/2673/90 5248/2675/91 5247/2676/91 5245/2674/90
f 5248/2675/91 5250/2677/92 5249/2678/92 5247/2676/91
f 5250/2677/92 5252/2679/93 5251/2680/93 5249/2678/92
f 5252/2679/93 5254/2681/94 5253/2682/94 5251/2680/93
f 5254/2681/94 5256/2683/95 5255/2684/95 5253/2682/94
f 5256/2683/95 5258/2685/96 5257/2686/96 5255/2684/95
f 5258/2685/96 5260/2687/97 5259/2688/97 5257/2686/96
f 5260/2687/97 5262/2689/98 5261/2690/98 5259/2688/97
f 5262/2689/98 5264/2691/99 5263/2692/99 5261/2690/98
f 5264/2691/99 5266/2693/100 5265/2694/100 5263/2692/99
f 5266/2693/100 5268/2695/101 5267/2696/101 5265/2694/100
f 5268/2695/101 5270/2697/102 5269/2698/102 5267/2696/101
f 5270/2697/102 5272/2699/103 5271/2700/103 5269/2698/102
f 5272/2699/103 5274/2701/104 5273/2702/104 5271/2700/103
f 5274/2701/104 5276/2703/105 5275/2704/105 5273/2702/104
f 5276/2703/105 5278/2705/106 5277/2706/106 5275/2704/105
f 5278/2705/106 5280/2707/107 5279/2708/107 5277/2706/106
f 5280/2707/107 5282/2709/108 5281/2710/108 5279/2708/107
f 5282/2709/108 5284/2711/109 5283/2712/109 5281/2710/108
f 5284/2711/109 5286/2713/110 5285/2714/110 5283/2712/109
f 5286/2713/110 5288/2715/111 5287/2716/111 5285/2714/110
f 5288/2715/111 5290/2717/112 5289/2718/112 5287/2716/111
f 5290/2717/112 5292/2719/113 5291/2720/113 5289/2718/112
f 5292/2719/113 5294/2721/114 5293/2722/114 5291/2720/113
f 5294/2721/114 5296/2723/115 5295/2724/115 5293/2722/114
f 5296/2723/115 5298/2725/116 5297/2726/116 5295/2724/115
f 5298/2725/116 5300/2727/117 5299/2728/117 5297/2726/116
f 5300/2727/117 5302/2729/118 5301/2730/118 5299/2728/117
f 5302/2729/118 5304/2731/119 5303/2732/119 5301/2730/118
f 5304/2731/119 5306/2733/120 5305/2734/120 5303/2732/119
f 5306/2733/120 5308/2735/121 5307/2736/121 5305/2734/120
f 5308/2735/121 5310/2737/122 5309/2738/122 5307/2736/121
f 5310/2737/122 5312/2739/123 5311/2740/123 5309/2738/122
f 5312/2739/123 5314/2741/124 5313/2742/124 5311/2740/123
f 5314/2741/124 5316/2743/125 5315/2744/125 5313/2742/124
f 5316/2743/125 5318/2745/126 5317/2746/126 5315/2744/125
f 5318/2745/126 5320/2747/127 5319/2748/127 5317/2746/126
f 5320/2747/127 5322/2749/128 5321/2750/128 5319/2748/127
f 5322/2749/128 5324/2751/129 5323/2752/129 5321/2750/128
f 5324/2751/129 5326/2753/130 5325/2754/130 5323/2752/129
f 5326/2753/130 5328/2755/131 5327/2756/131 5325/2754/130
f 5328/2755/131 5330/2757/132 5329/2758/132 5327/2756/131
f 5330/2757/132 5332/2759/133 5331/2760/133 5329/2758/132
f 5332/2759/133 5334/2761/134 5333/2762/134 5331/2760/133
f 5334/2761/134 5336/2763/135 5335/2764/135 5333/2762/134
f 5336/2763/135 5338/2765/136 5337/2766/136 5335/2764/135
f 5338/2765/136 5340/2767/137 5339/2768/137 5337/2766/136
f 5340/2767/137 5342/2769/138 5341/2770/138 5339/2768/137
f 5342/2769/138 5344/2771/139 5343/2772/139 5341/2770/138
f 5344/2771/139 5346/2773/140 5345/2774/140 5343/2772/139
f 5346/2773/140 5348/2775/141 5347/2776/141 5345/2774/140
f 5348/2775/141 5350/2777/142 5349/2778/142 5347/2776/141
f 5350/2777/142 5352/2779/143 5351/2780/143 5349/2778/142
f 5352/2779/143 5354/2781/144 5353/2782/144 5351/2780/143
f 5354/2781/144 5356/2783/145 5355/2784/145 5353/2782/144
f 5356/2783/145 5358/2785/146 5357/2786/146 5355/2784/145
f 5358/2785/146 5360/2787/147 5359/2788/147 5357/2786/146
f 5360/2787/147 5362/2789/148 5361/2790/148 5359/2788/147
f 5362/2789/148 5364/2791/149 5363/2792/149 5361/2790/148
f 5364/2791/149 5366/2793/150 5365/2794/150 5363/2792/149
f 5366/2793/150 5368/2795/151 5367/2796/151 5365/2794/150
f 5368/2795/151 5370/2797/152 5369/2798/152 5367/2796/151
f 5370/2797/152 5372/2799/153 5371/2800/153 5369/2798/152
f 5372/2799/153 5374/2801/154 5373/2802/154 5371/2800/153
f 5374/2801/154 5376/2803/155 5375/2804/155 5373/2802/154
f 5376/2803/155 5378/2805/156 5377/2806/156 5375/2804/155
f 5378/2805/156 5380/2807/157 5379/2808/157 5377/2806/156
f 5380/2807/157 5382/2809/158 5381/2810/158 5379/2808/157
f 5382/2809/158 5384/2811/159 5383/2812/159 5381/2810/158
f 5384/2811/159 5386/2813/160 5385/2814/160 5383/2812/159
f 5386/2813/160 5388/2815/161 5387/2816/161 5385/2814/160
f 5388/2815/161 5390/2817/162 5389/2818/162 5387/2816/161
f 5390/2817/162 5392/2819/163 5391/2820/163 5389/2818/162
f 5392/2819/163 5394/2821/164 5393/2822/164 5391/2820/163
f 5394/2821/164 5396/2823/165 5395/2824/165 5393/2822/164
f 5396/2823/165 5398/2825/166 5397/2826/166 5395/2824/165
f 5398/2825/166 5400/2827/167 5399/2828/167 5397/2826/166
f 5400/2827/167 5402/2829/168 5401/2830/168 5399/2828/167
f 5402/2829/168 5404/2831/169 5403/2832/169 5401/2830/168
f 5404/2831/169 5406/2833/170 5405/2834/170 5403/2832/169
f 5406/2833/170 5408/2835/171 5407/2836/171 5405/2834/170
f 5408/2835/171 5410/2837/172 5409/2838/172 5407/2836/171
f 5410/2837/172 5412/2839/173 5411/2840/173 5409/2838/172
f 5412/2839/173 5414/2841/174 5413/2842/174 5411/2840/173
f 5414/2841/174 5416/2843/175 5415/2844/175 5413/2842/174
f 5416/2843/175 5418/2845/176 5417/2846/176 5415/2844/175
f 5418/2845/176 5420/2847/177 5419/2848/177 5417/2846/176
f 5420/2847/177 5422/2849/178 5421/2850/178 5419/2848/177
f 5422/2849/178 5424/2851/179 5423/2852/179 5421/2850/178
f 5424/2851/179 5426/2853/180 5425/2854/180 5423/2852/179
f 5426/2853/180 5428/2855/181 5427/2856/181 5425/2854/180
f 5428/2855/181 5430/2857/182 5429/2858/182 5427/2856/181
f 5430/2857/182 5432/2859/183 5431/2860/183 5429/2858/182
f 5432/2859/183 5434/2861/184 5433/2862/184 5431/2860/183
f 5434/2861/184 5436/2863/185 5435/2864/185 5433/2862/184
f 5436/2863/185 5438/2865/186 5437/2866/186 5435/2864/185
f 5438/2865/186 5440/2867/187 5439/2868/187 5437/2866/186
f 5440/2867/187 5442/2869/188 5441/2870/188 5439/2868/187
f 5442/2869/188 5444/2871/189 5443/2872/189 5441/2870/188
f 5444/2871/189 5446/2873/190 5445/2874/190 5443/2872/189
f 5446/2873/190 5448/2875/191 5447/2876/191 5445/2874/190
f 5448/2875/191 5450/2877/192 5449/2878/192 5447/2876/191
f 5450/2877/192 5452/2879/193 5451/2880/193 5449/2878/192
f 5452/2879/193 5454/2881/194 5453/2882/194 5451/2880/193
f 5454/2881/194 5456/2883/195 5455/2884/195 5453/2882/194
f 5456/2883/195 5458/2885/196 5457/2886/196 5455/2884/195
f 5458/2885/196 5460/2887/197 5459/2888/197 5457/2886/196
f 5460/2887/197 5462/2889/198 5461/2890/198 5459/2888/197
f 5462/2889/198 5464/2891/199 5463/2892/199 5461/2890/198
f 5464/2891/199 5466/2893/200 5465/2894/200 5463/2892/199
f 5466/2893/200 5468/2895/201 5467/2896/201 5465/2894/200
f 5468/2895/201 5470/2897/202 5469/2898/202 5467/2896/201
f 5470/2897/202 5472/2899/203 5471/2900/203 5469/2898/202
f 5472/2899/203 5474/2901/204 5473/2902/204 5471/2900/203
f 5474/2901/204 5476/2903/205 5475/2904/205 5473/2902/204
f 5476/2903/205 5478/2905/206 5477/2906/206 5475/2904/205
f 5478/2905/206 5480/2907/207 5479/2908/207 5477/2906/206
f 5480/2907/207 5482/2909/208 5481/2910/208 5479/2908/207
f 5482/2909/208 5484/2911/209 5483/2912/209 5481/2910/208
f 5484/2911/209 5486/2913/210 5485/2914/210 5483/2912/209
f 5486/2913/210 5488/2915/211 5487/2916/211 5485/2914/210
f 5488/2915/211 5490/2917/212 5489/2918/212 5487/2916/211
f 5490/2917/212 5492/2919/213 5491/2920/213 5489/2918/212
f 5492/2919/213 5494/2921/214 5493/2922/214 5491/2920/213
f 5494/2921/214 5496/2923/215 5495/2924/215 5493/2922/214
f 5496/2923/215 5498/2925/216 5497/2926/216 5495/2924/215
f 5498/2925/216 5500/2927/217 5499/2928/217 5497/2926/216
f 5500/2927/217 5502/2929/218 5501/2930/218 5499/2928/217
f 5502/2929/218 5504/2931/219 5503/2932/219 5501/2930/218
f 5504/2931/219 5506/2933/220 5505/2934/220 5503/2932/219
f 5506/2933/220 5508/2935/221 5507/2936/221 5505/2934/220
f 5508/2935/221 5510/2937/222 5509/2938/222 5507/2936/221
f 5510/2937/222 5512/2939/223 5511/2940/223 5509/2938/222
f 5512/2939/223 5514/2941/224 5513/2942/224 5511/2940/223
f 5514/2941/224 5516/2943/225 5515/2944/225 5513/2942/224
f 5516/2943/225 5518/2945/226 5517/2946/226 5515/2944/225
f 5518/2945/226 5520/2947/227 5519/2948/227 5517/2946/226
f 5520/2947/227 5522/2949/228 5521/2950/228 5519/2948/227
f 5522/2949/228 5524/2951/229 5523/2952/229 5521/2950/228
f 5524/2951/229 5526/2953/230 5525/2954/230 5523/2952/229
f 5526/2953/230 5528/2955/231 5527/2956/231 5525/2954/230
f 5528/2955/231 5530/2957/232 5529/2958/232 5527/2956/231
f 5530/2957/232 5532/2959/233 5531/2960/233 5529/2958/232
f 5532/2959/233 5534/2961/234 5533/2962/234 5531/2960/233
f 5534/2961/234 5536/2963/235 5535/2964/235 5533/2962/234
f 5536/2963/235 5538/2965/236 5537/2966/236 5535/2964/235
f 5538/2965/236 5540/2967/237 5539/2968/237 5537/2966/236
f 5540/2967/237 5542/2969/238 5541/2970/238 5539/2968/237
f 5542/2969/238 5544/2971/239 5543/2972/239 5541/2970/238
f 5544/2971/239 5546/2973/240 5545/2974/240 5543/2972/239
f 5546/2973/240 5548/2975/241 5547/2976/241 5545/2974/240
f 5548/2975/241 5550/2977/242 5549/2978/242 5547/2976/241
f 5550/2977/242 5552/2979/243 5551/2980/243 5549/2978/242
f 5552/2979/243 5554/2981/244 5553/2982/244 5551/2980/243
f 5554/2981/244 5556/2983/245 5555/2984/245 5553/2982/244
f 5556/2983/245 5558/2985/246 5557/2986/246 5555/2984/245
f 5558/2985/246 5560/2987/247 5559/2988/247 5557/2986/246
f 5560/2987/247 5562/2989/248 5561/2990/248 5559/2988/247
f 5562/2989/248 5564/2991/249 5563/2992/249 5561/2990/248
f 5564/2991/249 5566/2993/250 5565/2994/250 5563/2992/249
f 5566/2993/250 5568/2995/251 5567/2996/251 5565/2994/250
f 5568/2995/251 5570/2997/252 5569/2998/252 5567/2996/251
f 5570/2997/252 5572/2999/253 5571/3000/253 5569/2998/252
f 5572/2999/253 5574/3001/254 5573/3002/254 5571/3000/253
f 5574/3001/254 5576/3003/255 5575/3004/255 5573/3002/254
f 5576/3003/255 5578/3005/256 5577/3006/256 5575/3004/255
f 5578/3005/256 5580/3007/257 5579/3008/257 5577/3006/256
f 5580/3007/257 5582/3009/258 5581/3010/258 5579/3008/257
f 5582/3009/258 5584/3011/259 5583/3012/259 5581/3010/258
f 5584/3011/259 5586/3013/260 5585/3014/260 5583/3012/259
f 5586/3013/260 5588/3015/261 5587/3016/261 5585/3014/260
f 5588/3015/261 5590/3017/262 5589/3018/262 5587/3016/261
f 5590/3017/262 5592/3019/263 5591/3020/263 5589/3018/262
f 5592/3019/263 5594/3021/264 5593/3022/264 5591/3020/263
f 5594/3021/264 5596/3023/265 5595/3024/265 5593/3022/264
f 5596/3023/265 5598/3025/266 5597/3026/266 5595/3024/265
f 5598/3025/266 5600/3027/267 5599/3028/267 5597/3026/266
f 5600/3027/267 5602/3029/268 5601/3030/268 5599/3028/267
f 5602/3029/268 5604/3031/269 5603/3032/269 5601/3030/268
f 5604/3031/269 5606/3033/270 5605/3034/270 5603/3032/269
f 5606/3033/270 5608/3035/271 5607/3036/271 5605/3034/270
f 5608/3035/271 5610/3037/272 5609/3038/272 5607/3036/271
f 5610/3037/272 5612/3039/273 5611/3040/273 5609/3038/272
f 5612/3039/273 5614/3041/274 5613/3042/274 5611/3040/273
f 5614/3041/274 5616/3043/275 5615/3044/275 5613/3042/274
f 5616/3043/275 5618/3045/276 5617/3046/276 5615/3044/275
f 5618/3045/276 5620/3047/277 5619/3048/277 5617/3046/276
f 5620/3047/277 5622/3049/278 5621/3050/278 5619/3048/277
f 5622/3049/278 5624/3051/279 5623/3052/279 5621/3050/278
f 5624/3051/279 5626/3053/280 5625/3054/280 5623/3052/279
f 5626/3053/280 5628/3055/281 5627/3056/281 5625/3054/280
f 5628/3055/281 5630/3057/282 5629/3058/282 5627/3056/281
f 5630/3057/282 5632/3059/283 5631/3060/283 5629/3058/282
f 5632/3059/283 5634/3061/284 5633/3062/284 5631/3060/283
f 5634/3061/284 5636/3063/285 5635/3064/285 5633/3062/284
f 5636/3063/285 5638/3065/286 5637/3066/286 5635/3064/285
f 5638/3065/286 5640/3067/287 5639/3068/287 5637/3066/286
f 5640/3067/287 5642/3069/288 5641/3070/288 5639/3068/287
f 5642/3069/288 5644/3071/289 5643/3072/289 5641/3070/288
f 5644/3071/289 5646/3073/290 5645/3074/290 5643/3072/289
f 5646/3073/290 5648/3075/291 5647/3076/291 5645/3074/290
f 5648/3075/291 5650/3077/292 5649/3078/292 5647/3076/291
f 5650/3077/292 5652/3079/293 5651/3080/293 5649/3078/292
f 5652/3079/293 5654/3081/294 5653/3082/294 5651/3080/293
f 5654/3081/294 5656/3083/295 5655/3084/295 5653/3082/294
f 5656/3083/295 5658/3085/296 5657/3086/296 5655/3084/295
f 5658/3085/296 5660/3087/297 5659/3088/297 5657/3086/296
f 5660/3087/297 5662/3089/298 5661/3090/298 5659/3088/297
f 5662/3089/298 5664/3091/299 5663/3092/299 5661/3090/298
f 5664/3091/299 5666/3093/300 5665/3094/300 5663/3092/299
f 5666/3093/300 5668/3095/301 5667/3096/301 5665/3094/300
f 5668/3095/301 5670/3097/302 5669/3098/302 5667/3096/301
f 5670/3097/302 5672/3099/303 5671/3100/303 5669/3098/302
f 5672/3099/303 5674/3101/304 5673/3102/304 5671/3100/303
f 5674/3101/304 5676/3103/305 5675/3104/305 5673/3102/304
f 5676/3103/305 5678/3105/306 5677/3106/306 5675/3104/305
f 5678/3105/306 5680/3107/307 5679/3108/307 5677/3106/306
f 5680/3107/307 5682/3109/308 5681/3110/308 5679/3108/307
f 5682/3109/308 5684/3111/309 5683/3112/309 5681/3110/308
f 5684/3111/309 5686/3113/310 5685/3114/310 5683/3112/309
f 5686/3113/310 5688/3115/311 5687/3116/311 5685/3114/310
f 5688/3115/311 5690/3117/312 5689/3118/312 5687/3116/311
f 5690/3117/312 5692/3119/313 5691/3120/313 5689/3118/312
f 5692/3119/313 5694/3121/314 5693/3122/314 5691/3120/313
f 5694/3121/314 5696/3123/315 5695/3124/315 5693/3122/314
f 5696/3123/315 5698/3125/316 5697/3126/316 5695/3124/315
f 5698/3125/316 5700/3127/317 5699/3128/317 5697/3126/316
f 5700/3127/317 5702/3129/318 5701/3130/318 5699/3128/317
f 5702/3129/318 5704/3131/319 5703/3132/319 5701/3130/318
f 5704/3131/319 5706/3133/320 5705/3134/320 5703/3132/319
f 5706/3133/320 5708/3135/321 5707/3136/321 5705/3134/320
f 5708/3135/321 5710/3137/322 5709/3138/322 5707/3136/321
f 5710/3137/322 5712/3139/323 5711/3140/323 5709/3138/322
f 5712/3139/323 5714/3141/324 5713/3142/324 5711/3140/323
f 5714/3141/324 5716/3143/325 5715/3144/325 5713/3142/324
f 5716/3143/325 5718/3145/326 5717/3146/326 5715/3144/325
f 5718/3145/326 5720/3147/327 5719/3148/327 5717/3146/326
f 5720/3147/327 5722/3149/328 5721/3150/328 5719/3148/327
f 5722/3149/328 5724/3151/329 5723/3152/329 5721/3150/328
f 5724/3151/329 5726/3153/330 5725/3154/330 5723/3152/329
f 5726/3153/330 5728/3155/331 5727/1118/331 5725/3154/330
f 5728/3155/331 5730/3156/332 5729/3157/332 5727/1118/331
f 5730/3156/332 5732/3158/333 5731/3159/333 5729/3157/332
f 5732/3158/333 5734/3160/334 5733/3161/334 5731/3159/333
f 5734/3160/334 5736/3162/335 5735/3163/335 5733/3161/334
f 5736/3162/335 5738/3164/336 5737/3165/336 5735/3163/335
f 5738/3164/336 5740/3166/337 5739/3167/337 5737/3165/336
f 5740/3166/337 5742/3168/338 5741/3169/338 5739/3167/337
f 5742/3168/338 5744/3170/339 5743/3171/339 5741/3169/338
f 5744/3170/339 5746/3172/340 5745/3173/340 5743/3171/339
f 5746/3172/340 5748/3174/341 5747/3175/341 5745/3173/340
f 5748/3174/341 5750/3176/342 5749/3177/342 5747/3175/341
f 5750/3176/342 5752/3178/343 5751/3179/343 5749/3177/342
f 5752/3178/343 5754/3180/344 5753/3181/344 5751/3179/343
f 5754/3180/344 5756/3182/345 5755/3183/345 5753/3181/344
f 5756/3182/345 5758/3184/346 5757/3185/346 5755/3183/345
f 5758/3184/346 5760/3186/347 5759/3187/347 5757/3185/346
f 5760/3186/347 5762/3188/348 5761/3189/348 5759/3187/347
f 5762/3188/348 5764/3190/349 5763/3191/349 5761/3189/348
f 5764/3190/349 5766/3192/350 5765/3193/350 5763/3191/349
f 5766/3192/350 5768/3194/351 5767/3195/351 5765/3193/350
f 5768/3194/351 5770/3196/352 5769/3197/352 5767/3195/351
f 5770/3196/352 5772/3198/353 5771/3199/353 5769/3197/352
f 5772/3198/353 5774/3200/354 5773/3201/354 5771/3199/353
f 5774/3200/354 5776/3202/355 5775/3203/355 5773/3201/354
f 5776/3202/355 5778/3204/356 5777/3205/356 5775/3203/355
f 5778/3204/356 5780/3206/357 5779/3207/357 5777/3205/356
f 5780/3206/357 5782/3208/358 5781/3209/358 5779/3207/357
f 5782/3208/358 5784/3210/359 5783/3211/359 5781/3209/358
f 5784/3210/359 5786/3212/360 5785/3213/360 5783/3211/359
f 5786/3212/360 5788/3214/361 5787/3215/361 5785/3213/360
f 5788/3214/361 5790/3216/362 5789/3217/362 5787/3215/361
f 5790/3216/362 5792/3218/363 5791/3219/363 5789/3217/362
f 5792/3218/363 5794/3220/364 5793/3221/364 5791/3219/363
f 5794/3220/364 5796/3222/365 5795/3223/365 5793/3221/364
f 5796/3222/365 5798/3224/366 5797/3225/366 5795/3223/365
f 5798/3224/366 5800/3226/367 5799/3227/367 5797/3225/366
f 5800/3226/367 5802/3228/368 5801/3229/368 5799/3227/367
f 5802/3228/368 5804/3230/369 5803/3231/369 5801/3229/368
f 5804/3230/369 5806/3232/370 5805/3233/370 5803/3231/369
f 5806/3232/370 5808/3234/371 5807/3235/371 5805/3233/370
f 5808/3234/371 5810/3236/372 5809/3237/372 5807/3235/371
f 5810/3236/372 5812/3238/373 5811/3239/373 5809/3237/372
f 5812/3238/373 5814/3240/374 5813/3241/374 5811/3239/373
f 5814/3240/374 5816/3242/375 5815/3243/375 5813/3241/374
f 5816/3242/375 5818/3244/376 5817/3245/376 5815/3243/375
f 5818/3244/376 5820/3246/377 5819/3247/377 5817/3245/376
f 5820/3246/377 5822/3248/378 5821/3249/378 5819/3247/377
f 5822/3248/378 5824/3250/379 5823/3251/379 5821/3249/378
f 5824/3250/379 5826/3252/380 5825/3253/380 5823/3251/379
f 5826/3252/380 5828/3254/381 5827/3255/381 5825/3253/380
f 5828/3254/381 5830/3256/382 5829/3257/382 5827/3255/381
f 5830/3256/382 5832/3258/383 5831/3259/383 5829/3257/382
f 5832/3258/383 5834/3260/384 5833/3261/384 5831/3259/383
f 5834/3260/384 5836/3262/385 5835/3263/385 5833/3261/384
f 5836/3262/385 5838/3264/386 5837/3265/386 5835/3263/385
f 5838/3264/386 5840/3266/387 5839/3267/387 5837/3265/386
f 5840/3266/387 5842/3268/388 5841/3269/388 5839/3267/387
f 5842/3268/388 5844/3270/389 5843/3271/389 5841/3269/388
f 5844/3270/389 5846/3272/390 5845/3273/390 5843/3271/389
f 5846/3272/390 5848/3274/391 5847/3275/391 5845/3273/390
f 5848/3274/391 5850/3276/392 5849/3277/392 5847/3275/391
f 5850/3276/392 5852/3278/393 5851/3279/393 5849/3277/392
f 5852/3278/393 5854/3280/394 5853/3281/394 5851/3279/393
f 5854/3280/394 5856/3282/395 5855/3283/395 5853/3281/394
f 5856/3282/395 5858/3284/396 5857/3285/396 5855/3283/395
f 5858/3284/396 5860/3286/397 5859/3287/397 5857/3285/396
f 5860/3286/397 5862/3288/398 5861/3289/398 5859/3287/397
f 5862/3288/398 5864/3290/399 5863/3291/399 5861/3289/398
f 5864/3290/399 5866/3292/400 5865/3293/400 5863/3291/399
f 5866/3292/400 5868/3294/401 5867/3295/401 5865/3293/400
f 5868/3294/401 5870/3296/402 5869/3297/402 5867/3295/401
f 5870/3296/402 5872/3298/403 5871/3299/403 5869/3297/402
f 5872/3298/403 5874/3300/404 5873/3301/404 5871/3299/403
f 5874/3300/404 5876/3302/405 5875/3303/405 5873/3301/404
f 5876/3302/405 5878/3304/406 5877/3305/406 5875/3303/405
f 5878/3304/406 5880/3306/407 5879/3307/407 5877/3305/406
f 5880/3306/407 5882/3308/408 5881/3309/408 5879/3307/407
f 5882/3308/408 5884/3310/53 5883/3311/53 5881/3309/408
f 5884/3310/53 5886/3312/409 5885/3313/409 5883/3311/53
f 5886/3312/409 5888/3314/410 5887/3315/410 5885/3313/409
f 5888/3314/410 5890/3316/411 5889/3317/411 5887/3315/410
f 5890/3316/411 5892/3318/412 5891/3319/412 5889/3317/411
f 5892/3318/412 5894/3320/413 5893/3321/413 5891/3319/412
f 5894/3320/413 5896/3322/414 5895/3323/414 5893/3321/413
f 5896/3322/414 5898/3324/415 5897/3325/415 5895/3323/414
f 5898/3324/415 5900/3326/416 5899/3327/416 5897/3325/415
f 5900/3326/416 5902/3328/417 5901/3329/417 5899/3327/416
f 5902/3328/417 5904/3330/418 5903/3331/418 5901/3329/417
f 5904/3330/418 5906/3332/419 5905/3333/419 5903/3331/418
f 5906/3332/419 5908/3334/420 5907/3335/420 5905/3333/419
f 5908/3334/420 5910/3336/421 5909/3337/421 5907/3335/420
f 5910/3336/421 5912/3338/422 5911/3339/422 5909/3337/421
f 5912/3338/422 5914/3340/423 5913/3341/423 5911/3339/422
f 5914/3340/423 5916/3342/424 5915/3343/424 5913/3341/423
f 5916/3342/424 5918/3344/425 5917/3345/425 5915/3343/424
f 5918/3344/425 5920/3346/426 5919/3347/426 5917/3345/425
f 5920/3346/426 5922/3348/427 5921/3349/427 5919/3347/426
f 5922/3348/427 5924/3350/428 5923/3351/428 5921/3349/427
f 5924/3350/428 5926/3352/429 5925/3353/429 5923/3351/428
f 5926/3352/429 5928/3354/430 5927/3355/430 5925/3353/429
f 5928/3354/430 5930/3356/431 5929/3357/431 5927/3355/430
f 5930/3356/431 5932/3358/432 5931/3359/432 5929/3357/431
f 5932/3358/432 5934/3360/433 5933/3361/433 5931/3359/432
f 5934/3360/433 5936/3362/434 5935/3363/434 5933/3361/433
f 5936/3362/434 5938/3364/435 5937/3365/435 5935/3363/434
f 5938/3364/435 5940/3366/436 5939/3367/436 5937/3365/435
f 5940/3366/436 5942/3368/437 5941/3369/437 5939/3367/436
f 5942/3368/437 5944/3370/438 5943/3371/438 5941/3369/437
f 5944/3370/438 5946/3372/439 5945/3373/439 5943/3371/438
f 5946/3372/439 5948/3374/440 5947/3375/440 5945/3373/439
f 5948/3374/440 5950/3376/441 5949/3377/441 5947/3375/440
f 5950/3376/441 5952/3378/442 5951/3379/442 5949/3377/441
f 5952/3378/442 5954/3380/443 5953/3381/443 5951/3379/442
f 5954/3380/443 5956/3382/444 5955/3383/444 5953/3381/443
f 5956/3382/444 5958/3384/445 5957/3385/445 5955/3383/444
f 5958/3384/445 5960/3386/446 5959/3387/446 5957/3385/445
f 5960/3386/446 5962/3388/447 5961/3389/447 5959/3387/446
f 5962/3388/447 5964/3390/448 5963/3391/448 5961/3389/447
f 5964/3390/448 5966/3392/449 5965/3393/449 5963/3391/448
f 5966/3392/449 5968/3394/450 5967/3395/450 5965/3393/449
f 5968/3394/450 5970/3396/451 5969/3397/451 5967/3395/450
f 5970/3396/451 5972/3398/452 5971/3399/452 5969/3397/451
f 5972/3398/452 5974/3400/453 5973/3401/453 5971/3399/452
f 5974/3400/453 5976/3402/454 5975/3403/454 5973/3401/453
f 5976/3402/454 5978/3404/455 5977/3405/455 5975/3403/454
f 5978/3404/455 5980/3406/456 5979/3407/456 5977/3405/455
f 5980/3406/456 5982/3408/457 5981/3409/457 5979/3407/456
f 5982/3408/457 5984/3410/458 5983/3411/458 5981/3409/457
f 5984/3410/458 5986/3412/459 5985/3413/459 5983/3411/458
f 5986/3412/459 5988/3414/460 5987/3415/460 5985/3413/459
f 5988/3414/460 5990/3416/461 5989/3417/461 5987/3415/460
f 5990/3416/461 5992/3418/462 5991/3419/462 5989/3417/461
f 5992/3418/462 5994/3420/463 5993/3421/463 5991/3419/462
f 5994/3420/463 5996/3422/464 5995/3423/464 5993/3421/463
f 5996/3422/464 5998/3424/465 5997/3425/465 5995/3423/464
f 5998/3424/465 6000/3426/466 5999/3427/466 5997/3425/465
f 6000/3426/466 6002/3428/467 6001/3429/467 5999/3427/466
f 6002/3428/467 6004/3430/468 6003/3431/468 6001/3429/467
f 6004/3430/468 6006/3432/469 6005/3433/469 6003/3431/468
f 6006/3432/469 6008/3434/470 6007/3435/470 6005/3433/469
f 6008/3434/470 6010/3436/471 6009/3437/471 6007/3435/470
f 6010/3436/471 6012/3438/472 6011/3439/472 6009/3437/471
f 6012/3438/472 6014/3440/473 6013/3441/473 6011/3439/472
f 6014/3440/473 6016/3442/474 6015/3443/474 6013/3441/473
f 6016/3442/474 6018/3444/475 6017/3445/475 6015/3443/474
f 6018/3444/475 6020/3446/476 6019/3447/476 6017/3445/475
f 6020/3446/476 6022/3448/477 6021/3449/477 6019/3447/476
f 6022/3448/477 6024/3450/478 6023/3451/478 6021/3449/477
f 6024/3450/478 6026/3452/479 6025/3453/479 6023/3451/478
f 6026/3452/479 6028/3454/480 6027/3455/480 6025/3453/479
f 6028/3454/480 6030/3456/481 6029/3457/481 6027/3455/480
f 6030/3456/481 6032/3458/482 6031/3459/482 6029/3457/481
f 6032/3458/482 6034/3460/483 6033/3461/483 6031/3459/482
f 6034/3460/483 6036/3462/484 6035/3463/484 6033/3461/483
f 6036/3462/484 6038/3464/485 6037/3465/485 6035/3463/484
f 6038/3464/485 6040/3466/486 6039/3467/486 6037/3465/485
f 6040/3466/486 6042/3468/487 6041/3469/487 6039/3467/486
f 6042/3468/487 6044/3470/488 6043/3471/488 6041/3469/487
f 6044/3470/488 6046/3472/489 6045/3473/489 6043/3471/488
f 6046/3472/489 6048/3474/490 6047/3475/490 6045/3473/489
f 6048/3474/490 6050/3476/491 6049/3477/491 6047/3475/490
f 6050/3476/491 6052/3478/492 6051/3479/492 6049/3477/491
f 6052/3478/492 6054/3480/493 6053/3481/493 6051/3479/492
f 6054/3480/493 6056/3482/494 6055/3483/494 6053/3481/493
f 6056/3482/494 6058/3484/495 6057/3485/495 6055/3483/494
f 6058/3484/495 6060/3486/496 6059/3487/496 6057/3485/495
f 6060/3486/496 6062/3488/497 6061/3489/497 6059/3487/496
f 6062/3488/497 6064/3490/498 6063/3491/498 6061/3489/497
f 6064/3490/498 6066/3492/499 6065/3493/499 6063/3491/498
f 6066/3492/499 6068/3494/500 6067/3495/500 6065/3493/499
f 6068/3494/500 6070/3496/501 6069/3497/501 6067/3495/500
f 6070/3496/501 6072/3498/502 6071/3499/502 6069/3497/501
f 6072/3498/502 6074/3500/503 6073/3501/503 6071/3499/502
f 6074/3500/503 6076/3502/504 6075/3503/504 6073/3501/503
f 6076/3502/504 6078/3504/505 6077/3505/505 6075/3503/504
f 6078/3504/505 6080/3506/506 6079/3507/506 6077/3505/505
f 6080/3506/506 6082/3508/507 6081/3509/507 6079/3507/506
f 6082/3508/507 6084/3510/508 6083/3511/508 6081/3509/507
f 6084/3510/508 6086/3512/509 6085/3513/509 6083/3511/508
f 6086/3512/509 6088/3514/510 6087/3515/510 6085/3513/509
f 6088/3514/510 6090/3516/511 6089/3517/511 6087/3515/510
f 6090/3516/511 6092/3518/512 6091/3519/512 6089/3517/511
f 6092/3518/512 6094/3520/513 6093/3521/513 6091/3519/512
f 6094/3520/513 6096/3522/514 6095/3523/514 6093/3521/513
f 6096/3522/514 6098/3524/515 6097/3525/515 6095/3523/514
f 6098/3524/515 6100/3526/516 6099/3527/516 6097/3525/515
f 6100/3526/516 6102/3528/517 6101/3529/517 6099/3527/516
f 6102/3528/517 6104/3530/518 6103/3531/518 6101/3529/517
f 6104/3530/518 6106/3532/519 6105/3533/519 6103/3531/518
f 6106/3532/519 6108/3534/520 6107/3535/520 6105/3533/519
f 6108/3534/520 6110/3536/521 6109/3537/521 6107/3535/520
f 6110/3536/521 6112/3538/522 6111/3539/522 6109/3537/521
f 6112/3538/522 6114/3540/523 6113/3541/523 6111/3539/522
f 6114/3540/523 6116/3542/524 6115/3543/524 6113/3541/523
f 6116/3542/524 6118/3544/525 6117/3545/525 6115/3543/524
f 6118/3544/525 6120/3546/526 6119/3547/526 6117/3545/525
f 6120/3546/526 6122/3548/527 6121/3549/527 6119/3547/526
f 6122/3548/527 6124/3550/528 6123/3551/528 6121/3549/527
f 6124/3550/528 6126/3552/529 6125/3553/529 6123/3551/528
f 6126/3552/529 6128/3554/530 6127/3555/530 6125/3553/529
f 6128/3554/530 6130/3556/531 6129/3557/531 6127/3555/530
f 6130/3556/531 6132/3558/532 6131/3559/532 6129/3557/531
f 6132/3558/532 6134/3560/533 6133/3561/533 6131/3559/532
f 6134/3560/533 6136/3562/534 6135/3563/534 6133/3561/533
f 6136/3562/534 6138/3564/535 6137/3565/535 6135/3563/534
f 6138/3564/535 6140/3566/536 6139/3567/536 6137/3565/535
f 6140/3566/536 6142/3568/537 6141/3569/537 6139/3567/536
f 6142/3568/537 6144/3570/538 6143/3571/538 6141/3569/537
f 6144/3570/538 6146/3572/539 6145/3573/539 6143/3571/538
f 6146/3572/539 6148/3574/540 6147/3575/540 6145/3573/539
f 6148/3574/540 6150/3576/541 6149/3577/541 6147/3575/540
f 6150/3576/541 6152/3578/542 6151/3579/542 6149/3577/541
f 6152/3578/542 6154/3580/543 6153/3581/543 6151/3579/542
f 6154/3580/543 6156/3582/544 6155/3583/544 6153/3581/543
f 6156/3582/544 6158/3584/545 6157/3585/545 6155/3583/544
f 6158/3584/545 6160/3586/546 6159/3587/546 6157/3585/545
f 6160/3586/546 6162/3588/547 6161/3589/547 6159/3587/546
f 6162/3588/547 6164/3590/548 6163/3591/548 6161/3589/547
f 6164/3590/548 6166/3592/549 6165/3593/549 6163/3591/548
f 6166/3592/549 6168/3594/550 6167/3595/550 6165/3593/549
f 6168/3594/550 6170/3596/551 6169/3597/551 6167/3595/550
f 6170/3596/551 6172/3598/552 6171/3599/552 6169/3597/551
f 6172/3598/552 6174/3600/553 6173/3601/553 6171/3599/552
f 6174/3600/553 6176/3602/554 6175/3603/554 6173/3601/553
f 6176/3602/554 6178/3604/555 6177/3605/555 6175/3603/554
f 6178/3604/555 6180/3606/556 6179/3607/556 6177/3605/555
f 6180/3606/556 6182/3608/557 6181/3609/557 6179/3607/556
f 6182/3608/557 6184/3610/558 6183/3611/558 6181/3609/557
f 6184/3610/558 6186/3612/559 6185/3613/559 6183/3611/558
f 6186/3612/559 6188/3614/560 6187/3615/560 6185/3613/559
f 6188/3614/560 6190/3616/561 6189/3617/561 6187/3615/560
f 6190/3616/561 6192/3618/562 6191/3619/562 6189/3617/561
f 6192/3618/562 6194/3620/563 6193/3621/563 6191/3619/562
f 6194/3620/563 6196/3622/564 6195/3623/564 6193/3621/563
f 6196/3622/564 6198/3624/565 6197/3625/565 6195/3623/564
f 6198/3624/565 6200/3626/566 6199/3627/566 6197/3625/565
f 6200/3626/566 6202/3628/567 6201/3629/567 6199/3627/566
f 6202/3628/567 6204/3630/568 6203/3631/568 6201/3629/567
f 6204/3630/568 6206/3632/569 6205/3633/569 6203/3631/568
f 6206/3632/569 6208/3634/570 6207/3635/570 6205/3633/569
f 6208/3634/570 6210/3636/571 6209/3637/571 6207/3635/570
f 6210/3636/571 6212/3638/572 6211/3639/572 6209/3637/571
f 6212/3638/572 6214/3640/573 6213/3641/573 6211/3639/572
f 6214/3640/573 6216/3642/574 6215/3643/574 6213/3641/573
f 6216/3642/574 6218/3644/575 6217/3645/575 6215/3643/574
f 6218/3644/575 6220/3646/576 6219/3647/576 6217/3645/575
f 6220/3646/576 6222/3648/577 6221/3649/577 6219/3647/576
f 6222/3648/577 6224/3650/578 6223/3651/578 6221/3649/577
f 6224/3650/578 6226/3652/579 6225/3653/579 6223/3651/578
f 6226/3652/579 6228/3654/580 6227/3655/580 6225/3653/579
f 6228/3654/580 6230/3656/581 6229/3657/581 6227/3655/580
f 6230/3656/581 6232/3658/582 6231/3659/582 6229/3657/581
f 6232/3658/582 6234/3660/583 6233/3661/583 6231/3659/582
f 6234/3660/583 6236/3662/584 6235/3663/584 6233/3661/583
f 6236/3662/584 6238/3664/585 6237/3665/585 6235/3663/584
f 6238/3664/585 6240/3666/586 6239/3667/586 6237/3665/585
f 6240/3666/586 6242/3668/587 6241/3669/587 6239/3667/586
f 6242/3668/587 6244/3670/588 6243/3671/588 6241/3669/587
f 6244/3670/588 6246/3672/589 6245/3673/589 6243/3671/588
f 6246/3672/589 6248/3674/590 6247/3675/590 6245/3673/589
f 6248/3674/590 6250/3676/591 6249/3677/591 6247/3675/590
f 6250/3676/591 6252/3678/592 6251/3679/592 6249/3677/591
f 6252/3678/592 6254/3680/593 6253/3681/593 6251/3679/592
f 6254/3680/593 6256/3682/594 6255/3683/594 6253/3681/593
f 6256/3682/594 6258/3684/595 6257/3685/595 6255/3683/594
f 6258/3684/595 6260/3686/596 6259/3687/596 6257/3685/595
f 6260/3686/596 6262/3688/597 6261/3689/597 6259/3687/596
f 6262/3688/597 6264/3690/598 6263/3691/598 6261/3689/597
f 6264/3690/598 6266/3692/599 6265/3693/599 6263/3691/598
f 6266/3692/599 6268/3694/600 6267/3695/600 6265/3693/599
f 6268/3694/600 6270/3696/601 6269/3697/601 6267/3695/600
f 6270/3696/601 6272/3698/602 6271/3699/602 6269/3697/601
f 6272/3698/602 6274/3700/603 6273/3701/603 6271/3699/602
f 6274/3700/603 6276/3702/604 6275/3703/604 6273/3701/603
f 6276/3702/604 6278/3704/605 6277/3705/605 6275/3703/604
f 6278/3704/605 6280/3706/606 6279/3707/606 6277/3705/605
f 6280/3706/606 6282/3708/607 6281/3709/607 6279/3707/606
f 6282/3708/607 6284/3710/608 6283/3711/608 6281/3709/607
f 6284/3710/608 6286/3712/609 6285/3713/609 6283/3711/608
f 6286/3712/609 6288/3714/610 6287/3715/610 6285/3713/609
f 6288/3714/610 6290/3716/611 6289/3717/611 6287/3715/610
f 6290/3716/611 6292/3718/612 6291/3719/612 6289/3717/611
f 6292/3718/612 6294/3720/613 6293/3721/613 6291/3719/612
f 6294/3720/613 6296/3722/614 6295/3723/614 6293/3721/613
f 6296/3722/614 6298/3724/615 6297/3725/615 6295/3723/614
f 6298/3724/615 6300/3726/616 6299/3727/616 6297/3725/615
f 6300/3726/616 6302/3728/617 6301/3729/617 6299/3727/616
f 6302/3728/617 6304/3730/618 6303/3731/618 6301/3729/617
f 6304/3730/618 6306/3732/619 6305/3733/619 6303/3731/618
f 6306/3732/619 6308/3734/620 6307/3735/620 6305/3733/619
f 6308/3734/620 6310/3736/621 6309/3737/621 6307/3735/620
f 6310/3736/621 6312/3738/622 6311/3739/622 6309/3737/621
f 6312/3738/622 6314/3740/623 6313/3741/623 6311/3739/622
f 6314/3740/623 6316/3742/624 6315/3743/624 6313/3741/623
f 6316/3742/624 6318/3744/625 6317/3745/625 6315/3743/624
f 6318/3744/625 6320/3746/626 6319/3747/626 6317/3745/625
f 6320/3746/626 6322/3748/627 6321/3749/627 6319/3747/626
f 6322/3748/627 6324/3750/628 6323/3751/628 6321/3749/627
f 6324/3750/628 6326/3752/629 6325/3753/629 6323/3751/628
f 6326/3752/629 6328/3754/630 6327/3755/630 6325/3753/629
f 6328/3754/630 6330/3756/631 6329/3757/631 6327/3755/630
f 6330/3756/631 6332/3758/632 6331/3759/632 6329/3757/631
f 6332/3758/632 6334/3760/633 6333/3761/633 6331/3759/632
f 6334/3760/633 6336/3762/634 6335/3763/634 6333/3761/633
f 6336/3762/634 6338/3764/635 6337/3765/635 6335/3763/634
f 6338/3764/635 6340/3766/636 6339/3767/636 6337/3765/635
f 6340/3766/636 6342/3768/637 6341/3769/637 6339/3767/636
f 6342/3768/637 6344/3770/638 6343/3771/638 6341/3769/637
f 6344/3770/638 6346/3772/639 6345/3773/639 6343/3771/638
f 6346/3772/639 6348/3774/640 6347/3775/640 6345/3773/639
f 6348/3774/640 6350/3776/641 6349/3777/641 6347/3775/640
f 6350/3776/641 6352/3778/642 6351/3779/642 6349/3777/641
f 6352/3778/642 6354/3780/643 6353/3781/643 6351/3779/642
f 6354/3780/643 6356/3782/644 6355/3783/644 6353/3781/643
f 6356/3782/644 6358/3784/645 6357/3785/645 6355/3783/644
f 6358/3784/645 6360/3786/646 6359/3787/646 6357/3785/645
f 6360/3786/646 6362/3788/647 6361/3789/647 6359/3787/646
f 6362/3788/647 6364/3790/648 6363/3791/648 6361/3789/647
f 6364/3790/648 6366/3792/649 6365/3793/649 6363/3791/648
f 6366/3792/649 6368/3794/650 6367/3795/650 6365/3793/649
f 6368/3794/650 6370/3796/651 6369/3797/651 6367/3795/650
f 6370/3796/651 6372/3798/652 6371/3799/652 6369/3797/651
f 6372/3798/652 6374/3800/653 6373/3801/653 6371/3799/652
f 6374/3800/653 6376/3802/654 6375/3803/654 6373/3801/653
f 6376/3802/654 6378/3804/655 6377/3805/655 6375/3803/654
f 6378/3804/655 5076/3806/5 5075/176/5 6377/3805/655
f 6380/2504/656 6382/3807/657 6381/3808/657 6379/66/656
f 6382/3807/657 6384/3809/658 6383/3810/658 6381/3808/657
f 6384/3809/658 6386/3811/659 6385/3812/659 6383/3810/658
f 6386/3811/659 6388/3813/660 6387/3814/660 6385/3812/659
f 6388/3813/660 6390/3815/661 6389/3816/661 6387/3814/660
f 6390/3815/661 6392/3817/662 6391/3818/662 6389/3816/661
f 6392/3817/662 6394/3819/663 6393/3820/663 6391/3818/662
f 6394/3819/663 6396/3821/664 6395/3822/664 6393/3820/663
f 6396/3821/664 6398/3823/665 6397/3824/665 6395/3822/664
f 6398/3823/665 6400/3825/666 6399/3826/666 6397/3824/665
f 6400/3825/666 6402/3827/667 6401/3828/667 6399/3826/666
f 6402/3827/667 6404/3829/668 6403/3830/668 6401/3828/667
f 6404/3829/668 6406/3831/669 6405/3832/669 6403/3830/668
f 6406/3831/669 6408/3833/670 6407/3834/670 6405/3832/669
f 6408/3833/670 6410/3835/671 6409/3836/671 6407/3834/670
f 6410/3835/671 6412/3837/672 6411/3838/672 6409/3836/671
f 6412/3837/672 6414/3839/673 6413/3840/673 6411/3838/672
f 6414/3839/673 6416/3841/674 6415/3842/674 6413/3840/673
f 6416/3841/674 6418/3843/675 6417/3844/675 6415/3842/674
f 6418/3843/675 6420/3845/676 6419/3846/676 6417/3844/675
f 6420/3845/676 6422/3847/677 6421/3848/677 6419/3846/676
f 6422/3847/677 6424/3849/678 6423/3850/678 6421/3848/677
f 6424/3849/678 6426/3851/679 6425/3852/679 6423/3850/678
f 6426/3851/679 6428/3853/680 6427/3854/680 6425/3852/679
f 6428/3853/680 6430/3855/137 6429/3856/137 6427/3854/680
f 6430/3855/137 6432/3857/681 6431/3858/681 6429/3856/137
f 6432/3857/681 6434/3859/682 6433/3860/682 6431/3858/681
f 6434/3859/682 6436/3861/683 6435/3862/683 6433/3860/682
f 6436/3861/683 6438/3863/684 6437/3864/684 6435/3862/683
f 6438/3863/684 6440/3865/685 6439/3866/685 6437/3864/684
f 6440/3865/685 6442/3867/686 6441/3868/686 6439/3866/685
f 6442/3867/686 6444/3869/687 6443/3870/687 6441/3868/686
f 6444/3869/687 6446/3871/688 6445/3872/688 6443/3870/687
f 6446/3871/688 6448/3873/689 6447/3874/689 6445/3872/688
f 6448/3873/689 6450/3875/690 6449/3876/690 6447/3874/689
f 6450/3875/690 6452/3877/691 6451/3878/691 6449/3876/690
f 6452/3877/691 6454/3879/692 6453/3880/692 6451/3878/691
f 6454/3879/692 6456/3881/693 6455/3882/693 6453/3880/692
f 6456/3881/693 6458/3883/694 6457/3884/694 6455/3882/693
f 6458/3883/694 6460/3885/695 6459/3886/695 6457/3884/694
f 6460/3885/695 6462/3887/696 6461/3888/696 6459/3886/695
f 6462/3887/696 6464/3889/697 6463/3890/697 6461/3888/696
f 6464/3889/697 6466/3891/698 6465/3892/698 6463/3890/697
f 6466/3891/698 6468/3893/699 6467/3894/699 6465/3892/698
f 6468/3893/699 6470/3895/700 6469/3896/700 6467/3894/699
f 6470/3895/700 6472/3897/701 6471/3898/701 6469/3896/700
f 6472/3897/701 6474/3899/702 6473/3900/702 6471/3898/701
f 6474/3899/702 6476/3901/703 6475/3902/703 6473/3900/702
f 6476/3901/703 6478/3903/704 6477/3904/704 6475/3902/703
f 6478/3903/704 6480/3905/705 6479/3906/705 6477/3904/704
f 6480/3905/705 6482/3907/706 6481/3908/706 6479/3906/705
f 6482/3907/706 6484/3909/707 6483/3910/707 6481/3908/706
f 6484/3909/707 6486/3911/708 6485/3912/708 6483/3910/707
f 6486/3911/708 6488/3913/709 6487/3914/709 6485/3912/708
f 6488/3913/709 6490/3915/710 6489/3916/710 6487/3914/709
f 6490/3915/710 6492/3917/711 6491/3918/711 6489/3916/710
f 6492/3917/711 6494/3919/712 6493/3920/712 6491/3918/711
f 6494/3919/712 6496/3921/713 6495/3922/713 6493/3920/712
f 6496/3921/713 6498/3923/714 6497/3924/714 6495/3922/713
f 6498/3923/714 6500/3925/715 6499/3926/715 6497/3924/714
f 6500/3925/715 6502/3927/716 6501/3928/716 6499/3926/715
f 6502/3927/716 6504/3929/717 6503/3930/717 6501/3928/716
f 6504/3929/717 6506/3931/718 6505/3932/718 6503/3930/717
f 6506/3931/718 6508/3933/719 6507/3934/719 6505/3932/718
f 6508/3933/719 6510/3935/720 6509/3936/720 6507/3934/719
f 6510/3935/720 6512/3937/721 6511/3938/721 6509/3936/720
f 6512/3937/721 6514/3939/722 6513/3940/722 6511/3938/721
f 6514/3939/722 6516/3941/723 6515/3942/723 6513/3940/722
f 6516/3941/723 6518/3943/724 6517/3944/724 6515/3942/723
f 6518/3943/724 6520/3945/725 6519/3946/725 6517/3944/724
f 6520/3945/725 6522/3947/726 6521/3948/726 6519/3946/725
f 6522/3947/726 6524/3949/727 6523/3950/727 6521/3948/726
f 6524/3949/727 6526/3951/728 6525/3952/728 6523/3950/727
f 6526/3951/728 6528/3953/729 6527/3954/729 6525/3952/728
f 6528/3953/729 6530/3955/730 6529/3956/730 6527/3954/729
f 6530/3955/730 6532/3957/731 6531/3958/731 6529/3956/730
f 6532/3957/731 6534/3959/732 6533/3960/732 6531/3958/731
f 6534/3959/732 6536/3961/71 6535/3962/71 6533/3960/732
f 6536/3961/71 6538/3963/733 6537/3964/733 6535/3962/71
f 6538/3963/733 6540/3965/734 6539/3966/734 6537/3964/733
f 6540/3965/734 6542/3967/735 6541/3968/735 6539/3966/734
f 6542/3967/735 6544/3969/736 6543/3970/736 6541/3968/735
f 6544/3969/736 6546/3971/737 6545/3972/737 6543/3970/736
f 6546/3971/737 6548/3973/738 6547/3974/738 6545/3972/737
f 6548/3973/738 6550/3975/739 6549/3976/739 6547/3974/738
f 6550/3975/739 6552/3977/740 6551/3978/740 6549/3976/739
f 6552/3977/740 6554/3979/741 6553/3980/741 6551/3978/740
f 6554/3979/741 6556/3981/742 6555/3982/742 6553/3980/741
f 6556/3981/742 6558/3983/743 6557/3984/743 6555/3982/742
f 6558/3983/743 6560/3985/744 6559/3986/744 6557/3984/743
f 6560/3985/744 6562/3987/745 6561/3988/745 6559/3986/744
f 6562/3987/745 6564/3989/746 6563/3990/746 6561/3988/745
f 6564/3989/746 6566/3991/747 6565/3992/747 6563/3990/746
f 6566/3991/747 6568/3993/748 6567/3994/748 6565/3992/747
f 6568/3993/748 6570/3995/749 6569/3996/749 6567/3994/748
f 6570/3995/749 6572/3997/750 6571/3998/750 6569/3996/749
f 6572/3997/750 6574/3999/751 6573/4000/751 6571/3998/750
f 6574/3999/751 6576/4001/752 6575/4002/752 6573/4000/751
f 6576/4001/752 6578/4003/753 6577/4004/753 6575/4002/752
f 6578/4003/753 6580/4005/754 6579/4006/754 6577/4004/753
f 6580/4005/754 6582/4007/755 6581/4008/755 6579/4006/754
f 6582/4007/755 6584/4009/756 6583/4010/756 6581/4008/755
f 6584/4009/756 6586/4011/757 6585/4012/757 6583/4010/756
f 6586/4011/757 6588/4013/758 6587/4014/758 6585/4012/757
f 6588/4013/758 6590/4015/759 6589/4016/759 6587/4014/758
f 6590/4015/759 6592/4017/760 6591/4018/760 6589/4016/759
f 6592/4017/760 6594/4019/761 6593/4020/761 6591/4018/760
f 6594/4019/761 6596/4021/762 6595/4022/762 6593/4020/761
f 6596/4021/762 6598/4023/763 6597/4024/763 6595/4022/762
f 6598/4023/763 6600/4025/764 6599/4026/764 6597/4024/763
f 6600/4025/764 6602/4027/765 6601/4028/765 6599/4026/764
f 6602/4027/765 6604/4029/766 6603/4030/766 6601/4028/765
f 6604/4029/766 6606/4031/767 6605/1209/767 6603/4030/766
f 6606/4031/767 6608/4032/768 6607/4033/768 6605/1209/767
f 6608/4032/768 6610/4034/769 6609/4035/769 6607/4033/768
f 6610/4034/769 6612/4036/770 6611/4037/770 6609/4035/769
f 6612/4036/770 6614/4038/771 6613/4039/771 6611/4037/770
f 6614/4038/771 6616/4040/772 6615/4041/772 6613/4039/771
f 6616/4040/772 6618/4042/773 6617/4043/773 6615/4041/772
f 6618/4042/773 6620/4044/774 6619/4045/774 6617/4043/773
f 6620/4044/774 6622/4046/775 6621/4047/775 6619/4045/774
f 6622/4046/775 6624/4048/776 6623/4049/776 6621/4047/775
f 6624/4048/776 6626/4050/777 6625/4051/777 6623/4049/776
f 6626/4050/777 6628/4052/778 6627/4053/778 6625/4051/777
f 6628/4052/778 6630/4054/779 6629/4055/779 6627/4053/778
f 6630/4054/779 6632/4056/780 6631/4057/780 6629/4055/779
f 6632/4056/780 6634/4058/781 6633/4059/781 6631/4057/780
f 6634/4058/781 6636/4060/782 6635/4061/782 6633/4059/781
f 6636/4060/782 6638/4062/783 6637/4063/783 6635/4061/782
f 6638/4062/783 6640/4064/784 6639/4065/784 6637/4063/783
f 6640/4064/784 6642/4066/785 6641/4067/785 6639/4065/784
f 6642/4066/785 6644/4068/786 6643/4069/786 6641/4067/785
f 6644/4068/786 6646/4070/787 6645/4071/787 6643/4069/786
f 6646/4070/787 6648/4072/788 6647/4073/788 6645/4071/787
f 6648/4072/788 6650/4074/789 6649/4075/789 6647/4073/788
f 6650/4074/789 6652/4076/790 6651/4077/790 6649/4075/789
f 6652/4076/790 6654/4078/791 6653/4079/791 6651/4077/790
f 6654/4078/791 6656/4080/792 6655/4081/792 6653/4079/791
f 6656/4080/792 6658/4082/793 6657/4083/793 6655/4081/792
f 6658/4082/793 6660/4084/794 6659/4085/794 6657/4083/793
f 6660/4084/794 6662/4086/795 6661/4087/795 6659/4085/794
f 6662/4086/795 6664/4088/796 6663/4089/796 6661/4087/795
f 6664/4088/796 6666/4090/797 6665/4091/797 6663/4089/796
f 6666/4090/797 6668/4092/798 6667/4093/798 6665/4091/797
f 6668/4092/798 6670/4094/799 6669/4095/799 6667/4093/798
f 6670/4094/799 6672/4096/800 6671/4097/800 6669/4095/799
f 6672/4096/800 6674/4098/801 6673/4099/801 6671/4097/800
f 6674/4098/801 6676/4100/802 6675/4101/802 6673/4099/801
f 6676/4100/802 6678/4102/803 6677/4103/803 6675/4101/802
f 6678/4102/803 6680/4104/804 6679/4105/804 6677/4103/803
f 6680/4104/804 6682/4106/805 6681/4107/805 6679/4105/804
f 6682/4106/805 6684/4108/806 6683/4109/806 6681/4107/805
f 6684/4108/806 6686/4110/807 6685/4111/807 6683/4109/806
f 6686/4110/807 6688/4112/808 6687/4113/808 6685/4111/807
f 6688/4112/808 6690/4114/809 6689/4115/809 6687/4113/808
f 6690/4114/809 6692/4116/810 6691/4117/810 6689/4115/809
f 6692/4116/810 6694/4118/811 6693/4119/811 6691/4117/810
f 6694/4118/811 6696/4120/812 6695/4121/812 6693/4119/811
f 6696/4120/812 6698/4122/813 6697/4123/813 6695/4121/812
f 6698/4122/813 6700/4124/814 6699/4125/814 6697/4123/813
f 6700/4124/814 6702/4126/815 6701/4127/815 6699/4125/814
f 6702/4126/815 6704/4128/816 6703/4129/816 6701/4127/815
f 6704/4128/816 6706/4130/817 6705/4131/817 6703/4129/816
f 6706/4130/817 6708/4132/818 6707/4133/818 6705/4131/817
f 6708/4132/818 6710/4134/819 6709/4135/819 6707/4133/818
f 6710/4134/819 6712/4136/820 6711/4137/820 6709/4135/819
f 6712/4136/820 6714/4138/821 6713/4139/821 6711/4137/820
f 6714/4138/821 6716/4140/822 6715/4141/822 6713/4139/821
f 6716/4140/822 6718/4142/823 6717/4143/823 6715/4141/822
f 6718/4142/823 6720/4144/824 6719/4145/824 6717/4143/823
f 6720/4144/824 6722/4146/825 6721/4147/825 6719/4145/824
f 6722/4146/825 6724/4148/826 6723/4149/826 6721/4147/825
f 6724/4148/826 6726/4150/827 6725/4151/827 6723/4149/826
f 6726/4150/827 6728/4152/828 6727/4153/828 6725/4151/827
f 6728/4152/828 6730/4154/829 6729/4155/829 6727/4153/828
f 6730/4154/829 6732/4156/830 6731/4157/830 6729/4155/829
f 6732/4156/830 6734/4158/831 6733/4159/831 6731/4157/830
f 6734/4158/831 6736/4160/832 6735/4161/832 6733/4159/831
f 6736/4160/832 6738/4162/833 6737/4163/833 6735/4161/832
f 6738/4162/833 6740/4164/834 6739/4165/834 6737/4163/833
f 6740/4164/834 6742/4166/835 6741/4167/835 6739/4165/834
f 6742/4166/835 6744/4168/836 6743/4169/836 6741/4167/835
f 6744/4168/836 6746/4170/837 6745/4171/837 6743/4169/836
f 6746/4170/837 6748/4172/838 6747/4173/838 6745/4171/837
f 6748/4172/838 6750/4174/839 6749/4175/839 6747/4173/838
f 6750/4174/839 6752/4176/840 6751/4177/840 6749/4175/839
f 6752/4176/840 6754/4178/841 6753/4179/841 6751/4177/840
f 6754/4178/841 6756/4180/842 6755/4181/842 6753/4179/841
f 6756/4180/842 6758/4182/843 6757/4183/843 6755/4181/842
f 6758/4182/843 6760/4184/844 6759/4185/844 6757/4183/843
f 6760/4184/844 6762/4186/845 6761/4187/845 6759/4185/844
f 6762/4186/845 6764/4188/846 6763/4189/846 6761/4187/845
f 6764/4188/846 6766/4190/847 6765/4191/847 6763/4189/846
f 6766/4190/847 6768/4192/848 6767/4193/848 6765/4191/847
f 6768/4192/848 6770/4194/849 6769/4195/849 6767/4193/848
f 6770/4194/849 6772/4196/850 6771/4197/850 6769/4195/849
f 6772/4196/850 6774/4198/851 6773/4199/851 6771/4197/850
f 6774/4198/851 6776/4200/852 6775/4201/852 6773/4199/851
f 6776/4200/852 6778/4202/853 6777/4203/853 6775/4201/852
f 6778/4202/853 6780/4204/854 6779/4205/854 6777/4203/853
f 6780/4204/854 6782/4206/855 6781/4207/855 6779/4205/854
f 6782/4206/855 6784/4208/856 6783/4209/856 6781/4207/855
f 6784/4208/856 6786/4210/857 6785/4211/857 6783/4209/856
f 6786/4210/857 6788/4212/858 6787/4213/858 6785/4211/857
f 6788/4212/858 6790/4214/859 6789/4215/859 6787/4213/858
f 6790/4214/859 6792/4216/860 6791/4217/860 6789/4215/859
f 6792/4216/860 6794/4218/861 6793/4219/861 6791/4217/860
f 6794/4218/861 6796/4220/862 6795/4221/862 6793/4219/861
f 6796/4220/862 6798/4222/863 6797/4223/863 6795/4221/862
f 6798/4222/863 6800/4224/864 6799/4225/864 6797/4223/863
f 6800/4224/864 6802/4226/865 6801/4227/865 6799/4225/864
f 6802/4226/865 6804/4228/866 6803/4229/866 6801/4227/865
f 6804/4228/866 6806/4230/867 6805/4231/867 6803/4229/866
f 6806/4230/867 6808/4232/868 6807/4233/868 6805/4231/867
f 6808/4232/868 6810/4234/869 6809/4235/869 6807/4233/868
f 6810/4234/869 6812/4236/870 6811/4237/870 6809/4235/869
f 6812/4236/870 6814/4238/871 6813/4239/871 6811/4237/870
f 6814/4238/871 6816/4240/872 6815/4241/872 6813/4239/871
f 6816/4240/872 6818/4242/873 6817/4243/873 6815/4241/872
f 6818/4242/873 6820/4244/874 6819/4245/874 6817/4243/873
f 6820/4244/874 6822/4246/875 6821/4247/875 6819/4245/874
f 6822/4246/875 6824/4248/876 6823/4249/876 6821/4247/875
f 6824/4248/876 6826/4250/877 6825/4251/877 6823/4249/876
f 6826/4250/877 6828/4252/878 6827/4253/878 6825/4251/877
f 6828/4252/878 6830/4254/879 6829/4255/879 6827/4253/878
f 6830/4254/879 6832/4256/880 6831/609/880 6829/4255/879
f 6832/4256/880 6834/4257/881 6833/4258/881 6831/609/880
f 6834/4257/881 6836/4259/882 6835/4260/882 6833/4258/881
f 6836/4259/882 6838/4261/883 6837/4262/883 6835/4260/882
f 6838/4261/883 6840/4263/884 6839/4264/884 6837/4262/883
f 6840/4263/884 6842/4265/885 6841/4266/885 6839/4264/884
f 6842/4265/885 6844/4267/886 6843/4268/886 6841/4266/885
f 6844/4267/886 6846/4269/887 6845/4270/887 6843/4268/886
f 6846/4269/887 6848/4271/888 6847/4272/888 6845/4270/887
f 6848/4271/888 6850/4273/889 6849/4274/889 6847/4272/888
f 6850/4273/889 6852/4275/890 6851/4276/890 6849/4274/889
f 6852/4275/890 6854/4277/891 6853/4278/891 6851/4276/890
f 6854/4277/891 6856/4279/892 6855/4280/892 6853/4278/891
f 6856/4279/892 6858/4281/893 6857/4282/893 6855/4280/892
f 6858/4281/893 6860/4283/894 6859/4284/894 6857/4282/893
f 6860/4283/894 6862/4285/895 6861/4286/895 6859/4284/894
f 6862/4285/895 6864/4287/896 6863/4288/896 6861/4286/895
f 6864/4287/896 6866/4289/897 6865/4290/897 6863/4288/896
f 6866/4289/897 6868/4291/898 6867/4292/898 6865/4290/897
f 6868/4291/898 6870/4293/899 6869/4294/899 6867/4292/898
f 6870/4293/899 6872/4295/900 6871/4296/900 6869/4294/899
f 6872/4295/900 6874/4297/901 6873/4298/901 6871/4296/900
f 6874/4297/901 6876/4299/902 6875/4300/902 6873/4298/901
f 6876/4299/902 6878/4301/903 6877/4302/903 6875/4300/902
f 6878/4301/903 6880/4303/904 6879/4304/904 6877/4302/903
f 6880/4303/904 6882/4305/905 6881/4306/905 6879/4304/904
f 6882/4305/905 6884/4307/906 6883/4308/906 6881/4306/905
f 6884/4307/906 6886/4309/907 6885/4310/907 6883/4308/906
f 6886/4309/907 6888/4311/908 6887/4312/908 6885/4310/907
f 6888/4311/908 6890/4313/909 6889/4314/909 6887/4312/908
f 6890/4313/909 6892/4315/910 6891/4316/910 6889/4314/909
f 6892/4315/910 6894/4317/911 6893/4318/911 6891/4316/910
f 6894/4317/911 6896/4319/912 6895/4320/912 6893/4318/911
f 6896/4319/912 6898/4321/913 6897/4322/913 6895/4320/912
f 6898/4321/913 6900/4323/914 6899/4324/914 6897/4322/913
f 6900/4323/914 6902/4325/915 6901/4326/915 6899/4324/914
f 6902/4325/915 6904/4327/916 6903/4328/916 6901/4326/915
f 6904/4327/916 6906/4329/917 6905/4330/917 6903/4328/916
f 6906/4329/917 6908/4331/918 6907/4332/918 6905/4330/917
f 6908/4331/918 6910/4333/919 6909/4334/919 6907/4332/918
f 6910/4333/919 6912/4335/920 6911/4336/920 6909/4334/919
f 6912/4335/920 6914/4337/921 6913/4338/921 6911/4336/920
f 6914/4337/921 6916/4339/922 6915/4340/922 6913/4338/921
f 6916/4339/922 6918/4341/923 6917/4342/923 6915/4340/922
f 6918/4341/923 6920/4343/924 6919/4344/924 6917/4342/923
f 6920/4343/924 6922/4345/925 6921/4346/925 6919/4344/924
f 6922/4345/925 6924/4347/926 6923/4348/926 6921/4346/925
f 6924/4347/926 6926/4349/564 6925/4350/564 6923/4348/926
f 6926/4349/564 6928/4351/927 6927/4352/927 6925/4350/564
f 6928/4351/927 6930/4353/928 6929/4354/928 6927/4352/927
f 6930/4353/928 6932/4355/929 6931/4356/929 6929/4354/928
f 6932/4355/929 6934/4357/930 6933/4358/930 6931/4356/929
f 6934/4357/930 6936/4359/931 6935/4360/931 6933/4358/930
f 6936/4359/931 6938/4361/932 6937/4362/932 6935/4360/931
f 6938/4361/932 6940/4363/933 6939/4364/933 6937/4362/932
f 6940/4363/933 6942/4365/934 6941/4366/934 6939/4364/933
f 6942/4365/934 6944/4367/935 6943/4368/935 6941/4366/934
f 6944/4367/935 6946/4369/936 6945/4370/936 6943/4368/935
f 6946/4369/936 6948/4371/937 6947/4372/937 6945/4370/936
f 6948/4371/937 6950/4373/938 6949/4374/938 6947/4372/937
f 6950/4373/938 6952/4375/939 6951/4376/939 6949/4374/938
f 6952/4375/939 6954/4377/940 6953/4378/940 6951/4376/939
f 6954/4377/940 6956/4379/941 6955/4380/941 6953/4378/940
f 6956/4379/941 6958/4381/942 6957/4382/942 6955/4380/941
f 6958/4381/942 6960/4383/943 6959/4384/943 6957/4382/942
f 6960/4383/943 6962/4385/944 6961/4386/944 6959/4384/943
f 6962/4385/944 6964/4387/945 6963/4388/945 6961/4386/944
f 6964/4387/945 6966/4389/946 6965/4390/946 6963/4388/945
f 6966/4389/946 6968/4391/947 6967/4392/947 6965/4390/946
f 6968/4391/947 6970/4393/948 6969/4394/948 6967/4392/947
f 6970/4393/948 6972/4395/949 6971/4396/949 6969/4394/948
f 6972/4395/949 6974/4397/950 6973/4398/950 6971/4396/949
f 6974/4397/950 6976/4399/951 6975/4400/951 6973/4398/950
f 6976/4399/951 6978/4401/952 6977/4402/952 6975/4400/951
f 6978/4401/952 6980/4403/953 6979/4404/953 6977/4402/952
f 6980/4403/953 6982/4405/954 6981/4406/954 6979/4404/953
f 6982/4405/954 6984/4407/955 6983/4408/955 6981/4406/954
f 6984/4407/955 6986/4409/956 6985/4410/956 6983/4408/955
f 6986/4409/956 6988/4411/957 6987/4412/957 6985/4410/956
f 6988/4411/957 6990/4413/958 6989/4414/958 6987/4412/957
f 6990/4413/958 6992/4415/959 6991/4416/959 6989/4414/958
f 6992/4415/959 6994/4417/960 6993/4418/960 6991/4416/959
f 6994/4417/960 6996/4419/961 6995/4420/961 6993/4418/960
f 6996/4419/961 6998/4421/962 6997/4422/962 6995/4420/961
f 6998/4421/962 7000/4423/963 6999/4424/963 6997/4422/962
f 7000/4423/963 7002/4425/964 7001/4426/964 6999/4424/963
f 7002/4425/964 7004/4427/965 7003/4428/965 7001/4426/964
f 7004/4427/965 7006/4429/966 7005/4430/966 7003/4428/965
f 7006/4429/966 7008/4431/967 7007/4432/967 7005/4430/966
f 7008/4431/967 7010/4433/968 7009/4434/968 7007/4432/967
f 7010/4433/968 7012/4435/969 7011/4436/969 7009/4434/968
f 7012/4435/969 7014/4437/970 7013/4438/970 7011/4436/969
f 7014/4437/970 7016/4439/971 7015/4440/971 7013/4438/970
f 7016/4439/971 7018/4441/972 7017/4442/972 7015/4440/971
f 7018/4441/972 7020/4443/973 7019/4444/973 7017/4442/972
f 7020/4443/973 7022/4445/974 7021/4446/974 7019/4444/973
f 7022/4445/974 7024/4447/975 7023/4448/975 7021/4446/974
f 7024/4447/975 7026/4449/976 7025/4450/976 7023/4448/975
f 7026/4449/976 7028/4451/977 7027/4452/977 7025/4450/976
f 7028/4451/977 7030/4453/978 7029/4454/978 7027/4452/977
f 7030/4453/978 7032/4455/979 7031/4456/979 7029/4454/978
f 7032/4455/979 7034/4457/980 7033/4458/980 7031/4456/979
f 7034/4457/980 7036/4459/981 7035/4460/981 7033/4458/980
f 7036/4459/981 7038/4461/982 7037/4462/982 7035/4460/981
f 7038/4461/982 7040/4463/983 7039/4464/983 7037/4462/982
f 7040/4463/983 7042/4465/984 7041/4466/984 7039/4464/983
f 7042/4465/984 7044/4467/985 7043/4468/985 7041/4466/984
f 7044/4467/985 7046/4469/986 7045/4470/986 7043/4468/985
f 7046/4469/986 7048/4471/987 7047/4472/987 7045/4470/986
f 7048/4471/987 7050/4473/988 7049/4474/988 7047/4472/987
f 7050/4473/988 7052/4475/989 7051/4476/989 7049/4474/988
f 7052/4475/989 7054/4477/990 7053/4478/990 7051/4476/989
f 7054/4477/990 7056/4479/991 7055/4480/991 7053/4478/990
f 7056/4479/991 6380/3806/656 6379/176/656 7055/4480/991
f 7058/2504/992 7060/4481/993 7059/4482/993 7057/66/992
f 7060/4481/993 7062/4483/994 7061/4484/994 7059/4482/993
f 7062/4483/994 7064/4485/995 7063/4486/995 7061/4484/994
f 7064/4485/995 7066/4487/996 7065/4488/996 7063/4486/995
f 7066/4487/996 7068/4489/997 7067/4490/997 7065/4488/996
f 7068/4489/997 7070/4491/998 7069/4492/998 7067/4490/997
f 7070/4491/998 7072/4493/999 7071/4494/999 7069/4492/998
f 7072/4493/999 7074/4495/1000 7073/4496/1000 7071/4494/999
f 7074/4495/1000 7076/4497/1001 7075/4498/1001 7073/4496/1000
f 7076/4497/1001 7078/4499/1002 7077/4500/1002 7075/4498/1001
f 7078/4499/1002 7080/4501/1003 7079/4502/1003 7077/4500/1002
f 7080/4501/1003 7082/4503/1004 7081/4504/1004 7079/4502/1003
f 7082/4503/1004 7084/4505/1005 7083/4506/1005 7081/4504/1004
f 7084/4505/1005 7086/4507/1006 7085/4508/1006 7083/4506/1005
f 7086/4507/1006 7088/4509/1007 7087/4510/1007 7085/4508/1006
f 7088/4509/1007 7090/4511/1008 7089/4512/1008 7087/4510/1007
f 7090/4511/1008 7092/4513/1009 7091/4514/1009 7089/4512/1008
f 7092/4513/1009 7094/4515/1010 7093/4516/1010 7091/4514/1009
f 7094/4515/1010 7096/4517/1011 7095/4518/1011 7093/4516/1010
f 7096/4517/1011 7098/4519/1012 7097/4520/1012 7095/4518/1011
f 7098/4519/1012 7100/4521/1013 7099/4522/1013 7097/4520/1012
f 7100/4521/1013 7102/4523/1014 7101/4524/1014 7099/4522/1013
f 7102/4523/1014 7104/4525/1015 7103/4526/1015 7101/4524/1014
f 7104/4525/1015 7106/4527/1016 7105/4528/1016 7103/4526/1015
f 7106/4527/1016 7108/4529/1017 7107/4530/1017 7105/4528/1016
f 7108/4529/1017 7110/4531/1018 7109/4532/1018 7107/4530/1017
f 7110/4531/1018 7112/4533/1019 7111/4534/1019 7109/4532/1018
f 7112/4533/1019 7114/4535/1020 7113/4536/1020 7111/4534/1019
f 7114/4535/1020 7116/4537/1021 7115/4538/1021 7113/4536/1020
f 7116/4537/1021 7118/4539/1022 7117/4540/1022 7115/4538/1021
f 7118/4539/1022 7120/4541/1023 7119/4542/1023 7117/4540/1022
f 7120/4541/1023 7122/4543/1024 7121/4544/1024 7119/4542/1023
f 7122/4543/1024 7124/4545/1025 7123/4546/1025 7121/4544/1024
f 7124/4545/1025 7126/4547/1026 7125/4548/1026 7123/4546/1025
f 7126/4547/1026 7128/4549/1027 7127/4550/1027 7125/4548/1026
f 7128/4549/1027 7130/4551/1028 7129/4552/1028 7127/4550/1027
f 7130/4551/1028 7132/4553/1029 7131/4554/1029 7129/4552/1028
f 7132/4553/1029 7134/4555/1030 7133/4556/1030 7131/4554/1029
f 7134/4555/1030 7136/4557/1031 7135/4558/1031 7133/4556/1030
f 7136/4557/1031 7138/4559/1032 7137/4560/1032 7135/4558/1031
f 7138/4559/1032 7140/4561/1033 7139/4562/1033 7137/4560/1032
f 7140/4561/1033 7142/4563/1034 7141/4564/1034 7139/4562/1033
f 7142/4563/1034 7144/4565/1035 7143/4566/1035 7141/4564/1034
f 7144/4565/1035 7146/4567/1036 7145/4568/1036 7143/4566/1035
f 7146/4567/1036 7148/4569/1037 7147/4570/1037 7145/4568/1036
f 7148/4569/1037 7150/4571/1038 7149/4572/1038 7147/4570/1037
f 7150/4571/1038 7152/4573/1039 7151/4574/1039 7149/4572/1038
f 7152/4573/1039 7154/4575/1040 7153/4576/1040 7151/4574/1039
f 7154/4575/1040 7156/4577/1041 7155/4578/1041 7153/4576/1040
f 7156/4577/1041 7158/4579/1042 7157/4580/1042 7155/4578/1041
f 7158/4579/1042 7160/4581/1043 7159/4582/1043 7157/4580/1042
f 7160/4581/1043 7162/4583/1044 7161/4584/1044 7159/4582/1043
f 7162/4583/1044 7164/4585/1045 7163/4586/1045 7161/4584/1044
f 7164/4585/1045 7166/4587/1046 7165/4588/1046 7163/4586/1045
f 7166/4587/1046 7168/4589/1047 7167/4590/1047 7165/4588/1046
f 7168/4589/1047 7170/4591/1048 7169/4592/1048 7167/4590/1047
f 7170/4591/1048 7172/4593/1049 7171/4594/1049 7169/4592/1048
f 7172/4593/1049 7174/4595/1050 7173/4596/1050 7171/4594/1049
f 7174/4595/1050 7176/4597/1051 7175/4598/1051 7173/4596/1050
f 7176/4597/1051 7178/4599/1052 7177/4600/1052 7175/4598/1051
f 7178/4599/1052 7180/4601/1053 7179/4602/1053 7177/4600/1052
f 7180/4601/1053 7182/4603/1054 7181/4604/1054 7179/4602/1053
f 7182/4603/1054 7184/4605/1055 7183/4606/1055 7181/4604/1054
f 7184/4605/1055 7186/4607/1056 7185/4608/1056 7183/4606/1055
f 7186/4607/1056 7188/4609/1057 7187/4610/1057 7185/4608/1056
f 7188/4609/1057 7190/4611/1058 7189/4612/1058 7187/4610/1057
f 7190/4611/1058 7192/4613/1059 7191/4614/1059 7189/4612/1058
f 7192/4613/1059 7194/4615/1060 7193/4616/1060 7191/4614/1059
f 7194/4615/1060 7196/4617/1061 7195/4618/1061 7193/4616/1060
f 7196/4617/1061 7198/4619/1062 7197/4620/1062 7195/4618/1061
f 7198/4619/1062 7200/4621/1063 7199/4622/1063 7197/4620/1062
f 7200/4621/1063 7202/4623/1064 7201/4624/1064 7199/4622/1063
f 7202/4623/1064 7204/4625/1065 7203/4626/1065 7201/4624/1064
f 7204/4625/1065 7206/4627/1066 7205/4628/1066 7203/4626/1065
f 7206/4627/1066 7208/4629/1067 7207/4630/1067 7205/4628/1066
f 7208/4629/1067 7210/4631/1068 7209/4632/1068 7207/4630/1067
f 7210/4631/1068 7212/4633/1069 7211/4634/1069 7209/4632/1068
f 7212/4633/1069 7214/4635/1070 7213/4636/1070 7211/4634/1069
f 7214/4635/1070 7216/4637/1071 7215/4638/1071 7213/4636/1070
f 7216/4637/1071 7218/4639/1072 7217/4640/1072 7215/4638/1071
f 7218/4639/1072 7220/4641/1073 7219/4642/1073 7217/4640/1072
f 7220/4641/1073 7222/4643/1074 7221/4644/1074 7219/4642/1073
f 7222/4643/1074 7224/4645/1075 7223/4646/1075 7221/4644/1074
f 7224/4645/1075 7226/4647/1076 7225/4648/1076 7223/4646/1075
f 7226/4647/1076 7228/4649/1077 7227/4650/1077 7225/4648/1076
f 7228/4649/1077 7230/4651/1078 7229/4652/1078 7227/4650/1077
f 7230/4651/1078 7232/4653/1079 7231/4654/1079 7229/4652/1078
f 7232/4653/1079 7234/4655/1080 7233/4656/1080 7231/4654/1079
f 7234/4655/1080 7236/4657/1081 7235/4658/1081 7233/4656/1080
f 7236/4657/1081 7238/4659/1082 7237/4660/1082 7235/4658/1081
f 7238/4659/1082 7240/4661/1083 7239/4662/1083 7237/4660/1082
f 7240/4661/1083 7242/4663/1084 7241/4664/1084 7239/4662/1083
f 7242/4663/1084 7244/4665/1085 7243/4666/1085 7241/4664/1084
f 7244/4665/1085 7246/4667/1086 7245/4668/1086 7243/4666/1085
f 7246/4667/1086 7248/4669/1087 7247/4670/1087 7245/4668/1086
f 7248/4669/1087 7250/4671/1088 7249/4672/1088 7247/4670/1087
f 7250/4671/1088 7252/4673/1089 7251/4674/1089 7249/4672/1088
f 7252/4673/1089 7254/4675/1090 7253/4676/1090 7251/4674/1089
f 7254/4675/1090 7256/4677/1091 7255/4678/1091 7253/4676/1090
f 7256/4677/1091 7258/4679/1092 7257/4680/1092 7255/4678/1091
f 7258/4679/1092 7260/4681/1093 7259/4682/1093 7257/4680/1092
f 7260/4681/1093 7262/4683/1094 7261/4684/1094 7259/4682/1093
f 7262/4683/1094 7264/4685/1095 7263/4686/1095 7261/4684/1094
f 7264/4685/1095 7266/4687/1096 7265/4688/1096 7263/4686/1095
f 7266/4687/1096 7268/4689/1097 7267/4690/1097 7265/4688/1096
f 7268/4689/1097 7270/4691/1098 7269/4692/1098 7267/4690/1097
f 7270/4691/1098 7272/4693/1099 7271/4694/1099 7269/4692/1098
f 7272/4693/1099 7274/4695/1100 7273/4696/1100 7271/4694/1099
f 7274/4695/1100 7276/4697/1101 7275/4698/1101 7273/4696/1100
f 7276/4697/1101 7278/4699/1102 7277/4700/1102 7275/4698/1101
f 7278/4699/1102 7280/4701/1103 7279/4702/1103 7277/4700/1102
f 7280/4701/1103 7282/4703/1104 7281/4704/1104 7279/4702/1103
f 7282/4703/1104 7284/4705/1105 7283/4706/1105 7281/4704/1104
f 7284/4705/1105 7286/4707/1106 7285/4708/1106 7283/4706/1105
f 7286/4707/1106 7288/4709/1107 7287/4710/1107 7285/4708/1106
f 7288/4709/1107 7290/4711/1108 7289/4712/1108 7287/4710/1107
f 7290/4711/1108 7292/4713/1109 7291/4714/1109 7289/4712/1108
f 7292/4713/1109 7294/4715/1110 7293/4716/1110 7291/4714/1109
f 7294/4715/1110 7296/4717/1111 7295/4718/1111 7293/4716/1110
f 7296/4717/1111 7298/4719/1112 7297/4720/1112 7295/4718/1111
f 7298/4719/1112 7300/4721/1113 7299/4722/1113 7297/4720/1112
f 7300/4721/1113 7302/4723/1114 7301/4724/1114 7299/4722/1113
f 7302/4723/1114 7304/4725/1115 7303/4726/1115 7301/4724/1114
f 7304/4725/1115 7306/4727/1116 7305/4728/1116 7303/4726/1115
f 7306/4727/1116 7308/4729/1117 7307/4730/1117 7305/4728/1116
f 7308/4729/1117 7310/4731/1118 7309/4732/1118 7307/4730/1117
f 7310/4731/1118 7312/4733/1119 7311/4734/1119 7309/4732/1118
f 7312/4733/1119 7314/4735/1120 7313/4736/1120 7311/4734/1119
f 7314/4735/1120 7316/4737/1121 7315/4738/1121 7313/4736/1120
f 7316/4737/1121 7318/4739/1122 7317/4740/1122 7315/4738/1121
f 7318/4739/1122 7320/4741/1123 7319/4742/1123 7317/4740/1122
f 7320/4741/1123 7322/4743/1124 7321/4744/1124 7319/4742/1123
f 7322/4743/1124 7324/4745/1125 7323/4746/1125 7321/4744/1124
f 7324/4745/1125 7326/4747/1126 7325/4748/1126 7323/4746/1125
f 7326/4747/1126 7328/4749/1127 7327/4750/1127 7325/4748/1126
f 7328/4749/1127 7330/4751/1128 7329/4752/1128 7327/4750/1127
f 7330/4751/1128 7332/4753/1129 7331/4754/1129 7329/4752/1128
f 7332/4753/1129 7334/4755/1130 7333/4756/1130 7331/4754/1129
f 7334/4755/1130 7336/4757/1131 7335/4758/1131 7333/4756/1130
f 7336/4757/1131 7338/4759/1132 7337/4760/1132 7335/4758/1131
f 7338/4759/1132 7340/4761/1133 7339/4762/1133 7337/4760/1132
f 7340/4761/1133 7342/4763/1134 7341/4764/1134 7339/4762/1133
f 7342/4763/1134 7344/4765/1135 7343/4766/1135 7341/4764/1134
f 7344/4765/1135 7346/4767/1136 7345/4768/1136 7343/4766/1135
f 7346/4767/1136 7348/4769/1137 7347/4770/1137 7345/4768/1136
f 7348/4769/1137 7350/4771/1138 7349/4772/1138 7347/4770/1137
f 7350/4771/1138 7352/4773/1139 7351/4774/1139 7349/4772/1138
f 7352/4773/1139 7354/4775/1140 7353/4776/1140 7351/4774/1139
f 7354/4775/1140 7356/4777/890 7355/4778/890 7353/4776/1140
f 7356/4777/890 7358/4779/1141 7357/4780/1141 7355/4778/890
f 7358/4779/1141 7360/4781/1142 7359/4782/1142 7357/4780/1141
f 7360/4781/1142 7362/4783/1143 7361/4784/1143 7359/4782/1142
f 7362/4783/1143 7364/4785/1144 7363/4786/1144 7361/4784/1143
f 7364/4785/1144 7366/4787/1145 7365/4788/1145 7363/4786/1144
f 7366/4787/1145 7368/4789/1146 7367/4790/1146 7365/4788/1145
f 7368/4789/1146 7370/4791/1147 7369/4792/1147 7367/4790/1146
f 7370/4791/1147 7372/4793/1148 7371/4794/1148 7369/4792/1147
f 7372/4793/1148 7374/4795/1149 7373/4796/1149 7371/4794/1148
f 7374/4795/1149 7376/4797/1150 7375/4798/1150 7373/4796/1149
f 7376/4797/1150 7378/4799/1151 7377/4800/1151 7375/4798/1150
f 7378/4799/1151 7380/4801/1152 7379/4802/1152 7377/4800/1151
f 7380/4801/1152 7382/4803/1153 7381/4804/1153 7379/4802/1152
f 7382/4803/1153 7384/4805/1154 7383/4806/1154 7381/4804/1153
f 7384/4805/1154 7386/4807/1155 7385/4808/1155 7383/4806/1154
f 7386/4807/1155 7388/4809/1156 7387/4810/1156 7385/4808/1155
f 7388/4809/1156 7390/4811/1157 7389/4812/1157 7387/4810/1156
f 7390/4811/1157 7392/4813/1158 7391/4814/1158 7389/4812/1157
f 7392/4813/1158 7394/4815/1159 7393/4816/1159 7391/4814/1158
f 7394/4815/1159 7396/4817/1160 7395/4818/1160 7393/4816/1159
f 7396/4817/1160 7398/4819/1161 7397/4820/1161 7395/4818/1160
f 7398/4819/1161 7400/4821/1162 7399/4822/1162 7397/4820/1161
f 7400/4821/1162 7402/4823/1163 7401/4824/1163 7399/4822/1162
f 7402/4823/1163 7404/4825/1164 7403/4826/1164 7401/4824/1163
f 7404/4825/1164 7406/4827/1165 7405/4828/1165 7403/4826/1164
f 7406/4827/1165 7408/4829/1166 7407/4830/1166 7405/4828/1165
f 7408/4829/1166 7410/4831/1167 7409/4832/1167 7407/4830/1166
f 7410/4831/1167 7412/4833/1168 7411/4834/1168 7409/4832/1167
f 7412/4833/1168 7414/4835/1169 7413/4836/1169 7411/4834/1168
f 7414/4835/1169 7416/4837/1170 7415/4838/1170 7413/4836/1169
f 7416/4837/1170 7418/4839/1171 7417/4840/1171 7415/4838/1170
f 7418/4839/1171 7420/4841/1172 7419/4842/1172 7417/4840/1171
f 7420/4841/1172 7422/4843/1173 7421/4844/1173 7419/4842/1172
f 7422/4843/1173 7424/4845/1174 7423/4846/1174 7421/4844/1173
f 7424/4845/1174 7426/4847/1175 7425/4848/1175 7423/4846/1174
f 7426/4847/1175 7428/4849/1176 7427/4850/1176 7425/4848/1175
f 7428/4849/1176 7430/4851/1177 7429/4852/1177 7427/4850/1176
f 7430/4851/1177 7432/4853/1178 7431/4854/1178 7429/4852/1177
f 7432/4853/1178 7434/4855/1179 7433/4856/1179 7431/4854/1178
f 7434/4855/1179 7436/4857/1180 7435/4858/1180 7433/4856/1179
f 7436/4857/1180 7438/4859/1181 7437/4860/1181 7435/4858/1180
f 7438/4859/1181 7440/4861/1182 7439/4862/1182 7437/4860/1181
f 7440/4861/1182 7442/4863/1183 7441/4864/1183 7439/4862/1182
f 7442/4863/1183 7058/3806/992 7057/176/992 7441/4864/1183
f 7444/2504/1184 7446/4865/1185 7445/4866/1185 7443/66/1184
f 7446/4865/1185 7448/4867/1186 7447/4868/1186 7445/4866/1185
f 7448/4867/1186 7450/4869/1187 7449/4870/1187 7447/4868/1186
f 7450/4869/1187 7452/4871/1188 7451/4872/1188 7449/4870/1187
f 7452/4871/1188 7454/4873/1189 7453/4874/1189 7451/4872/1188
f 7454/4873/1189 7456/4875/1190 7455/4876/1190 7453/4874/1189
f 7456/4875/1190 7458/4877/1191 7457/4878/1191 7455/4876/1190
f 7458/4877/1191 7460/4879/1192 7459/4880/1192 7457/4878/1191
f 7460/4879/1192 7462/4881/1193 7461/4882/1193 7459/4880/1192
f 7462/4881/1193 7464/4883/1194 7463/4884/1194 7461/4882/1193
f 7464/4883/1194 7466/4885/1195 7465/4886/1195 7463/4884/1194
f 7466/4885/1195 7468/4887/1196 7467/4888/1196 7465/4886/1195
f 7468/4887/1196 7470/4889/1197 7469/4890/1197 7467/4888/1196
f 7470/4889/1197 7472/4891/1198 7471/4892/1198 7469/4890/1197
f 7472/4891/1198 7474/4893/1199 7473/4894/1199 7471/4892/1198
f 7474/4893/1199 7476/4895/1200 7475/4896/1200 7473/4894/1199
f 7476/4895/1200 7478/4897/1201 7477/4898/1201 7475/4896/1200
f 7478/4897/1201 7480/4899/1202 7479/4900/1202 7477/4898/1201
f 7480/4899/1202 7482/4901/1203 7481/4902/1203 7479/4900/1202
f 7482/4901/1203 7484/4903/1204 7483/4904/1204 7481/4902/1203
f 7484/4903/1204 7486/4905/1205 7485/4906/1205 7483/4904/1204
f 7486/4905/1205 7488/4907/1206 7487/4908/1206 7485/4906/1205
f 7488/4907/1206 7490/4909/150 7489/4910/150 7487/4908/1206
f 7490/4909/150 7492/4911/1207 7491/4912/1207 7489/4910/150
f 7492/4911/1207 7494/4913/1208 7493/4914/1208 7491/4912/1207
f 7494/4913/1208 7496/4915/1209 7495/4916/1209 7493/4914/1208
f 7496/4915/1209 7498/4917/1210 7497/4918/1210 7495/4916/1209
f 7498/4917/1210 7500/4919/1211 7499/4920/1211 7497/4918/1210
f 7500/4919/1211 7502/4921/1212 7501/4922/1212 7499/4920/1211
f 7502/4921/1212 7504/4923/1213 7503/4924/1213 7501/4922/1212
f 7504/4923/1213 7506/4925/1214 7505/4926/1214 7503/4924/1213
f 7506/4925/1214 7508/4927/1215 7507/4928/1215 7505/4926/1214
f 7508/4927/1215 7510/4929/1216 7509/4930/1216 7507/4928/1215
f 7510/4929/1216 7512/4931/1217 7511/4932/1217 7509/4930/1216
f 7512/4931/1217 7514/4933/1218 7513/4934/1218 7511/4932/1217
f 7514/4933/1218 7516/4935/1219 7515/4936/1219 7513/4934/1218
f 7516/4935/1219 7518/4937/468 7517/4938/468 7515/4936/1219
f 7518/4937/468 7520/4939/1220 7519/4940/1220 7517/4938/468
f 7520/4939/1220 7522/4941/1221 7521/4942/1221 7519/4940/1220
f 7522/4941/1221 7524/4943/1222 7523/4944/1222 7521/4942/1221
f 7524/4943/1222 7526/4945/1223 7525/4946/1223 7523/4944/1222
f 7526/4945/1223 7528/4947/1224 7527/4948/1224 7525/4946/1223
f 7528/4947/1224 7530/4949/1225 7529/4950/1225 7527/4948/1224
f 7530/4949/1225 7532/4951/1226 7531/4952/1226 7529/4950/1225
f 7532/4951/1226 7534/4953/1227 7533/4954/1227 7531/4952/1226
f 7534/4953/1227 7536/4955/1228 7535/4956/1228 7533/4954/1227
f 7536/4955/1228 7538/4957/1229 7537/4958/1229 7535/4956/1228
f 7538/4957/1229 7540/4959/1230 7539/4960/1230 7537/4958/1229
f 7540/4959/1230 7542/4961/1231 7541/4962/1231 7539/4960/1230
f 7542/4961/1231 7544/4963/1232 7543/4964/1232 7541/4962/1231
f 7544/4963/1232 7546/4965/1233 7545/4966/1233 7543/4964/1232
f 7546/4965/1233 7548/4967/1234 7547/4968/1234 7545/4966/1233
f 7548/4967/1234 7550/4969/1235 7549/4970/1235 7547/4968/1234
f 7550/4969/1235 7552/4971/1236 7551/4972/1236 7549/4970/1235
f 7552/4971/1236 7554/4973/1237 7553/4974/1237 7551/4972/1236
f 7554/4973/1237 7556/4975/1238 7555/4976/1238 7553/4974/1237
f 7556/4975/1238 7558/4977/1239 7557/4978/1239 7555/4976/1238
f 7558/4977/1239 7560/4979/1240 7559/4980/1240 7557/4978/1239
f 7560/4979/1240 7562/4981/1241 7561/4982/1241 7559/4980/1240
f 7562/4981/1241 7564/4983/1242 7563/4984/1242 7561/4982/1241
f 7564/4983/1242 7566/4985/1243 7565/4986/1243 7563/4984/1242
f 7566/4985/1243 7568/4987/1244 7567/4988/1244 7565/4986/1243
f 7568/4987/1244 7570/4989/780 7569/4990/780 7567/4988/1244
f 7570/4989/780 7572/4991/1245 7571/4992/1245 7569/4990/780
f 7572/4991/1245 7574/4993/1246 7573/4994/1246 7571/4992/1245
f 7574/4993/1246 7576/4995/1247 7575/4996/1247 7573/4994/1246
f 7576/4995/1247 7578/4997/1248 7577/4998/1248 7575/4996/1247
f 7578/4997/1248 7580/4999/1249 7579/5000/1249 7577/4998/1248
f 7580/4999/1249 7582/5001/1250 7581/5002/1250 7579/5000/1249
f 7582/5001/1250 7584/5003/1251 7583/5004/1251 7581/5002/1250
f 7584/5003/1251 7586/5005/1252 7585/5006/1252 7583/5004/1251
f 7586/5005/1252 7588/5007/1253 7587/5008/1253 7585/5006/1252
f 7588/5007/1253 7590/5009/1254 7589/5010/1254 7587/5008/1253
f 7590/5009/1254 7592/5011/1255 7591/5012/1255 7589/5010/1254
f 7592/5011/1255 7594/5013/1256 7593/5014/1256 7591/5012/1255
f 7594/5013/1256 7596/5015/1257 7595/5016/1257 7593/5014/1256
f 7596/5015/1257 7598/5017/1258 7597/5018/1258 7595/5016/1257
f 7598/5017/1258 7600/5019/1259 7599/5020/1259 7597/5018/1258
f 7600/5019/1259 7602/5021/1260 7601/5022/1260 7599/5020/1259
f 7602/5021/1260 7604/5023/1261 7603/5024/1261 7601/5022/1260
f 7604/5023/1261 7606/5025/1262 7605/5026/1262 7603/5024/1261
f 7606/5025/1262 7608/5027/1263 7607/5028/1263 7605/5026/1262
f 7608/5027/1263 7610/5029/1264 7609/5030/1264 7607/5028/1263
f 7610/5029/1264 7612/5031/1265 7611/5032/1265 7609/5030/1264
f 7612/5031/1265 7614/5033/1266 7613/5034/1266 7611/5032/1265
f 7614/5033/1266 7616/5035/1267 7615/5036/1267 7613/5034/1266
f 7616/5035/1267 7618/5037/1268 7617/5038/1268 7615/5036/1267
f 7618/5037/1268 7620/5039/1269 7619/5040/1269 7617/5038/1268
f 7620/5039/1269 7622/5041/1270 7621/5042/1270 7619/5040/1269
f 7622/5041/1270 7624/5043/1271 7623/5044/1271 7621/5042/1270
f 7624/5043/1271 7626/5045/1272 7625/5046/1272 7623/5044/1271
f 7626/5045/1272 7628/5047/1273 7627/5048/1273 7625/5046/1272
f 7628/5047/1273 7630/5049/1274 7629/5050/1274 7627/5048/1273
f 7630/5049/1274 7632/5051/1275 7631/5052/1275 7629/5050/1274
f 7632/5051/1275 7634/5053/1276 7633/5054/1276 7631/5052/1275
f 7634/5053/1276 7636/5055/1277 7635/5056/1277 7633/5054/1276
f 7636/5055/1277 7638/5057/1278 7637/5058/1278 7635/5056/1277
f 7638/5057/1278 7640/5059/1279 7639/5060/1279 7637/5058/1278
f 7640/5059/1279 7642/5061/1280 7641/5062/1280 7639/5060/1279
f 7642/5061/1280 7644/5063/1281 7643/5064/1281 7641/5062/1280
f 7644/5063/1281 7646/5065/1282 7645/5066/1282 7643/5064/1281
f 7646/5065/1282 7648/5067/1283 7647/5068/1283 7645/5066/1282
f 7648/5067/1283 7650/5069/1284 7649/5070/1284 7647/5068/1283
f 7650/5069/1284 7652/5071/1285 7651/5072/1285 7649/5070/1284
f 7652/5071/1285 7654/5073/1286 7653/5074/1286 7651/5072/1285
f 7654/5073/1286 7656/5075/1287 7655/5076/1287 7653/5074/1286
f 7656/5075/1287 7658/5077/727 7657/5078/727 7655/5076/1287
f 7658/5077/727 7660/5079/1288 7659/5080/1288 7657/5078/727
f 7660/5079/1288 7662/5081/1289 7661/5082/1289 7659/5080/1288
f 7662/5081/1289 7664/5083/1290 7663/5084/1290 7661/5082/1289
f 7664/5083/1290 7666/5085/1291 7665/5086/1291 7663/5084/1290
f 7666/5085/1291 7668/5087/1292 7667/5088/1292 7665/5086/1291
f 7668/5087/1292 7670/5089/1293 7669/5090/1293 7667/5088/1292
f 7670/5089/1293 7672/5091/1294 7671/5092/1294 7669/5090/1293
f 7672/5091/1294 7674/5093/1295 7673/5094/1295 7671/5092/1294
f 7674/5093/1295 7676/5095/1296 7675/5096/1296 7673/5094/1295
f 7676/5095/1296 7678/5097/527 7677/5098/527 7675/5096/1296
f 7678/5097/527 7680/5099/1297 7679/5100/1297 7677/5098/527
f 7680/5099/1297 7682/5101/1298 7681/5102/1298 7679/5100/1297
f 7682/5101/1298 7684/5103/1299 7683/5104/1299 7681/5102/1298
f 7684/5103/1299 7686/5105/1300 7685/5106/1300 7683/5104/1299
f 7686/5105/1300 7688/5107/1301 7687/5108/1301 7685/5106/1300
f 7688/5107/1301 7690/5109/1302 7689/5110/1302 7687/5108/1301
f 7690/5109/1302 7692/5111/1303 7691/5112/1303 7689/5110/1302
f 7692/5111/1303 7694/5113/1304 7693/5114/1304 7691/5112/1303
f 7694/5113/1304 7696/5115/1305 7695/5116/1305 7693/5114/1304
f 7696/5115/1305 7698/5117/1306 7697/5118/1306 7695/5116/1305
f 7698/5117/1306 7700/5119/1307 7699/5120/1307 7697/5118/1306
f 7700/5119/1307 7702/5121/1308 7701/5122/1308 7699/5120/1307
f 7702/5121/1308 7704/5123/1309 7703/5124/1309 7701/5122/1308
f 7704/5123/1309 7706/5125/1310 7705/5126/1310 7703/5124/1309
f 7706/5125/1310 7708/5127/1311 7707/5128/1311 7705/5126/1310
f 7708/5127/1311 7710/5129/1312 7709/5130/1312 7707/5128/1311
f 7710/5129/1312 7712/5131/1313 7711/5132/1313 7709/5130/1312
f 7712/5131/1313 7714/5133/1314 7713/5134/1314 7711/5132/1313
f 7714/5133/1314 7716/5135/1315 7715/5136/1315 7713/5134/1314
f 7716/5135/1315 7718/5137/1316 7717/5138/1316 7715/5136/1315
f 7718/5137/1316 7720/5139/1317 7719/5140/1317 7717/5138/1316
f 7720/5139/1317 7722/5141/1318 7721/5142/1318 7719/5140/1317
f 7722/5141/1318 7724/5143/787 7723/5144/787 7721/5142/1318
f 7724/5143/787 7726/5145/1319 7725/5146/1319 7723/5144/787
f 7726/5145/1319 7728/5147/1320 7727/5148/1320 7725/5146/1319
f 7728/5147/1320 7730/5149/1321 7729/5150/1321 7727/5148/1320
f 7730/5149/1321 7732/5151/1322 7731/5152/1322 7729/5150/1321
f 7732/5151/1322 7734/5153/1323 7733/5154/1323 7731/5152/1322
f 7734/5153/1323 7736/5155/1017 7735/5156/1017 7733/5154/1323
f 7736/5155/1017 7738/5157/1324 7737/5158/1324 7735/5156/1017
f 7738/5157/1324 7740/5159/1325 7739/5160/1325 7737/5158/1324
f 7740/5159/1325 7742/5161/1326 7741/5162/1326 7739/5160/1325
f 7742/5161/1326 7744/5163/1327 7743/5164/1327 7741/5162/1326
f 7744/5163/1327 7746/5165/1328 7745/5166/1328 7743/5164/1327
f 7746/5165/1328 7748/5167/1329 7747/5168/1329 7745/5166/1328
f 7748/5167/1329 7750/5169/1330 7749/5170/1330 7747/5168/1329
f 7750/5169/1330 7752/5171/1331 7751/5172/1331 7749/5170/1330
f 7752/5171/1331 7754/5173/1332 7753/5174/1332 7751/5172/1331
f 7754/5173/1332 7756/5175/1333 7755/5176/1333 7753/5174/1332
f 7756/5175/1333 7758/5177/1334 7757/5178/1334 7755/5176/1333
f 7758/5177/1334 7760/5179/1335 7759/5180/1335 7757/5178/1334
f 7760/5179/1335 7762/5181/1336 7761/5182/1336 7759/5180/1335
f 7762/5181/1336 7764/5183/1337 7763/5184/1337 7761/5182/1336
f 7764/5183/1337 7766/5185/1338 7765/5186/1338 7763/5184/1337
f 7766/5185/1338 7768/5187/1339 7767/5188/1339 7765/5186/1338
f 7768/5187/1339 7770/5189/1340 7769/5190/1340 7767/5188/1339
f 7770/5189/1340 7772/5191/1341 7771/5192/1341 7769/5190/1340
f 7772/5191/1341 7774/5193/1342 7773/5194/1342 7771/5192/1341
f 7774/5193/1342 7776/5195/1343 7775/5196/1343 7773/5194/1342
f 7776/5195/1343 7778/5197/1344 7777/5198/1344 7775/5196/1343
f 7778/5197/1344 7780/5199/1345 7779/5200/1345 7777/5198/1344
f 7780/5199/1345 7782/5201/1346 7781/5202/1346 7779/5200/1345
f 7782/5201/1346 7784/5203/1347 7783/5204/1347 7781/5202/1346
f 7784/5203/1347 7786/5205/1348 7785/5206/1348 7783/5204/1347
f 7786/5205/1348 7788/5207/1349 7787/5208/1349 7785/5206/1348
f 7788/5207/1349 7790/5209/1350 7789/5210/1350 7787/5208/1349
f 7790/5209/1350 7792/5211/1351 7791/5212/1351 7789/5210/1350
f 7792/5211/1351 7794/5213/1352 7793/5214/1352 7791/5212/1351
f 7794/5213/1352 7796/5215/1353 7795/5216/1353 7793/5214/1352
f 7796/5215/1353 7798/5217/1354 7797/5218/1354 7795/5216/1353
f 7798/5217/1354 7800/5219/1355 7799/5220/1355 7797/5218/1354
f 7800/5219/1355 7802/5221/1356 7801/5222/1356 7799/5220/1355
f 7802/5221/1356 7804/5223/1357 7803/5224/1357 7801/5222/1356
f 7804/5223/1357 7806/5225/1358 7805/5226/1358 7803/5224/1357
f 7806/5225/1358 7808/5227/1051 7807/5228/1051 7805/5226/1358
f 7808/5227/1051 7810/5229/1359 7809/5230/1359 7807/5228/1051
f 7810/5229/1359 7812/5231/1360 7811/5232/1360 7809/5230/1359
f 7812/5231/1360 7814/5233/1361 7813/5234/1361 7811/5232/1360
f 7814/5233/1361 7816/5235/1362 7815/5236/1362 7813/5234/1361
f 7816/5235/1362 7818/5237/1363 7817/5238/1363 7815/5236/1362
f 7818/5237/1363 7820/5239/1364 7819/5240/1364 7817/5238/1363
f 7820/5239/1364 7822/5241/1365 7821/5242/1365 7819/5240/1364
f 7822/5241/1365 7824/5243/1366 7823/5244/1366 7821/5242/1365
f 7824/5243/1366 7826/5245/1367 7825/5246/1367 7823/5244/1366
f 7826/5245/1367 7828/5247/1368 7827/5248/1368 7825/5246/1367
f 7828/5247/1368 7830/5249/1369 7829/5250/1369 7827/5248/1368
f 7830/5249/1369 7832/5251/1370 7831/5252/1370 7829/5250/1369
f 7832/5251/1370 7834/5253/1371 7833/5254/1371 7831/5252/1370
f 7834/5253/1371 7836/5255/1186 7835/5256/1186 7833/5254/1371
f 7836/5255/1186 7838/5257/1372 7837/5258/1372 7835/5256/1186
f 7838/5257/1372 7840/5259/1188 7839/5260/1188 7837/5258/1372
f 7840/5259/1188 7842/5261/1189 7841/5262/1189 7839/5260/1188
f 7842/5261/1189 7844/5263/1190 7843/5264/1190 7841/5262/1189
f 7844/5263/1190 7846/5265/1373 7845/5266/1373 7843/5264/1190
f 7846/5265/1373 7848/5267/1192 7847/5268/1192 7845/5266/1373
f 7848/5267/1192 7850/5269/1193 7849/5270/1193 7847/5268/1192
f 7850/5269/1193 7852/5271/1374 7851/5272/1374 7849/5270/1193
f 7852/5271/1374 7854/5273/1195 7853/5274/1195 7851/5272/1374
f 7854/5273/1195 7856/5275/1196 7855/5276/1196 7853/5274/1195
f 7856/5275/1196 7858/5277/1197 7857/5278/1197 7855/5276/1196
f 7858/5277/1197 7860/5279/1198 7859/5280/1198 7857/5278/1197
f 7860/5279/1198 7862/5281/1199 7861/5282/1199 7859/5280/1198
f 7862/5281/1199 7864/5283/1200 7863/5284/1200 7861/5282/1199
f 7864/5283/1200 7866/5285/1201 7865/5286/1201 7863/5284/1200
f 7866/5285/1201 7868/5287/1375 7867/5288/1375 7865/5286/1201
f 7868/5287/1375 7870/5289/1203 7869/5290/1203 7867/5288/1375
f 7870/5289/1203 7872/5291/1204 7871/5292/1204 7869/5290/1203
f 7872/5291/1204 7874/5293/1205 7873/5294/1205 7871/5292/1204
f 7874/5293/1205 7876/5295/1206 7875/5296/1206 7873/5294/1205
f 7876/5295/1206 7878/5297/150 7877/5298/150 7875/5296/1206
f 7878/5297/150 7880/5299/1207 7879/5300/1207 7877/5298/150
f 7880/5299/1207 7882/5301/1208 7881/5302/1208 7879/5300/1207
f 7882/5301/1208 7884/5303/1209 7883/5304/1209 7881/5302/1208
f 7884/5303/1209 7886/5305/1210 7885/5306/1210 7883/5304/1209
f 7886/5305/1210 7888/5307/1211 7887/5308/1211 7885/5306/1210
f 7888/5307/1211 7890/5309/1212 7889/5310/1212 7887/5308/1211
f 7890/5309/1212 7892/5311/1213 7891/5312/1213 7889/5310/1212
f 7892/5311/1213 7894/5313/1214 7893/5314/1214 7891/5312/1213
f 7894/5313/1214 7896/5315/1215 7895/5316/1215 7893/5314/1214
f 7896/5315/1215 7898/5317/1216 7897/5318/1216 7895/5316/1215
f 7898/5317/1216 7900/5319/1217 7899/5320/1217 7897/5318/1216
f 7900/5319/1217 7902/5321/1218 7901/5322/1218 7899/5320/1217
f 7902/5321/1218 7904/5323/1219 7903/5324/1219 7901/5322/1218
f 7904/5323/1219 7906/5325/468 7905/5326/468 7903/5324/1219
f 7906/5325/468 7908/5327/1220 7907/5328/1220 7905/5326/468
f 7908/5327/1220 7910/5329/1221 7909/5330/1221 7907/5328/1220
f 7910/5329/1221 7912/5331/1222 7911/5332/1222 7909/5330/1221
f 7912/5331/1222 7914/5333/1223 7913/5334/1223 7911/5332/1222
f 7914/5333/1223 7916/5335/1224 7915/5336/1224 7913/5334/1223
f 7916/5335/1224 7918/5337/1225 7917/5338/1225 7915/5336/1224
f 7918/5337/1225 7920/5339/1226 7919/5340/1226 7917/5338/1225
f 7920/5339/1226 7922/5341/1227 7921/5342/1227 7919/5340/1226
f 7922/5341/1227 7924/5343/1228 7923/5344/1228 7921/5342/1227
f 7924/5343/1228 7926/5345/1229 7925/5346/1229 7923/5344/1228
f 7926/5345/1229 7928/5347/1230 7927/5348/1230 7925/5346/1229
f 7928/5347/1230 7930/5349/1231 7929/5350/1231 7927/5348/1230
f 7930/5349/1231 7932/5351/1232 7931/5352/1232 7929/5350/1231
f 7932/5351/1232 7934/5353/1233 7933/5354/1233 7931/5352/1232
f 7934/5353/1233 7936/5355/1376 7935/5356/1376 7933/5354/1233
f 7936/5355/1376 7938/5357/1377 7937/5358/1377 7935/5356/1376
f 7938/5357/1377 7940/5359/1378 7939/5360/1378 7937/5358/1377
f 7940/5359/1378 7942/5361/1379 7941/5362/1379 7939/5360/1378
f 7942/5361/1379 7944/5363/1380 7943/5364/1380 7941/5362/1379
f 7944/5363/1380 7946/5365/1381 7945/5366/1381 7943/5364/1380
f 7946/5365/1381 7948/5367/1382 7947/5368/1382 7945/5366/1381
f 7948/5367/1382 7950/5369/1383 7949/5370/1383 7947/5368/1382
f 7950/5369/1383 7952/5371/1384 7951/5372/1384 7949/5370/1383
f 7952/5371/1384 7954/5373/1385 7953/5374/1385 7951/5372/1384
f 7954/5373/1385 7956/5375/1386 7955/5376/1386 7953/5374/1385
f 7956/5375/1386 7958/5377/1387 7957/5378/1387 7955/5376/1386
f 7958/5377/1387 7960/5379/1388 7959/5380/1388 7957/5378/1387
f 7960/5379/1388 7962/5381/696 7961/5382/696 7959/5380/1388
f 7962/5381/696 7964/5383/1389 7963/5384/1389 7961/5382/696
f 7964/5383/1389 7966/5385/1390 7965/5386/1390 7963/5384/1389
f 7966/5385/1390 7968/5387/1391 7967/5388/1391 7965/5386/1390
f 7968/5387/1391 7970/5389/1392 7969/5390/1392 7967/5388/1391
f 7970/5389/1392 7972/5391/1393 7971/5392/1393 7969/5390/1392
f 7972/5391/1393 7974/5393/1394 7973/5394/1394 7971/5392/1393
f 7974/5393/1394 7976/5395/1395 7975/5396/1395 7973/5394/1394
f 7976/5395/1395 7978/5397/1396 7977/5398/1396 7975/5396/1395
f 7978/5397/1396 7980/5399/1255 7979/5400/1255 7977/5398/1396
f 7980/5399/1255 7982/5401/1256 7981/5402/1256 7979/5400/1255
f 7982/5401/1256 7984/5403/1257 7983/5404/1257 7981/5402/1256
f 7984/5403/1257 7986/5405/1258 7985/5406/1258 7983/5404/1257
f 7986/5405/1258 7988/5407/1259 7987/5408/1259 7985/5406/1258
f 7988/5407/1259 7990/5409/1260 7989/5410/1260 7987/5408/1259
f 7990/5409/1260 7992/5411/1261 7991/5412/1261 7989/5410/1260
f 7992/5411/1261 7994/5413/1262 7993/5414/1262 7991/5412/1261
f 7994/5413/1262 7996/5415/1397 7995/5416/1397 7993/5414/1262
f 7996/5415/1397 7998/5417/1264 7997/5418/1264 7995/5416/1397
f 7998/5417/1264 8000/5419/1265 7999/5420/1265 7997/5418/1264
f 8000/5419/1265 8002/5421/1398 8001/5422/1398 7999/5420/1265
f 8002/5421/1398 8004/5423/1399 8003/5424/1399 8001/5422/1398
f 8004/5423/1399 8006/5425/1400 8005/5426/1400 8003/5424/1399
f 8006/5425/1400 8008/5427/1401 8007/5428/1401 8005/5426/1400
f 8008/5427/1401 8010/5429/1402 8009/5430/1402 8007/5428/1401
f 8010/5429/1402 8012/5431/1403 8011/5432/1403 8009/5430/1402
f 8012/5431/1403 8014/5433/1404 8013/5434/1404 8011/5432/1403
f 8014/5433/1404 8016/5435/1405 8015/5436/1405 8013/5434/1404
f 8016/5435/1405 8018/5437/1406 8017/5438/1406 8015/5436/1405
f 8018/5437/1406 8020/5439/1407 8019/5440/1407 8017/5438/1406
f 8020/5439/1407 8022/5441/315 8021/5442/315 8019/5440/1407
f 8022/5441/315 8024/5443/1408 8023/5444/1408 8021/5442/315
f 8024/5443/1408 8026/5445/1409 8025/5446/1409 8023/5444/1408
f 8026/5445/1409 8028/5447/1410 8027/5448/1410 8025/5446/1409
f 8028/5447/1410 8030/5449/1411 8029/5450/1411 8027/5448/1410
f 8030/5449/1411 8032/5451/336 8031/5452/336 8029/5450/1411
f 8032/5451/336 8034/5453/1412 8033/5454/1412 8031/5452/336
f 8034/5453/1412 8036/5455/1413 8035/5456/1413 8033/5454/1412
f 8036/5455/1413 8038/5457/1414 8037/5458/1414 8035/5456/1413
f 8038/5457/1414 8040/5459/1415 8039/5460/1415 8037/5458/1414
f 8040/5459/1415 8042/5461/1416 8041/5462/1416 8039/5460/1415
f 8042/5461/1416 8044/5463/1417 8043/5464/1417 8041/5462/1416
f 8044/5463/1417 8046/5465/1418 8045/5466/1418 8043/5464/1417
f 8046/5465/1418 8048/5467/1419 8047/5468/1419 8045/5466/1418
f 8048/5467/1419 8050/5469/1420 8049/5470/1420 8047/5468/1419
f 8050/5469/1420 8052/5471/1421 8051/5472/1421 8049/5470/1420
f 8052/5471/1421 8054/5473/1422 8053/5474/1422 8051/5472/1421
f 8054/5473/1422 8056/5475/1423 8055/5476/1423 8053/5474/1422
f 8056/5475/1423 8058/5477/1424 8057/5478/1424 8055/5476/1423
f 8058/5477/1424 8060/5479/1425 8059/5480/1425 8057/5478/1424
f 8060/5479/1425 8062/5481/1426 8061/5482/1426 8059/5480/1425
f 8062/5481/1426 8064/5483/1427 8063/5484/1427 8061/5482/1426
f 8064/5483/1427 8066/5485/1428 8065/5486/1428 8063/5484/1427
f 8066/5485/1428 8068/5487/1429 8067/5488/1429 8065/5486/1428
f 8068/5487/1429 8070/5489/1430 8069/5490/1430 8067/5488/1429
f 8070/5489/1430 8072/5491/1431 8071/5492/1431 8069/5490/1430
f 8072/5491/1431 8074/5493/1432 8073/5494/1432 8071/5492/1431
f 8074/5493/1432 8076/5495/1433 8075/5496/1433 8073/5494/1432
f 8076/5495/1433 8078/5497/1434 8077/5498/1434 8075/5496/1433
f 8078/5497/1434 8080/5499/1435 8079/5500/1435 8077/5498/1434
f 8080/5499/1435 8082/5501/1436 8081/5502/1436 8079/5500/1435
f 8082/5501/1436 8084/5503/1437 8083/5504/1437 8081/5502/1436
f 8084/5503/1437 8086/5505/1438 8085/5506/1438 8083/5504/1437
f 8086/5505/1438 8088/5507/1439 8087/5508/1439 8085/5506/1438
f 8088/5507/1439 8090/5509/1440 8089/5510/1440 8087/5508/1439
f 8090/5509/1440 8092/5511/1441 8091/5512/1441 8089/5510/1440
f 8092/5511/1441 8094/5513/1442 8093/5514/1442 8091/5512/1441
f 8094/5513/1442 8096/5515/1443 8095/5516/1443 8093/5514/1442
f 8096/5515/1443 8098/5517/1444 8097/5518/1444 8095/5516/1443
f 8098/5517/1444 8100/5519/1445 8099/5520/1445 8097/5518/1444
f 8100/5519/1445 8102/5521/1446 8101/5522/1446 8099/5520/1445
f 8102/5521/1446 8104/5523/1447 8103/5524/1447 8101/5522/1446
f 8104/5523/1447 8106/5525/1448 8105/5526/1448 8103/5524/1447
f 8106/5525/1448 8108/5527/1449 8107/5528/1449 8105/5526/1448
f 8108/5527/1449 8110/5529/1450 8109/5530/1450 8107/5528/1449
f 8110/5529/1450 8112/5531/1451 8111/5532/1451 8109/5530/1450
f 8112/5531/1451 8114/5533/1452 8113/5534/1452 8111/5532/1451
f 8114/5533/1452 8116/5535/1453 8115/5536/1453 8113/5534/1452
f 8116/5535/1453 8118/5537/1454 8117/5538/1454 8115/5536/1453
f 8118/5537/1454 8120/5539/1455 8119/5540/1455 8117/5538/1454
f 8120/5539/1455 8122/5541/1456 8121/5542/1456 8119/5540/1455
f 8122/5541/1456 8124/5543/1017 8123/5544/1017 8121/5542/1456
f 8124/5543/1017 8126/5545/1324 8125/5546/1324 8123/5544/1017
f 8126/5545/1324 8128/5547/1325 8127/5548/1325 8125/5546/1324
f 8128/5547/1325 8130/5549/1326 8129/5550/1326 8127/5548/1325
f 8130/5549/1326 8132/5551/1327 8131/5552/1327 8129/5550/1326
f 8132/5551/1327 8134/5553/1328 8133/5554/1328 8131/5552/1327
f 8134/5553/1328 8136/5555/1329 8135/5556/1329 8133/5554/1328
f 8136/5555/1329 8138/5557/1330 8137/5558/1330 8135/5556/1329
f 8138/5557/1330 8140/5559/1331 8139/5560/1331 8137/5558/1330
f 8140/5559/1331 8142/5561/1332 8141/5562/1332 8139/5560/1331
f 8142/5561/1332 8144/5563/1333 8143/5564/1333 8141/5562/1332
f 8144/5563/1333 8146/5565/1334 8145/5566/1334 8143/5564/1333
f 8146/5565/1334 8148/5567/1335 8147/5568/1335 8145/5566/1334
f 8148/5567/1335 8150/5569/1336 8149/5570/1336 8147/5568/1335
f 8150/5569/1336 8152/5571/1337 8151/5572/1337 8149/5570/1336
f 8152/5571/1337 8154/5573/1338 8153/5574/1338 8151/5572/1337
f 8154/5573/1338 8156/5575/1339 8155/5576/1339 8153/5574/1338
f 8156/5575/1339 8158/5577/1340 8157/5578/1340 8155/5576/1339
f 8158/5577/1340 8160/5579/1341 8159/5580/1341 8157/5578/1340
f 8160/5579/1341 8162/5581/1342 8161/5582/1342 8159/5580/1341
f 8162/5581/1342 8164/5583/1343 8163/5584/1343 8161/5582/1342
f 8164/5583/1343 8166/5585/1344 8165/5586/1344 8163/5584/1343
f 8166/5585/1344 8168/5587/1345 8167/5588/1345 8165/5586/1344
f 8168/5587/1345 8170/5589/1346 8169/5590/1346 8167/5588/1345
f 8170/5589/1346 8172/5591/1347 8171/5592/1347 8169/5590/1346
f 8172/5591/1347 8174/5593/1457 8173/5594/1457 8171/5592/1347
f 8174/5593/1457 8176/5595/1349 8175/5596/1349 8173/5594/1457
f 8176/5595/1349 8178/5597/1350 8177/5598/1350 8175/5596/1349
f 8178/5597/1350 8180/5599/1351 8179/5600/1351 8177/5598/1350
f 8180/5599/1351 8182/5601/1352 8181/5602/1352 8179/5600/1351
f 8182/5601/1352 8184/5603/1353 8183/5604/1353 8181/5602/1352
f 8184/5603/1353 8186/5605/1354 8185/5606/1354 8183/5604/1353
f 8186/5605/1354 8188/5607/1355 8187/5608/1355 8185/5606/1354
f 8188/5607/1355 8190/5609/1356 8189/5610/1356 8187/5608/1355
f 8190/5609/1356 8192/5611/1357 8191/5612/1357 8189/5610/1356
f 8192/5611/1357 8194/5613/1358 8193/5614/1358 8191/5612/1357
f 8194/5613/1358 8196/5615/1051 8195/5616/1051 8193/5614/1358
f 8196/5615/1051 8198/5617/1359 8197/5618/1359 8195/5616/1051
f 8198/5617/1359 8200/5619/1360 8199/5620/1360 8197/5618/1359
f 8200/5619/1360 8202/5621/1361 8201/5622/1361 8199/5620/1360
f 8202/5621/1361 8204/5623/1362 8203/5624/1362 8201/5622/1361
f 8204/5623/1362 8206/5625/1363 8205/5626/1363 8203/5624/1362
f 8206/5625/1363 8208/5627/1364 8207/5628/1364 8205/5626/1363
f 8208/5627/1364 8210/5629/1365 8209/5630/1365 8207/5628/1364
f 8210/5629/1365 8212/5631/1366 8211/5632/1366 8209/5630/1365
f 8212/5631/1366 8214/5633/1367 8213/5634/1367 8211/5632/1366
f 8214/5633/1367 8216/5635/1368 8215/5636/1368 8213/5634/1367
f 8216/5635/1368 8218/5637/1369 8217/5638/1369 8215/5636/1368
f 8218/5637/1369 8220/5639/1370 8219/5640/1370 8217/5638/1369
f 8220/5639/1370 8222/5641/1371 8221/5642/1371 8219/5640/1370
f 8222/5641/1371 8224/5643/1186 8223/5644/1186 8221/5642/1371
f 8224/5643/1186 8226/5645/1187 8225/5646/1187 8223/5644/1186
f 8226/5645/1187 8228/5647/1188 8227/5648/1188 8225/5646/1187
f 8228/5647/1188 8230/5649/1189 8229/5650/1189 8227/5648/1188
f 8230/5649/1189 8232/5651/1190 8231/5652/1190 8229/5650/1189
f 8232/5651/1190 8234/5653/1191 8233/5654/1191 8231/5652/1190
f 8234/5653/1191 8236/5655/1192 8235/5656/1192 8233/5654/1191
f 8236/5655/1192 8238/5657/1193 8237/5658/1193 8235/5656/1192
f 8238/5657/1193 8240/5659/1374 8239/5660/1374 8237/5658/1193
f 8240/5659/1374 8242/5661/1195 8241/5662/1195 8239/5660/1374
f 8242/5661/1195 8244/5663/1196 8243/5664/1196 8241/5662/1195
f 8244/5663/1196 8246/5665/1458 8245/5666/1458 8243/5664/1196
f 8246/5665/1458 8248/5667/1459 8247/5668/1459 8245/5666/1458
f 8248/5667/1459 8250/5669/1460 8249/5670/1460 8247/5668/1459
f 8250/5669/1460 8252/5671/1461 8251/5672/1461 8249/5670/1460
f 8252/5671/1461 8254/5673/1462 8253/5674/1462 8251/5672/1461
f 8254/5673/1462 8256/5675/1463 8255/5676/1463 8253/5674/1462
f 8256/5675/1463 8258/5677/1464 8257/5678/1464 8255/5676/1463
f 8258/5677/1464 8260/5679/1465 8259/5680/1465 8257/5678/1464
f 8260/5679/1465 8262/5681/1466 8261/5682/1466 8259/5680/1465
f 8262/5681/1466 8264/5683/1467 8263/5684/1467 8261/5682/1466
f 8264/5683/1467 8266/5685/442 8265/5686/442 8263/5684/1467
f 8266/5685/442 8268/5687/1468 8267/5688/1468 8265/5686/442
f 8268/5687/1468 8270/5689/1469 8269/5690/1469 8267/5688/1468
f 8270/5689/1469 8272/5691/1470 8271/5692/1470 8269/5690/1469
f 8272/5691/1470 8274/5693/1471 8273/5694/1471 8271/5692/1470
f 8274/5693/1471 8276/5695/1472 8275/5696/1472 8273/5694/1471
f 8276/5695/1472 8278/5697/1473 8277/5698/1473 8275/5696/1472
f 8278/5697/1473 8280/5699/1474 8279/5700/1474 8277/5698/1473
f 8280/5699/1474 8282/5701/1214 8281/5702/1214 8279/5700/1474
f 8282/5701/1214 8284/5703/1475 8283/5704/1475 8281/5702/1214
f 8284/5703/1475 8286/5705/1476 8285/5706/1476 8283/5704/1475
f 8286/5705/1476 8288/5707/1477 8287/5708/1477 8285/5706/1476
f 8288/5707/1477 8290/5709/1478 8289/5710/1478 8287/5708/1477
f 8290/5709/1478 8292/5711/1479 8291/5712/1479 8289/5710/1478
f 8292/5711/1479 8294/5713/1480 8293/5714/1480 8291/5712/1479
f 8294/5713/1480 8296/5715/1481 8295/5716/1481 8293/5714/1480
f 8296/5715/1481 8298/5717/1482 8297/5718/1482 8295/5716/1481
f 8298/5717/1482 8300/5719/1483 8299/5720/1483 8297/5718/1482
f 8300/5719/1483 8302/5721/1223 8301/5722/1223 8299/5720/1483
f 8302/5721/1223 8304/5723/1484 8303/5724/1484 8301/5722/1223
f 8304/5723/1484 8306/5725/1485 8305/5726/1485 8303/5724/1484
f 8306/5725/1485 8308/5727/1486 8307/5728/1486 8305/5726/1485
f 8308/5727/1486 8310/5729/1487 8309/5730/1487 8307/5728/1486
f 8310/5729/1487 8312/5731/1488 8311/5732/1488 8309/5730/1487
f 8312/5731/1488 8314/5733/1489 8313/5734/1489 8311/5732/1488
f 8314/5733/1489 8316/5735/1490 8315/5736/1490 8313/5734/1489
f 8316/5735/1490 8318/5737/1231 8317/5738/1231 8315/5736/1490
f 8318/5737/1231 8320/5739/1491 8319/5740/1491 8317/5738/1231
f 8320/5739/1491 8322/5741/1492 8321/5742/1492 8319/5740/1491
f 8322/5741/1492 8324/5743/1493 8323/5744/1493 8321/5742/1492
f 8324/5743/1493 8326/5745/1494 8325/5746/1494 8323/5744/1493
f 8326/5745/1494 8328/5747/1495 8327/5748/1495 8325/5746/1494
f 8328/5747/1495 8330/5749/1496 8329/5750/1496 8327/5748/1495
f 8330/5749/1496 8332/5751/1497 8331/5752/1497 8329/5750/1496
f 8332/5751/1497 8334/5753/1239 8333/5754/1239 8331/5752/1497
f 8334/5753/1239 8336/5755/1498 8335/5756/1498 8333/5754/1239
f 8336/5755/1498 8338/5757/1499 8337/5758/1499 8335/5756/1498
f 8338/5757/1499 8340/5759/1500 8339/5760/1500 8337/5758/1499
f 8340/5759/1500 8342/5761/1501 8341/5762/1501 8339/5760/1500
f 8342/5761/1501 8344/5763/1502 8343/5764/1502 8341/5762/1501
f 8344/5763/1502 8346/5765/1503 8345/5766/1503 8343/5764/1502
f 8346/5765/1503 8348/5767/1504 8347/5768/1504 8345/5766/1503
f 8348/5767/1504 8350/5769/91 8349/5770/91 8347/5768/1504
f 8350/5769/91 8352/5771/1505 8351/5772/1505 8349/5770/91
f 8352/5771/1505 8354/5773/1248 8353/5774/1248 8351/5772/1505
f 8354/5773/1248 8356/5775/1506 8355/5776/1506 8353/5774/1248
f 8356/5775/1506 8358/5777/1507 8357/5778/1507 8355/5776/1506
f 8358/5777/1507 8360/5779/1508 8359/5780/1508 8357/5778/1507
f 8360/5779/1508 8362/5781/1509 8361/5782/1509 8359/5780/1508
f 8362/5781/1509 8364/5783/1510 8363/5784/1510 8361/5782/1509
f 8364/5783/1510 8366/5785/1511 8365/5786/1511 8363/5784/1510
f 8366/5785/1511 8368/5787/1512 8367/5788/1512 8365/5786/1511
f 8368/5787/1512 8370/5789/1513 8369/5790/1513 8367/5788/1512
f 8370/5789/1513 8372/5791/1514 8371/5792/1514 8369/5790/1513
f 8372/5791/1514 8374/5793/1515 8373/5794/1515 8371/5792/1514
f 8374/5793/1515 8376/5795/1516 8375/5796/1516 8373/5794/1515
f 8376/5795/1516 8378/5797/1517 8377/5798/1517 8375/5796/1516
f 8378/5797/1517 8380/5799/1518 8379/5800/1518 8377/5798/1517
f 8380/5799/1518 8382/5801/1519 8381/5802/1519 8379/5800/1518
f 8382/5801/1519 8384/5803/1520 8383/5804/1520 8381/5802/1519
f 8384/5803/1520 8386/5805/1521 8385/5806/1521 8383/5804/1520
f 8386/5805/1521 8388/5807/1522 8387/5808/1522 8385/5806/1521
f 8388/5807/1522 8390/5809/1523 8389/5810/1523 8387/5808/1522
f 8390/5809/1523 8392/5811/1524 8391/5812/1524 8389/5810/1523
f 8392/5811/1524 8394/5813/1525 8393/5814/1525 8391/5812/1524
f 8394/5813/1525 8396/5815/1526 8395/5816/1526 8393/5814/1525
f 8396/5815/1526 8398/5817/1270 8397/5818/1270 8395/5816/1526
f 8398/5817/1270 8400/5819/1527 8399/5820/1527 8397/5818/1270
f 8400/5819/1527 8402/5821/1528 8401/5822/1528 8399/5820/1527
f 8402/5821/1528 8404/5823/1529 8403/5824/1529 8401/5822/1528
f 8404/5823/1529 8406/5825/824 8405/5826/824 8403/5824/1529
f 8406/5825/824 8408/5827/1530 8407/5828/1530 8405/5826/824
f 8408/5827/1530 8410/5829/1531 8409/5830/1531 8407/5828/1530
f 8410/5829/1531 8412/5831/1532 8411/5832/1532 8409/5830/1531
f 8412/5831/1532 8414/5833/1533 8413/5834/1533 8411/5832/1532
f 8414/5833/1533 8416/5835/992 8415/5836/992 8413/5834/1533
f 8416/5835/992 8418/5837/1534 8417/5838/1534 8415/5836/992
f 8418/5837/1534 8420/5839/1535 8419/5840/1535 8417/5838/1534
f 8420/5839/1535 8422/5841/1536 8421/5842/1536 8419/5840/1535
f 8422/5841/1536 8424/5843/1537 8423/5844/1537 8421/5842/1536
f 8424/5843/1537 8426/5845/1538 8425/5846/1538 8423/5844/1537
f 8426/5845/1538 8428/5847/1539 8427/5848/1539 8425/5846/1538
f 8428/5847/1539 8430/5849/1540 8429/5850/1540 8427/5848/1539
f 8430/5849/1540 8432/5851/1541 8431/5852/1541 8429/5850/1540
f 8432/5851/1541 8434/5853/1542 8433/5854/1542 8431/5852/1541
f 8434/5853/1542 8436/5855/1543 8435/5856/1543 8433/5854/1542
f 8436/5855/1543 8438/5857/1544 8437/5858/1544 8435/5856/1543
f 8438/5857/1544 8440/5859/1545 8439/5860/1545 8437/5858/1544
f 8440/5859/1545 8442/5861/1546 8441/5862/1546 8439/5860/1545
f 8442/5861/1546 8444/5863/1547 8443/5864/1547 8441/5862/1546
f 8444/5863/1547 8446/5865/1548 8445/5866/1548 8443/5864/1547
f 8446/5865/1548 8448/5867/1549 8447/5868/1549 8445/5866/1548
f 8448/5867/1549 8450/5869/1550 8449/5870/1550 8447/5868/1549
f 8450/5869/1550 8452/5871/1551 8451/5872/1551 8449/5870/1550
f 8452/5871/1551 8454/5873/1552 8453/5874/1552 8451/5872/1551
f 8454/5873/1552 8456/5875/1553 8455/5876/1553 8453/5874/1552
f 8456/5875/1553 8458/5877/1554 8457/5878/1554 8455/5876/1553
f 8458/5877/1554 8460/5879/1555 8459/5880/1555 8457/5878/1554
f 8460/5879/1555 8462/5881/1556 8461/5882/1556 8459/5880/1555
f 8462/5881/1556 8464/5883/1557 8463/5884/1557 8461/5882/1556
f 8464/5883/1557 8466/5885/1558 8465/5886/1558 8463/5884/1557
f 8466/5885/1558 8468/5887/1559 8467/5888/1559 8465/5886/1558
f 8468/5887/1559 8470/5889/1560 8469/5890/1560 8467/5888/1559
f 8470/5889/1560 8472/5891/1561 8471/5892/1561 8469/5890/1560
f 8472/5891/1561 8474/5893/1562 8473/5894/1562 8471/5892/1561
f 8474/5893/1562 8476/5895/1563 8475/5896/1563 8473/5894/1562
f 8476/5895/1563 8478/5897/1564 8477/5898/1564 8475/5896/1563
f 8478/5897/1564 8480/5899/1565 8479/5900/1565 8477/5898/1564
f 8480/5899/1565 8482/5901/1566 8481/5902/1566 8479/5900/1565
f 8482/5901/1566 8484/5903/1567 8483/5904/1567 8481/5902/1566
f 8484/5903/1567 8486/5905/1568 8485/5906/1568 8483/5904/1567
f 8486/5905/1568 8488/5907/1569 8487/5908/1569 8485/5906/1568
f 8488/5907/1569 8490/5909/1570 8489/5910/1570 8487/5908/1569
f 8490/5909/1570 8492/5911/1571 8491/5912/1571 8489/5910/1570
f 8492/5911/1571 8494/5913/1572 8493/5914/1572 8491/5912/1571
f 8494/5913/1572 8496/5915/1573 8495/5916/1573 8493/5914/1572
f 8496/5915/1573 8498/5917/1574 8497/5918/1574 8495/5916/1573
f 8498/5917/1574 8500/5919/1575 8499/5920/1575 8497/5918/1574
f 8500/5919/1575 8502/5921/1576 8501/5922/1576 8499/5920/1575
f 8502/5921/1576 8504/5923/1577 8503/5924/1577 8501/5922/1576
f 8504/5923/1577 8506/5925/1578 8505/5926/1578 8503/5924/1577
f 8506/5925/1578 8508/5927/1579 8507/5928/1579 8505/5926/1578
f 8508/5927/1579 8510/5929/1580 8509/5930/1580 8507/5928/1579
f 8510/5929/1580 8512/5931/1581 8511/5932/1581 8509/5930/1580
f 8512/5931/1581 8514/5933/1582 8513/5934/1582 8511/5932/1581
f 8514/5933/1582 8516/5935/1583 8515/5936/1583 8513/5934/1582
f 8516/5935/1583 8518/5937/1584 8517/5938/1584 8515/5936/1583
f 8518/5937/1584 8520/5939/1585 8519/5940/1585 8517/5938/1584
f 8520/5939/1585 8522/5941/1586 8521/5942/1586 8519/5940/1585
f 8522/5941/1586 8524/5943/1587 8523/5944/1587 8521/5942/1586
f 8524/5943/1587 8526/5945/1588 8525/5946/1588 8523/5944/1587
f 8526/5945/1588 8528/5947/1589 8527/5948/1589 8525/5946/1588
f 8528/5947/1589 8530/5949/1590 8529/5950/1590 8527/5948/1589
f 8530/5949/1590 8532/5951/1591 8531/5952/1591 8529/5950/1590
f 8532/5951/1591 8534/5953/1592 8533/5954/1592 8531/5952/1591
f 8534/5953/1592 8536/5955/1593 8535/5956/1593 8533/5954/1592
f 8536/5955/1593 8538/5957/1594 8537/5958/1594 8535/5956/1593
f 8538/5957/1594 8540/5959/1595 8539/5960/1595 8537/5958/1594
f 8540/5959/1595 8542/5961/1596 8541/5962/1596 8539/5960/1595
f 8542/5961/1596 8544/5963/1597 8543/5964/1597 8541/5962/1596
f 8544/5963/1597 8546/5965/1598 8545/5966/1598 8543/5964/1597
f 8546/5965/1598 8548/5967/1599 8547/5968/1599 8545/5966/1598
f 8548/5967/1599 8550/5969/615 8549/5970/615 8547/5968/1599
f 8550/5969/615 8552/5971/1600 8551/5972/1600 8549/5970/615
f 8552/5971/1600 8554/5973/1601 8553/5974/1601 8551/5972/1600
f 8554/5973/1601 8556/5975/1602 8555/5976/1602 8553/5974/1601
f 8556/5975/1602 8558/5977/1603 8557/5978/1603 8555/5976/1602
f 8558/5977/1603 8560/5979/1604 8559/5980/1604 8557/5978/1603
f 8560/5979/1604 8562/5981/1605 8561/5982/1605 8559/5980/1604
f 8562/5981/1605 8564/5983/1606 8563/5984/1606 8561/5982/1605
f 8564/5983/1606 8566/5985/1607 8565/5986/1607 8563/5984/1606
f 8566/5985/1607 8568/5987/1608 8567/5988/1608 8565/5986/1607
f 8568/5987/1608 8570/5989/1609 8569/5990/1609 8567/5988/1608
f 8570/5989/1609 8572/5991/1610 8571/5992/1610 8569/5990/1609
f 8572/5991/1610 8574/5993/1611 8573/5994/1611 8571/5992/1610
f 8574/5993/1611 8576/5995/1612 8575/5996/1612 8573/5994/1611
f 8576/5995/1612 8578/5997/1613 8577/5998/1613 8575/5996/1612
f 8578/5997/1613 8580/5999/1614 8579/6000/1614 8577/5998/1613
f 8580/5999/1614 8582/6001/1615 8581/6002/1615 8579/6000/1614
f 8582/6001/1615 8584/6003/1616 8583/6004/1616 8581/6002/1615
f 8584/6003/1616 8586/6005/1617 8585/6006/1617 8583/6004/1616
f 8586/6005/1617 8588/6007/1618 8587/6008/1618 8585/6006/1617
f 8588/6007/1618 8590/6009/1619 8589/6010/1619 8587/6008/1618
f 8590/6009/1619 8592/6011/1620 8591/6012/1620 8589/6010/1619
f 8592/6011/1620 8594/6013/1621 8593/6014/1621 8591/6012/1620
f 8594/6013/1621 8596/6015/1622 8595/6016/1622 8593/6014/1621
f 8596/6015/1622 8598/6017/1623 8597/6018/1623 8595/6016/1622
f 8598/6017/1623 8600/6019/1624 8599/6020/1624 8597/6018/1623
f 8600/6019/1624 8602/6021/1625 8601/6022/1625 8599/6020/1624
f 8602/6021/1625 8604/6023/1626 8603/6024/1626 8601/6022/1625
f 8604/6023/1626 8606/6025/1627 8605/6026/1627 8603/6024/1626
f 8606/6025/1627 8608/6027/1628 8607/6028/1628 8605/6026/1627
f 8608/6027/1628 8610/6029/1629 8609/6030/1629 8607/6028/1628
f 8610/6029/1629 8612/6031/1630 8611/6032/1630 8609/6030/1629
f 8612/6031/1630 8614/6033/1631 8613/6034/1631 8611/6032/1630
f 8614/6033/1631 8616/6035/1632 8615/6036/1632 8613/6034/1631
f 8616/6035/1632 8618/6037/1633 8617/6038/1633 8615/6036/1632
f 8618/6037/1633 8620/6039/1634 8619/6040/1634 8617/6038/1633
f 8620/6039/1634 8622/6041/1635 8621/6042/1635 8619/6040/1634
f 8622/6041/1635 8624/6043/1636 8623/6044/1636 8621/6042/1635
f 8624/6043/1636 8626/6045/1637 8625/6046/1637 8623/6044/1636
f 8626/6045/1637 8628/6047/1638 8627/6048/1638 8625/6046/1637
f 8628/6047/1638 8630/6049/1639 8629/6050/1639 8627/6048/1638
f 8630/6049/1639 8632/6051/1640 8631/6052/1640 8629/6050/1639
f 8632/6051/1640 8634/6053/1641 8633/6054/1641 8631/6052/1640
f 8634/6053/1641 8636/6055/1642 8635/6056/1642 8633/6054/1641
f 8636/6055/1642 8638/6057/1643 8637/6058/1643 8635/6056/1642
f 8638/6057/1643 8640/6059/1644 8639/6060/1644 8637/6058/1643
f 8640/6059/1644 8642/6061/1645 8641/6062/1645 8639/6060/1644
f 8642/6061/1645 8644/6063/1646 8643/6064/1646 8641/6062/1645
f 8644/6063/1646 8646/6065/1647 8645/6066/1647 8643/6064/1646
f 8646/6065/1647 8648/6067/1648 8647/6068/1648 8645/6066/1647
f 8648/6067/1648 8650/6069/1649 8649/6070/1649 8647/6068/1648
f 8650/6069/1649 8652/6071/1650 8651/6072/1650 8649/6070/1649
f 8652/6071/1650 8654/6073/1651 8653/6074/1651 8651/6072/1650
f 8654/6073/1651 8656/6075/1652 8655/6076/1652 8653/6074/1651
f 8656/6075/1652 8658/6077/1653 8657/6078/1653 8655/6076/1652
f 8658/6077/1653 8660/6079/1654 8659/6080/1654 8657/6078/1653
f 8660/6079/1654 8662/6081/1655 8661/6082/1655 8659/6080/1654
f 8662/6081/1655 8664/6083/1656 8663/6084/1656 8661/6082/1655
f 8664/6083/1656 8666/6085/1657 8665/6086/1657 8663/6084/1656
f 8666/6085/1657 8668/6087/1658 8667/6088/1658 8665/6086/1657
f 8668/6087/1658 8670/6089/1659 8669/6090/1659 8667/6088/1658
f 8670/6089/1659 8672/6091/1660 8671/6092/1660 8669/6090/1659
f 8672/6091/1660 8674/6093/1661 8673/6094/1661 8671/6092/1660
f 8674/6093/1661 8676/6095/1662 8675/6096/1662 8673/6094/1661
f 8676/6095/1662 8678/6097/1663 8677/6098/1663 8675/6096/1662
f 8678/6097/1663 8680/6099/1664 8679/6100/1664 8677/6098/1663
f 8680/6099/1664 8682/6101/1665 8681/6102/1665 8679/6100/1664
f 8682/6101/1665 8684/6103/1666 8683/6104/1666 8681/6102/1665
f 8684/6103/1666 8686/6105/1667 8685/6106/1667 8683/6104/1666
f 8686/6105/1667 8688/6107/1668 8687/6108/1668 8685/6106/1667
f 8688/6107/1668 8690/6109/1669 8689/6110/1669 8687/6108/1668
f 8690/6109/1669 8692/6111/1670 8691/6112/1670 8689/6110/1669
f 8692/6111/1670 8694/6113/1671 8693/6114/1671 8691/6112/1670
f 8694/6113/1671 8696/6115/1672 8695/6116/1672 8693/6114/1671
f 8696/6115/1672 8698/6117/1673 8697/6118/1673 8695/6116/1672
f 8698/6117/1673 8700/6119/1674 8699/6120/1674 8697/6118/1673
f 8700/6119/1674 8702/6121/1675 8701/6122/1675 8699/6120/1674
f 8702/6121/1675 8704/6123/1676 8703/6124/1676 8701/6122/1675
f 8704/6123/1676 8706/6125/1677 8705/6126/1677 8703/6124/1676
f 8706/6125/1677 8708/6127/1678 8707/6128/1678 8705/6126/1677
f 8708/6127/1678 8710/6129/1679 8709/6130/1679 8707/6128/1678
f 8710/6129/1679 8712/6131/1680 8711/6132/1680 8709/6130/1679
f 8712/6131/1680 8714/6133/1681 8713/6134/1681 8711/6132/1680
f 8714/6133/1681 8716/6135/1682 8715/6136/1682 8713/6134/1681
f 8716/6135/1682 8718/6137/1683 8717/6138/1683 8715/6136/1682
f 8718/6137/1683 8720/6139/1684 8719/6140/1684 8717/6138/1683
f 8720/6139/1684 8722/6141/1685 8721/6142/1685 8719/6140/1684
f 8722/6141/1685 8724/6143/1686 8723/6144/1686 8721/6142/1685
f 8724/6143/1686 8726/6145/1687 8725/6146/1687 8723/6144/1686
f 8726/6145/1687 8728/6147/1688 8727/6148/1688 8725/6146/1687
f 8728/6147/1688 8730/6149/1689 8729/6150/1689 8727/6148/1688
f 8730/6149/1689 8732/6151/1690 8731/6152/1690 8729/6150/1689
f 8732/6151/1690 8734/6153/1691 8733/6154/1691 8731/6152/1690
f 8734/6153/1691 8736/6155/1692 8735/6156/1692 8733/6154/1691
f 8736/6155/1692 8738/6157/1693 8737/6158/1693 8735/6156/1692
f 8738/6157/1693 8740/6159/1694 8739/6160/1694 8737/6158/1693
f 8740/6159/1694 8742/6161/1695 8741/6162/1695 8739/6160/1694
f 8742/6161/1695 8744/6163/1696 8743/6164/1696 8741/6162/1695
f 8744/6163/1696 8746/6165/1697 8745/6166/1697 8743/6164/1696
f 8746/6165/1697 8748/6167/1698 8747/6168/1698 8745/6166/1697
f 8748/6167/1698 8750/6169/1699 8749/6170/1699 8747/6168/1698
f 8750/6169/1699 8752/6171/1700 8751/6172/1700 8749/6170/1699
f 8752/6171/1700 8754/6173/1701 8753/6174/1701 8751/6172/1700
f 8754/6173/1701 8756/6175/1702 8755/6176/1702 8753/6174/1701
f 8756/6175/1702 8758/6177/1703 8757/6178/1703 8755/6176/1702
f 8758/6177/1703 8760/6179/1704 8759/6180/1704 8757/6178/1703
f 8760/6179/1704 8762/6181/1705 8761/6182/1705 8759/6180/1704
f 8762/6181/1705 8764/6183/1706 8763/6184/1706 8761/6182/1705
f 8764/6183/1706 8766/6185/1707 8765/6186/1707 8763/6184/1706
f 8766/6185/1707 8768/6187/1708 8767/6188/1708 8765/6186/1707
f 8768/6187/1708 8770/6189/1709 8769/6190/1709 8767/6188/1708
f 8770/6189/1709 8772/6191/1710 8771/6192/1710 8769/6190/1709
f 8772/6191/1710 8774/6193/1711 8773/6194/1711 8771/6192/1710
f 8774/6193/1711 8776/6195/1712 8775/6196/1712 8773/6194/1711
f 8776/6195/1712 8778/6197/1713 8777/6198/1713 8775/6196/1712
f 8778/6197/1713 8780/6199/1714 8779/6200/1714 8777/6198/1713
f 8780/6199/1714 8782/6201/1715 8781/6202/1715 8779/6200/1714
f 8782/6201/1715 8784/6203/1716 8783/6204/1716 8781/6202/1715
f 8784/6203/1716 8786/6205/1717 8785/6206/1717 8783/6204/1716
f 8786/6205/1717 8788/6207/1718 8787/6208/1718 8785/6206/1717
f 8788/6207/1718 8790/6209/1719 8789/6210/1719 8787/6208/1718
f 8790/6209/1719 8792/6211/1720 8791/6212/1720 8789/6210/1719
f 8792/6211/1720 8794/6213/1721 8793/6214/1721 8791/6212/1720
f 8794/6213/1721 8796/6215/1722 8795/6216/1722 8793/6214/1721
f 8796/6215/1722 8798/6217/1723 8797/6218/1723 8795/6216/1722
f 8798/6217/1723 8800/6219/1724 8799/6220/1724 8797/6218/1723
f 8800/6219/1724 8802/6221/1725 8801/6222/1725 8799/6220/1724
f 8802/6221/1725 8804/6223/1726 8803/6224/1726 8801/6222/1725
f 8804/6223/1726 8806/6225/1727 8805/6226/1727 8803/6224/1726
f 8806/6225/1727 8808/6227/1728 8807/6228/1728 8805/6226/1727
f 8808/6227/1728 8810/6229/1729 8809/6230/1729 8807/6228/1728
f 8810/6229/1729 8812/6231/1730 8811/6232/1730 8809/6230/1729
f 8812/6231/1730 8814/6233/1731 8813/6234/1731 8811/6232/1730
f 8814/6233/1731 8816/6235/1732 8815/6236/1732 8813/6234/1731
f 8816/6235/1732 8818/6237/1733 8817/6238/1733 8815/6236/1732
f 8818/6237/1733 8820/6239/1734 8819/6240/1734 8817/6238/1733
f 8820/6239/1734 8822/6241/1735 8821/6242/1735 8819/6240/1734
f 8822/6241/1735 8824/6243/1736 8823/6244/1736 8821/6242/1735
f 8824/6243/1736 8826/6245/1737 8825/6246/1737 8823/6244/1736
f 8826/6245/1737 8828/6247/1738 8827/6248/1738 8825/6246/1737
f 8828/6247/1738 8830/6249/1739 8829/6250/1739 8827/6248/1738
f 8830/6249/1739 8832/6251/1740 8831/6252/1740 8829/6250/1739
f 8832/6251/1740 8834/6253/1741 8833/6254/1741 8831/6252/1740
f 8834/6253/1741 8836/6255/1742 8835/6256/1742 8833/6254/1741
f 8836/6255/1742 8838/6257/1743 8837/6258/1743 8835/6256/1742
f 8838/6257/1743 8840/6259/1744 8839/6260/1744 8837/6258/1743
f 8840/6259/1744 8842/6261/1745 8841/6262/1745 8839/6260/1744
f 8842/6261/1745 8844/6263/1746 8843/6264/1746 8841/6262/1745
f 8844/6263/1746 8846/6265/1747 8845/6266/1747 8843/6264/1746
f 8846/6265/1747 8848/6267/1748 8847/6268/1748 8845/6266/1747
f 8848/6267/1748 8850/6269/1749 8849/6270/1749 8847/6268/1748
f 8850/6269/1749 8852/6271/1750 8851/6272/1750 8849/6270/1749
f 8852/6271/1750 8854/6273/1751 8853/6274/1751 8851/6272/1750
f 8854/6273/1751 8856/6275/1752 8855/6276/1752 8853/6274/1751
f 8856/6275/1752 8858/6277/1753 8857/6278/1753 8855/6276/1752
f 8858/6277/1753 8860/6279/1754 8859/6280/1754 8857/6278/1753
f 8860/6279/1754 8862/6281/1755 8861/6282/1755 8859/6280/1754
f 8862/6281/1755 8864/6283/1756 8863/6284/1756 8861/6282/1755
f 8864/6283/1756 8866/6285/1757 8865/6286/1757 8863/6284/1756
f 8866/6285/1757 8868/6287/1758 8867/6288/1758 8865/6286/1757
f 8868/6287/1758 8870/6289/1759 8869/6290/1759 8867/6288/1758
f 8870/6289/1759 8872/6291/1760 8871/6292/1760 8869/6290/1759
f 8872/6291/1760 8874/6293/1761 8873/6294/1761 8871/6292/1760
f 8874/6293/1761 8876/6295/1762 8875/6296/1762 8873/6294/1761
f 8876/6295/1762 8878/6297/1763 8877/6298/1763 8875/6296/1762
f 8878/6297/1763 8880/6299/1764 8879/6300/1764 8877/6298/1763
f 8880/6299/1764 8882/6301/1765 8881/6302/1765 8879/6300/1764
f 8882/6301/1765 8884/6303/1766 8883/6304/1766 8881/6302/1765
f 8884/6303/1766 8886/6305/1767 8885/6306/1767 8883/6304/1766
f 8886/6305/1767 8888/6307/1768 8887/6308/1768 8885/6306/1767
f 8888/6307/1768 8890/6309/1769 8889/6310/1769 8887/6308/1768
f 8890/6309/1769 8892/6311/1770 8891/6312/1770 8889/6310/1769
f 8892/6311/1770 8894/6313/1771 8893/6314/1771 8891/6312/1770
f 8894/6313/1771 8896/6315/1772 8895/6316/1772 8893/6314/1771
f 8896/6315/1772 8898/6317/1773 8897/6318/1773 8895/6316/1772
f 8898/6317/1773 8900/6319/1774 8899/6320/1774 8897/6318/1773
f 8900/6319/1774 8902/6321/1775 8901/6322/1775 8899/6320/1774
f 8902/6321/1775 8904/6323/1776 8903/6324/1776 8901/6322/1775
f 8904/6323/1776 8906/6325/1777 8905/6326/1777 8903/6324/1776
f 8906/6325/1777 8908/6327/1778 8907/6328/1778 8905/6326/1777
f 8908/6327/1778 8910/6329/1779 8909/6330/1779 8907/6328/1778
f 8910/6329/1779 8912/6331/1780 8911/6332/1780 8909/6330/1779
f 8912/6331/1780 8914/6333/1781 8913/6334/1781 8911/6332/1780
f 8914/6333/1781 8916/6335/1782 8915/6336/1782 8913/6334/1781
f 8916/6335/1782 8918/6337/1783 8917/6338/1783 8915/6336/1782
f 8918/6337/1783 8920/6339/1784 8919/6340/1784 8917/6338/1783
f 8920/6339/1784 8922/6341/1785 8921/6342/1785 8919/6340/1784
f 8922/6341/1785 8924/6343/1786 8923/6344/1786 8921/6342/1785
f 8924/6343/1786 8926/6345/1787 8925/6346/1787 8923/6344/1786
f 8926/6345/1787 8928/6347/1788 8927/6348/1788 8925/6346/1787
f 8928/6347/1788 8930/6349/1789 8929/6350/1789 8927/6348/1788
f 8930/6349/1789 8932/6351/1790 8931/6352/1790 8929/6350/1789
f 8932/6351/1790 8934/6353/911 8933/6354/911 8931/6352/1790
f 8934/6353/911 8936/6355/1791 8935/6356/1791 8933/6354/911
f 8936/6355/1791 8938/6357/1792 8937/6358/1792 8935/6356/1791
f 8938/6357/1792 8940/6359/1793 8939/6360/1793 8937/6358/1792
f 8940/6359/1793 8942/6361/1794 8941/6362/1794 8939/6360/1793
f 8942/6361/1794 8944/6363/1795 8943/6364/1795 8941/6362/1794
f 8944/6363/1795 8946/6365/1796 8945/6366/1796 8943/6364/1795
f 8946/6365/1796 8948/6367/1797 8947/6368/1797 8945/6366/1796
f 8948/6367/1797 8950/6369/1798 8949/6370/1798 8947/6368/1797
f 8950/6369/1798 8952/6371/1799 8951/6372/1799 8949/6370/1798
f 8952/6371/1799 8954/6373/1800 8953/6374/1800 8951/6372/1799
f 8954/6373/1800 8956/6375/1801 8955/6376/1801 8953/6374/1800
f 8956/6375/1801 8958/6377/1802 8957/6378/1802 8955/6376/1801
f 8958/6377/1802 8960/6379/1803 8959/6380/1803 8957/6378/1802
f 8960/6379/1803 8962/6381/1804 8961/6382/1804 8959/6380/1803
f 8962/6381/1804 8964/6383/1805 8963/6384/1805 8961/6382/1804
f 8964/6383/1805 8966/6385/1806 8965/6386/1806 8963/6384/1805
f 8966/6385/1806 8968/6387/1807 8967/6388/1807 8965/6386/1806
f 8968/6387/1807 8970/6389/1808 8969/6390/1808 8967/6388/1807
f 8970/6389/1808 8972/6391/1809 8971/6392/1809 8969/6390/1808
f 8972/6391/1809 8974/6393/1810 8973/6394/1810 8971/6392/1809
f 8974/6393/1810 8976/6395/1811 8975/6396/1811 8973/6394/1810
f 8976/6395/1811 8978/6397/1812 8977/6398/1812 8975/6396/1811
f 8978/6397/1812 8980/6399/1813 8979/6400/1813 8977/6398/1812
f 8980/6399/1813 8982/6401/1814 8981/6402/1814 8979/6400/1813
f 8982/6401/1814 8984/6403/1815 8983/6404/1815 8981/6402/1814
f 8984/6403/1815 8986/6405/1816 8985/6406/1816 8983/6404/1815
f 8986/6405/1816 8988/6407/1817 8987/6408/1817 8985/6406/1816
f 8988/6407/1817 8990/6409/1818 8989/6410/1818 8987/6408/1817
f 8990/6409/1818 8992/6411/1819 8991/6412/1819 8989/6410/1818
f 8992/6411/1819 8994/6413/1820 8993/6414/1820 8991/6412/1819
f 8994/6413/1820 8996/6415/1821 8995/6416/1821 8993/6414/1820
f 8996/6415/1821 8998/6417/400 8997/6418/400 8995/6416/1821
f 8998/6417/400 9000/6419/1822 8999/6420/1822 8997/6418/400
f 9000/6419/1822 9002/6421/1823 9001/6422/1823 8999/6420/1822
f 9002/6421/1823 9004/6423/1824 9003/6424/1824 9001/6422/1823
f 9004/6423/1824 9006/6425/1825 9005/6426/1825 9003/6424/1824
f 9006/6425/1825 9008/6427/1826 9007/6428/1826 9005/6426/1825
f 9008/6427/1826 9010/6429/1827 9009/6430/1827 9007/6428/1826
f 9010/6429/1827 9012/6431/1828 9011/6432/1828 9009/6430/1827
f 9012/6431/1828 9014/6433/1829 9013/6434/1829 9011/6432/1828
f 9014/6433/1829 9016/6435/1830 9015/6436/1830 9013/6434/1829
f 9016/6435/1830 9018/6437/1831 9017/6438/1831 9015/6436/1830
f 9018/6437/1831 9020/6439/1832 9019/6440/1832 9017/6438/1831
f 9020/6439/1832 9022/6441/1833 9021/6442/1833 9019/6440/1832
f 9022/6441/1833 9024/6443/1834 9023/6444/1834 9021/6442/1833
f 9024/6443/1834 9026/6445/1835 9025/6446/1835 9023/6444/1834
f 9026/6445/1835 9028/6447/1836 9027/6448/1836 9025/6446/1835
f 9028/6447/1836 9030/6449/1837 9029/6450/1837 9027/6448/1836
f 9030/6449/1837 9032/6451/1838 9031/6452/1838 9029/6450/1837
f 9032/6451/1838 9034/6453/1839 9033/6454/1839 9031/6452/1838
f 9034/6453/1839 9036/6455/1840 9035/6456/1840 9033/6454/1839
f 9036/6455/1840 9038/6457/1841 9037/6458/1841 9035/6456/1840
f 9038/6457/1841 9040/6459/1842 9039/6460/1842 9037/6458/1841
f 9040/6459/1842 7444/3806/1184 7443/176/1184 9039/6460/1842
f 9042/2504/1843 9044/6461/1844 9043/6462/1844 9041/66/1843
f 9044/6461/1844 9046/6463/1845 9045/6464/1845 9043/6462/1844
f 9046/6463/1845 9048/6465/1846 9047/6466/1846 9045/6464/1845
f 9048/6465/1846 9050/6467/1847 9049/6468/1847 9047/6466/1846
f 9050/6467/1847 9052/6469/1848 9051/6470/1848 9049/6468/1847
f 9052/6469/1848 9054/6471/1849 9053/6472/1849 9051/6470/1848
f 9054/6471/1849 9056/6473/1850 9055/6474/1850 9053/6472/1849
f 9056/6473/1850 9058/6475/1851 9057/6476/1851 9055/6474/1850
f 9058/6475/1851 9060/6477/1852 9059/6478/1852 9057/6476/1851
f 9060/6477/1852 9062/6479/1853 9061/6480/1853 9059/6478/1852
f 9062/6479/1853 9064/6481/1854 9063/6482/1854 9061/6480/1853
f 9064/6481/1854 9066/6483/1855 9065/6484/1855 9063/6482/1854
f 9066/6483/1855 9068/6485/1856 9067/6486/1856 9065/6484/1855
f 9068/6485/1856 9070/6487/1857 9069/6488/1857 9067/6486/1856
f 9070/6487/1857 9072/6489/1858 9071/6490/1858 9069/6488/1857
f 9072/6489/1858 9074/6491/1859 9073/6492/1859 9071/6490/1858
f 9074/6491/1859 9076/6493/1860 9075/6494/1860 9073/6492/1859
f 9076/6493/1860 9078/6495/1861 9077/6496/1861 9075/6494/1860
f 9078/6495/1861 9080/6497/658 9079/6498/658 9077/6496/1861
f 9080/6497/658 9082/6499/1862 9081/6500/1862 9079/6498/658
f 9082/6499/1862 9084/6501/1863 9083/6502/1863 9081/6500/1862
f 9084/6501/1863 9086/6503/1864 9085/6504/1864 9083/6502/1863
f 9086/6503/1864 9088/6505/1865 9087/6506/1865 9085/6504/1864
f 9088/6505/1865 9090/6507/1866 9089/6508/1866 9087/6506/1865
f 9090/6507/1866 9092/6509/1867 9091/6510/1867 9089/6508/1866
f 9092/6509/1867 9094/6511/1868 9093/6512/1868 9091/6510/1867
f 9094/6511/1868 9096/6513/1869 9095/6514/1869 9093/6512/1868
f 9096/6513/1869 9098/6515/1870 9097/6516/1870 9095/6514/1869
f 9098/6515/1870 9100/6517/1871 9099/6518/1871 9097/6516/1870
f 9100/6517/1871 9102/6519/1872 9101/6520/1872 9099/6518/1871
f 9102/6519/1872 9104/6521/1873 9103/6522/1873 9101/6520/1872
f 9104/6521/1873 9106/6523/1874 9105/6524/1874 9103/6522/1873
f 9106/6523/1874 9108/6525/1875 9107/6526/1875 9105/6524/1874
f 9108/6525/1875 9110/6527/1876 9109/6528/1876 9107/6526/1875
f 9110/6527/1876 9112/6529/1877 9111/6530/1877 9109/6528/1876
f 9112/6529/1877 9114/6531/1878 9113/6532/1878 9111/6530/1877
f 9114/6531/1878 9116/6533/1879 9115/6534/1879 9113/6532/1878
f 9116/6533/1879 9118/6535/1880 9117/6536/1880 9115/6534/1879
f 9118/6535/1880 9120/6537/1881 9119/6538/1881 9117/6536/1880
f 9120/6537/1881 9122/6539/1882 9121/6540/1882 9119/6538/1881
f 9122/6539/1882 9124/6541/1883 9123/6542/1883 9121/6540/1882
f 9124/6541/1883 9126/6543/1884 9125/6544/1884 9123/6542/1883
f 9126/6543/1884 9128/6545/1885 9127/6546/1885 9125/6544/1884
f 9128/6545/1885 9130/6547/1886 9129/6548/1886 9127/6546/1885
f 9130/6547/1886 9132/6549/1887 9131/6550/1887 9129/6548/1886
f 9132/6549/1887 9134/6551/1888 9133/6552/1888 9131/6550/1887
f 9134/6551/1888 9136/6553/1889 9135/6554/1889 9133/6552/1888
f 9136/6553/1889 9138/6555/1890 9137/6556/1890 9135/6554/1889
f 9138/6555/1890 9140/6557/1891 9139/6558/1891 9137/6556/1890
f 9140/6557/1891 9142/6559/463 9141/6560/463 9139/6558/1891
f 9142/6559/463 9144/6561/1892 9143/6562/1892 9141/6560/463
f 9144/6561/1892 9146/6563/1893 9145/6564/1893 9143/6562/1892
f 9146/6563/1893 9148/6565/1894 9147/6566/1894 9145/6564/1893
f 9148/6565/1894 9150/6567/1895 9149/6568/1895 9147/6566/1894
f 9150/6567/1895 9152/6569/1896 9151/6570/1896 9149/6568/1895
f 9152/6569/1896 9154/6571/1897 9153/6572/1897 9151/6570/1896
f 9154/6571/1897 9156/6573/1898 9155/6574/1898 9153/6572/1897
f 9156/6573/1898 9158/6575/1899 9157/6576/1899 9155/6574/1898
f 9158/6575/1899 9160/6577/1900 9159/6578/1900 9157/6576/1899
f 9160/6577/1900 9162/6579/1901 9161/6580/1901 9159/6578/1900
f 9162/6579/1901 9164/6581/1902 9163/6582/1902 9161/6580/1901
f 9164/6581/1902 9166/6583/1903 9165/6584/1903 9163/6582/1902
f 9166/6583/1903 9168/6585/1904 9167/6586/1904 9165/6584/1903
f 9168/6585/1904 9170/6587/1905 9169/6588/1905 9167/6586/1904
f 9170/6587/1905 9172/6589/1906 9171/6590/1906 9169/6588/1905
f 9172/6589/1906 9174/6591/1907 9173/6592/1907 9171/6590/1906
f 9174/6591/1907 9176/6593/1908 9175/6594/1908 9173/6592/1907
f 9176/6593/1908 9178/6595/1909 9177/6596/1909 9175/6594/1908
f 9178/6595/1909 9180/6597/1910 9179/6598/1910 9177/6596/1909
f 9180/6597/1910 9182/6599/1911 9181/6600/1911 9179/6598/1910
f 9182/6599/1911 9184/6601/1912 9183/6602/1912 9181/6600/1911
f 9184/6601/1912 9186/6603/1913 9185/6604/1913 9183/6602/1912
f 9186/6603/1913 9188/6605/1914 9187/6606/1914 9185/6604/1913
f 9188/6605/1914 9190/6607/1915 9189/6608/1915 9187/6606/1914
f 9190/6607/1915 9192/6609/1916 9191/6610/1916 9189/6608/1915
f 9192/6609/1916 9194/6611/1917 9193/6612/1917 9191/6610/1916
f 9194/6611/1917 9196/6613/1918 9195/6614/1918 9193/6612/1917
f 9196/6613/1918 9198/6615/1919 9197/6616/1919 9195/6614/1918
f 9198/6615/1919 9200/6617/1920 9199/6618/1920 9197/6616/1919
f 9200/6617/1920 9202/6619/1921 9201/6620/1921 9199/6618/1920
f 9202/6619/1921 9204/6621/1922 9203/6622/1922 9201/6620/1921
f 9204/6621/1922 9206/6623/1923 9205/6624/1923 9203/6622/1922
f 9206/6623/1923 9208/6625/1924 9207/6626/1924 9205/6624/1923
f 9208/6625/1924 9210/6627/1925 9209/6628/1925 9207/6626/1924
f 9210/6627/1925 9212/6629/1926 9211/6630/1926 9209/6628/1925
f 9212/6629/1926 9214/6631/1927 9213/6632/1927 9211/6630/1926
f 9214/6631/1927 9216/6633/1928 9215/6634/1928 9213/6632/1927
f 9216/6633/1928 9218/6635/1929 9217/6636/1929 9215/6634/1928
f 9218/6635/1929 9220/6637/1930 9219/6638/1930 9217/6636/1929
f 9220/6637/1930 9222/6639/1931 9221/6640/1931 9219/6638/1930
f 9222/6639/1931 9224/6641/1932 9223/6642/1932 9221/6640/1931
f 9224/6641/1932 9226/6643/1933 9225/6644/1933 9223/6642/1932
f 9226/6643/1933 9228/6645/1934 9227/6646/1934 9225/6644/1933
f 9228/6645/1934 9230/6647/1935 9229/6648/1935 9227/6646/1934
f 9230/6647/1935 9232/6649/1936 9231/6650/1936 9229/6648/1935
f 9232/6649/1936 9234/6651/1937 9233/6652/1937 9231/6650/1936
f 9234/6651/1937 9236/6653/1938 9235/6654/1938 9233/6652/1937
f 9236/6653/1938 9238/6655/1939 9237/6656/1939 9235/6654/1938
f 9238/6655/1939 9240/6657/1940 9239/6658/1940 9237/6656/1939
f 9240/6657/1940 9242/6659/1941 9241/6660/1941 9239/6658/1940
f 9242/6659/1941 9244/6661/1942 9243/6662/1942 9241/6660/1941
f 9244/6661/1942 9246/6663/1943 9245/6664/1943 9243/6662/1942
f 9246/6663/1943 9248/6665/1944 9247/6666/1944 9245/6664/1943
f 9248/6665/1944 9250/6667/1945 9249/6668/1945 9247/6666/1944
f 9250/6667/1945 9252/6669/1946 9251/6670/1946 9249/6668/1945
f 9252/6669/1946 9254/6671/1947 9253/6672/1947 9251/6670/1946
f 9254/6671/1947 9256/6673/1948 9255/6674/1948 9253/6672/1947
f 9256/6673/1948 9258/6675/1949 9257/6676/1949 9255/6674/1948
f 9258/6675/1949 9260/6677/1950 9259/6678/1950 9257/6676/1949
f 9260/6677/1950 9262/6679/1951 9261/6680/1951 9259/6678/1950
f 9262/6679/1951 9264/6681/1952 9263/6682/1952 9261/6680/1951
f 9264/6681/1952 9266/6683/1953 9265/6684/1953 9263/6682/1952
f 9266/6683/1953 9268/6685/1954 9267/6686/1954 9265/6684/1953
f 9268/6685/1954 9270/6687/1955 9269/6688/1955 9267/6686/1954
f 9270/6687/1955 9272/6689/1956 9271/6690/1956 9269/6688/1955
f 9272/6689/1956 9274/6691/1957 9273/6692/1957 9271/6690/1956
f 9274/6691/1957 9276/6693/1958 9275/6694/1958 9273/6692/1957
f 9276/6693/1958 9278/6695/1959 9277/6696/1959 9275/6694/1958
f 9278/6695/1959 9280/6697/1960 9279/6698/1960 9277/6696/1959
f 9280/6697/1960 9282/6699/1961 9281/6700/1961 9279/6698/1960
f 9282/6699/1961 9284/6701/1962 9283/6702/1962 9281/6700/1961
f 9284/6701/1962 9286/6703/1963 9285/6704/1963 9283/6702/1962
f 9286/6703/1963 9288/6705/1964 9287/6706/1964 9285/6704/1963
f 9288/6705/1964 9290/6707/1965 9289/6708/1965 9287/6706/1964
f 9290/6707/1965 9292/6709/1966 9291/6710/1966 9289/6708/1965
f 9292/6709/1966 9294/6711/1967 9293/6712/1967 9291/6710/1966
f 9294/6711/1967 9296/6713/1968 9295/6714/1968 9293/6712/1967
f 9296/6713/1968 9298/6715/1969 9297/6716/1969 9295/6714/1968
f 9298/6715/1969 9300/6717/1970 9299/6718/1970 9297/6716/1969
f 9300/6717/1970 9302/6719/1971 9301/6720/1971 9299/6718/1970
f 9302/6719/1971 9304/6721/1972 9303/6722/1972 9301/6720/1971
f 9304/6721/1972 9306/6723/1973 9305/6724/1973 9303/6722/1972
f 9306/6723/1973 9308/6725/1974 9307/6726/1974 9305/6724/1973
f 9308/6725/1974 9310/6727/1975 9309/6728/1975 9307/6726/1974
f 9310/6727/1975 9312/6729/1976 9311/6730/1976 9309/6728/1975
f 9312/6729/1976 9314/6731/1977 9313/6732/1977 9311/6730/1976
f 9314/6731/1977 9316/6733/1978 9315/6734/1978 9313/6732/1977
f 9316/6733/1978 9318/6735/1979 9317/6736/1979 9315/6734/1978
f 9318/6735/1979 9320/6737/1980 9319/6738/1980 9317/6736/1979
f 9320/6737/1980 9322/6739/1981 9321/6740/1981 9319/6738/1980
f 9322/6739/1981 9324/6741/1982 9323/6742/1982 9321/6740/1981
f 9324/6741/1982 9326/6743/1983 9325/6744/1983 9323/6742/1982
f 9326/6743/1983 9328/6745/1984 9327/6746/1984 9325/6744/1983
f 9328/6745/1984 9330/6747/1985 9329/6748/1985 9327/6746/1984
f 9330/6747/1985 9332/6749/1986 9331/6750/1986 9329/6748/1985
f 9332/6749/1986 9334/6751/1987 9333/6752/1987 9331/6750/1986
f 9334/6751/1987 9336/6753/1988 9335/6754/1988 9333/6752/1987
f 9336/6753/1988 9338/6755/1989 9337/6756/1989 9335/6754/1988
f 9338/6755/1989 9340/6757/1990 9339/6758/1990 9337/6756/1989
f 9340/6757/1990 9342/6759/1991 9341/6760/1991 9339/6758/1990
f 9342/6759/1991 9344/6761/1992 9343/6762/1992 9341/6760/1991
f 9344/6761/1992 9346/6763/1993 9345/6764/1993 9343/6762/1992
f 9346/6763/1993 9348/6765/1994 9347/6766/1994 9345/6764/1993
f 9348/6765/1994 9350/6767/1995 9349/6768/1995 9347/6766/1994
f 9350/6767/1995 9352/6769/1996 9351/6770/1996 9349/6768/1995
f 9352/6769/1996 9354/6771/1997 9353/6772/1997 9351/6770/1996
f 9354/6771/1997 9356/6773/1998 9355/6774/1998 9353/6772/1997
f 9356/6773/1998 9358/6775/1999 9357/6776/1999 9355/6774/1998
f 9358/6775/1999 9360/6777/2000 9359/6778/2000 9357/6776/1999
f 9360/6777/2000 9362/6779/2001 9361/6780/2001 9359/6778/2000
f 9362/6779/2001 9364/6781/1725 9363/6782/1725 9361/6780/2001
f 9364/6781/1725 9366/6783/2002 9365/6784/2002 9363/6782/1725
f 9366/6783/2002 9368/6785/2003 9367/6786/2003 9365/6784/2002
f 9368/6785/2003 9370/6787/2004 9369/6788/2004 9367/6786/2003
f 9370/6787/2004 9372/6789/238 9371/6790/238 9369/6788/2004
f 9372/6789/238 9374/6791/2005 9373/6792/2005 9371/6790/238
f 9374/6791/2005 9376/6793/2006 9375/6794/2006 9373/6792/2005
f 9376/6793/2006 9378/6795/2007 9377/6796/2007 9375/6794/2006
f 9378/6795/2007 9380/6797/2008 9379/6798/2008 9377/6796/2007
f 9380/6797/2008 9382/6799/2009 9381/6800/2009 9379/6798/2008
f 9382/6799/2009 9384/6801/2010 9383/6802/2010 9381/6800/2009
f 9384/6801/2010 9386/6803/2011 9385/6804/2011 9383/6802/2010
f 9386/6803/2011 9388/6805/2012 9387/6806/2012 9385/6804/2011
f 9388/6805/2012 9390/6807/2013 9389/6808/2013 9387/6806/2012
f 9390/6807/2013 9392/6809/2014 9391/6810/2014 9389/6808/2013
f 9392/6809/2014 9394/6811/2015 9393/6812/2015 9391/6810/2014
f 9394/6811/2015 9396/6813/2016 9395/6814/2016 9393/6812/2015
f 9396/6813/2016 9398/6815/2017 9397/6816/2017 9395/6814/2016
f 9398/6815/2017 9400/6817/2018 9399/6818/2018 9397/6816/2017
f 9400/6817/2018 9402/6819/2019 9401/6820/2019 9399/6818/2018
f 9402/6819/2019 9404/6821/2020 9403/6822/2020 9401/6820/2019
f 9404/6821/2020 9406/6823/2021 9405/6824/2021 9403/6822/2020
f 9406/6823/2021 9408/6825/2022 9407/6826/2022 9405/6824/2021
f 9408/6825/2022 9410/6827/2023 9409/6828/2023 9407/6826/2022
f 9410/6827/2023 9412/6829/2024 9411/6830/2024 9409/6828/2023
f 9412/6829/2024 9414/6831/2025 9413/6832/2025 9411/6830/2024
f 9414/6831/2025 9416/6833/2026 9415/6834/2026 9413/6832/2025
f 9416/6833/2026 9418/6835/2027 9417/6836/2027 9415/6834/2026
f 9418/6835/2027 9420/6837/2028 9419/6838/2028 9417/6836/2027
f 9420/6837/2028 9422/6839/2029 9421/6840/2029 9419/6838/2028
f 9422/6839/2029 9424/6841/2030 9423/6842/2030 9421/6840/2029
f 9424/6841/2030 9426/6843/2031 9425/6844/2031 9423/6842/2030
f 9426/6843/2031 9428/6845/2032 9427/6846/2032 9425/6844/2031
f 9428/6845/2032 9430/6847/2033 9429/6848/2033 9427/6846/2032
f 9430/6847/2033 9432/6849/2034 9431/6850/2034 9429/6848/2033
f 9432/6849/2034 9434/6851/2035 9433/6852/2035 9431/6850/2034
f 9434/6851/2035 9436/6853/2036 9435/6854/2036 9433/6852/2035
f 9436/6853/2036 9438/6855/2037 9437/6856/2037 9435/6854/2036
f 9438/6855/2037 9440/6857/2038 9439/6858/2038 9437/6856/2037
f 9440/6857/2038 9442/6859/2039 9441/6860/2039 9439/6858/2038
f 9442/6859/2039 9444/6861/2040 9443/6862/2040 9441/6860/2039
f 9444/6861/2040 9446/6863/2041 9445/6864/2041 9443/6862/2040
f 9446/6863/2041 9448/6865/2042 9447/6866/2042 9445/6864/2041
f 9448/6865/2042 9450/6867/2043 9449/6868/2043 9447/6866/2042
f 9450/6867/2043 9452/6869/51 9451/6870/51 9449/6868/2043
f 9452/6869/51 9454/6871/2044 9453/6872/2044 9451/6870/51
f 9454/6871/2044 9456/6873/1065 9455/6874/1065 9453/6872/2044
f 9456/6873/1065 9458/6875/2045 9457/6876/2045 9455/6874/1065
f 9458/6875/2045 9460/6877/2046 9459/6878/2046 9457/6876/2045
f 9460/6877/2046 9462/6879/2047 9461/6880/2047 9459/6878/2046
f 9462/6879/2047 9464/6881/2048 9463/6882/2048 9461/6880/2047
f 9464/6881/2048 9466/6883/2049 9465/6884/2049 9463/6882/2048
f 9466/6883/2049 9468/6885/2050 9467/6886/2050 9465/6884/2049
f 9468/6885/2050 9470/6887/2051 9469/6888/2051 9467/6886/2050
f 9470/6887/2051 9472/6889/2052 9471/6890/2052 9469/6888/2051
f 9472/6889/2052 9474/6891/2053 9473/6892/2053 9471/6890/2052
f 9474/6891/2053 9476/6893/2054 9475/6894/2054 9473/6892/2053
f 9476/6893/2054 9478/6895/2055 9477/6896/2055 9475/6894/2054
f 9478/6895/2055 9480/6897/2056 9479/6898/2056 9477/6896/2055
f 9480/6897/2056 9482/6899/2057 9481/6900/2057 9479/6898/2056
f 9482/6899/2057 9484/6901/2058 9483/6902/2058 9481/6900/2057
f 9484/6901/2058 9486/6903/2059 9485/6904/2059 9483/6902/2058
f 9486/6903/2059 9488/6905/2060 9487/6906/2060 9485/6904/2059
f 9488/6905/2060 9490/6907/2061 9489/6908/2061 9487/6906/2060
f 9490/6907/2061 9492/6909/2062 9491/6910/2062 9489/6908/2061
f 9492/6909/2062 9494/6911/2063 9493/6912/2063 9491/6910/2062
f 9494/6911/2063 9496/6913/2064 9495/6914/2064 9493/6912/2063
f 9496/6913/2064 9498/6915/2065 9497/6916/2065 9495/6914/2064
f 9498/6915/2065 9500/6917/2066 9499/6918/2066 9497/6916/2065
f 9500/6917/2066 9502/6919/2067 9501/6920/2067 9499/6918/2066
f 9502/6919/2067 9504/6921/2068 9503/6922/2068 9501/6920/2067
f 9504/6921/2068 9506/6923/1876 9505/6924/1876 9503/6922/2068
f 9506/6923/1876 9508/6925/2069 9507/6926/2069 9505/6924/1876
f 9508/6925/2069 9510/6927/2070 9509/6928/2070 9507/6926/2069
f 9510/6927/2070 9512/6929/2071 9511/6930/2071 9509/6928/2070
f 9512/6929/2071 9514/6931/2072 9513/6932/2072 9511/6930/2071
f 9514/6931/2072 9516/6933/2073 9515/6934/2073 9513/6932/2072
f 9516/6933/2073 9518/6935/2074 9517/6936/2074 9515/6934/2073
f 9518/6935/2074 9520/6937/2075 9519/6938/2075 9517/6936/2074
f 9520/6937/2075 9522/6939/2076 9521/6940/2076 9519/6938/2075
f 9522/6939/2076 9524/6941/2077 9523/6942/2077 9521/6940/2076
f 9524/6941/2077 9526/6943/2078 9525/6944/2078 9523/6942/2077
f 9526/6943/2078 9528/6945/2079 9527/6946/2079 9525/6944/2078
f 9528/6945/2079 9530/6947/2080 9529/6948/2080 9527/6946/2079
f 9530/6947/2080 9532/6949/2081 9531/6950/2081 9529/6948/2080
f 9532/6949/2081 9534/6951/2082 9533/6952/2082 9531/6950/2081
f 9534/6951/2082 9536/6953/2083 9535/6954/2083 9533/6952/2082
f 9536/6953/2083 9538/6955/2084 9537/6956/2084 9535/6954/2083
f 9538/6955/2084 9540/6957/1328 9539/6958/1328 9537/6956/2084
f 9540/6957/1328 9542/6959/2085 9541/6960/2085 9539/6958/1328
f 9542/6959/2085 9544/6961/2086 9543/6962/2086 9541/6960/2085
f 9544/6961/2086 9546/6963/2087 9545/6964/2087 9543/6962/2086
f 9546/6963/2087 9548/6965/2088 9547/6966/2088 9545/6964/2087
f 9548/6965/2088 9550/6967/2089 9549/6968/2089 9547/6966/2088
f 9550/6967/2089 9552/6969/2090 9551/6970/2090 9549/6968/2089
f 9552/6969/2090 9554/6971/2091 9553/6972/2091 9551/6970/2090
f 9554/6971/2091 9556/6973/2092 9555/6974/2092 9553/6972/2091
f 9556/6973/2092 9558/6975/2093 9557/6976/2093 9555/6974/2092
f 9558/6975/2093 9560/6977/463 9559/6978/463 9557/6976/2093
f 9560/6977/463 9562/6979/2094 9561/6980/2094 9559/6978/463
f 9562/6979/2094 9564/6981/2095 9563/6982/2095 9561/6980/2094
f 9564/6981/2095 9566/6983/2096 9565/6984/2096 9563/6982/2095
f 9566/6983/2096 9568/6985/2097 9567/6986/2097 9565/6984/2096
f 9568/6985/2097 9570/6987/1893 9569/6988/1893 9567/6986/2097
f 9570/6987/1893 9572/6989/2098 9571/6990/2098 9569/6988/1893
f 9572/6989/2098 9574/6991/2099 9573/6992/2099 9571/6990/2098
f 9574/6991/2099 9576/6993/2100 9575/6994/2100 9573/6992/2099
f 9576/6993/2100 9578/6995/2101 9577/6996/2101 9575/6994/2100
f 9578/6995/2101 9580/6997/2102 9579/6998/2102 9577/6996/2101
f 9580/6997/2102 9582/6999/2103 9581/7000/2103 9579/6998/2102
f 9582/6999/2103 9584/7001/2104 9583/7002/2104 9581/7000/2103
f 9584/7001/2104 9586/7003/2105 9585/7004/2105 9583/7002/2104
f 9586/7003/2105 9588/7005/2106 9587/7006/2106 9585/7004/2105
f 9588/7005/2106 9590/7007/2107 9589/7008/2107 9587/7006/2106
f 9590/7007/2107 9592/7009/1488 9591/7010/1488 9589/7008/2107
f 9592/7009/1488 9594/7011/2108 9593/7012/2108 9591/7010/1488
f 9594/7011/2108 9596/7013/2109 9595/7014/2109 9593/7012/2108
f 9596/7013/2109 9598/7015/683 9597/7016/683 9595/7014/2109
f 9598/7015/683 9600/7017/2110 9599/7018/2110 9597/7016/683
f 9600/7017/2110 9602/7019/2111 9601/7020/2111 9599/7018/2110
f 9602/7019/2111 9604/7021/2112 9603/7022/2112 9601/7020/2111
f 9604/7021/2112 9606/7023/2113 9605/7024/2113 9603/7022/2112
f 9606/7023/2113 9608/7025/2114 9607/7026/2114 9605/7024/2113
f 9608/7025/2114 9610/7027/2115 9609/7028/2115 9607/7026/2114
f 9610/7027/2115 9612/7029/2116 9611/7030/2116 9609/7028/2115
f 9612/7029/2116 9614/7031/2117 9613/7032/2117 9611/7030/2116
f 9614/7031/2117 9616/7033/2118 9615/7034/2118 9613/7032/2117
f 9616/7033/2118 9618/7035/2119 9617/7036/2119 9615/7034/2118
f 9618/7035/2119 9620/7037/2120 9619/7038/2120 9617/7036/2119
f 9620/7037/2120 9622/7039/2121 9621/7040/2121 9619/7038/2120
f 9622/7039/2121 9624/7041/2122 9623/7042/2122 9621/7040/2121
f 9624/7041/2122 9626/7043/2123 9625/7044/2123 9623/7042/2122
f 9626/7043/2123 9628/7045/2124 9627/7046/2124 9625/7044/2123
f 9628/7045/2124 9630/7047/2125 9629/7048/2125 9627/7046/2124
f 9630/7047/2125 9632/7049/2126 9631/7050/2126 9629/7048/2125
f 9632/7049/2126 9634/7051/2127 9633/7052/2127 9631/7050/2126
f 9634/7051/2127 9636/7053/2128 9635/7054/2128 9633/7052/2127
f 9636/7053/2128 9638/7055/2129 9637/7056/2129 9635/7054/2128
f 9638/7055/2129 9640/7057/2130 9639/7058/2130 9637/7056/2129
f 9640/7057/2130 9642/7059/2131 9641/7060/2131 9639/7058/2130
f 9642/7059/2131 9644/7061/2132 9643/7062/2132 9641/7060/2131
f 9644/7061/2132 9646/7063/2133 9645/7064/2133 9643/7062/2132
f 9646/7063/2133 9648/7065/2134 9647/7066/2134 9645/7064/2133
f 9648/7065/2134 9650/7067/2135 9649/7068/2135 9647/7066/2134
f 9650/7067/2135 9652/7069/2136 9651/7070/2136 9649/7068/2135
f 9652/7069/2136 9654/7071/2137 9653/7072/2137 9651/7070/2136
f 9654/7071/2137 9656/7073/2138 9655/7074/2138 9653/7072/2137
f 9656/7073/2138 9658/7075/2139 9657/7076/2139 9655/7074/2138
f 9658/7075/2139 9660/7077/2140 9659/7078/2140 9657/7076/2139
f 9660/7077/2140 9662/7079/2141 9661/7080/2141 9659/7078/2140
f 9662/7079/2141 9664/7081/2142 9663/7082/2142 9661/7080/2141
f 9664/7081/2142 9666/7083/2143 9665/7084/2143 9663/7082/2142
f 9666/7083/2143 9668/7085/2144 9667/7086/2144 9665/7084/2143
f 9668/7085/2144 9670/7087/2145 9669/7088/2145 9667/7086/2144
f 9670/7087/2145 9672/7089/2146 9671/7090/2146 9669/7088/2145
f 9672/7089/2146 9674/7091/2147 9673/7092/2147 9671/7090/2146
f 9674/7091/2147 9676/7093/2148 9675/7094/2148 9673/7092/2147
f 9676/7093/2148 9678/7095/2149 9677/7096/2149 9675/7094/2148
f 9678/7095/2149 9680/7097/2150 9679/7098/2150 9677/7096/2149
f 9680/7097/2150 9682/7099/2151 9681/7100/2151 9679/7098/2150
f 9682/7099/2151 9684/7101/2152 9683/7102/2152 9681/7100/2151
f 9684/7101/2152 9686/7103/2153 9685/7104/2153 9683/7102/2152
f 9686/7103/2153 9688/7105/2154 9687/7106/2154 9685/7104/2153
f 9688/7105/2154 9690/7107/2155 9689/7108/2155 9687/7106/2154
f 9690/7107/2155 9692/7109/524 9691/7110/524 9689/7108/2155
f 9692/7109/524 9694/7111/2156 9693/7112/2156 9691/7110/524
f 9694/7111/2156 9696/7113/2157 9695/7114/2157 9693/7112/2156
f 9696/7113/2157 9698/7115/2158 9697/7116/2158 9695/7114/2157
f 9698/7115/2158 9700/7117/2159 9699/7118/2159 9697/7116/2158
f 9700/7117/2159 9702/7119/528 9701/7120/528 9699/7118/2159
f 9702/7119/528 9704/7121/2160 9703/7122/2160 9701/7120/528
f 9704/7121/2160 9706/7123/2161 9705/7124/2161 9703/7122/2160
f 9706/7123/2161 9708/7125/2162 9707/7126/2162 9705/7124/2161
f 9708/7125/2162 9710/7127/2163 9709/7128/2163 9707/7126/2162
f 9710/7127/2163 9712/7129/2164 9711/7130/2164 9709/7128/2163
f 9712/7129/2164 9714/7131/2165 9713/7132/2165 9711/7130/2164
f 9714/7131/2165 9716/7133/2166 9715/7134/2166 9713/7132/2165
f 9716/7133/2166 9718/7135/2167 9717/7136/2167 9715/7134/2166
f 9718/7135/2167 9720/7137/2168 9719/7138/2168 9717/7136/2167
f 9720/7137/2168 9722/7139/2169 9721/7140/2169 9719/7138/2168
f 9722/7139/2169 9724/7141/336 9723/7142/336 9721/7140/2169
f 9724/7141/336 9726/7143/2170 9725/7144/2170 9723/7142/336
f 9726/7143/2170 9728/7145/2171 9727/7146/2171 9725/7144/2170
f 9728/7145/2171 9730/7147/2172 9729/7148/2172 9727/7146/2171
f 9730/7147/2172 9732/7149/2173 9731/7150/2173 9729/7148/2172
f 9732/7149/2173 9734/7151/2174 9733/7152/2174 9731/7150/2173
f 9734/7151/2174 9736/7153/2175 9735/7154/2175 9733/7152/2174
f 9736/7153/2175 9738/7155/2176 9737/7156/2176 9735/7154/2175
f 9738/7155/2176 9740/7157/2177 9739/7158/2177 9737/7156/2176
f 9740/7157/2177 9742/7159/2178 9741/7160/2178 9739/7158/2177
f 9742/7159/2178 9744/7161/2179 9743/7162/2179 9741/7160/2178
f 9744/7161/2179 9746/7163/2180 9745/7164/2180 9743/7162/2179
f 9746/7163/2180 9748/7165/2181 9747/7166/2181 9745/7164/2180
f 9748/7165/2181 9750/7167/2182 9749/7168/2182 9747/7166/2181
f 9750/7167/2182 9752/7169/2183 9751/7170/2183 9749/7168/2182
f 9752/7169/2183 9754/7171/2184 9753/7172/2184 9751/7170/2183
f 9754/7171/2184 9756/7173/2185 9755/7174/2185 9753/7172/2184
f 9756/7173/2185 9758/7175/2186 9757/7176/2186 9755/7174/2185
f 9758/7175/2186 9760/7177/2187 9759/7178/2187 9757/7176/2186
f 9760/7177/2187 9762/7179/2188 9761/7180/2188 9759/7178/2187
f 9762/7179/2188 9764/7181/2189 9763/7182/2189 9761/7180/2188
f 9764/7181/2189 9766/7183/2190 9765/7184/2190 9763/7182/2189
f 9766/7183/2190 9768/7185/2191 9767/7186/2191 9765/7184/2190
f 9768/7185/2191 9770/7187/2192 9769/7188/2192 9767/7186/2191
f 9770/7187/2192 9772/7189/2193 9771/7190/2193 9769/7188/2192
f 9772/7189/2193 9774/7191/2194 9773/7192/2194 9771/7190/2193
f 9774/7191/2194 9776/7193/2195 9775/7194/2195 9773/7192/2194
f 9776/7193/2195 9778/7195/2196 9777/7196/2196 9775/7194/2195
f 9778/7195/2196 9780/7197/2197 9779/7198/2197 9777/7196/2196
f 9780/7197/2197 9782/7199/2198 9781/7200/2198 9779/7198/2197
f 9782/7199/2198 9784/7201/2199 9783/7202/2199 9781/7200/2198
f 9784/7201/2199 9786/7203/2200 9785/7204/2200 9783/7202/2199
f 9786/7203/2200 9788/7205/2201 9787/7206/2201 9785/7204/2200
f 9788/7205/2201 9790/7207/2202 9789/7208/2202 9787/7206/2201
f 9790/7207/2202 9792/7209/2203 9791/7210/2203 9789/7208/2202
f 9792/7209/2203 9794/7211/2204 9793/7212/2204 9791/7210/2203
f 9794/7211/2204 9796/7213/2205 9795/7214/2205 9793/7212/2204
f 9796/7213/2205 9798/7215/2206 9797/7216/2206 9795/7214/2205
f 9798/7215/2206 9800/7217/2207 9799/7218/2207 9797/7216/2206
f 9800/7217/2207 9802/7219/2208 9801/7220/2208 9799/7218/2207
f 9802/7219/2208 9804/7221/2209 9803/7222/2209 9801/7220/2208
f 9804/7221/2209 9806/7223/2210 9805/7224/2210 9803/7222/2209
f 9806/7223/2210 9808/7225/2211 9807/7226/2211 9805/7224/2210
f 9808/7225/2211 9810/7227/2212 9809/7228/2212 9807/7226/2211
f 9810/7227/2212 9812/7229/2213 9811/7230/2213 9809/7228/2212
f 9812/7229/2213 9814/7231/2214 9813/7232/2214 9811/7230/2213
f 9814/7231/2214 9816/7233/2215 9815/7234/2215 9813/7232/2214
f 9816/7233/2215 9818/7235/2216 9817/7236/2216 9815/7234/2215
f 9818/7235/2216 9820/7237/2217 9819/7238/2217 9817/7236/2216
f 9820/7237/2217 9822/7239/2218 9821/7240/2218 9819/7238/2217
f 9822/7239/2218 9824/7241/2219 9823/7242/2219 9821/7240/2218
f 9824/7241/2219 9826/7243/2220 9825/7244/2220 9823/7242/2219
f 9826/7243/2220 9828/7245/2221 9827/7246/2221 9825/7244/2220
f 9828/7245/2221 9830/7247/2222 9829/7248/2222 9827/7246/2221
f 9830/7247/2222 9832/7249/2223 9831/7250/2223 9829/7248/2222
f 9832/7249/2223 9834/7251/2224 9833/7252/2224 9831/7250/2223
f 9834/7251/2224 9836/7253/2225 9835/7254/2225 9833/7252/2224
f 9836/7253/2225 9838/7255/2226 9837/7256/2226 9835/7254/2225
f 9838/7255/2226 9840/7257/2227 9839/7258/2227 9837/7256/2226
f 9840/7257/2227 9842/7259/2228 9841/7260/2228 9839/7258/2227
f 9842/7259/2228 9844/7261/2229 9843/7262/2229 9841/7260/2228
f 9844/7261/2229 9846/7263/2230 9845/7264/2230 9843/7262/2229
f 9846/7263/2230 9848/7265/2231 9847/7266/2231 9845/7264/2230
f 9848/7265/2231 9850/7267/2232 9849/7268/2232 9847/7266/2231
f 9850/7267/2232 9852/7269/2233 9851/7270/2233 9849/7268/2232
f 9852/7269/2233 9854/7271/2234 9853/7272/2234 9851/7270/2233
f 9854/7271/2234 9856/7273/2235 9855/7274/2235 9853/7272/2234
f 9856/7273/2235 9858/7275/2236 9857/7276/2236 9855/7274/2235
f 9858/7275/2236 9860/7277/2237 9859/7278/2237 9857/7276/2236
f 9860/7277/2237 9862/7279/2238 9861/7280/2238 9859/7278/2237
f 9862/7279/2238 9864/7281/2239 9863/7282/2239 9861/7280/2238
f 9864/7281/2239 9866/7283/2240 9865/7284/2240 9863/7282/2239
f 9866/7283/2240 9868/7285/2241 9867/7286/2241 9865/7284/2240
f 9868/7285/2241 9870/7287/2242 9869/7288/2242 9867/7286/2241
f 9870/7287/2242 9872/7289/2243 9871/7290/2243 9869/7288/2242
f 9872/7289/2243 9874/7291/2244 9873/7292/2244 9871/7290/2243
f 9874/7291/2244 9876/7293/2245 9875/7294/2245 9873/7292/2244
f 9876/7293/2245 9878/7295/2246 9877/7296/2246 9875/7294/2245
f 9878/7295/2246 9880/7297/2247 9879/7298/2247 9877/7296/2246
f 9880/7297/2247 9882/7299/2248 9881/7300/2248 9879/7298/2247
f 9882/7299/2248 9884/7301/2249 9883/7302/2249 9881/7300/2248
f 9884/7301/2249 9886/7303/2250 9885/7304/2250 9883/7302/2249
f 9886/7303/2250 9888/7305/2251 9887/7306/2251 9885/7304/2250
f 9888/7305/2251 9890/7307/2252 9889/7308/2252 9887/7306/2251
f 9890/7307/2252 9892/7309/2253 9891/7310/2253 9889/7308/2252
f 9892/7309/2253 9894/7311/2254 9893/7312/2254 9891/7310/2253
f 9894/7311/2254 9896/7313/2255 9895/7314/2255 9893/7312/2254
f 9896/7313/2255 9898/7315/2256 9897/7316/2256 9895/7314/2255
f 9898/7315/2256 9900/7317/2257 9899/7318/2257 9897/7316/2256
f 9900/7317/2257 9902/7319/2258 9901/7320/2258 9899/7318/2257
f 9902/7319/2258 9904/7321/2259 9903/7322/2259 9901/7320/2258
f 9904/7321/2259 9906/7323/2260 9905/7324/2260 9903/7322/2259
f 9906/7323/2260 9042/3806/1843 9041/176/1843 9905/7324/2260
f 9908/2504/2261 9910/7325/2262 9909/7326/2262 9907/66/2261
f 9910/7325/2262 9912/7327/2263 9911/7328/2263 9909/7326/2262
f 9912/7327/2263 9914/7329/2264 9913/7330/2264 9911/7328/2263
f 9914/7329/2264 9916/7331/2265 9915/7332/2265 9913/7330/2264
f 9916/7331/2265 9918/7333/2266 9917/7334/2266 9915/7332/2265
f 9918/7333/2266 9920/7335/2267 9919/7336/2267 9917/7334/2266
f 9920/7335/2267 9922/7337/1278 9921/7338/1278 9919/7336/2267
f 9922/7337/1278 9924/7339/2268 9923/7340/2268 9921/7338/1278
f 9924/7339/2268 9926/7341/2269 9925/7342/2269 9923/7340/2268
f 9926/7341/2269 9928/7343/2270 9927/7344/2270 9925/7342/2269
f 9928/7343/2270 9930/7345/2271 9929/7346/2271 9927/7344/2270
f 9930/7345/2271 9932/7347/2272 9931/7348/2272 9929/7346/2271
f 9932/7347/2272 9934/7349/2273 9933/7350/2273 9931/7348/2272
f 9934/7349/2273 9936/7351/2274 9935/7352/2274 9933/7350/2273
f 9936/7351/2274 9938/7353/2275 9937/7354/2275 9935/7352/2274
f 9938/7353/2275 9940/7355/2276 9939/7356/2276 9937/7354/2275
f 9940/7355/2276 9942/7357/2277 9941/7358/2277 9939/7356/2276
f 9942/7357/2277 9944/7359/2278 9943/7360/2278 9941/7358/2277
f 9944/7359/2278 9946/7361/2279 9945/7362/2279 9943/7360/2278
f 9946/7361/2279 9948/7363/2280 9947/7364/2280 9945/7362/2279
f 9948/7363/2280 9950/7365/2281 9949/7366/2281 9947/7364/2280
f 9950/7365/2281 9952/7367/2282 9951/7368/2282 9949/7366/2281
f 9952/7367/2282 9954/7369/2283 9953/7370/2283 9951/7368/2282
f 9954/7369/2283 9956/7371/2284 9955/7372/2284 9953/7370/2283
f 9956/7371/2284 9958/7373/2285 9957/7374/2285 9955/7372/2284
f 9958/7373/2285 9960/7375/2286 9959/7376/2286 9957/7374/2285
f 9960/7375/2286 9962/7377/2287 9961/7378/2287 9959/7376/2286
f 9962/7377/2287 9964/7379/2288 9963/7380/2288 9961/7378/2287
f 9964/7379/2288 9966/7381/2289 9965/7382/2289 9963/7380/2288
f 9966/7381/2289 9968/7383/2290 9967/7384/2290 9965/7382/2289
f 9968/7383/2290 9970/7385/2291 9969/7386/2291 9967/7384/2290
f 9970/7385/2291 9972/7387/2292 9971/7388/2292 9969/7386/2291
f 9972/7387/2292 9974/7389/2293 9973/7390/2293 9971/7388/2292
f 9974/7389/2293 9976/7391/2294 9975/7392/2294 9973/7390/2293
f 9976/7391/2294 9978/7393/2295 9977/7394/2295 9975/7392/2294
f 9978/7393/2295 9980/7395/2296 9979/7396/2296 9977/7394/2295
f 9980/7395/2296 9982/7397/2297 9981/7398/2297 9979/7396/2296
f 9982/7397/2297 9984/7399/2298 9983/7400/2298 9981/7398/2297
f 9984/7399/2298 9986/7401/2299 9985/7402/2299 9983/7400/2298
f 9986/7401/2299 9988/7403/2300 9987/7404/2300 9985/7402/2299
f 9988/7403/2300 9990/7405/2301 9989/7406/2301 9987/7404/2300
f 9990/7405/2301 9992/7407/2302 9991/7408/2302 9989/7406/2301
f 9992/7407/2302 9994/7409/2303 9993/7410/2303 9991/7408/2302
f 9994/7409/2303 9996/7411/2304 9995/7412/2304 9993/7410/2303
f 9996/7411/2304 9998/7413/2305 9997/7414/2305 9995/7412/2304
f 9998/7413/2305 10000/7415/2306 9999/7416/2306 9997/7414/2305
f 10000/7415/2306 10002/7417/2307 10001/7418/2307 9999/7416/2306
f 10002/7417/2307 10004/7419/2308 10003/7420/2308 10001/7418/2307
f 10004/7419/2308 10006/7421/2309 10005/7422/2309 10003/7420/2308
f 10006/7421/2309 10008/7423/2310 10007/7424/2310 10005/7422/2309
f 10008/7423/2310 10010/7425/2311 10009/7426/2311 10007/7424/2310
f 10010/7425/2311 10012/7427/2312 10011/7428/2312 10009/7426/2311
f 10012/7427/2312 10014/7429/2313 10013/7430/2313 10011/7428/2312
f 10014/7429/2313 10016/7431/2314 10015/7432/2314 10013/7430/2313
f 10016/7431/2314 10018/7433/2315 10017/7434/2315 10015/7432/2314
f 10018/7433/2315 10020/7435/2316 10019/7436/2316 10017/7434/2315
f 10020/7435/2316 10022/7437/2317 10021/7438/2317 10019/7436/2316
f 10022/7437/2317 10024/7439/2318 10023/7440/2318 10021/7438/2317
f 10024/7439/2318 10026/7441/2319 10025/7442/2319 10023/7440/2318
f 10026/7441/2319 10028/7443/2320 10027/7444/2320 10025/7442/2319
f 10028/7443/2320 10030/7445/2321 10029/7446/2321 10027/7444/2320
f 10030/7445/2321 10032/7447/2322 10031/7448/2322 10029/7446/2321
f 10032/7447/2322 10034/7449/2323 10033/7450/2323 10031/7448/2322
f 10034/7449/2323 10036/7451/2324 10035/7452/2324 10033/7450/2323
f 10036/7451/2324 10038/7453/2325 10037/7454/2325 10035/7452/2324
f 10038/7453/2325 10040/7455/2326 10039/7456/2326 10037/7454/2325
f 10040/7455/2326 10042/7457/2327 10041/7458/2327 10039/7456/2326
f 10042/7457/2327 10044/7459/1354 10043/7460/1354 10041/7458/2327
f 10044/7459/1354 10046/7461/2328 10045/7462/2328 10043/7460/1354
f 10046/7461/2328 10048/7463/2329 10047/7464/2329 10045/7462/2328
f 10048/7463/2329 10050/7465/2330 10049/7466/2330 10047/7464/2329
f 10050/7465/2330 10052/7467/2331 10051/7468/2331 10049/7466/2330
f 10052/7467/2331 10054/7469/2332 10053/7470/2332 10051/7468/2331
f 10054/7469/2332 10056/7471/2333 10055/7472/2333 10053/7470/2332
f 10056/7471/2333 10058/7473/2334 10057/7474/2334 10055/7472/2333
f 10058/7473/2334 10060/7475/2335 10059/7476/2335 10057/7474/2334
f 10060/7475/2335 10062/7477/2336 10061/7478/2336 10059/7476/2335
f 10062/7477/2336 10064/7479/2337 10063/7480/2337 10061/7478/2336
f 10064/7479/2337 10066/7481/2338 10065/7482/2338 10063/7480/2337
f 10066/7481/2338 10068/7483/2339 10067/7484/2339 10065/7482/2338
f 10068/7483/2339 10070/7485/2340 10069/7486/2340 10067/7484/2339
f 10070/7485/2340 10072/7487/2341 10071/7488/2341 10069/7486/2340
f 10072/7487/2341 10074/7489/2342 10073/7490/2342 10071/7488/2341
f 10074/7489/2342 10076/7491/2343 10075/7492/2343 10073/7490/2342
f 10076/7491/2343 10078/7493/2344 10077/7494/2344 10075/7492/2343
f 10078/7493/2344 10080/7495/2345 10079/7496/2345 10077/7494/2344
f 10080/7495/2345 10082/7497/2346 10081/7498/2346 10079/7496/2345
f 10082/7497/2346 10084/7499/2347 10083/7500/2347 10081/7498/2346
f 10084/7499/2347 10086/7501/2348 10085/7502/2348 10083/7500/2347
f 10086/7501/2348 10088/7503/2349 10087/7504/2349 10085/7502/2348
f 10088/7503/2349 10090/7505/2350 10089/7506/2350 10087/7504/2349
f 10090/7505/2350 10092/7507/2351 10091/7508/2351 10089/7506/2350
f 10092/7507/2351 10094/7509/2352 10093/7510/2352 10091/7508/2351
f 10094/7509/2352 10096/7511/2353 10095/7512/2353 10093/7510/2352
f 10096/7511/2353 10098/7513/2354 10097/7514/2354 10095/7512/2353
f 10098/7513/2354 10100/7515/2355 10099/7516/2355 10097/7514/2354
f 10100/7515/2355 10102/7517/2356 10101/7518/2356 10099/7516/2355
f 10102/7517/2356 10104/7519/2357 10103/7520/2357 10101/7518/2356
f 10104/7519/2357 10106/7521/2358 10105/7522/2358 10103/7520/2357
f 10106/7521/2358 10108/7523/2359 10107/7524/2359 10105/7522/2358
f 10108/7523/2359 10110/7525/2360 10109/7526/2360 10107/7524/2359
f 10110/7525/2360 10112/7527/2361 10111/7528/2361 10109/7526/2360
f 10112/7527/2361 10114/7529/2362 10113/7530/2362 10111/7528/2361
f 10114/7529/2362 10116/7531/1985 10115/7532/1985 10113/7530/2362
f 10116/7531/1985 10118/7533/2363 10117/7534/2363 10115/7532/1985
f 10118/7533/2363 10120/7535/2364 10119/7536/2364 10117/7534/2363
f 10120/7535/2364 10122/7537/2365 10121/7538/2365 10119/7536/2364
f 10122/7537/2365 10124/7539/2366 10123/7540/2366 10121/7538/2365
f 10124/7539/2366 10126/7541/2367 10125/7542/2367 10123/7540/2366
f 10126/7541/2367 10128/7543/2368 10127/7544/2368 10125/7542/2367
f 10128/7543/2368 10130/7545/2369 10129/7546/2369 10127/7544/2368
f 10130/7545/2369 10132/7547/2370 10131/7548/2370 10129/7546/2369
f 10132/7547/2370 10134/7549/2371 10133/7550/2371 10131/7548/2370
f 10134/7549/2371 10136/7551/1743 10135/7552/1743 10133/7550/2371
f 10136/7551/1743 10138/7553/2372 10137/7554/2372 10135/7552/1743
f 10138/7553/2372 10140/7555/2373 10139/7556/2373 10137/7554/2372
f 10140/7555/2373 10142/7557/2374 10141/7558/2374 10139/7556/2373
f 10142/7557/2374 10144/7559/2375 10143/7560/2375 10141/7558/2374
f 10144/7559/2375 10146/7561/2376 10145/7562/2376 10143/7560/2375
f 10146/7561/2376 10148/7563/2377 10147/7564/2377 10145/7562/2376
f 10148/7563/2377 9908/3806/2261 9907/176/2261 10147/7564/2377
