# Blender 5.0.1
# www.blender.org
mtllib SkyDome.mtl
o 球
v 0.000000 941.553650 -187.286835
v 0.000000 886.924133 -367.376190
v 0.000000 798.210571 -533.347534
v 0.000000 678.822327 -678.822571
v 0.000000 533.347229 -798.210815
v 0.000000 367.375916 -886.924133
v 0.000000 187.286560 -941.553650
v 0.000000 -533.347412 -798.210693
v 0.000000 -678.822571 -678.822327
v 0.000000 -798.210876 -533.347168
v -36.537838 941.553650 -183.688156
v -71.671532 886.924133 -360.317200
v -104.050926 798.210571 -523.099304
v -132.431702 678.822327 -665.779114
v -155.723190 533.347229 -782.873413
v -173.030334 367.375916 -869.882141
v -183.688019 187.286560 -923.461975
v -187.286682 -0.000184 -941.553650
v -183.688019 -187.286835 -923.461975
v -173.030380 -367.376160 -869.882263
v -155.723206 -533.347412 -782.873169
v -132.431702 -678.822571 -665.778870
v -104.050911 -798.210876 -523.099060
v -71.671532 -886.924133 -360.316925
v -36.537838 -941.553711 -183.687866
v -71.671547 941.553650 -173.030472
v -140.588776 886.924133 -339.411377
v -204.103226 798.210571 -492.748779
v -259.774109 678.822327 -627.150269
v -305.462036 533.347229 -737.450562
v -339.411224 367.375916 -819.411133
v -360.317047 187.286575 -869.882141
v -367.376099 -0.000176 -886.924133
v -360.317047 -187.286819 -869.882141
v -339.411224 -367.376160 -819.411133
v -305.462097 -533.347412 -737.450439
v -259.774109 -678.822571 -627.150024
v -204.103226 -798.210876 -492.748505
v -140.588776 -886.924133 -339.411133
v -71.671532 -941.553711 -173.030151
v -104.050941 941.553650 -155.723297
v -204.103241 886.924133 -305.462158
v -296.311951 798.210693 -443.462189
v -377.133606 678.822327 -564.420227
v -443.462067 533.347229 -663.687927
v -492.748718 367.375916 -737.450500
v -523.099182 187.286591 -782.873230
v -533.347351 -0.000163 -798.210571
v -523.099182 -187.286804 -782.873230
v -492.748749 -367.376160 -737.450500
v -443.462189 -533.347412 -663.687683
v -377.133606 -678.822571 -564.420044
v -296.311920 -798.210815 -443.461914
v -204.103256 -886.924133 -305.461884
v -104.050926 -941.553711 -155.723007
v -132.431732 941.553650 -132.431808
v -259.774170 886.924133 -259.774200
v -377.133606 798.210754 -377.133606
v -479.999939 678.822388 -480.000000
v -564.420105 533.347229 -564.420166
v -627.150146 367.375946 -627.150024
v -665.778992 187.286621 -665.778931
v -678.822449 -0.000144 -678.822266
v -665.778992 -187.286804 -665.778931
v -627.150208 -367.376129 -627.150146
v -564.420288 -533.347412 -564.419983
v -479.999939 -678.822449 -479.999817
v -377.133606 -798.210754 -377.133331
v -259.774170 -886.924133 -259.773956
v -132.431717 -941.553711 -132.431488
v -155.723251 941.553650 -104.051010
v -305.462128 886.924133 -204.103287
v -443.462158 798.210754 -296.311920
v -564.420166 678.822449 -377.133545
v -663.687866 533.347229 -443.462036
v -737.450500 367.375946 -492.748688
v -782.873230 187.286636 -523.099121
v -798.210754 -0.000123 -533.347168
v -782.873230 -187.286774 -523.099121
v -737.450623 -367.376099 -492.748596
v -663.687927 -533.347412 -443.461914
v -564.420166 -678.822449 -377.133362
v -443.462097 -798.210754 -296.311707
v -305.462128 -886.924133 -204.103043
v -155.723251 -941.553711 -104.050713
v -173.030380 941.553650 -71.671608
v -339.411316 886.924133 -140.588806
v -492.748718 798.210754 -204.103195
v -627.150146 678.822449 -259.774139
v -737.450439 533.347351 -305.461945
v -819.411133 367.375946 -339.411224
v -869.882080 187.286652 -360.316895
v -886.924072 -0.000098 -367.375824
v -869.882080 -187.286743 -360.316895
v -819.411194 -367.376099 -339.411041
v -737.450500 -533.347351 -305.461823
v -627.150146 -678.822449 -259.773926
v -492.748718 -798.210754 -204.102982
v -339.411346 -886.924133 -140.588547
v -173.030380 -941.553711 -71.671303
v -183.688065 941.553650 -36.537899
v -360.317108 886.924133 -71.671555
v -523.099182 798.210754 -104.050919
v -665.778992 678.822449 -132.431747
v -782.873230 533.347351 -155.723175
v -869.882080 367.376007 -173.030380
v -923.461914 187.286667 -183.687958
v -941.553528 -0.000071 -187.286484
v -923.461914 -187.286728 -183.687897
v -869.882324 -367.376007 -173.030151
v -782.873230 -533.347290 -155.722992
v -665.778992 -678.822449 -132.431534
v -523.099182 -798.210754 -104.050674
v -360.317200 -886.924133 -71.671303
v -183.688049 -941.553711 -36.537609
v -187.286728 941.553650 -0.000076
v -367.376129 886.924133 -0.000018
v -533.347229 798.210754 -0.000012
v -678.822327 678.822449 -0.000058
v -798.210510 533.347351 0.000007
v -886.924072 367.376007 -0.000039
v -941.553589 187.286713 0.000059
v -959.999573 -0.000042 0.000159
v -941.553589 -187.286682 0.000116
v -886.924194 -367.376007 0.000201
v -798.210571 -533.347290 0.000182
v -678.822327 -678.822449 0.000146
v -533.347229 -798.210754 0.000229
v -367.376160 -886.924133 0.000229
v -187.286713 -941.553711 0.000215
v -183.688065 941.553650 36.537750
v -360.317078 886.924133 71.671501
v -523.099121 798.210754 104.050873
v -665.778931 678.822449 132.431610
v -782.873108 533.347351 155.723160
v -869.882019 367.376007 173.030258
v -923.461914 187.286743 183.688049
v -941.553345 -0.000014 187.286774
v -923.461914 -187.286652 183.688110
v -869.882263 -367.376007 173.030563
v -782.873230 -533.347290 155.723358
v -665.778931 -678.822449 132.431808
v -523.099121 -798.210754 104.051109
v -360.317200 -886.924133 71.671761
v -183.688049 -941.553711 36.538036
v -173.030380 941.553650 71.671440
v -339.411285 886.924133 140.588730
v -492.748535 798.210754 204.103149
v -627.150024 678.822449 259.773987
v -737.450256 533.347412 305.461975
v -819.410950 367.376099 339.411102
v -869.882019 187.286758 360.317047
v -886.923767 0.000013 367.376038
v -869.882019 -187.286652 360.317047
v -819.411133 -367.375946 339.411407
v -737.450317 -533.347229 305.462097
v -627.150024 -678.822449 259.774200
v -492.748535 -798.210754 204.103363
v -339.411316 -886.924133 140.589005
v -173.030380 -941.553711 71.671730
v -155.723206 941.553650 104.050835
v -305.462097 886.924133 204.103226
v -443.462006 798.210754 296.311798
v -564.420105 678.822449 377.133423
v -663.687683 533.347473 443.461975
v -737.450317 367.376099 492.748596
v -782.873108 187.286774 523.099182
v -798.210205 0.000038 533.347290
v -782.873108 -187.286621 523.099182
v -737.450500 -367.375946 492.748871
v -663.687805 -533.347229 443.462158
v -564.420105 -678.822449 377.133636
v -443.462006 -798.210754 296.312012
v -305.462097 -886.924133 204.103516
v -155.723190 -941.553711 104.051132
v -132.431702 941.553650 132.431625
v -259.774109 886.924133 259.774139
v -377.133362 798.210754 377.133362
v -479.999878 678.822449 479.999847
v -564.419983 533.347473 564.419983
v -627.149963 367.376129 627.150024
v -665.778931 187.286804 665.778931
v -678.821899 0.000060 678.822266
v -665.778931 -187.286591 665.778931
v -627.150024 -367.375946 627.150208
v -564.419983 -533.347229 564.420166
v -479.999878 -678.822388 480.000031
v -377.133362 -798.210754 377.133667
v -259.774170 -886.924133 259.774384
v -132.431686 -941.553711 132.431900
v -104.050919 941.553650 155.723145
v -204.103226 886.924133 305.462036
v -296.311798 798.210754 443.461914
v -377.133484 678.822571 564.420044
v -443.461914 533.347473 663.687622
v -492.748566 367.376160 737.450439
v -523.098999 187.286819 782.873230
v -533.346863 0.000079 798.210449
v -523.098999 -187.286575 782.873230
v -492.748566 -367.375916 737.450562
v -443.462006 -533.347229 663.687927
v -377.133484 -678.822327 564.420227
v -296.311798 -798.210754 443.462219
v -204.103241 -886.924133 305.462280
v -104.050903 -941.553711 155.723389
v -71.671509 941.553650 173.030289
v -140.588745 886.924133 339.411194
v -204.103088 798.210815 492.748505
v -259.774078 678.822571 627.150024
v -305.461884 533.347534 737.450134
v -339.411133 367.376160 819.410950
v -360.316803 187.286835 869.882019
v -367.375610 0.000092 886.923828
v -360.316803 -187.286560 869.882019
v -339.411102 -367.375916 819.411133
v -305.461884 -533.347168 737.450500
v -259.774078 -678.822327 627.150269
v -204.103088 -798.210693 492.748779
v -140.588776 -886.924133 339.411469
v -71.671509 -941.553711 173.030533
v -36.537819 941.553650 183.687958
v -71.671501 886.924133 360.317047
v -104.050827 798.210815 523.099060
v -132.431717 678.822571 665.778870
v -155.723099 533.347534 782.872864
v -173.030304 367.376160 869.882019
v -183.687881 187.286850 923.461731
v -187.286316 0.000100 941.553284
v -183.687881 -187.286545 923.461731
v -173.030228 -367.375916 869.882263
v -155.723099 -533.347168 782.873230
v -132.431717 -678.822327 665.779114
v -104.050827 -798.210693 523.099304
v -71.671532 -886.924133 360.317291
v -36.537815 -941.553711 183.688232
v -0.000002 941.553650 187.286621
v 0.000027 886.924133 367.376038
v 0.000062 798.210815 533.347107
v -0.000045 678.822571 678.822205
v 0.000012 533.347534 798.210205
v -0.000016 367.376160 886.924011
v 0.000069 187.286850 941.553467
v 0.000255 0.000102 959.999268
v 0.000069 -187.286545 941.553467
v 0.000112 -367.375916 886.924133
v 0.000041 -533.347168 798.210571
v -0.000045 -678.822327 678.822449
v 0.000062 -798.210693 533.347351
v -0.000002 -886.924133 367.376312
v 0.000002 -941.553711 187.286896
v 36.537815 941.553650 183.687958
v 71.671547 886.924133 360.316986
v 104.050926 798.210815 523.098938
v 132.431610 678.822571 665.778870
v 155.723114 533.347534 782.872864
v 173.030258 367.376160 869.882019
v 183.688004 187.286850 923.461670
v 187.286819 0.000100 941.553101
v 183.688004 -187.286545 923.461670
v 173.030426 -367.375916 869.882141
v 155.723160 -533.347168 782.873169
v 132.431610 -678.822327 665.779053
v 104.050926 -798.210693 523.099182
v 71.671509 -886.924133 360.317261
v 36.537811 -941.553711 183.688232
v 71.671509 941.553650 173.030258
v 140.588776 886.924133 339.411163
v 204.103180 798.210815 492.748383
v 259.773987 678.822571 627.149902
v 305.461823 533.347534 737.450134
v 339.411041 367.376160 819.410889
v 360.316895 187.286835 869.881897
v 367.376007 0.000092 886.923462
v 360.316895 -187.286560 869.881897
v 339.411224 -367.375916 819.411133
v 305.461884 -533.347168 737.450439
v 259.773987 -678.822327 627.150208
v 204.103180 -798.210693 492.748627
v 140.588745 -886.924133 339.411407
v 71.671501 -941.553711 173.030518
v 104.050903 941.553650 155.723099
v 204.103241 886.924133 305.461975
v 296.311829 798.210754 443.461792
v 377.133362 678.822571 564.419983
v 443.461853 533.347473 663.687622
v 492.748535 367.376160 737.450317
v 523.099121 187.286819 782.872925
v 533.347168 0.000079 798.209961
v 523.099121 -187.286575 782.872925
v 492.748718 -367.375916 737.450439
v 443.461884 -533.347229 663.687927
v 377.133362 -678.822327 564.420166
v 296.311829 -798.210754 443.462067
v 204.103226 -886.924133 305.462219
v 104.050880 -941.553711 155.723389
v 132.431671 941.553650 132.431595
v 259.774109 886.924133 259.773987
v 377.133362 798.210754 377.133240
v 479.999756 678.822449 479.999786
v 564.419922 533.347473 564.419861
v 627.149902 367.376129 627.149963
v 665.778748 187.286804 665.778687
v 678.822083 0.000060 678.821655
v 665.778748 -187.286591 665.778687
v 627.150146 -367.375946 627.149963
v 564.419983 -533.347229 564.420044
v 479.999756 -678.822388 479.999969
v 377.133362 -798.210754 377.133484
v 259.774078 -886.924133 259.774261
v 132.431656 -941.553711 132.431885
v 155.723160 941.553650 104.050827
v 305.462036 886.924133 204.103073
v 443.461884 798.210754 296.311615
v 564.419983 678.822449 377.133423
v 663.687561 533.347473 443.461914
v 737.450256 367.376099 492.748535
v 782.872925 187.286774 523.098938
v 798.210205 0.000038 533.346619
v 782.872925 -187.286621 523.098938
v 737.450500 -367.375946 492.748566
v 663.687683 -533.347229 443.462036
v 564.419983 -678.822449 377.133606
v 443.461884 -798.210754 296.311859
v 305.462006 -886.924133 204.103363
v 155.723160 -941.553711 104.051102
v 0.000078 959.999878 -0.000028
v 173.030304 941.553650 71.671432
v 339.411163 886.924133 140.588638
v 492.748413 798.210754 204.102982
v 627.149902 678.822449 259.773987
v 737.450195 533.347412 305.461884
v 819.410828 367.376099 339.411041
v 869.881775 187.286758 360.316803
v 886.923584 0.000013 367.375397
v 869.881775 -187.286652 360.316803
v 819.411133 -367.375946 339.411133
v 737.450195 -533.347229 305.462006
v 627.149902 -678.822449 259.774200
v 492.748413 -798.210754 204.103195
v 339.411133 -886.924133 140.588913
v 173.030289 -941.553711 71.671715
v 183.687988 941.553650 36.537739
v 360.316925 886.924133 71.671417
v 523.098938 798.210754 104.050728
v 665.778931 678.822449 132.431625
v 782.872925 533.347351 155.723068
v 869.882019 367.376007 173.030212
v 923.461548 187.286743 183.687820
v 941.552917 -0.000014 187.286133
v 923.461548 -187.286652 183.687897
v 869.882019 -367.376007 173.030258
v 782.872925 -533.347290 155.723236
v 665.778931 -678.822449 132.431824
v 523.098938 -798.210754 104.050964
v 360.316895 -886.924133 71.671692
v 183.687958 -941.553711 36.538017
v 187.286636 941.553650 -0.000073
v 367.375977 886.924133 -0.000090
v 533.346985 798.210754 -0.000127
v 678.822205 678.822449 -0.000015
v 798.210327 533.347351 -0.000036
v 886.924011 367.376007 -0.000054
v 941.553284 187.286713 -0.000099
v 959.998962 -0.000042 -0.000371
v 941.553284 -187.286682 -0.000042
v 886.924011 -367.376007 -0.000058
v 798.210327 -533.347290 0.000110
v 678.822205 -678.822449 0.000189
v 533.346985 -798.210754 0.000115
v 367.375916 -886.924133 0.000193
v 187.286621 -941.553711 0.000208
v 183.687988 941.553650 -36.537884
v 360.316895 886.924133 -71.671577
v 523.098938 798.210754 -104.050964
v 665.778748 678.822449 -132.431656
v 782.872864 533.347351 -155.723145
v 869.881897 367.376007 -173.030334
v 923.461548 187.286667 -183.688049
v 941.552734 -0.000071 -187.286865
v 923.461548 -187.286728 -183.687973
v 869.882019 -367.376007 -173.030334
v 782.872864 -533.347290 -155.723007
v 665.778748 -678.822449 -132.431458
v 523.098938 -798.210754 -104.050728
v 360.316895 -886.924133 -71.671295
v 183.687927 -941.553711 -36.537598
v 173.030289 941.553650 -71.671570
v 339.411041 886.924133 -140.588776
v 492.748352 798.210754 -204.103180
v 627.149902 678.822449 -259.774017
v 737.450195 533.347351 -305.461884
v 819.410828 367.375946 -339.411133
v 869.881714 187.286652 -360.316895
v 886.923218 -0.000098 -367.376007
v 869.881714 -187.286743 -360.316895
v 819.410828 -367.376099 -339.411194
v 737.450195 -533.347351 -305.461761
v 627.149902 -678.822449 -259.773804
v 492.748352 -798.210754 -204.102951
v 339.411041 -886.924133 -140.588486
v 173.030243 -941.553711 -71.671272
v 155.723114 941.553650 -104.050957
v 305.461823 886.924133 -204.103241
v 443.461731 798.210754 -296.311829
v 564.419983 678.822449 -377.133423
v 663.687561 533.347229 -443.461884
v 737.450195 367.375946 -492.748505
v 782.872803 187.286636 -523.098999
v 798.209656 -0.000123 -533.347168
v 782.872803 -187.286774 -523.098999
v 737.450195 -367.376099 -492.748596
v 663.687561 -533.347412 -443.461731
v 564.419983 -678.822449 -377.133240
v 443.461731 -798.210754 -296.311615
v 305.461823 -886.924133 -204.102921
v 155.723099 -941.553711 -104.050644
v 132.431610 941.553650 -132.431732
v 259.773926 886.924133 -259.774078
v 377.133148 798.210754 -377.133362
v 479.999756 678.822388 -479.999786
v 564.419922 533.347229 -564.419983
v 627.149902 367.375946 -627.149902
v 665.778564 187.286621 -665.778687
v 678.821350 -0.000144 -678.821960
v 665.778564 -187.286804 -665.778687
v 627.149902 -367.376129 -627.149963
v 564.419922 -533.347412 -564.419800
v 479.999756 -678.822449 -479.999573
v 377.133148 -798.210754 -377.133087
v 259.773926 -886.924133 -259.773804
v 132.431595 -941.553711 -132.431396
v 104.050835 941.553650 -155.723206
v 204.103043 886.924133 -305.461975
v 296.311523 798.210693 -443.461884
v 377.133331 678.822327 -564.420044
v 443.461823 533.347229 -663.687622
v 492.748444 367.375916 -737.450195
v 523.098816 187.286591 -782.872925
v 533.346375 -0.000163 -798.210144
v 523.098816 -187.286804 -782.872925
v 492.748444 -367.376160 -737.450317
v 443.461823 -533.347412 -663.687317
v 377.133331 -678.822571 -564.419800
v 296.311523 -798.210815 -443.461639
v 204.103043 -886.924133 -305.461700
v 104.050827 -941.553711 -155.722885
v 71.671448 941.553650 -173.030334
v 140.588593 886.924133 -339.411163
v 204.102890 798.210571 -492.748352
v 259.773926 678.822327 -627.149963
v 305.461792 533.347229 -737.450134
v 339.410980 367.375916 -819.410828
v 360.316650 187.286575 -869.881775
v 367.375183 -0.000176 -886.923401
v 360.316650 -187.286819 -869.881775
v 339.410980 -367.376160 -819.410889
v 305.461792 -533.347412 -737.449829
v 259.773926 -678.822571 -627.149780
v 204.102890 -798.210876 -492.748077
v 140.588608 -886.924133 -339.410858
v 71.671448 -941.553711 -173.030014
v 36.537762 941.553650 -183.688004
v 71.671387 886.924133 -360.316925
v 104.050682 798.210571 -523.098816
v 132.431595 678.822327 -665.778870
v 155.723053 533.347229 -782.872864
v 173.030151 367.375916 -869.881775
v 183.687714 187.286560 -923.461548
v 187.285950 -0.000184 -941.552734
v 183.687714 -187.286835 -923.461548
v 173.030106 -367.376160 -869.882019
v 155.723053 -533.347412 -782.872559
v 132.431595 -678.822571 -665.778564
v 104.050682 -798.210876 -523.098572
v 71.671410 -886.924133 -360.316681
v 36.537773 -941.553711 -183.687698
v -0.000517 -0.000187 -959.998657
v -0.000217 -187.286835 -941.553162
v -0.000188 -367.376160 -886.924011
v -0.000066 -886.924133 -367.375610
v -0.000027 -941.553711 -187.286346
v 0.000000 -959.999878 0.000228
vn 0.0097 -0.9951 0.0980
vn 0.0097 0.9951 0.0980
vn 0.0975 0.0975 0.9904
vn 0.0286 -0.9565 0.2902
vn 0.0938 0.2890 0.9527
vn 0.0464 -0.8810 0.4709
vn 0.0865 0.4696 0.8786
vn 0.0624 -0.7715 0.6332
vn 0.0759 0.6326 0.7708
vn 0.0759 -0.6326 0.7708
vn 0.0624 0.7715 0.6332
vn 0.0865 -0.4696 0.8786
vn 0.0464 0.8810 0.4709
vn 0.0938 -0.2890 0.9527
vn 0.0286 0.9565 0.2902
vn 0.0975 -0.0975 0.9904
vn 0.0975 -0.0976 0.9904
vn 0.2779 -0.2890 0.9161
vn 0.0846 0.9565 0.2790
vn 0.2889 -0.0975 0.9524
vn 0.2889 -0.0976 0.9524
vn 0.0286 -0.9951 0.0942
vn 0.0286 0.9951 0.0942
vn 0.2889 0.0975 0.9524
vn 0.0846 -0.9565 0.2790
vn 0.2779 0.2890 0.9161
vn 0.1374 -0.8810 0.4528
vn 0.2563 0.4696 0.8448
vn 0.1847 -0.7715 0.6088
vn 0.2248 0.6326 0.7412
vn 0.2248 -0.6326 0.7412
vn 0.1847 0.7715 0.6088
vn 0.2563 -0.4696 0.8448
vn 0.1374 0.8810 0.4528
vn 0.4162 0.4696 0.7786
vn 0.2999 -0.7715 0.5611
vn 0.3651 0.6326 0.6831
vn 0.3651 -0.6326 0.6831
vn 0.2999 0.7715 0.5611
vn 0.4162 -0.4696 0.7786
vn 0.2230 0.8810 0.4173
vn 0.2231 0.8810 0.4173
vn 0.4513 -0.2890 0.8443
vn 0.1374 0.9565 0.2571
vn 0.4691 -0.0975 0.8777
vn 0.0464 -0.9951 0.0869
vn 0.0464 0.9951 0.0869
vn 0.4691 0.0975 0.8777
vn 0.1374 -0.9565 0.2571
vn 0.4513 0.2890 0.8443
vn 0.2231 -0.8810 0.4173
vn 0.2230 -0.8810 0.4173
vn 0.1850 0.9565 0.2254
vn 0.6314 -0.0975 0.7693
vn 0.0625 -0.9951 0.0761
vn 0.0625 0.9951 0.0761
vn 0.6314 0.0975 0.7693
vn 0.1850 -0.9565 0.2254
vn 0.6073 0.2890 0.7400
vn 0.3002 -0.8810 0.3658
vn 0.5601 0.4696 0.6825
vn 0.4036 -0.7715 0.4918
vn 0.4913 0.6326 0.5987
vn 0.4913 -0.6326 0.5987
vn 0.4036 0.7715 0.4918
vn 0.5601 -0.4696 0.6825
vn 0.3002 0.8810 0.3658
vn 0.6073 -0.2890 0.7400
vn 0.5987 0.6326 0.4913
vn 0.5987 -0.6326 0.4913
vn 0.4918 0.7715 0.4036
vn 0.6825 -0.4696 0.5601
vn 0.3658 0.8810 0.3002
vn 0.7400 -0.2890 0.6073
vn 0.2254 0.9565 0.1850
vn 0.7693 -0.0976 0.6314
vn 0.7693 -0.0975 0.6314
vn 0.0761 -0.9951 0.0625
vn 0.0761 0.9951 0.0625
vn 0.7693 0.0976 0.6314
vn 0.2254 -0.9565 0.1850
vn 0.7400 0.2890 0.6073
vn 0.3658 -0.8810 0.3002
vn 0.6825 0.4696 0.5601
vn 0.4918 -0.7715 0.4036
vn 0.0869 -0.9951 0.0464
vn 0.0869 0.9951 0.0464
vn 0.8777 0.0975 0.4691
vn 0.2571 -0.9565 0.1374
vn 0.8443 0.2890 0.4513
vn 0.4173 -0.8810 0.2230
vn 0.7786 0.4696 0.4162
vn 0.5611 -0.7715 0.2999
vn 0.6831 0.6326 0.3651
vn 0.6831 -0.6326 0.3651
vn 0.5611 0.7715 0.2999
vn 0.7786 -0.4696 0.4162
vn 0.4173 0.8810 0.2230
vn 0.8443 -0.2890 0.4513
vn 0.2571 0.9565 0.1374
vn 0.8777 -0.0975 0.4691
vn 0.7412 -0.6326 0.2248
vn 0.6088 0.7715 0.1847
vn 0.8448 -0.4696 0.2563
vn 0.4528 0.8810 0.1374
vn 0.9161 -0.2890 0.2779
vn 0.2790 0.9565 0.0846
vn 0.9524 -0.0975 0.2889
vn 0.0942 -0.9951 0.0286
vn 0.0942 0.9951 0.0286
vn 0.9524 0.0975 0.2889
vn 0.2790 -0.9565 0.0846
vn 0.9161 0.2890 0.2779
vn 0.4528 -0.8810 0.1374
vn 0.8448 0.4696 0.2563
vn 0.6088 -0.7715 0.1847
vn 0.7412 0.6326 0.2248
vn 0.9904 0.0975 0.0976
vn 0.9904 0.0975 0.0975
vn 0.2902 -0.9565 0.0286
vn 0.9527 0.2890 0.0938
vn 0.4709 -0.8810 0.0464
vn 0.8786 0.4696 0.0865
vn 0.6332 -0.7715 0.0624
vn 0.7708 0.6326 0.0759
vn 0.7708 -0.6326 0.0759
vn 0.6332 0.7715 0.0624
vn 0.8786 -0.4696 0.0865
vn 0.4709 0.8810 0.0464
vn 0.9527 -0.2890 0.0938
vn 0.2902 0.9565 0.0286
vn 0.9904 -0.0975 0.0975
vn 0.0980 -0.9951 0.0097
vn 0.0980 0.9951 0.0097
vn 0.6332 0.7715 -0.0624
vn 0.8786 -0.4696 -0.0865
vn 0.4709 0.8810 -0.0464
vn 0.9527 -0.2890 -0.0938
vn 0.2902 0.9565 -0.0286
vn 0.9904 -0.0975 -0.0975
vn 0.0980 -0.9951 -0.0097
vn 0.0980 0.9951 -0.0097
vn 0.9904 0.0975 -0.0975
vn 0.2902 -0.9565 -0.0286
vn 0.9527 0.2890 -0.0938
vn 0.4709 -0.8810 -0.0464
vn 0.8786 0.4696 -0.0865
vn 0.6332 -0.7715 -0.0624
vn 0.7708 0.6326 -0.0759
vn 0.7708 -0.6326 -0.0759
vn 0.2790 -0.9565 -0.0846
vn 0.9161 0.2890 -0.2779
vn 0.4528 -0.8810 -0.1374
vn 0.8448 0.4696 -0.2563
vn 0.6088 -0.7715 -0.1847
vn 0.7412 0.6326 -0.2248
vn 0.7412 -0.6326 -0.2248
vn 0.6088 0.7715 -0.1847
vn 0.8448 -0.4696 -0.2563
vn 0.4528 0.8810 -0.1374
vn 0.9161 -0.2890 -0.2779
vn 0.2790 0.9565 -0.0846
vn 0.9524 -0.0975 -0.2889
vn 0.0942 -0.9951 -0.0286
vn 0.0942 0.9951 -0.0286
vn 0.9524 0.0975 -0.2889
vn 0.7786 -0.4696 -0.4162
vn 0.4173 0.8810 -0.2230
vn 0.8443 -0.2890 -0.4513
vn 0.2571 0.9565 -0.1374
vn 0.8777 -0.0975 -0.4691
vn 0.0869 -0.9951 -0.0464
vn 0.0869 0.9951 -0.0464
vn 0.8777 0.0975 -0.4691
vn 0.2571 -0.9565 -0.1374
vn 0.8443 0.2890 -0.4513
vn 0.4173 -0.8810 -0.2230
vn 0.7786 0.4696 -0.4162
vn 0.5611 -0.7715 -0.2999
vn 0.6831 0.6326 -0.3651
vn 0.6831 -0.6326 -0.3651
vn 0.5611 0.7715 -0.2999
vn 0.7400 0.2890 -0.6073
vn 0.3658 -0.8810 -0.3002
vn 0.6825 0.4696 -0.5601
vn 0.4918 -0.7715 -0.4036
vn 0.5987 0.6326 -0.4913
vn 0.5987 -0.6326 -0.4913
vn 0.4918 0.7715 -0.4036
vn 0.6825 -0.4696 -0.5601
vn 0.3658 0.8810 -0.3002
vn 0.7400 -0.2890 -0.6073
vn 0.2254 0.9565 -0.1850
vn 0.7693 -0.0975 -0.6314
vn 0.0761 -0.9951 -0.0625
vn 0.0761 0.9951 -0.0625
vn 0.7693 0.0975 -0.6314
vn 0.2254 -0.9565 -0.1850
vn 0.3002 0.8810 -0.3658
vn 0.6073 -0.2890 -0.7400
vn 0.1850 0.9565 -0.2254
vn 0.6314 -0.0975 -0.7693
vn 0.0625 -0.9951 -0.0761
vn 0.0625 0.9951 -0.0761
vn 0.6314 0.0975 -0.7693
vn 0.1850 -0.9565 -0.2254
vn 0.6073 0.2890 -0.7400
vn 0.3002 -0.8810 -0.3658
vn 0.5601 0.4696 -0.6825
vn 0.4036 -0.7715 -0.4918
vn 0.4913 0.6326 -0.5987
vn 0.4913 -0.6326 -0.5987
vn 0.4036 0.7715 -0.4918
vn 0.5601 -0.4696 -0.6825
vn 0.4162 0.4696 -0.7786
vn 0.2999 -0.7715 -0.5611
vn 0.3651 0.6326 -0.6831
vn 0.3651 -0.6326 -0.6831
vn 0.2999 0.7715 -0.5611
vn 0.4162 -0.4696 -0.7786
vn 0.2230 0.8810 -0.4173
vn 0.4513 -0.2890 -0.8443
vn 0.1374 0.9565 -0.2571
vn 0.4691 -0.0975 -0.8777
vn 0.0464 -0.9951 -0.0869
vn 0.0464 0.9951 -0.0869
vn 0.4691 0.0975 -0.8777
vn 0.1374 -0.9565 -0.2571
vn 0.4513 0.2890 -0.8443
vn 0.2230 -0.8810 -0.4173
vn 0.0846 0.9565 -0.2790
vn 0.2889 -0.0975 -0.9524
vn 0.0286 -0.9951 -0.0942
vn 0.0286 0.9951 -0.0942
vn 0.2889 0.0975 -0.9524
vn 0.0846 -0.9565 -0.2790
vn 0.2779 0.2890 -0.9161
vn 0.1374 -0.8810 -0.4528
vn 0.2563 0.4696 -0.8448
vn 0.1847 -0.7715 -0.6088
vn 0.2248 0.6326 -0.7412
vn 0.2248 -0.6326 -0.7412
vn 0.1847 0.7715 -0.6088
vn 0.2563 -0.4696 -0.8448
vn 0.1374 0.8810 -0.4528
vn 0.2779 -0.2890 -0.9161
vn 0.0624 -0.7715 -0.6332
vn 0.0759 0.6326 -0.7708
vn 0.0759 -0.6326 -0.7708
vn 0.0624 0.7715 -0.6332
vn 0.0865 -0.4696 -0.8786
vn 0.0464 0.8810 -0.4709
vn 0.0938 -0.2890 -0.9527
vn 0.0286 0.9565 -0.2902
vn 0.0975 -0.0975 -0.9904
vn 0.0097 -0.9951 -0.0980
vn 0.0097 0.9951 -0.0980
vn 0.0975 0.0975 -0.9904
vn 0.0286 -0.9565 -0.2902
vn 0.0938 0.2890 -0.9527
vn 0.0464 -0.8810 -0.4709
vn 0.0865 0.4696 -0.8786
vn -0.0976 -0.0975 -0.9904
vn -0.0097 -0.9951 -0.0980
vn -0.0097 0.9951 -0.0980
vn -0.0976 0.0975 -0.9904
vn -0.0286 -0.9565 -0.2902
vn -0.0938 0.2890 -0.9527
vn -0.0464 -0.8810 -0.4709
vn -0.0865 0.4696 -0.8786
vn -0.0624 -0.7715 -0.6332
vn -0.0759 0.6326 -0.7708
vn -0.0759 -0.6326 -0.7708
vn -0.0624 0.7715 -0.6332
vn -0.0865 -0.4696 -0.8786
vn -0.0464 0.8810 -0.4709
vn -0.0938 -0.2890 -0.9527
vn -0.0286 0.9565 -0.2902
vn -0.2248 0.6326 -0.7412
vn -0.2248 -0.6326 -0.7412
vn -0.1847 0.7715 -0.6088
vn -0.2563 -0.4696 -0.8448
vn -0.1374 0.8810 -0.4528
vn -0.2779 -0.2890 -0.9161
vn -0.0846 0.9565 -0.2790
vn -0.2889 -0.0975 -0.9524
vn -0.0286 -0.9951 -0.0942
vn -0.0286 0.9951 -0.0942
vn -0.2889 0.0975 -0.9524
vn -0.0846 -0.9565 -0.2790
vn -0.2779 0.2890 -0.9161
vn -0.1374 -0.8810 -0.4528
vn -0.2563 0.4696 -0.8448
vn -0.1847 -0.7715 -0.6088
vn -0.0464 -0.9951 -0.0869
vn -0.0464 0.9951 -0.0869
vn -0.4691 0.0975 -0.8777
vn -0.1374 -0.9565 -0.2571
vn -0.4513 0.2890 -0.8443
vn -0.2231 -0.8810 -0.4173
vn -0.2230 -0.8810 -0.4173
vn -0.4162 0.4696 -0.7786
vn -0.2999 -0.7715 -0.5611
vn -0.3651 0.6326 -0.6831
vn -0.3651 -0.6326 -0.6831
vn -0.2999 0.7715 -0.5611
vn -0.4162 -0.4696 -0.7786
vn -0.2231 0.8810 -0.4173
vn -0.4513 -0.2890 -0.8443
vn -0.1374 0.9565 -0.2571
vn -0.4691 -0.0975 -0.8777
vn -0.4913 -0.6326 -0.5987
vn -0.4036 0.7715 -0.4918
vn -0.5601 -0.4696 -0.6825
vn -0.3002 0.8810 -0.3658
vn -0.6073 -0.2890 -0.7400
vn -0.1850 0.9565 -0.2254
vn -0.6314 -0.0975 -0.7693
vn -0.0625 -0.9951 -0.0761
vn -0.0625 0.9951 -0.0761
vn -0.6314 0.0975 -0.7693
vn -0.1850 -0.9565 -0.2254
vn -0.6073 0.2890 -0.7400
vn -0.3002 -0.8810 -0.3658
vn -0.5601 0.4696 -0.6825
vn -0.4036 -0.7715 -0.4918
vn -0.4913 0.6326 -0.5987
vn -0.7693 0.0975 -0.6314
vn -0.2254 -0.9565 -0.1850
vn -0.7400 0.2890 -0.6073
vn -0.3658 -0.8810 -0.3002
vn -0.6825 0.4696 -0.5601
vn -0.4918 -0.7715 -0.4036
vn -0.5987 0.6326 -0.4913
vn -0.5987 -0.6326 -0.4913
vn -0.4918 0.7715 -0.4036
vn -0.6825 -0.4696 -0.5601
vn -0.3658 0.8810 -0.3002
vn -0.7400 -0.2890 -0.6073
vn -0.2254 0.9565 -0.1850
vn -0.2254 0.9566 -0.1850
vn -0.7693 -0.0975 -0.6314
vn -0.0761 -0.9951 -0.0625
vn -0.0761 0.9951 -0.0625
vn -0.5611 0.7715 -0.2999
vn -0.7786 -0.4696 -0.4162
vn -0.4173 0.8810 -0.2231
vn -0.4173 0.8810 -0.2230
vn -0.8443 -0.2890 -0.4513
vn -0.2571 0.9565 -0.1374
vn -0.8777 -0.0975 -0.4691
vn -0.0869 -0.9951 -0.0464
vn -0.0869 0.9951 -0.0464
vn -0.8777 0.0975 -0.4691
vn -0.2571 -0.9565 -0.1374
vn -0.8443 0.2890 -0.4513
vn -0.4173 -0.8810 -0.2230
vn -0.7786 0.4696 -0.4162
vn -0.5611 -0.7715 -0.2999
vn -0.6831 0.6326 -0.3651
vn -0.6831 -0.6326 -0.3651
vn -0.9161 0.2890 -0.2779
vn -0.4528 -0.8810 -0.1374
vn -0.8448 0.4696 -0.2563
vn -0.6088 -0.7715 -0.1847
vn -0.7412 0.6326 -0.2248
vn -0.7412 -0.6326 -0.2248
vn -0.6088 0.7715 -0.1847
vn -0.8448 -0.4696 -0.2563
vn -0.4528 0.8810 -0.1374
vn -0.9161 -0.2890 -0.2779
vn -0.2790 0.9565 -0.0846
vn -0.9524 -0.0975 -0.2889
vn -0.0942 -0.9951 -0.0286
vn -0.0942 0.9951 -0.0286
vn -0.9524 0.0975 -0.2889
vn -0.2790 -0.9565 -0.0846
vn -0.4709 0.8810 -0.0464
vn -0.9527 -0.2890 -0.0938
vn -0.2902 0.9565 -0.0286
vn -0.9904 -0.0975 -0.0975
vn -0.0980 -0.9951 -0.0097
vn -0.0980 0.9951 -0.0097
vn -0.9904 0.0975 -0.0976
vn -0.9904 0.0975 -0.0975
vn -0.2902 -0.9565 -0.0286
vn -0.9527 0.2890 -0.0938
vn -0.4709 -0.8810 -0.0464
vn -0.8786 0.4696 -0.0865
vn -0.6332 -0.7715 -0.0624
vn -0.7708 0.6326 -0.0759
vn -0.7708 -0.6326 -0.0759
vn -0.6332 0.7715 -0.0624
vn -0.8786 -0.4696 -0.0865
vn -0.4709 -0.8810 0.0464
vn -0.8786 0.4696 0.0865
vn -0.6332 -0.7715 0.0624
vn -0.7708 0.6326 0.0759
vn -0.7708 -0.6326 0.0759
vn -0.6332 0.7715 0.0624
vn -0.8786 -0.4696 0.0865
vn -0.4709 0.8810 0.0464
vn -0.9527 -0.2890 0.0938
vn -0.2902 0.9565 0.0286
vn -0.9904 -0.0975 0.0976
vn -0.9904 -0.0975 0.0975
vn -0.0980 -0.9951 0.0097
vn -0.0980 0.9951 0.0097
vn -0.9904 0.0975 0.0976
vn -0.2902 -0.9565 0.0286
vn -0.9527 0.2890 0.0938
vn -0.9161 -0.2890 0.2779
vn -0.2790 0.9565 0.0846
vn -0.9524 -0.0975 0.2889
vn -0.0942 -0.9951 0.0286
vn -0.0942 0.9951 0.0286
vn -0.9524 0.0975 0.2889
vn -0.2790 -0.9565 0.0846
vn -0.9161 0.2890 0.2779
vn -0.4528 -0.8810 0.1374
vn -0.8448 0.4696 0.2563
vn -0.6088 -0.7715 0.1847
vn -0.7412 0.6326 0.2248
vn -0.7412 -0.6326 0.2248
vn -0.6088 0.7715 0.1847
vn -0.8448 -0.4696 0.2563
vn -0.4528 0.8810 0.1374
vn -0.7786 0.4696 0.4162
vn -0.5611 -0.7715 0.2999
vn -0.6831 0.6326 0.3651
vn -0.6831 -0.6326 0.3651
vn -0.5611 0.7715 0.2999
vn -0.7786 -0.4696 0.4162
vn -0.4173 0.8810 0.2230
vn -0.4173 0.8810 0.2231
vn -0.8443 -0.2890 0.4513
vn -0.2571 0.9565 0.1374
vn -0.8777 -0.0975 0.4691
vn -0.0869 -0.9951 0.0464
vn -0.0869 0.9951 0.0464
vn -0.8777 0.0975 0.4691
vn -0.2571 -0.9565 0.1374
vn -0.8443 0.2890 0.4513
vn -0.4173 -0.8810 0.2230
vn -0.4173 -0.8810 0.2231
vn -0.2254 0.9565 0.1850
vn -0.7693 -0.0975 0.6314
vn -0.0761 -0.9951 0.0625
vn -0.0761 0.9951 0.0625
vn -0.7693 0.0975 0.6314
vn -0.2254 -0.9565 0.1850
vn -0.7400 0.2890 0.6073
vn -0.3658 -0.8810 0.3002
vn -0.6825 0.4696 0.5601
vn -0.4918 -0.7715 0.4036
vn -0.5987 0.6326 0.4913
vn -0.5987 -0.6326 0.4913
vn -0.4918 0.7715 0.4036
vn -0.6825 -0.4696 0.5601
vn -0.3658 0.8810 0.3002
vn -0.7400 -0.2890 0.6073
vn -0.4036 -0.7715 0.4918
vn -0.4913 0.6326 0.5987
vn -0.4913 -0.6326 0.5987
vn -0.4036 0.7715 0.4918
vn -0.5601 -0.4696 0.6825
vn -0.3002 0.8810 0.3658
vn -0.6073 -0.2890 0.7400
vn -0.1850 0.9565 0.2254
vn -0.6314 -0.0975 0.7693
vn -0.0625 -0.9951 0.0761
vn -0.0625 0.9951 0.0761
vn -0.6314 0.0975 0.7693
vn -0.1850 -0.9565 0.2254
vn -0.6073 0.2890 0.7400
vn -0.3002 -0.8810 0.3658
vn -0.5601 0.4696 0.6825
vn -0.4691 -0.0975 0.8777
vn -0.0464 -0.9951 0.0869
vn -0.0464 0.9951 0.0869
vn -0.4691 0.0975 0.8777
vn -0.1374 -0.9565 0.2571
vn -0.4513 0.2890 0.8443
vn -0.2230 -0.8810 0.4173
vn -0.4162 0.4696 0.7786
vn -0.2999 -0.7715 0.5611
vn -0.3651 0.6326 0.6831
vn -0.3651 -0.6326 0.6831
vn -0.2999 0.7715 0.5611
vn -0.4162 -0.4696 0.7786
vn -0.2231 0.8810 0.4173
vn -0.2230 0.8810 0.4173
vn -0.4513 -0.2890 0.8443
vn -0.1374 0.9565 0.2571
vn -0.2248 0.6326 0.7412
vn -0.2248 -0.6326 0.7412
vn -0.1847 0.7715 0.6088
vn -0.2563 -0.4696 0.8448
vn -0.1374 0.8810 0.4528
vn -0.2779 -0.2890 0.9161
vn -0.0846 0.9565 0.2790
vn -0.2889 -0.0975 0.9524
vn -0.0286 -0.9951 0.0942
vn -0.0286 0.9951 0.0942
vn -0.2889 0.0975 0.9524
vn -0.0846 -0.9565 0.2790
vn -0.2779 0.2890 0.9161
vn -0.1374 -0.8810 0.4528
vn -0.2563 0.4696 0.8448
vn -0.1847 -0.7715 0.6088
vn -0.0097 0.9951 0.0980
vn -0.0975 0.0975 0.9904
vn -0.0286 -0.9565 0.2902
vn -0.0938 0.2890 0.9527
vn -0.0464 -0.8810 0.4709
vn -0.0865 0.4696 0.8786
vn -0.0624 -0.7715 0.6332
vn -0.0759 0.6326 0.7708
vn -0.0759 -0.6326 0.7708
vn -0.0624 0.7715 0.6332
vn -0.0865 -0.4696 0.8786
vn -0.0464 0.8810 0.4709
vn -0.0938 -0.2890 0.9527
vn -0.0286 0.9565 0.2902
vn -0.0976 -0.0975 0.9904
vn -0.0975 -0.0975 0.9904
vn -0.0097 -0.9951 0.0980
vn 0.0975 0.0976 0.9904
vn 0.7693 0.0975 0.6314
vn 0.4173 -0.8810 0.2231
vn 0.4173 0.8810 -0.2231
vn -0.1850 -0.9566 0.2254
vt 0.750000 0.937500
vt 0.734375 1.000000
vt 0.718750 0.937500
vt 0.734375 0.000000
vt 0.750000 0.062500
vt 0.718750 0.062500
vt 0.750000 0.500000
vt 0.718750 0.437500
vt 0.750000 0.437500
vt 0.750000 0.875000
vt 0.718750 0.875000
vt 0.718750 0.375000
vt 0.750000 0.375000
vt 0.750000 0.812500
vt 0.718750 0.812500
vt 0.718750 0.312500
vt 0.750000 0.312500
vt 0.718750 0.750000
vt 0.750000 0.750000
vt 0.750000 0.250000
vt 0.718750 0.250000
vt 0.718750 0.687500
vt 0.750000 0.687500
vt 0.750000 0.187500
vt 0.718750 0.187500
vt 0.718750 0.625000
vt 0.750000 0.625000
vt 0.718750 0.125000
vt 0.750000 0.125000
vt 0.750000 0.562500
vt 0.718750 0.562500
vt 0.718750 0.500000
vt 0.687500 0.562500
vt 0.687500 0.062500
vt 0.687500 0.500000
vt 0.703125 1.000000
vt 0.687500 0.937500
vt 0.703125 0.000000
vt 0.687500 0.437500
vt 0.687500 0.875000
vt 0.687500 0.375000
vt 0.687500 0.812500
vt 0.687500 0.312500
vt 0.687500 0.750000
vt 0.687500 0.250000
vt 0.687500 0.687500
vt 0.687500 0.187500
vt 0.687500 0.625000
vt 0.687500 0.125000
vt 0.656250 0.375000
vt 0.656250 0.312500
vt 0.656250 0.750000
vt 0.656250 0.250000
vt 0.656250 0.687500
vt 0.656250 0.187500
vt 0.656250 0.625000
vt 0.656250 0.125000
vt 0.656250 0.562500
vt 0.656250 0.062500
vt 0.656250 0.500000
vt 0.671875 1.000000
vt 0.656250 0.937500
vt 0.671875 0.000000
vt 0.656250 0.437500
vt 0.656250 0.875000
vt 0.656250 0.812500
vt 0.625000 0.062500
vt 0.625000 0.562500
vt 0.625000 0.500000
vt 0.640625 1.000000
vt 0.625000 0.937500
vt 0.640625 0.000000
vt 0.625000 0.437500
vt 0.625000 0.875000
vt 0.625000 0.375000
vt 0.625000 0.812500
vt 0.625000 0.312500
vt 0.625000 0.750000
vt 0.625000 0.250000
vt 0.625000 0.687500
vt 0.625000 0.187500
vt 0.625000 0.625000
vt 0.625000 0.125000
vt 0.593750 0.250000
vt 0.593750 0.687500
vt 0.593750 0.187500
vt 0.593750 0.625000
vt 0.593750 0.125000
vt 0.593750 0.562500
vt 0.593750 0.062500
vt 0.593750 0.500000
vt 0.609375 1.000000
vt 0.593750 0.937500
vt 0.609375 0.000000
vt 0.593750 0.437500
vt 0.593750 0.875000
vt 0.593750 0.375000
vt 0.593750 0.812500
vt 0.593750 0.312500
vt 0.593750 0.750000
vt 0.578125 1.000000
vt 0.562500 0.937500
vt 0.578125 0.000000
vt 0.562500 0.062500
vt 0.562500 0.437500
vt 0.562500 0.875000
vt 0.562500 0.375000
vt 0.562500 0.812500
vt 0.562500 0.312500
vt 0.562500 0.750000
vt 0.562500 0.250000
vt 0.562500 0.687500
vt 0.562500 0.187500
vt 0.562500 0.625000
vt 0.562500 0.125000
vt 0.562500 0.562500
vt 0.562500 0.500000
vt 0.531250 0.687500
vt 0.531250 0.250000
vt 0.531250 0.187500
vt 0.531250 0.625000
vt 0.531250 0.125000
vt 0.531250 0.562500
vt 0.531250 0.062500
vt 0.531250 0.500000
vt 0.546875 1.000000
vt 0.531250 0.937500
vt 0.546875 0.000000
vt 0.531250 0.437500
vt 0.531250 0.875000
vt 0.531250 0.375000
vt 0.531250 0.812500
vt 0.531250 0.312500
vt 0.531250 0.750000
vt 0.500000 0.437500
vt 0.500000 0.937500
vt 0.500000 0.875000
vt 0.500000 0.375000
vt 0.500000 0.812500
vt 0.500000 0.312500
vt 0.500000 0.750000
vt 0.500000 0.250000
vt 0.500000 0.687500
vt 0.500000 0.187500
vt 0.500000 0.625000
vt 0.500000 0.125000
vt 0.500000 0.562500
vt 0.500000 0.062500
vt 0.500000 0.500000
vt 0.515625 1.000000
vt 0.515625 0.000000
vt 0.468750 0.250000
vt 0.468750 0.187500
vt 0.468750 0.625000
vt 0.468750 0.125000
vt 0.468750 0.562500
vt 0.468750 0.062500
vt 0.468750 0.500000
vt 0.484375 1.000000
vt 0.468750 0.937500
vt 0.484375 0.000000
vt 0.468750 0.437500
vt 0.468750 0.875000
vt 0.468750 0.375000
vt 0.468750 0.812500
vt 0.468750 0.312500
vt 0.468750 0.750000
vt 0.468750 0.687500
vt 0.437500 0.875000
vt 0.437500 0.437500
vt 0.437500 0.375000
vt 0.437500 0.812500
vt 0.437500 0.312500
vt 0.437500 0.750000
vt 0.437500 0.250000
vt 0.437500 0.687500
vt 0.437500 0.187500
vt 0.437500 0.625000
vt 0.437500 0.125000
vt 0.437500 0.562500
vt 0.437500 0.062500
vt 0.437500 0.500000
vt 0.453125 1.000000
vt 0.437500 0.937500
vt 0.453125 0.000000
vt 0.406250 0.625000
vt 0.406250 0.187500
vt 0.406250 0.125000
vt 0.406250 0.562500
vt 0.406250 0.062500
vt 0.406250 0.500000
vt 0.421875 1.000000
vt 0.406250 0.937500
vt 0.421875 0.000000
vt 0.406250 0.437500
vt 0.406250 0.875000
vt 0.406250 0.375000
vt 0.406250 0.812500
vt 0.406250 0.312500
vt 0.406250 0.750000
vt 0.406250 0.250000
vt 0.406250 0.687500
vt 0.375000 0.375000
vt 0.375000 0.812500
vt 0.375000 0.312500
vt 0.375000 0.750000
vt 0.375000 0.250000
vt 0.375000 0.687500
vt 0.375000 0.187500
vt 0.375000 0.625000
vt 0.375000 0.125000
vt 0.375000 0.562500
vt 0.375000 0.062500
vt 0.375000 0.500000
vt 0.390625 1.000000
vt 0.375000 0.937500
vt 0.390625 0.000000
vt 0.375000 0.437500
vt 0.375000 0.875000
vt 0.343750 0.125000
vt 0.343750 0.562500
vt 0.343750 0.062500
vt 0.343750 0.500000
vt 0.359375 1.000000
vt 0.343750 0.937500
vt 0.359375 0.000000
vt 0.343750 0.437500
vt 0.343750 0.875000
vt 0.343750 0.375000
vt 0.343750 0.812500
vt 0.343750 0.312500
vt 0.343750 0.750000
vt 0.343750 0.250000
vt 0.343750 0.687500
vt 0.343750 0.187500
vt 0.343750 0.625000
vt 0.312500 0.312500
vt 0.312500 0.750000
vt 0.312500 0.250000
vt 0.312500 0.687500
vt 0.312500 0.187500
vt 0.312500 0.625000
vt 0.312500 0.125000
vt 0.312500 0.562500
vt 0.312500 0.062500
vt 0.312500 0.500000
vt 0.328125 1.000000
vt 0.312500 0.937500
vt 0.328125 0.000000
vt 0.312500 0.437500
vt 0.312500 0.875000
vt 0.312500 0.375000
vt 0.312500 0.812500
vt 0.281250 0.062500
vt 0.281250 0.562500
vt 0.281250 0.500000
vt 0.296875 1.000000
vt 0.281250 0.937500
vt 0.296875 0.000000
vt 0.281250 0.437500
vt 0.281250 0.875000
vt 0.281250 0.375000
vt 0.281250 0.812500
vt 0.281250 0.312500
vt 0.281250 0.750000
vt 0.281250 0.250000
vt 0.281250 0.687500
vt 0.281250 0.187500
vt 0.281250 0.625000
vt 0.281250 0.125000
vt 0.250000 0.750000
vt 0.250000 0.250000
vt 0.250000 0.687500
vt 0.250000 0.187500
vt 0.250000 0.625000
vt 0.250000 0.125000
vt 0.250000 0.562500
vt 0.250000 0.062500
vt 0.250000 0.500000
vt 0.265625 1.000000
vt 0.250000 0.937500
vt 0.265625 0.000000
vt 0.250000 0.437500
vt 0.250000 0.875000
vt 0.250000 0.375000
vt 0.250000 0.812500
vt 0.250000 0.312500
vt 0.218750 0.562500
vt 0.218750 0.500000
vt 0.234375 1.000000
vt 0.218750 0.937500
vt 0.234375 0.000000
vt 0.218750 0.062500
vt 0.218750 0.437500
vt 0.218750 0.875000
vt 0.218750 0.375000
vt 0.218750 0.812500
vt 0.218750 0.312500
vt 0.218750 0.750000
vt 0.218750 0.250000
vt 0.218750 0.687500
vt 0.218750 0.187500
vt 0.218750 0.625000
vt 0.218750 0.125000
vt 0.187500 0.250000
vt 0.187500 0.750000
vt 0.187500 0.687500
vt 0.187500 0.187500
vt 0.187500 0.625000
vt 0.187500 0.125000
vt 0.187500 0.562500
vt 0.187500 0.062500
vt 0.187500 0.500000
vt 0.203125 1.000000
vt 0.187500 0.937500
vt 0.203125 0.000000
vt 0.187500 0.437500
vt 0.187500 0.875000
vt 0.187500 0.375000
vt 0.187500 0.812500
vt 0.187500 0.312500
vt 0.171875 1.000000
vt 0.156250 0.937500
vt 0.171875 0.000000
vt 0.156250 0.062500
vt 0.156250 0.437500
vt 0.156250 0.875000
vt 0.156250 0.375000
vt 0.156250 0.812500
vt 0.156250 0.312500
vt 0.156250 0.750000
vt 0.156250 0.250000
vt 0.156250 0.687500
vt 0.156250 0.187500
vt 0.156250 0.625000
vt 0.156250 0.125000
vt 0.156250 0.562500
vt 0.156250 0.500000
vt 0.125000 0.750000
vt 0.125000 0.687500
vt 0.125000 0.250000
vt 0.125000 0.187500
vt 0.125000 0.625000
vt 0.125000 0.125000
vt 0.125000 0.562500
vt 0.125000 0.062500
vt 0.125000 0.500000
vt 0.140625 1.000000
vt 0.125000 0.937500
vt 0.140625 0.000000
vt 0.125000 0.437500
vt 0.125000 0.875000
vt 0.125000 0.375000
vt 0.125000 0.812500
vt 0.125000 0.312500
vt 0.093750 0.437500
vt 0.093750 0.875000
vt 0.093750 0.375000
vt 0.093750 0.812500
vt 0.093750 0.312500
vt 0.093750 0.750000
vt 0.093750 0.250000
vt 0.093750 0.687500
vt 0.093750 0.187500
vt 0.093750 0.625000
vt 0.093750 0.125000
vt 0.093750 0.562500
vt 0.093750 0.062500
vt 0.093750 0.500000
vt 0.109375 1.000000
vt 0.093750 0.937500
vt 0.109375 0.000000
vt 0.062500 0.250000
vt 0.062500 0.187500
vt 0.062500 0.687500
vt 0.062500 0.625000
vt 0.062500 0.125000
vt 0.062500 0.562500
vt 0.062500 0.062500
vt 0.062500 0.500000
vt 0.078125 1.000000
vt 0.062500 0.937500
vt 0.078125 0.000000
vt 0.062500 0.437500
vt 0.062500 0.875000
vt 0.062500 0.375000
vt 0.062500 0.812500
vt 0.062500 0.312500
vt 0.062500 0.750000
vt 0.031250 0.437500
vt 0.031250 0.375000
vt 0.031250 0.875000
vt 0.031250 0.812500
vt 0.031250 0.312500
vt 0.031250 0.750000
vt 0.031250 0.250000
vt 0.031250 0.687500
vt 0.031250 0.187500
vt 0.031250 0.625000
vt 0.031250 0.125000
vt 0.031250 0.562500
vt 0.031250 0.062500
vt 0.031250 0.500000
vt 0.046875 1.000000
vt 0.031250 0.937500
vt 0.046875 0.000000
vt 0.000000 0.187500
vt 0.000000 0.125000
vt 0.000000 0.625000
vt 0.000000 0.562500
vt 0.000000 0.062500
vt 0.000000 0.500000
vt 0.015625 1.000000
vt 0.000000 0.937500
vt 0.015625 0.000000
vt 0.000000 0.437500
vt 0.000000 0.875000
vt 0.000000 0.375000
vt 0.000000 0.812500
vt 0.000000 0.312500
vt 0.000000 0.750000
vt 0.000000 0.250000
vt 0.000000 0.687500
vt 1.000000 0.812500
vt 0.968750 0.875000
vt 0.968750 0.812500
vt 1.000000 0.375000
vt 0.968750 0.312500
vt 1.000000 0.312500
vt 0.968750 0.750000
vt 1.000000 0.750000
vt 0.968750 0.250000
vt 1.000000 0.250000
vt 0.968750 0.687500
vt 1.000000 0.687500
vt 1.000000 0.187500
vt 0.968750 0.187500
vt 0.968750 0.625000
vt 1.000000 0.625000
vt 0.968750 0.125000
vt 1.000000 0.125000
vt 1.000000 0.562500
vt 0.968750 0.562500
vt 0.968750 0.062500
vt 1.000000 0.062500
vt 1.000000 0.500000
vt 0.968750 0.500000
vt 1.000000 0.937500
vt 0.984375 1.000000
vt 0.968750 0.937500
vt 0.984375 0.000000
vt 0.968750 0.437500
vt 1.000000 0.437500
vt 1.000000 0.875000
vt 0.968750 0.375000
vt 0.937500 0.625000
vt 0.937500 0.562500
vt 0.937500 0.062500
vt 0.937500 0.500000
vt 0.953125 1.000000
vt 0.937500 0.937500
vt 0.953125 0.000000
vt 0.937500 0.437500
vt 0.937500 0.875000
vt 0.937500 0.375000
vt 0.937500 0.812500
vt 0.937500 0.312500
vt 0.937500 0.750000
vt 0.937500 0.250000
vt 0.937500 0.687500
vt 0.937500 0.187500
vt 0.937500 0.125000
vt 0.906250 0.312500
vt 0.906250 0.750000
vt 0.906250 0.250000
vt 0.906250 0.687500
vt 0.906250 0.187500
vt 0.906250 0.625000
vt 0.906250 0.125000
vt 0.906250 0.562500
vt 0.906250 0.062500
vt 0.906250 0.500000
vt 0.921875 1.000000
vt 0.906250 0.937500
vt 0.921875 0.000000
vt 0.906250 0.437500
vt 0.906250 0.875000
vt 0.906250 0.375000
vt 0.906250 0.812500
vt 0.875000 0.062500
vt 0.875000 0.562500
vt 0.875000 0.500000
vt 0.890625 1.000000
vt 0.875000 0.937500
vt 0.890625 0.000000
vt 0.875000 0.437500
vt 0.875000 0.875000
vt 0.875000 0.375000
vt 0.875000 0.812500
vt 0.875000 0.312500
vt 0.875000 0.750000
vt 0.875000 0.250000
vt 0.875000 0.687500
vt 0.875000 0.187500
vt 0.875000 0.625000
vt 0.875000 0.125000
vt 0.843750 0.750000
vt 0.843750 0.312500
vt 0.843750 0.250000
vt 0.843750 0.687500
vt 0.843750 0.187500
vt 0.843750 0.625000
vt 0.843750 0.125000
vt 0.843750 0.562500
vt 0.843750 0.062500
vt 0.843750 0.500000
vt 0.859375 1.000000
vt 0.843750 0.937500
vt 0.859375 0.000000
vt 0.843750 0.437500
vt 0.843750 0.875000
vt 0.843750 0.375000
vt 0.843750 0.812500
vt 0.812500 0.562500
vt 0.812500 0.500000
vt 0.828125 1.000000
vt 0.812500 0.937500
vt 0.828125 0.000000
vt 0.812500 0.062500
vt 0.812500 0.437500
vt 0.812500 0.875000
vt 0.812500 0.375000
vt 0.812500 0.812500
vt 0.812500 0.312500
vt 0.812500 0.750000
vt 0.812500 0.250000
vt 0.812500 0.687500
vt 0.812500 0.187500
vt 0.812500 0.625000
vt 0.812500 0.125000
vt 0.781250 0.250000
vt 0.781250 0.687500
vt 0.781250 0.187500
vt 0.781250 0.625000
vt 0.781250 0.125000
vt 0.781250 0.562500
vt 0.781250 0.062500
vt 0.781250 0.500000
vt 0.796875 1.000000
vt 0.781250 0.937500
vt 0.796875 0.000000
vt 0.781250 0.437500
vt 0.781250 0.875000
vt 0.781250 0.375000
vt 0.781250 0.812500
vt 0.781250 0.312500
vt 0.781250 0.750000
vt 0.765625 0.000000
vt 0.765625 1.000000
s 1
usemtl Material.001
f 1/1/1 326/2/1 11/3/1
f 482/4/2 481/5/2 25/6/2
f 477/7/3 19/8/3 478/9/3
f 2/10/4 11/3/4 12/11/4
f 478/9/5 20/12/5 479/13/5
f 3/14/6 12/11/6 13/15/6
f 479/13/7 21/16/7 8/17/7
f 3/14/8 14/18/8 4/19/8
f 9/20/9 21/16/9 22/21/9
f 4/19/10 15/22/10 5/23/10
f 10/24/11 22/21/11 23/25/11
f 5/23/12 16/26/12 6/27/12
f 10/24/13 24/28/13 480/29/13
f 7/30/14 16/26/14 17/31/14
f 480/29/15 25/6/15 481/5/15
f 477/7/16 17/31/16 18/32/17
f 16/26/18 32/33/18 17/31/18
f 24/28/19 40/34/19 25/6/19
f 17/31/20 33/35/20 18/32/21
f 11/3/22 326/36/22 26/37/22
f 482/38/23 25/6/23 40/34/23
f 18/32/24 34/39/24 19/8/24
f 11/3/25 27/40/25 12/11/25
f 19/8/26 35/41/26 20/12/26
f 12/11/27 28/42/27 13/15/27
f 20/12/28 36/43/28 21/16/28
f 14/18/29 28/42/29 29/44/29
f 21/16/30 37/45/30 22/21/30
f 14/18/31 30/46/31 15/22/31
f 22/21/32 38/47/32 23/25/32
f 16/26/33 30/46/33 31/48/33
f 23/25/34 39/49/34 24/28/34
f 36/43/35 50/50/35 51/51/35
f 28/42/36 44/52/36 29/44/36
f 36/43/37 52/53/37 37/45/37
f 29/44/38 45/54/38 30/46/38
f 37/45/39 53/55/39 38/47/39
f 30/46/40 46/56/40 31/48/40
f 39/49/41 53/55/42 54/57/41
f 31/48/43 47/58/43 32/33/43
f 40/34/44 54/57/44 55/59/44
f 32/33/45 48/60/45 33/35/45
f 26/37/46 326/61/46 41/62/46
f 482/63/47 40/34/47 55/59/47
f 33/35/48 49/64/48 34/39/48
f 26/37/49 42/65/49 27/40/49
f 34/39/50 50/50/50 35/41/50
f 27/40/51 43/66/52 28/42/52
f 54/57/53 70/67/53 55/59/53
f 48/60/54 62/68/54 63/69/54
f 41/62/55 326/70/55 56/71/55
f 482/72/56 55/59/56 70/67/56
f 48/60/57 64/73/57 49/64/57
f 42/65/58 56/71/58 57/74/58
f 50/50/59 64/73/59 65/75/59
f 42/65/60 58/76/60 43/66/60
f 51/51/61 65/75/61 66/77/61
f 43/66/62 59/78/62 44/52/62
f 51/51/63 67/79/63 52/53/63
f 44/52/64 60/80/64 45/54/64
f 52/53/65 68/81/65 53/55/65
f 46/56/66 60/80/66 61/82/66
f 53/55/67 69/83/67 54/57/67
f 46/56/68 62/68/68 47/58/68
f 66/77/69 82/84/69 67/79/69
f 59/78/70 75/85/70 60/80/70
f 68/81/71 82/84/71 83/86/71
f 61/82/72 75/85/72 76/87/72
f 69/83/73 83/86/73 84/88/73
f 62/68/74 76/87/74 77/89/74
f 69/83/75 85/90/75 70/67/75
f 63/69/76 77/89/76 78/91/77
f 56/71/78 326/92/78 71/93/78
f 482/94/79 70/67/79 85/90/79
f 63/69/80 79/95/80 64/73/80
f 56/71/81 72/96/81 57/74/81
f 64/73/82 80/97/82 65/75/82
f 57/74/83 73/98/83 58/76/83
f 66/77/84 80/97/84 81/99/84
f 58/76/85 74/100/85 59/78/85
f 71/93/86 326/101/86 86/102/86
f 482/103/87 85/90/87 100/104/87
f 78/91/88 94/105/88 79/95/88
f 71/93/89 87/106/89 72/96/89
f 80/97/90 94/105/90 95/107/90
f 72/96/91 88/108/91 73/98/91
f 81/99/92 95/107/92 96/109/92
f 73/98/93 89/110/93 74/100/93
f 81/99/94 97/111/94 82/84/94
f 75/85/95 89/110/95 90/112/95
f 82/84/96 98/113/96 83/86/96
f 75/85/97 91/114/97 76/87/97
f 83/86/98 99/115/98 84/88/98
f 77/89/99 91/114/99 92/116/99
f 84/88/100 100/104/100 85/90/100
f 78/91/101 92/116/101 93/117/101
f 89/110/102 105/118/102 90/112/102
f 98/113/103 112/119/103 113/120/103
f 90/112/104 106/121/104 91/114/104
f 99/115/105 113/120/105 114/122/105
f 92/116/106 106/121/106 107/123/106
f 99/115/107 115/124/107 100/104/107
f 92/116/108 108/125/108 93/117/108
f 86/102/109 326/126/109 101/127/109
f 482/128/110 100/104/110 115/124/110
f 93/117/111 109/129/111 94/105/111
f 86/102/112 102/130/112 87/106/112
f 95/107/113 109/129/113 110/131/113
f 87/106/114 103/132/114 88/108/114
f 95/107/115 111/133/115 96/109/115
f 88/108/116 104/134/116 89/110/116
f 96/109/117 112/119/117 97/111/117
f 108/125/118 124/135/118 109/129/119
f 102/130/120 116/136/120 117/137/120
f 110/131/121 124/135/121 125/138/121
f 102/130/122 118/139/122 103/132/122
f 110/131/123 126/140/123 111/133/123
f 103/132/124 119/141/124 104/134/124
f 111/133/125 127/142/125 112/119/125
f 104/134/126 120/143/126 105/118/126
f 113/120/127 127/142/127 128/144/127
f 105/118/128 121/145/128 106/121/128
f 114/122/129 128/144/129 129/146/129
f 107/123/130 121/145/130 122/147/130
f 115/124/131 129/146/131 130/148/131
f 108/125/132 122/147/132 123/149/132
f 101/127/133 326/150/133 116/136/133
f 482/151/134 115/124/134 130/148/134
f 128/144/135 142/152/135 143/153/135
f 120/143/136 136/154/136 121/145/136
f 128/144/137 144/155/137 129/146/137
f 122/147/138 136/154/138 137/156/138
f 129/146/139 145/157/139 130/148/139
f 123/149/140 137/156/140 138/158/140
f 116/136/141 326/159/141 131/160/141
f 482/161/142 130/148/142 145/157/142
f 123/149/143 139/162/143 124/135/143
f 116/136/144 132/163/144 117/137/144
f 125/138/145 139/162/145 140/164/145
f 117/137/146 133/165/146 118/139/146
f 125/138/147 141/166/147 126/140/147
f 118/139/148 134/167/148 119/141/148
f 126/140/149 142/152/149 127/142/149
f 120/143/150 134/167/150 135/168/150
f 131/160/151 147/169/151 132/163/151
f 140/164/152 154/170/152 155/171/152
f 132/163/153 148/172/153 133/165/153
f 140/164/154 156/173/154 141/166/154
f 133/165/155 149/174/155 134/167/155
f 142/152/156 156/173/156 157/175/156
f 135/168/157 149/174/157 150/176/157
f 143/153/158 157/175/158 158/177/158
f 135/168/159 151/178/159 136/154/159
f 144/155/160 158/177/160 159/179/160
f 137/156/161 151/178/161 152/180/161
f 144/155/162 160/181/162 145/157/162
f 137/156/163 153/182/163 138/158/163
f 131/160/164 326/183/164 146/184/164
f 482/185/165 145/157/165 160/181/165
f 138/158/166 154/170/166 139/162/166
f 150/176/167 166/186/167 151/178/167
f 159/179/168 173/187/168 174/188/168
f 152/180/169 166/186/169 167/189/169
f 159/179/170 175/190/170 160/181/170
f 153/182/171 167/189/171 168/191/171
f 146/184/172 326/192/172 161/193/172
f 482/194/173 160/181/173 175/190/173
f 153/182/174 169/195/174 154/170/174
f 147/169/175 161/193/175 162/196/175
f 155/171/176 169/195/176 170/197/176
f 147/169/177 163/198/177 148/172/177
f 155/171/178 171/199/178 156/173/178
f 148/172/179 164/200/179 149/174/179
f 156/173/180 172/201/180 157/175/180
f 150/176/181 164/200/181 165/202/181
f 157/175/182 173/187/182 158/177/182
f 169/195/183 185/203/183 170/197/183
f 162/196/184 178/204/184 163/198/184
f 171/199/185 185/203/185 186/205/185
f 164/200/186 178/204/186 179/206/186
f 171/199/187 187/207/187 172/201/187
f 165/202/188 179/206/188 180/208/188
f 172/201/189 188/209/189 173/187/189
f 165/202/190 181/210/190 166/186/190
f 174/188/191 188/209/191 189/211/191
f 167/189/192 181/210/192 182/212/192
f 175/190/193 189/211/193 190/213/193
f 168/191/194 182/212/194 183/214/194
f 161/193/195 326/215/195 176/216/195
f 482/217/196 175/190/196 190/213/196
f 168/191/197 184/218/197 169/195/197
f 162/196/198 176/216/198 177/219/198
f 188/209/199 204/220/199 189/211/199
f 181/210/200 197/221/200 182/212/200
f 190/213/201 204/220/201 205/222/201
f 183/214/202 197/221/202 198/223/202
f 176/216/203 326/224/203 191/225/203
f 482/226/204 190/213/204 205/222/204
f 183/214/205 199/227/205 184/218/205
f 177/219/206 191/225/206 192/228/206
f 185/203/207 199/227/207 200/229/207
f 177/219/208 193/230/208 178/204/208
f 186/205/209 200/229/209 201/231/209
f 178/204/210 194/232/210 179/206/210
f 186/205/211 202/233/211 187/207/211
f 179/206/212 195/234/212 180/208/212
f 188/209/213 202/233/213 203/235/213
f 181/210/214 195/234/214 196/236/214
f 200/229/215 216/237/215 201/231/215
f 193/230/216 209/238/216 194/232/216
f 201/231/217 217/239/217 202/233/217
f 194/232/218 210/240/218 195/234/218
f 202/233/219 218/241/219 203/235/219
f 195/234/220 211/242/220 196/236/220
f 203/235/221 219/243/221 204/220/221
f 197/221/222 211/242/222 212/244/222
f 205/222/223 219/243/223 220/245/223
f 198/223/224 212/244/224 213/246/224
f 191/225/225 326/247/225 206/248/225
f 482/249/226 205/222/226 220/245/226
f 198/223/227 214/250/227 199/227/227
f 191/225/228 207/251/228 192/228/228
f 200/229/229 214/250/229 215/252/229
f 192/228/230 208/253/230 193/230/230
f 219/243/231 235/254/231 220/245/231
f 213/246/232 227/255/232 228/256/232
f 206/248/233 326/257/233 221/258/233
f 482/259/234 220/245/234 235/254/234
f 213/246/235 229/260/235 214/250/235
f 206/248/236 222/261/236 207/251/236
f 214/250/237 230/262/237 215/252/237
f 208/253/238 222/261/238 223/263/238
f 215/252/239 231/264/239 216/237/239
f 208/253/240 224/265/240 209/238/240
f 216/237/241 232/266/241 217/239/241
f 209/238/242 225/267/242 210/240/242
f 218/241/243 232/266/243 233/268/243
f 211/242/244 225/267/244 226/269/244
f 218/241/245 234/270/245 219/243/245
f 212/244/246 226/269/246 227/255/246
f 223/263/247 239/271/247 224/265/247
f 231/264/248 247/272/248 232/266/248
f 224/265/249 240/273/249 225/267/249
f 233/268/250 247/272/250 248/274/250
f 226/269/251 240/273/251 241/275/251
f 234/270/252 248/274/252 249/276/252
f 227/255/253 241/275/253 242/277/253
f 235/254/254 249/276/254 250/278/254
f 228/256/255 242/277/255 243/279/255
f 221/258/256 326/280/256 236/281/256
f 482/282/257 235/254/257 250/278/257
f 228/256/258 244/283/258 229/260/258
f 221/258/259 237/284/259 222/261/259
f 230/262/260 244/283/260 245/285/260
f 222/261/261 238/286/261 223/263/261
f 230/262/262 246/287/262 231/264/262
f 243/279/263 257/288/263 258/289/263
f 236/281/264 326/290/264 251/291/264
f 482/292/265 250/278/265 265/293/265
f 243/279/266 259/294/266 244/283/266
f 236/281/267 252/295/267 237/284/267
f 245/285/268 259/294/268 260/296/268
f 237/284/269 253/297/269 238/286/269
f 245/285/270 261/298/270 246/287/270
f 238/286/271 254/299/271 239/271/271
f 246/287/272 262/300/272 247/272/272
f 239/271/273 255/301/273 240/273/273
f 248/274/274 262/300/274 263/302/274
f 240/273/275 256/303/275 241/275/275
f 248/274/276 264/304/276 249/276/276
f 242/277/277 256/303/277 257/288/277
f 250/278/278 264/304/278 265/293/278
f 261/298/279 277/305/279 262/300/279
f 255/301/280 269/306/280 270/307/280
f 263/302/281 277/305/281 278/308/281
f 255/301/282 271/309/282 256/303/282
f 263/302/283 279/310/283 264/304/283
f 257/288/284 271/309/284 272/311/284
f 264/304/285 280/312/285 265/293/285
f 258/289/286 272/311/286 273/313/286
f 251/291/287 326/314/287 266/315/287
f 482/316/288 265/293/288 280/312/288
f 258/289/289 274/317/289 259/294/289
f 252/295/290 266/315/290 267/318/290
f 259/294/291 275/319/291 260/296/291
f 252/295/292 268/320/292 253/297/292
f 260/296/293 276/321/293 261/298/293
f 253/297/294 269/306/294 254/299/294
f 266/315/295 326/322/295 281/323/295
f 482/324/296 280/312/296 295/325/296
f 273/313/297 289/326/297 274/317/297
f 266/315/298 282/327/298 267/318/298
f 274/317/299 290/328/299 275/319/299
f 267/318/300 283/329/300 268/320/301
f 275/319/302 291/330/302 276/321/302
f 268/320/303 284/331/303 269/306/303
f 276/321/304 292/332/304 277/305/304
f 269/306/305 285/333/305 270/307/305
f 278/308/306 292/332/306 293/334/306
f 271/309/307 285/333/307 286/335/307
f 279/310/308 293/334/308 294/336/308
f 272/311/309 286/335/309 287/337/309
f 279/310/310 295/325/310 280/312/310
f 273/313/311 287/337/311 288/338/311
f 285/333/312 299/339/312 300/340/312
f 293/334/313 307/341/313 308/342/313
f 285/333/314 301/343/314 286/335/314
f 294/336/315 308/342/315 309/344/315
f 287/337/316 301/343/316 302/345/316
f 295/325/317 309/344/317 310/346/317
f 288/338/318 302/345/318 303/347/318
f 281/323/319 326/348/319 296/349/319
f 482/350/320 295/325/320 310/346/320
f 288/338/321 304/351/321 289/326/321
f 281/323/322 297/352/322 282/327/322
f 290/328/323 304/351/323 305/353/323
f 282/327/324 298/354/324 283/329/324
f 290/328/325 306/355/325 291/330/325
f 283/329/326 299/339/326 284/331/326
f 292/332/327 306/355/327 307/341/327
f 303/347/328 319/356/328 304/351/328
f 296/349/329 312/357/329 297/352/329
f 305/353/330 319/356/330 320/358/330
f 297/352/331 313/359/331 298/354/331
f 305/353/332 321/360/332 306/355/332
f 298/354/333 314/361/333 299/339/333
f 306/355/334 322/362/334 307/341/334
f 299/339/335 315/363/335 300/340/335
f 308/342/336 322/362/336 323/364/336
f 300/340/337 316/365/337 301/343/337
f 309/344/338 323/364/338 324/366/338
f 301/343/339 317/367/339 302/345/339
f 309/344/340 325/368/340 310/346/341
f 303/347/342 317/367/342 318/369/342
f 296/349/343 326/370/343 311/371/343
f 482/372/344 310/346/344 325/368/344
f 323/364/345 338/373/345 339/374/345
f 316/365/346 331/375/346 332/376/346
f 323/364/347 340/377/348 324/366/348
f 316/365/349 333/378/349 317/367/349
f 325/368/350 340/377/350 341/379/350
f 318/369/351 333/378/351 334/380/351
f 311/371/352 326/381/352 327/382/352
f 482/383/353 325/368/353 341/379/353
f 318/369/354 335/384/354 319/356/354
f 311/371/355 328/385/355 312/357/355
f 320/358/356 335/384/356 336/386/356
f 312/357/357 329/387/357 313/359/357
f 320/358/358 337/388/358 321/360/358
f 313/359/359 330/389/359 314/361/359
f 321/360/360 338/373/360 322/362/360
f 314/361/361 331/375/361 315/363/361
f 336/386/362 350/390/362 351/391/362
f 329/387/363 343/392/363 344/393/363
f 336/386/364 352/394/364 337/388/364
f 330/389/365 344/393/365 345/395/365
f 337/388/366 353/396/366 338/373/366
f 330/389/367 346/397/367 331/375/367
f 338/373/368 354/398/368 339/374/368
f 332/376/369 346/397/369 347/399/369
f 339/374/370 355/400/370 340/377/370
f 332/376/371 348/401/371 333/378/371
f 341/379/372 355/400/372 356/402/372
f 334/380/373 348/401/373 349/403/373
f 327/382/374 326/404/374 342/405/374
f 482/406/375 341/379/375 356/402/375
f 334/380/376 350/390/376 335/384/376
f 327/382/377 343/392/377 328/385/377
f 355/400/378 369/407/378 370/408/378
f 348/401/379 362/409/379 363/410/379
f 356/402/380 370/408/380 371/411/380
f 349/403/381 363/410/381 364/412/381
f 342/405/382 326/413/382 357/414/382
f 482/415/383 356/402/383 371/411/383
f 349/403/384 365/416/384 350/390/385
f 343/392/386 357/414/386 358/417/386
f 350/390/387 366/418/387 351/391/387
f 344/393/388 358/417/388 359/419/388
f 351/391/389 367/420/389 352/394/389
f 344/393/390 360/421/390 345/395/390
f 353/396/391 367/420/391 368/422/391
f 345/395/392 361/423/392 346/397/392
f 354/398/393 368/422/393 369/407/393
f 346/397/394 362/409/394 347/399/394
f 359/424/395 373/425/395 374/426/395
f 366/427/396 382/428/396 367/429/396
f 359/424/397 375/430/397 360/431/397
f 367/429/398 383/432/398 368/433/398
f 360/431/399 376/434/399 361/435/399
f 369/436/400 383/432/400 384/437/400
f 361/435/401 377/438/401 362/439/401
f 369/436/402 385/440/402 370/441/402
f 363/442/403 377/438/403 378/443/403
f 370/441/404 386/444/404 371/445/404
f 364/446/405 378/443/405 379/447/406
f 357/448/407 326/449/407 372/450/407
f 482/451/408 371/445/408 386/444/408
f 364/446/409 380/452/409 365/453/409
f 357/448/410 373/425/410 358/454/410
f 365/453/411 381/455/411 366/427/411
f 378/443/412 392/456/412 393/457/412
f 385/440/413 401/458/413 386/444/413
f 379/447/414 393/457/414 394/459/414
f 372/450/415 326/460/415 387/461/415
f 482/462/416 386/444/416 401/458/416
f 379/447/417 395/463/417 380/452/417
f 372/450/418 388/464/418 373/425/418
f 381/455/419 395/463/419 396/465/419
f 373/425/420 389/466/420 374/426/420
f 381/455/421 397/467/421 382/428/421
f 374/426/422 390/468/422 375/430/422
f 382/428/423 398/469/423 383/432/423
f 376/434/424 390/468/424 391/470/424
f 384/437/425 398/469/425 399/471/425
f 377/438/426 391/470/426 392/456/426
f 384/437/427 400/472/427 385/440/427
f 396/465/428 412/473/428 397/467/428
f 389/466/429 405/474/429 390/468/429
f 398/469/430 412/473/430 413/475/430
f 390/468/431 406/476/431 391/470/431
f 399/471/432 413/475/432 414/477/432
f 391/470/433 407/478/433 392/456/433
f 399/471/434 415/479/434 400/472/435
f 393/457/436 407/478/436 408/480/436
f 401/458/437 415/479/437 416/481/437
f 394/459/438 408/480/438 409/482/438
f 387/461/439 326/483/439 402/484/439
f 482/485/440 401/458/440 416/481/440
f 394/459/441 410/486/441 395/463/441
f 387/461/442 403/487/442 388/464/442
f 396/465/443 410/486/443 411/488/443
f 388/464/444 404/489/444 389/466/445
f 415/479/446 431/490/446 416/481/446
f 409/482/447 423/491/447 424/492/447
f 402/484/448 326/493/448 417/494/448
f 482/495/449 416/481/449 431/490/449
f 409/482/450 425/496/450 410/486/450
f 402/484/451 418/497/451 403/487/451
f 411/488/452 425/496/452 426/498/452
f 403/487/453 419/499/453 404/489/453
f 411/488/454 427/500/454 412/473/454
f 404/489/455 420/501/455 405/474/455
f 412/473/456 428/502/456 413/475/456
f 406/476/457 420/501/457 421/503/457
f 414/477/458 428/502/458 429/504/458
f 406/476/459 422/505/459 407/478/459
f 414/477/460 430/506/460 415/479/460
f 408/480/461 422/505/461 423/491/461
f 419/499/462 435/507/462 420/501/462
f 428/502/463 442/508/463 443/509/463
f 420/501/464 436/510/464 421/503/464
f 429/504/465 443/509/465 444/511/465
f 421/503/466 437/512/466 422/505/466
f 429/504/467 445/513/467 430/506/467
f 423/491/468 437/512/468 438/514/468
f 430/506/469 446/515/469 431/490/469
f 424/492/470 438/514/470 439/516/470
f 417/494/471 326/517/471 432/518/471
f 482/519/472 431/490/472 446/515/472
f 424/492/473 440/520/473 425/496/473
f 417/494/474 433/521/474 418/497/474
f 425/496/475 441/522/475 426/498/475
f 419/499/476 433/521/476 434/523/476
f 426/498/477 442/508/477 427/500/477
f 439/516/478 453/524/478 454/525/478
f 432/518/479 326/526/479 447/527/479
f 482/528/480 446/515/480 461/529/480
f 439/516/481 455/530/481 440/520/481
f 432/518/482 448/531/482 433/521/482
f 441/522/483 455/530/483 456/532/483
f 433/521/484 449/533/484 434/523/484
f 441/522/485 457/534/485 442/508/485
f 434/523/486 450/535/486 435/507/486
f 443/509/487 457/534/487 458/536/487
f 436/510/488 450/535/488 451/537/488
f 444/511/489 458/536/489 459/538/489
f 436/510/490 452/539/490 437/512/490
f 444/511/491 460/540/491 445/513/492
f 438/514/493 452/539/493 453/524/493
f 445/513/494 461/529/494 446/515/494
f 457/534/495 473/541/495 458/536/495
f 450/535/496 466/542/496 451/537/496
f 459/538/497 473/541/497 474/543/497
f 452/539/498 466/542/498 467/544/498
f 460/540/499 474/543/499 475/545/499
f 453/524/500 467/544/500 468/546/500
f 460/540/501 476/547/501 461/529/501
f 454/525/502 468/546/502 469/548/502
f 447/527/503 326/549/503 462/550/503
f 482/551/504 461/529/504 476/547/504
f 454/525/505 470/552/505 455/530/505
f 447/527/506 463/553/506 448/531/506
f 455/530/507 471/554/507 456/532/507
f 448/531/508 464/555/508 449/533/508
f 456/532/509 472/556/509 457/534/509
f 449/533/510 465/557/510 450/535/510
f 482/558/511 476/547/511 481/5/511
f 469/548/512 478/9/512 470/552/512
f 463/553/513 1/1/513 2/10/513
f 470/552/514 479/13/514 471/554/514
f 464/555/515 2/10/515 3/14/515
f 471/554/516 8/17/516 472/556/516
f 465/557/517 3/14/517 4/19/517
f 472/556/518 9/20/518 473/541/518
f 466/542/519 4/19/519 5/23/519
f 473/541/520 10/24/520 474/543/520
f 467/544/521 5/23/521 6/27/521
f 474/543/522 480/29/522 475/545/522
f 468/546/523 6/27/523 7/30/523
f 476/547/524 480/29/524 481/5/524
f 469/548/525 7/30/525 477/7/526
f 462/550/527 326/559/527 1/1/527
f 477/7/3 18/32/528 19/8/3
f 2/10/4 1/1/4 11/3/4
f 478/9/5 19/8/5 20/12/5
f 3/14/6 2/10/6 12/11/6
f 479/13/7 20/12/7 21/16/7
f 3/14/8 13/15/8 14/18/8
f 9/20/9 8/17/9 21/16/9
f 4/19/10 14/18/10 15/22/10
f 10/24/11 9/20/11 22/21/11
f 5/23/12 15/22/12 16/26/12
f 10/24/13 23/25/13 24/28/13
f 7/30/14 6/27/14 16/26/14
f 480/29/15 24/28/15 25/6/15
f 477/7/16 7/30/16 17/31/16
f 16/26/18 31/48/18 32/33/18
f 24/28/19 39/49/19 40/34/19
f 17/31/20 32/33/20 33/35/20
f 18/32/24 33/35/24 34/39/24
f 11/3/25 26/37/25 27/40/25
f 19/8/26 34/39/26 35/41/26
f 12/11/27 27/40/27 28/42/27
f 20/12/28 35/41/28 36/43/28
f 14/18/29 13/15/29 28/42/29
f 21/16/30 36/43/30 37/45/30
f 14/18/31 29/44/31 30/46/31
f 22/21/32 37/45/32 38/47/32
f 16/26/33 15/22/33 30/46/33
f 23/25/34 38/47/34 39/49/34
f 36/43/35 35/41/35 50/50/35
f 28/42/36 43/66/36 44/52/36
f 36/43/37 51/51/37 52/53/37
f 29/44/38 44/52/38 45/54/38
f 37/45/39 52/53/39 53/55/39
f 30/46/40 45/54/40 46/56/40
f 39/49/41 38/47/42 53/55/42
f 31/48/43 46/56/43 47/58/43
f 40/34/44 39/49/44 54/57/44
f 32/33/45 47/58/45 48/60/45
f 33/35/48 48/60/48 49/64/48
f 26/37/49 41/62/49 42/65/49
f 34/39/50 49/64/50 50/50/50
f 27/40/51 42/65/51 43/66/52
f 54/57/53 69/83/53 70/67/53
f 48/60/54 47/58/54 62/68/54
f 48/60/57 63/69/57 64/73/57
f 42/65/58 41/62/58 56/71/58
f 50/50/59 49/64/59 64/73/59
f 42/65/60 57/74/60 58/76/60
f 51/51/61 50/50/61 65/75/61
f 43/66/62 58/76/62 59/78/62
f 51/51/63 66/77/63 67/79/63
f 44/52/64 59/78/64 60/80/64
f 52/53/65 67/79/65 68/81/65
f 46/56/66 45/54/66 60/80/66
f 53/55/67 68/81/67 69/83/67
f 46/56/68 61/82/68 62/68/68
f 66/77/69 81/99/69 82/84/69
f 59/78/70 74/100/70 75/85/70
f 68/81/71 67/79/71 82/84/71
f 61/82/72 60/80/72 75/85/72
f 69/83/73 68/81/73 83/86/73
f 62/68/74 61/82/74 76/87/74
f 69/83/75 84/88/75 85/90/75
f 63/69/76 62/68/76 77/89/76
f 63/69/80 78/91/529 79/95/80
f 56/71/81 71/93/81 72/96/81
f 64/73/82 79/95/82 80/97/82
f 57/74/83 72/96/83 73/98/83
f 66/77/84 65/75/84 80/97/84
f 58/76/85 73/98/85 74/100/85
f 78/91/88 93/117/88 94/105/88
f 71/93/89 86/102/89 87/106/89
f 80/97/90 79/95/90 94/105/90
f 72/96/91 87/106/530 88/108/91
f 81/99/92 80/97/92 95/107/92
f 73/98/93 88/108/93 89/110/93
f 81/99/94 96/109/94 97/111/94
f 75/85/95 74/100/95 89/110/95
f 82/84/96 97/111/96 98/113/96
f 75/85/97 90/112/97 91/114/97
f 83/86/98 98/113/98 99/115/98
f 77/89/99 76/87/99 91/114/99
f 84/88/100 99/115/100 100/104/100
f 78/91/101 77/89/101 92/116/101
f 89/110/102 104/134/102 105/118/102
f 98/113/103 97/111/103 112/119/103
f 90/112/104 105/118/104 106/121/104
f 99/115/105 98/113/105 113/120/105
f 92/116/106 91/114/106 106/121/106
f 99/115/107 114/122/107 115/124/107
f 92/116/108 107/123/108 108/125/108
f 93/117/111 108/125/111 109/129/111
f 86/102/112 101/127/112 102/130/112
f 95/107/113 94/105/113 109/129/113
f 87/106/114 102/130/114 103/132/114
f 95/107/115 110/131/115 111/133/115
f 88/108/116 103/132/116 104/134/116
f 96/109/117 111/133/117 112/119/117
f 108/125/118 123/149/118 124/135/118
f 102/130/120 101/127/120 116/136/120
f 110/131/121 109/129/121 124/135/121
f 102/130/122 117/137/122 118/139/122
f 110/131/123 125/138/123 126/140/123
f 103/132/124 118/139/124 119/141/124
f 111/133/125 126/140/125 127/142/125
f 104/134/126 119/141/126 120/143/126
f 113/120/127 112/119/127 127/142/127
f 105/118/128 120/143/128 121/145/128
f 114/122/129 113/120/129 128/144/129
f 107/123/130 106/121/130 121/145/130
f 115/124/131 114/122/131 129/146/131
f 108/125/132 107/123/132 122/147/132
f 128/144/135 127/142/135 142/152/135
f 120/143/136 135/168/136 136/154/136
f 128/144/137 143/153/137 144/155/137
f 122/147/138 121/145/138 136/154/138
f 129/146/139 144/155/139 145/157/139
f 123/149/140 122/147/140 137/156/140
f 123/149/143 138/158/143 139/162/143
f 116/136/144 131/160/144 132/163/144
f 125/138/145 124/135/145 139/162/145
f 117/137/146 132/163/146 133/165/146
f 125/138/147 140/164/147 141/166/147
f 118/139/148 133/165/148 134/167/148
f 126/140/149 141/166/149 142/152/149
f 120/143/150 119/141/150 134/167/150
f 131/160/151 146/184/151 147/169/151
f 140/164/152 139/162/152 154/170/152
f 132/163/153 147/169/153 148/172/153
f 140/164/154 155/171/154 156/173/154
f 133/165/155 148/172/155 149/174/155
f 142/152/156 141/166/156 156/173/156
f 135/168/157 134/167/157 149/174/157
f 143/153/158 142/152/158 157/175/158
f 135/168/159 150/176/159 151/178/159
f 144/155/160 143/153/160 158/177/160
f 137/156/161 136/154/161 151/178/161
f 144/155/162 159/179/162 160/181/162
f 137/156/163 152/180/163 153/182/163
f 138/158/166 153/182/166 154/170/166
f 150/176/167 165/202/167 166/186/167
f 159/179/168 158/177/531 173/187/168
f 152/180/169 151/178/169 166/186/169
f 159/179/170 174/188/170 175/190/170
f 153/182/171 152/180/171 167/189/171
f 153/182/174 168/191/174 169/195/174
f 147/169/175 146/184/175 161/193/175
f 155/171/176 154/170/176 169/195/176
f 147/169/177 162/196/177 163/198/177
f 155/171/178 170/197/178 171/199/178
f 148/172/179 163/198/179 164/200/179
f 156/173/180 171/199/180 172/201/180
f 150/176/181 149/174/181 164/200/181
f 157/175/182 172/201/182 173/187/182
f 169/195/183 184/218/183 185/203/183
f 162/196/184 177/219/184 178/204/184
f 171/199/185 170/197/185 185/203/185
f 164/200/186 163/198/186 178/204/186
f 171/199/187 186/205/187 187/207/187
f 165/202/188 164/200/188 179/206/188
f 172/201/189 187/207/189 188/209/189
f 165/202/190 180/208/190 181/210/190
f 174/188/191 173/187/191 188/209/191
f 167/189/192 166/186/192 181/210/192
f 175/190/193 174/188/193 189/211/193
f 168/191/194 167/189/194 182/212/194
f 168/191/197 183/214/197 184/218/197
f 162/196/198 161/193/198 176/216/198
f 188/209/199 203/235/199 204/220/199
f 181/210/200 196/236/200 197/221/200
f 190/213/201 189/211/201 204/220/201
f 183/214/202 182/212/202 197/221/202
f 183/214/205 198/223/205 199/227/205
f 177/219/206 176/216/206 191/225/206
f 185/203/207 184/218/207 199/227/207
f 177/219/208 192/228/208 193/230/208
f 186/205/209 185/203/209 200/229/209
f 178/204/210 193/230/210 194/232/210
f 186/205/211 201/231/211 202/233/211
f 179/206/212 194/232/212 195/234/212
f 188/209/213 187/207/213 202/233/213
f 181/210/214 180/208/214 195/234/214
f 200/229/215 215/252/215 216/237/215
f 193/230/216 208/253/216 209/238/216
f 201/231/217 216/237/217 217/239/217
f 194/232/218 209/238/218 210/240/218
f 202/233/219 217/239/219 218/241/219
f 195/234/220 210/240/220 211/242/220
f 203/235/221 218/241/221 219/243/221
f 197/221/222 196/236/222 211/242/222
f 205/222/223 204/220/223 219/243/223
f 198/223/224 197/221/224 212/244/224
f 198/223/227 213/246/227 214/250/227
f 191/225/228 206/248/228 207/251/228
f 200/229/229 199/227/229 214/250/229
f 192/228/230 207/251/230 208/253/230
f 219/243/231 234/270/231 235/254/231
f 213/246/232 212/244/232 227/255/232
f 213/246/235 228/256/235 229/260/235
f 206/248/236 221/258/236 222/261/236
f 214/250/237 229/260/237 230/262/237
f 208/253/238 207/251/238 222/261/238
f 215/252/239 230/262/239 231/264/239
f 208/253/240 223/263/240 224/265/240
f 216/237/241 231/264/241 232/266/241
f 209/238/242 224/265/242 225/267/242
f 218/241/243 217/239/243 232/266/243
f 211/242/244 210/240/244 225/267/244
f 218/241/245 233/268/245 234/270/245
f 212/244/246 211/242/246 226/269/246
f 223/263/247 238/286/247 239/271/247
f 231/264/248 246/287/248 247/272/248
f 224/265/249 239/271/249 240/273/249
f 233/268/250 232/266/250 247/272/250
f 226/269/251 225/267/251 240/273/251
f 234/270/252 233/268/252 248/274/252
f 227/255/253 226/269/253 241/275/253
f 235/254/254 234/270/254 249/276/254
f 228/256/255 227/255/255 242/277/255
f 228/256/258 243/279/258 244/283/258
f 221/258/259 236/281/259 237/284/259
f 230/262/260 229/260/260 244/283/260
f 222/261/261 237/284/261 238/286/261
f 230/262/262 245/285/262 246/287/262
f 243/279/263 242/277/263 257/288/263
f 243/279/266 258/289/266 259/294/266
f 236/281/267 251/291/267 252/295/267
f 245/285/268 244/283/268 259/294/268
f 237/284/269 252/295/269 253/297/269
f 245/285/270 260/296/270 261/298/270
f 238/286/271 253/297/271 254/299/271
f 246/287/272 261/298/272 262/300/272
f 239/271/273 254/299/273 255/301/273
f 248/274/274 247/272/274 262/300/274
f 240/273/275 255/301/275 256/303/275
f 248/274/276 263/302/276 264/304/276
f 242/277/277 241/275/277 256/303/277
f 250/278/278 249/276/278 264/304/278
f 261/298/279 276/321/279 277/305/279
f 255/301/280 254/299/280 269/306/280
f 263/302/281 262/300/281 277/305/281
f 255/301/282 270/307/282 271/309/282
f 263/302/283 278/308/283 279/310/283
f 257/288/284 256/303/284 271/309/284
f 264/304/285 279/310/285 280/312/285
f 258/289/286 257/288/286 272/311/286
f 258/289/289 273/313/289 274/317/289
f 252/295/290 251/291/290 266/315/290
f 259/294/291 274/317/291 275/319/291
f 252/295/292 267/318/292 268/320/292
f 260/296/293 275/319/293 276/321/293
f 253/297/294 268/320/294 269/306/294
f 273/313/297 288/338/297 289/326/297
f 266/315/298 281/323/298 282/327/298
f 274/317/299 289/326/299 290/328/299
f 267/318/300 282/327/300 283/329/300
f 275/319/302 290/328/302 291/330/302
f 268/320/303 283/329/303 284/331/303
f 276/321/304 291/330/304 292/332/304
f 269/306/305 284/331/305 285/333/305
f 278/308/306 277/305/306 292/332/306
f 271/309/307 270/307/307 285/333/307
f 279/310/308 278/308/308 293/334/308
f 272/311/309 271/309/309 286/335/309
f 279/310/310 294/336/310 295/325/310
f 273/313/311 272/311/311 287/337/311
f 285/333/312 284/331/312 299/339/312
f 293/334/313 292/332/313 307/341/313
f 285/333/314 300/340/314 301/343/314
f 294/336/315 293/334/315 308/342/315
f 287/337/316 286/335/316 301/343/316
f 295/325/317 294/336/317 309/344/317
f 288/338/318 287/337/318 302/345/318
f 288/338/321 303/347/321 304/351/321
f 281/323/322 296/349/322 297/352/322
f 290/328/323 289/326/323 304/351/323
f 282/327/324 297/352/324 298/354/324
f 290/328/325 305/353/325 306/355/325
f 283/329/326 298/354/326 299/339/326
f 292/332/327 291/330/327 306/355/327
f 303/347/328 318/369/328 319/356/328
f 296/349/329 311/371/329 312/357/329
f 305/353/330 304/351/330 319/356/330
f 297/352/331 312/357/331 313/359/331
f 305/353/332 320/358/332 321/360/332
f 298/354/333 313/359/333 314/361/333
f 306/355/334 321/360/334 322/362/334
f 299/339/335 314/361/335 315/363/335
f 308/342/336 307/341/336 322/362/336
f 300/340/337 315/363/337 316/365/337
f 309/344/338 308/342/338 323/364/338
f 301/343/339 316/365/339 317/367/339
f 309/344/340 324/366/340 325/368/340
f 303/347/342 302/345/342 317/367/342
f 323/364/345 322/362/345 338/373/345
f 316/365/346 315/363/346 331/375/346
f 323/364/347 339/374/347 340/377/348
f 316/365/349 332/376/349 333/378/349
f 325/368/350 324/366/350 340/377/350
f 318/369/351 317/367/351 333/378/351
f 318/369/354 334/380/354 335/384/354
f 311/371/355 327/382/355 328/385/355
f 320/358/356 319/356/356 335/384/356
f 312/357/357 328/385/357 329/387/357
f 320/358/358 336/386/358 337/388/358
f 313/359/359 329/387/359 330/389/359
f 321/360/360 337/388/360 338/373/360
f 314/361/361 330/389/361 331/375/361
f 336/386/362 335/384/362 350/390/362
f 329/387/363 328/385/363 343/392/363
f 336/386/364 351/391/364 352/394/364
f 330/389/365 329/387/365 344/393/365
f 337/388/366 352/394/366 353/396/366
f 330/389/367 345/395/367 346/397/367
f 338/373/368 353/396/368 354/398/368
f 332/376/369 331/375/369 346/397/369
f 339/374/370 354/398/370 355/400/370
f 332/376/371 347/399/371 348/401/371
f 341/379/372 340/377/372 355/400/372
f 334/380/373 333/378/373 348/401/373
f 334/380/376 349/403/376 350/390/376
f 327/382/377 342/405/377 343/392/377
f 355/400/378 354/398/378 369/407/378
f 348/401/379 347/399/379 362/409/379
f 356/402/380 355/400/380 370/408/380
f 349/403/381 348/401/381 363/410/381
f 349/403/384 364/412/384 365/416/384
f 343/392/386 342/405/386 357/414/386
f 350/390/387 365/416/387 366/418/387
f 344/393/388 343/392/388 358/417/388
f 351/391/389 366/418/389 367/420/389
f 344/393/390 359/419/390 360/421/390
f 353/396/391 352/394/391 367/420/391
f 345/395/392 360/421/392 361/423/392
f 354/398/393 353/396/393 368/422/393
f 346/397/394 361/423/394 362/409/394
f 359/424/395 358/454/395 373/425/395
f 366/427/396 381/455/396 382/428/396
f 359/424/397 374/426/397 375/430/397
f 367/429/398 382/428/398 383/432/398
f 360/431/399 375/430/399 376/434/399
f 369/436/400 368/433/400 383/432/400
f 361/435/401 376/434/401 377/438/401
f 369/436/402 384/437/402 385/440/402
f 363/442/403 362/439/403 377/438/403
f 370/441/404 385/440/404 386/444/404
f 364/446/405 363/442/405 378/443/405
f 364/446/409 379/447/409 380/452/409
f 357/448/410 372/450/410 373/425/410
f 365/453/411 380/452/411 381/455/411
f 378/443/412 377/438/412 392/456/412
f 385/440/413 400/472/413 401/458/413
f 379/447/414 378/443/414 393/457/414
f 379/447/417 394/459/417 395/463/417
f 372/450/418 387/461/418 388/464/418
f 381/455/419 380/452/419 395/463/419
f 373/425/420 388/464/420 389/466/420
f 381/455/421 396/465/421 397/467/421
f 374/426/422 389/466/422 390/468/422
f 382/428/423 397/467/423 398/469/423
f 376/434/424 375/430/424 390/468/424
f 384/437/425 383/432/425 398/469/425
f 377/438/426 376/434/426 391/470/426
f 384/437/427 399/471/427 400/472/427
f 396/465/428 411/488/428 412/473/428
f 389/466/429 404/489/429 405/474/429
f 398/469/430 397/467/430 412/473/430
f 390/468/431 405/474/431 406/476/431
f 399/471/432 398/469/432 413/475/432
f 391/470/433 406/476/433 407/478/433
f 399/471/434 414/477/434 415/479/434
f 393/457/436 392/456/436 407/478/436
f 401/458/437 400/472/437 415/479/437
f 394/459/438 393/457/438 408/480/438
f 394/459/441 409/482/441 410/486/441
f 387/461/442 402/484/442 403/487/442
f 396/465/443 395/463/443 410/486/443
f 388/464/444 403/487/444 404/489/444
f 415/479/446 430/506/446 431/490/446
f 409/482/447 408/480/447 423/491/447
f 409/482/450 424/492/450 425/496/450
f 402/484/451 417/494/451 418/497/451
f 411/488/452 410/486/452 425/496/452
f 403/487/453 418/497/453 419/499/453
f 411/488/454 426/498/454 427/500/454
f 404/489/455 419/499/455 420/501/455
f 412/473/456 427/500/456 428/502/456
f 406/476/457 405/474/457 420/501/457
f 414/477/458 413/475/458 428/502/458
f 406/476/459 421/503/459 422/505/459
f 414/477/460 429/504/460 430/506/460
f 408/480/461 407/478/461 422/505/461
f 419/499/462 434/523/462 435/507/462
f 428/502/463 427/500/463 442/508/463
f 420/501/464 435/507/464 436/510/464
f 429/504/465 428/502/465 443/509/465
f 421/503/466 436/510/466 437/512/466
f 429/504/467 444/511/467 445/513/467
f 423/491/468 422/505/468 437/512/468
f 430/506/469 445/513/469 446/515/469
f 424/492/470 423/491/470 438/514/470
f 424/492/473 439/516/473 440/520/473
f 417/494/474 432/518/532 433/521/474
f 425/496/475 440/520/475 441/522/475
f 419/499/476 418/497/476 433/521/476
f 426/498/477 441/522/477 442/508/477
f 439/516/478 438/514/478 453/524/478
f 439/516/481 454/525/481 455/530/481
f 432/518/482 447/527/482 448/531/482
f 441/522/483 440/520/483 455/530/483
f 433/521/484 448/531/484 449/533/484
f 441/522/485 456/532/485 457/534/485
f 434/523/486 449/533/486 450/535/486
f 443/509/487 442/508/487 457/534/487
f 436/510/488 435/507/488 450/535/488
f 444/511/489 443/509/489 458/536/489
f 436/510/490 451/537/490 452/539/490
f 444/511/491 459/538/491 460/540/491
f 438/514/493 437/512/493 452/539/493
f 445/513/494 460/540/494 461/529/494
f 457/534/495 472/556/495 473/541/495
f 450/535/496 465/557/496 466/542/496
f 459/538/497 458/536/497 473/541/497
f 452/539/498 451/537/498 466/542/498
f 460/540/499 459/538/499 474/543/499
f 453/524/500 452/539/500 467/544/500
f 460/540/501 475/545/501 476/547/501
f 454/525/502 453/524/502 468/546/502
f 454/525/505 469/548/505 470/552/505
f 447/527/506 462/550/506 463/553/506
f 455/530/507 470/552/507 471/554/507
f 448/531/508 463/553/508 464/555/508
f 456/532/509 471/554/509 472/556/509
f 449/533/510 464/555/510 465/557/510
f 469/548/512 477/7/512 478/9/512
f 463/553/513 462/550/513 1/1/513
f 470/552/514 478/9/514 479/13/514
f 464/555/515 463/553/515 2/10/515
f 471/554/516 479/13/516 8/17/516
f 465/557/517 464/555/517 3/14/517
f 472/556/518 8/17/518 9/20/518
f 466/542/519 465/557/519 4/19/519
f 473/541/520 9/20/520 10/24/520
f 467/544/521 466/542/521 5/23/521
f 474/543/522 10/24/522 480/29/522
f 468/546/523 467/544/523 6/27/523
f 476/547/524 475/545/524 480/29/524
f 469/548/525 468/546/525 7/30/525
o 球.001
v 762.838745 -1266.436157 843.070007
v 762.838745 -1323.342041 655.476929
v 762.838745 -1415.751953 482.590088
v 762.838745 -1540.114746 331.053528
v 762.838745 -1691.651245 206.690735
v 762.838745 -1864.538086 114.280960
v 762.838745 -2052.131104 57.375217
v 762.838745 -2802.791748 206.690887
v 762.838745 -2954.328369 331.053741
v 762.838745 -3078.691162 482.590393
v 724.778503 -1266.436157 846.818604
v 688.180908 -1323.342041 662.830017
v 654.452332 -1415.751953 493.265259
v 624.889038 -1540.114746 344.640442
v 600.627075 -1691.651245 222.667236
v 582.598755 -1864.538086 132.033035
v 571.497009 -2052.131104 76.220734
v 567.748413 -2247.221436 57.375229
v 571.497009 -2442.311768 76.220764
v 582.598755 -2629.904785 132.033035
v 600.627075 -2802.791748 222.667389
v 624.889038 -2954.328369 344.640656
v 654.452393 -3078.691162 493.265503
v 688.180908 -3171.100830 662.830261
v 724.778503 -3228.006836 846.818909
v 688.180908 -1266.436157 857.920410
v 616.392090 -1323.342041 684.606934
v 550.231201 -1415.751953 524.880432
v 492.240662 -1540.114746 384.878845
v 444.649078 -1691.651245 269.982727
v 409.285309 -1864.538086 184.607010
v 387.508423 -2052.131104 132.033051
v 380.155273 -2247.221436 114.280991
v 387.508423 -2442.311768 132.033081
v 409.285309 -2629.904785 184.607071
v 444.649017 -2802.791748 269.982819
v 492.240662 -2954.328369 384.879059
v 550.231201 -3078.691162 524.880676
v 616.392090 -3171.100830 684.607178
v 688.180908 -3228.006836 857.920654
v 654.452332 -1266.436157 875.948669
v 550.231201 -1323.342041 719.970703
v 454.180420 -1415.751953 576.220642
v 369.991211 -1540.114746 450.222595
v 300.899017 -1691.651245 346.818787
v 249.558777 -1864.538086 269.982697
v 217.943665 -2052.131104 222.667328
v 207.268494 -2247.221436 206.690964
v 217.943665 -2442.311768 222.667358
v 249.558716 -2629.904785 269.982758
v 300.898895 -2802.791748 346.818939
v 369.991211 -2954.328369 450.222809
v 454.180450 -3078.691162 576.220886
v 550.231140 -3171.100830 719.970947
v 654.452332 -3228.006836 875.948975
v 624.889038 -1266.436157 900.210693
v 492.240601 -1323.342041 767.562317
v 369.991211 -1415.751831 645.312927
v 262.838745 -1540.114746 538.160400
v 174.901062 -1691.651245 450.222656
v 109.557251 -1864.538086 384.879059
v 69.318848 -2052.131104 344.640594
v 55.731934 -2247.221436 331.053833
v 69.318848 -2442.311768 344.640625
v 109.557190 -2629.904785 384.878998
v 174.900879 -2802.791748 450.222870
v 262.838745 -2954.328369 538.160645
v 369.991211 -3078.691162 645.313171
v 492.240601 -3171.100830 767.562500
v 624.889038 -3228.006836 900.210938
v 600.627014 -1266.436157 929.773987
v 444.648987 -1323.341919 825.552856
v 300.898926 -1415.751831 729.502197
v 174.901001 -1540.114624 645.312927
v 71.497131 -1691.651245 576.220703
v -5.338989 -1864.538086 524.880493
v -52.654358 -2052.131104 493.265472
v -68.630859 -2247.221436 482.590454
v -52.654358 -2442.311768 493.265503
v -5.339111 -2629.904785 524.880554
v 71.497070 -2802.791748 576.220886
v 174.901001 -2954.328125 645.313171
v 300.898987 -3078.691162 729.502441
v 444.648987 -3171.100830 825.553101
v 600.627014 -3228.006836 929.774292
v 582.598755 -1266.436157 963.502563
v 409.285248 -1323.341919 891.713745
v 249.558777 -1415.751709 825.552917
v 109.557251 -1540.114624 767.562378
v -5.338867 -1691.651123 719.970825
v -90.714600 -1864.538086 684.607056
v -143.288574 -2052.131104 662.830261
v -161.040649 -2247.221436 655.477234
v -143.288574 -2442.311768 662.830261
v -90.714722 -2629.904785 684.607178
v -5.338989 -2802.791504 719.971008
v 109.557251 -2954.328125 767.562622
v 249.558777 -3078.691162 825.553162
v 409.285217 -3171.100830 891.714050
v 582.598755 -3228.006836 963.502808
v 571.496948 -1266.436157 1000.100159
v 387.508362 -1323.341919 963.502563
v 217.943665 -1415.751709 929.774048
v 69.318848 -1540.114502 900.210693
v -52.654297 -1691.651001 875.948792
v -143.288574 -1864.537964 857.920410
v -199.100891 -2052.131104 846.818848
v -217.946289 -2247.221436 843.070374
v -199.100891 -2442.311768 846.818848
v -143.288818 -2629.904785 857.920654
v -52.654297 -2802.791504 875.948975
v 69.318848 -2954.328125 900.210938
v 217.943665 -3078.691162 929.774292
v 387.508301 -3171.100830 963.502808
v 571.497009 -3228.006836 1000.100464
v 567.748413 -1266.436157 1038.160400
v 380.155212 -1323.341919 1038.160400
v 207.268616 -1415.751709 1038.160400
v 55.732056 -1540.114502 1038.160400
v -68.630676 -1691.651001 1038.160400
v -161.040649 -1864.537964 1038.160400
v -217.946411 -2052.131104 1038.160522
v -237.160950 -2247.221436 1038.160522
v -217.946411 -2442.311768 1038.160645
v -161.040771 -2629.904785 1038.160645
v -68.630737 -2802.791504 1038.160645
v 55.732056 -2954.328125 1038.160645
v 207.268616 -3078.691162 1038.160645
v 380.155182 -3171.100830 1038.160645
v 567.748413 -3228.006836 1038.160645
v 571.496948 -1266.436157 1076.220581
v 387.508392 -1323.341919 1112.818237
v 217.943787 -1415.751709 1146.546753
v 69.318909 -1540.114502 1176.110107
v -52.654175 -1691.651001 1200.372070
v -143.288513 -1864.537964 1218.400269
v -199.100830 -2052.131104 1229.502197
v -217.946167 -2247.221436 1233.250854
v -199.100830 -2442.311768 1229.502319
v -143.288696 -2629.904785 1218.400635
v -52.654297 -2802.791504 1200.372314
v 69.318909 -2954.328125 1176.110352
v 217.943787 -3078.691162 1146.546997
v 387.508301 -3171.100830 1112.818604
v 571.497009 -3228.006836 1076.220947
v 582.598755 -1266.436157 1112.818237
v 409.285278 -1323.341919 1184.607056
v 249.558960 -1415.751709 1250.767944
v 109.557373 -1540.114502 1308.758423
v -5.338745 -1691.651001 1356.349976
v -90.714478 -1864.537842 1391.713745
v -143.288513 -2052.131104 1413.490723
v -161.040344 -2247.221436 1420.843872
v -143.288513 -2442.311768 1413.490845
v -90.714661 -2629.904785 1391.714111
v -5.338806 -2802.791504 1356.350220
v 109.557373 -2954.328125 1308.758667
v 249.558960 -3078.691162 1250.768188
v 409.285248 -3171.100830 1184.607422
v 582.598755 -3228.006836 1112.818481
v 600.627075 -1266.436157 1146.546753
v 444.649017 -1323.341919 1250.768066
v 300.899109 -1415.751709 1346.818604
v 174.901062 -1540.114502 1431.007812
v 71.497253 -1691.651001 1500.100098
v -5.338806 -1864.537842 1551.440308
v -52.654175 -2052.131104 1583.055542
v -68.630371 -2247.221436 1593.730591
v -52.654175 -2442.311768 1583.055664
v -5.338989 -2629.904785 1551.440674
v 71.497192 -2802.791504 1500.100342
v 174.901062 -2954.328125 1431.008057
v 300.899109 -3078.691162 1346.818848
v 444.649017 -3171.100830 1250.768311
v 600.627075 -3228.006836 1146.547119
v 624.889038 -1266.436157 1176.110107
v 492.240662 -1323.341919 1308.758545
v 369.991425 -1415.751709 1431.007812
v 262.838776 -1540.114380 1538.160278
v 174.901184 -1691.651001 1626.098022
v 109.557434 -1864.537842 1691.441772
v 69.318970 -2052.130859 1731.680298
v 55.732483 -2247.221191 1745.266968
v 69.318970 -2442.311523 1731.680420
v 109.557373 -2629.904541 1691.442139
v 174.901184 -2802.791260 1626.098267
v 262.838776 -2954.328125 1538.160645
v 369.991425 -3078.691162 1431.008057
v 492.240631 -3171.100830 1308.758789
v 624.889038 -3228.006836 1176.110352
v 654.452332 -1266.436157 1200.372070
v 550.231201 -1323.341919 1356.350098
v 454.180573 -1415.751587 1500.100098
v 369.991302 -1540.114380 1626.098022
v 300.899170 -1691.651001 1729.501831
v 249.558899 -1864.537842 1806.338013
v 217.943848 -2052.130859 1853.653442
v 207.269043 -2247.221191 1869.629761
v 217.943848 -2442.311523 1853.653564
v 249.558899 -2629.904541 1806.338379
v 300.899109 -2802.791260 1729.502197
v 369.991302 -2954.327881 1626.098389
v 454.180573 -3078.690918 1500.100342
v 550.231201 -3171.100830 1356.350342
v 654.452393 -3228.006836 1200.372314
v 688.180908 -1266.436157 1218.400391
v 616.392090 -1323.341919 1391.713867
v 550.231323 -1415.751587 1551.440308
v 492.240692 -1540.114380 1691.441772
v 444.649231 -1691.651001 1806.337769
v 409.285431 -1864.537842 1891.713623
v 387.508698 -2052.130859 1944.287720
v 380.155762 -2247.221191 1962.039551
v 387.508698 -2442.311523 1944.287842
v 409.285461 -2629.904541 1891.713867
v 444.649231 -2802.791260 1806.338135
v 492.240692 -2954.327881 1691.442139
v 550.231323 -3078.690918 1551.440430
v 616.392090 -3171.100830 1391.714111
v 688.180908 -3228.006836 1218.400635
v 724.778503 -1266.436157 1229.502075
v 688.180908 -1323.341919 1413.490845
v 654.452454 -1415.751587 1583.055420
v 624.889038 -1540.114380 1731.680298
v 600.627136 -1691.651001 1853.653198
v 582.598816 -1864.537842 1944.287720
v 571.497192 -2052.130859 2000.099854
v 567.748779 -2247.221191 2018.945190
v 571.497192 -2442.311523 2000.099976
v 582.598877 -2629.904541 1944.287964
v 600.627136 -2802.791260 1853.653564
v 624.889038 -2954.327881 1731.680420
v 654.452454 -3078.690918 1583.055664
v 688.180908 -3171.100830 1413.490967
v 724.778503 -3228.006836 1229.502441
v 762.838745 -1266.436157 1233.250732
v 762.838745 -1323.341919 1420.843872
v 762.838806 -1415.751587 1593.730469
v 762.838684 -1540.114380 1745.266968
v 762.838745 -1691.651001 1869.629517
v 762.838745 -1864.537842 1962.039673
v 762.838806 -2052.130859 2018.945435
v 762.838989 -2247.221191 2038.159790
v 762.838806 -2442.311523 2018.945557
v 762.838867 -2629.904541 1962.040039
v 762.838806 -2802.791260 1869.629883
v 762.838684 -2954.327881 1745.267334
v 762.838806 -3078.690918 1593.730713
v 762.838745 -3171.100830 1420.844116
v 762.838745 -3228.006836 1233.250977
v 800.898987 -1266.436157 1229.502075
v 837.496643 -1323.341919 1413.490723
v 871.225159 -1415.751587 1583.055298
v 900.788330 -1540.114380 1731.680176
v 925.050354 -1691.651001 1853.653198
v 943.078613 -1864.537842 1944.287720
v 954.180420 -2052.130859 2000.099731
v 957.929199 -2247.221191 2018.944946
v 954.180420 -2442.311523 2000.099854
v 943.078796 -2629.904541 1944.287842
v 925.050415 -2802.791260 1853.653442
v 900.788330 -2954.327881 1731.680420
v 871.225159 -3078.690918 1583.055542
v 837.496582 -3171.100830 1413.490967
v 800.898987 -3228.006836 1229.502441
v 837.496582 -1266.436157 1218.400391
v 909.285400 -1323.341919 1391.713745
v 975.446289 -1415.751587 1551.440063
v 1033.436646 -1540.114380 1691.441772
v 1081.028198 -1691.651001 1806.337769
v 1116.391968 -1864.537842 1891.713501
v 1138.168945 -2052.130859 1944.287476
v 1145.522217 -2247.221191 1962.039185
v 1138.168945 -2442.311523 1944.287598
v 1116.392212 -2629.904541 1891.713867
v 1081.028320 -2802.791260 1806.338135
v 1033.436646 -2954.327881 1691.441895
v 975.446289 -3078.690918 1551.440430
v 909.285400 -3171.100830 1391.714111
v 837.496582 -3228.006836 1218.400635
v 871.225098 -1266.436157 1200.372070
v 975.446289 -1323.341919 1356.350098
v 1071.496948 -1415.751587 1500.099976
v 1155.686035 -1540.114380 1626.098022
v 1224.778320 -1691.651001 1729.501831
v 1276.118530 -1864.537842 1806.338013
v 1307.733643 -2052.130859 1853.653198
v 1318.408813 -2247.221191 1869.629272
v 1307.733643 -2442.311523 1853.653320
v 1276.118652 -2629.904541 1806.338135
v 1224.778320 -2802.791260 1729.502197
v 1155.686035 -2954.327881 1626.098267
v 1071.496948 -3078.690918 1500.100098
v 975.446289 -3171.100830 1356.350342
v 871.225098 -3228.006836 1200.372314
v 900.788452 -1266.436157 1176.110107
v 1033.436768 -1323.341919 1308.758423
v 1155.686035 -1415.751709 1431.007690
v 1262.838623 -1540.114380 1538.160278
v 1350.776245 -1691.651001 1626.097900
v 1416.119995 -1864.537842 1691.441772
v 1456.358398 -2052.130859 1731.680054
v 1469.945190 -2247.221191 1745.266479
v 1456.358398 -2442.311523 1731.680176
v 1416.120239 -2629.904541 1691.441895
v 1350.776367 -2802.791260 1626.098145
v 1262.838623 -2954.328125 1538.160522
v 1155.686035 -3078.691162 1431.007812
v 1033.436768 -3171.100830 1308.758667
v 900.788391 -3228.006836 1176.110352
v 925.050415 -1266.436157 1146.546753
v 1081.028442 -1323.341919 1250.767944
v 1224.778320 -1415.751709 1346.818481
v 1350.776367 -1540.114502 1431.007812
v 1454.180054 -1691.651001 1500.099976
v 1531.016235 -1864.537842 1551.440308
v 1578.331543 -2052.131104 1583.055298
v 1594.307861 -2247.221436 1593.729858
v 1578.331543 -2442.311768 1583.055420
v 1531.016479 -2629.904785 1551.440308
v 1454.180176 -2802.791504 1500.100220
v 1350.776367 -2954.328125 1431.008057
v 1224.778320 -3078.691162 1346.818726
v 1081.028320 -3171.100830 1250.768188
v 925.050415 -3228.006836 1146.546997
v 762.838806 -1247.221313 1038.160400
v 943.078674 -1266.436157 1112.818237
v 1116.392090 -1323.341919 1184.606934
v 1276.118408 -1415.751709 1250.767700
v 1416.119995 -1540.114502 1308.758423
v 1531.016113 -1691.651001 1356.349976
v 1616.391846 -1864.537842 1391.713745
v 1668.965820 -2052.131104 1413.490479
v 1686.717529 -2247.221436 1420.843140
v 1668.965820 -2442.311768 1413.490601
v 1616.392090 -2629.904785 1391.713745
v 1531.016113 -2802.791504 1356.350098
v 1416.119995 -2954.328125 1308.758667
v 1276.118408 -3078.691162 1250.768066
v 1116.392090 -3171.100830 1184.607300
v 943.078613 -3228.006836 1112.818481
v 954.180420 -1266.436157 1076.220581
v 1138.168945 -1323.341919 1112.818237
v 1307.733643 -1415.751709 1146.546631
v 1456.358521 -1540.114502 1176.110107
v 1578.331543 -1691.651001 1200.371948
v 1668.965942 -1864.537964 1218.400269
v 1724.777954 -2052.131104 1229.501953
v 1743.623169 -2247.221436 1233.250122
v 1724.777954 -2442.311768 1229.502075
v 1668.966064 -2629.904785 1218.400391
v 1578.331543 -2802.791504 1200.372192
v 1456.358521 -2954.328125 1176.110352
v 1307.733643 -3078.691162 1146.546875
v 1138.168945 -3171.100830 1112.818481
v 954.180420 -3228.006836 1076.220947
v 957.929016 -1266.436157 1038.160400
v 1145.522095 -1323.341919 1038.160400
v 1318.408691 -1415.751709 1038.160278
v 1469.945312 -1540.114502 1038.160400
v 1594.307861 -1691.651001 1038.160400
v 1686.718018 -1864.537964 1038.160400
v 1743.623535 -2052.131104 1038.160278
v 1762.837891 -2247.221436 1038.160034
v 1743.623535 -2442.311768 1038.160522
v 1686.718018 -2629.904785 1038.160400
v 1594.307861 -2802.791504 1038.160645
v 1469.945312 -2954.328125 1038.160645
v 1318.408691 -3078.691162 1038.160522
v 1145.521973 -3171.100830 1038.160645
v 957.929016 -3228.006836 1038.160645
v 954.180420 -1266.436157 1000.100159
v 1138.168945 -1323.341919 963.502563
v 1307.733521 -1415.751709 929.774048
v 1456.358398 -1540.114502 900.210815
v 1578.331421 -1691.651001 875.948792
v 1668.965820 -1864.537964 857.920471
v 1724.777954 -2052.131104 846.818726
v 1743.623047 -2247.221436 843.069946
v 1724.777954 -2442.311768 846.818787
v 1668.966064 -2629.904785 857.920471
v 1578.331421 -2802.791504 875.948914
v 1456.358398 -2954.328125 900.210999
v 1307.733521 -3078.691162 929.774292
v 1138.168945 -3171.100830 963.502808
v 954.180359 -3228.006836 1000.100464
v 943.078613 -1266.436157 963.502563
v 1116.391968 -1323.341919 891.713806
v 1276.118408 -1415.751709 825.552979
v 1416.119995 -1540.114624 767.562500
v 1531.016113 -1691.651123 719.970947
v 1616.391846 -1864.538086 684.607178
v 1668.965698 -2052.131104 662.830261
v 1686.717285 -2247.221436 655.477051
v 1668.965698 -2442.311768 662.830261
v 1616.391846 -2629.904785 684.607056
v 1531.016113 -2802.791504 719.971008
v 1416.119995 -2954.328125 767.562744
v 1276.118408 -3078.691162 825.553223
v 1116.391968 -3171.100830 891.714111
v 943.078613 -3228.006836 963.502869
v 925.050354 -1266.436157 929.774048
v 1081.028198 -1323.341919 825.552917
v 1224.778076 -1415.751831 729.502258
v 1350.776367 -1540.114624 645.313110
v 1454.180054 -1691.651245 576.220947
v 1531.016113 -1864.538086 524.880676
v 1578.331299 -2052.131104 493.265533
v 1594.307251 -2247.221436 482.590454
v 1578.331299 -2442.311768 493.265564
v 1531.016113 -2629.904785 524.880554
v 1454.180054 -2802.791748 576.221008
v 1350.776367 -2954.328125 645.313354
v 1224.778076 -3078.691162 729.502502
v 1081.028198 -3171.100830 825.553223
v 925.050354 -3228.006836 929.774353
v 900.788330 -1266.436157 900.210754
v 1033.436646 -1323.342041 767.562439
v 1155.685791 -1415.751831 645.313171
v 1262.838623 -1540.114746 538.160645
v 1350.776245 -1691.651245 450.222900
v 1416.119995 -1864.538086 384.879181
v 1456.358154 -2052.131104 344.640839
v 1469.944458 -2247.221436 331.054138
v 1456.358154 -2442.311768 344.640869
v 1416.119995 -2629.904785 384.879181
v 1350.776245 -2802.791748 450.223114
v 1262.838623 -2954.328369 538.160889
v 1155.685791 -3078.691162 645.313416
v 1033.436646 -3171.100830 767.562744
v 900.788330 -3228.006836 900.211060
v 871.225037 -1266.436157 875.948792
v 975.446106 -1323.342041 719.970886
v 1071.496582 -1415.751953 576.220947
v 1155.686035 -1540.114746 450.222839
v 1224.778198 -1691.651245 346.819092
v 1276.118408 -1864.538086 269.983002
v 1307.733398 -2052.131104 222.667633
v 1318.407959 -2247.221436 206.691452
v 1307.733398 -2442.311768 222.667664
v 1276.118408 -2629.904785 269.982941
v 1224.778198 -2802.791748 346.819305
v 1155.686035 -2954.328369 450.223053
v 1071.496582 -3078.691162 576.221191
v 975.446106 -3171.100830 719.971130
v 871.225037 -3228.006836 875.949097
v 837.496521 -1266.436157 857.920532
v 909.285217 -1323.342041 684.607178
v 975.445923 -1415.751953 524.880859
v 1033.436646 -1540.114746 384.879150
v 1081.028198 -1691.651245 269.983154
v 1116.391846 -1864.538086 184.607315
v 1138.168701 -2052.131104 132.033417
v 1145.521240 -2247.221436 114.281784
v 1138.168701 -2442.311768 132.033447
v 1116.391846 -2629.904785 184.607315
v 1081.028198 -2802.791748 269.983368
v 1033.436646 -2954.328369 384.879364
v 975.445923 -3078.691162 524.881104
v 909.285217 -3171.100830 684.607422
v 837.496521 -3228.006836 857.920837
v 800.898926 -1266.436157 846.818787
v 837.496460 -1323.342041 662.830322
v 871.224915 -1415.751953 493.265808
v 900.788330 -1540.114746 344.640747
v 925.050293 -1691.651245 222.667786
v 943.078491 -1864.538086 132.033401
v 954.180176 -2052.131104 76.221222
v 957.928345 -2247.221436 57.376266
v 954.180176 -2442.311768 76.221252
v 943.078491 -2629.904785 132.033279
v 925.050293 -2802.791748 222.667999
v 900.788330 -2954.328369 344.640961
v 871.224915 -3078.691162 493.266052
v 837.496460 -3171.100830 662.830566
v 800.898926 -3228.006836 846.819092
v 762.838196 -2247.221436 38.161667
v 762.838501 -2442.311768 57.375793
v 762.838562 -2629.904785 114.281204
v 762.838684 -3171.100830 655.477417
v 762.838745 -3228.006836 843.070496
v 762.838745 -3247.221436 1038.160645
vn 0.0097 -0.9951 0.0980
vn 0.0097 0.9951 0.0980
vn 0.0975 0.0975 0.9904
vn 0.0286 -0.9565 0.2902
vn 0.0938 0.2890 0.9527
vn 0.0464 -0.8810 0.4709
vn 0.0865 0.4696 0.8786
vn 0.0624 -0.7715 0.6332
vn 0.0759 0.6326 0.7708
vn 0.0759 -0.6326 0.7708
vn 0.0624 0.7715 0.6332
vn 0.0865 -0.4696 0.8786
vn 0.0464 0.8810 0.4709
vn 0.0938 -0.2890 0.9527
vn 0.0286 0.9565 0.2902
vn 0.0975 -0.0975 0.9904
vn 0.2779 -0.2890 0.9161
vn 0.0846 0.9565 0.2790
vn 0.2889 -0.0975 0.9524
vn 0.0286 -0.9951 0.0942
vn 0.0286 0.9951 0.0942
vn 0.2889 0.0975 0.9524
vn 0.0846 -0.9565 0.2790
vn 0.2779 0.2890 0.9161
vn 0.1374 -0.8810 0.4528
vn 0.2563 0.4696 0.8448
vn 0.1847 -0.7715 0.6088
vn 0.2248 0.6326 0.7412
vn 0.2248 -0.6326 0.7412
vn 0.1847 0.7715 0.6088
vn 0.2563 -0.4696 0.8448
vn 0.1374 0.8810 0.4528
vn 0.4162 0.4696 0.7786
vn 0.2999 -0.7715 0.5611
vn 0.3651 0.6326 0.6831
vn 0.3651 -0.6326 0.6831
vn 0.2999 0.7715 0.5611
vn 0.4162 -0.4696 0.7786
vn 0.2230 0.8810 0.4173
vn 0.4513 -0.2890 0.8443
vn 0.1374 0.9565 0.2571
vn 0.4691 -0.0975 0.8777
vn 0.0464 -0.9951 0.0869
vn 0.0464 0.9951 0.0869
vn 0.4691 0.0975 0.8777
vn 0.1374 -0.9565 0.2571
vn 0.4513 0.2890 0.8443
vn 0.2231 -0.8810 0.4173
vn 0.1850 0.9565 0.2254
vn 0.6314 -0.0975 0.7693
vn 0.0625 -0.9951 0.0761
vn 0.0625 0.9951 0.0761
vn 0.6314 0.0975 0.7693
vn 0.1850 -0.9565 0.2254
vn 0.6073 0.2890 0.7400
vn 0.3002 -0.8810 0.3658
vn 0.5601 0.4696 0.6825
vn 0.4036 -0.7715 0.4918
vn 0.4913 0.6326 0.5987
vn 0.4913 -0.6326 0.5987
vn 0.4036 0.7715 0.4918
vn 0.5601 -0.4696 0.6825
vn 0.3002 0.8810 0.3658
vn 0.6073 -0.2890 0.7400
vn 0.5987 0.6326 0.4913
vn 0.5987 -0.6326 0.4913
vn 0.4918 0.7715 0.4036
vn 0.6825 -0.4696 0.5601
vn 0.3658 0.8810 0.3002
vn 0.7400 -0.2890 0.6073
vn 0.2254 0.9565 0.1850
vn 0.7693 -0.0975 0.6314
vn 0.0761 -0.9951 0.0625
vn 0.0761 0.9951 0.0625
vn 0.7693 0.0975 0.6314
vn 0.2254 -0.9565 0.1850
vn 0.7400 0.2890 0.6073
vn 0.3658 -0.8810 0.3002
vn 0.6825 0.4696 0.5601
vn 0.4918 -0.7715 0.4036
vn 0.0869 -0.9951 0.0464
vn 0.0869 0.9951 0.0464
vn 0.8777 0.0975 0.4691
vn 0.2571 -0.9565 0.1374
vn 0.8443 0.2890 0.4513
vn 0.4173 -0.8810 0.2231
vn 0.7786 0.4696 0.4162
vn 0.5611 -0.7715 0.2999
vn 0.6831 0.6326 0.3651
vn 0.6831 -0.6326 0.3651
vn 0.5611 0.7715 0.2999
vn 0.7786 -0.4696 0.4162
vn 0.4173 0.8810 0.2230
vn 0.8443 -0.2890 0.4513
vn 0.2571 0.9565 0.1374
vn 0.8777 -0.0975 0.4691
vn 0.7412 -0.6326 0.2248
vn 0.6088 0.7715 0.1847
vn 0.8448 -0.4696 0.2563
vn 0.4528 0.8810 0.1374
vn 0.9161 -0.2890 0.2779
vn 0.2790 0.9565 0.0846
vn 0.9524 -0.0975 0.2889
vn 0.0942 -0.9951 0.0286
vn 0.0942 0.9951 0.0286
vn 0.9524 0.0975 0.2889
vn 0.2790 -0.9565 0.0846
vn 0.9161 0.2890 0.2779
vn 0.4528 -0.8810 0.1374
vn 0.8448 0.4696 0.2563
vn 0.6088 -0.7715 0.1847
vn 0.7412 0.6326 0.2248
vn 0.9904 0.0975 0.0975
vn 0.2902 -0.9565 0.0286
vn 0.9527 0.2890 0.0938
vn 0.4709 -0.8810 0.0464
vn 0.8786 0.4696 0.0865
vn 0.6332 -0.7715 0.0624
vn 0.7708 0.6326 0.0759
vn 0.7708 -0.6326 0.0759
vn 0.6332 0.7715 0.0624
vn 0.8786 -0.4696 0.0865
vn 0.4709 0.8810 0.0464
vn 0.9527 -0.2890 0.0938
vn 0.2902 0.9565 0.0286
vn 0.9904 -0.0975 0.0975
vn 0.0980 -0.9951 0.0097
vn 0.0980 0.9951 0.0097
vn 0.6332 0.7715 -0.0624
vn 0.8786 -0.4696 -0.0865
vn 0.4709 0.8810 -0.0464
vn 0.9527 -0.2890 -0.0938
vn 0.2902 0.9565 -0.0286
vn 0.9904 -0.0975 -0.0976
vn 0.0980 -0.9951 -0.0097
vn 0.0980 0.9951 -0.0097
vn 0.9904 0.0975 -0.0975
vn 0.2902 -0.9565 -0.0286
vn 0.9527 0.2890 -0.0938
vn 0.4709 -0.8810 -0.0464
vn 0.8786 0.4696 -0.0865
vn 0.6332 -0.7715 -0.0624
vn 0.7708 0.6326 -0.0759
vn 0.7708 -0.6326 -0.0759
vn 0.2790 -0.9565 -0.0846
vn 0.9161 0.2890 -0.2779
vn 0.4528 -0.8810 -0.1374
vn 0.8448 0.4696 -0.2563
vn 0.6088 -0.7715 -0.1847
vn 0.7412 0.6326 -0.2248
vn 0.7412 -0.6326 -0.2248
vn 0.6088 0.7715 -0.1847
vn 0.8448 -0.4696 -0.2563
vn 0.4528 0.8810 -0.1374
vn 0.9161 -0.2890 -0.2779
vn 0.2790 0.9565 -0.0846
vn 0.9524 -0.0975 -0.2889
vn 0.0942 -0.9951 -0.0286
vn 0.0942 0.9951 -0.0286
vn 0.9524 0.0975 -0.2889
vn 0.7786 -0.4696 -0.4162
vn 0.4173 0.8810 -0.2231
vn 0.8443 -0.2890 -0.4513
vn 0.2571 0.9565 -0.1374
vn 0.8777 -0.0975 -0.4691
vn 0.0869 -0.9951 -0.0464
vn 0.0869 0.9951 -0.0464
vn 0.8777 0.0975 -0.4691
vn 0.2571 -0.9565 -0.1374
vn 0.8443 0.2890 -0.4513
vn 0.4173 -0.8810 -0.2230
vn 0.7786 0.4696 -0.4162
vn 0.5611 -0.7715 -0.2999
vn 0.6831 0.6326 -0.3651
vn 0.6831 -0.6326 -0.3651
vn 0.5611 0.7715 -0.2999
vn 0.7400 0.2890 -0.6073
vn 0.3658 -0.8810 -0.3002
vn 0.6825 0.4696 -0.5601
vn 0.4918 -0.7715 -0.4036
vn 0.5987 0.6326 -0.4913
vn 0.5987 -0.6326 -0.4913
vn 0.4918 0.7715 -0.4036
vn 0.6825 -0.4696 -0.5601
vn 0.3658 0.8810 -0.3002
vn 0.7400 -0.2890 -0.6073
vn 0.2254 0.9565 -0.1850
vn 0.7693 -0.0975 -0.6314
vn 0.0761 -0.9951 -0.0625
vn 0.0761 0.9951 -0.0625
vn 0.7693 0.0975 -0.6314
vn 0.2254 -0.9565 -0.1850
vn 0.3002 0.8810 -0.3658
vn 0.6073 -0.2890 -0.7400
vn 0.1850 0.9565 -0.2254
vn 0.6314 -0.0975 -0.7693
vn 0.0625 -0.9951 -0.0761
vn 0.0625 0.9951 -0.0761
vn 0.6314 0.0975 -0.7693
vn 0.1850 -0.9565 -0.2254
vn 0.6073 0.2890 -0.7400
vn 0.3002 -0.8810 -0.3658
vn 0.5601 0.4696 -0.6825
vn 0.4036 -0.7715 -0.4918
vn 0.4913 0.6326 -0.5987
vn 0.4913 -0.6326 -0.5987
vn 0.4036 0.7715 -0.4918
vn 0.5601 -0.4696 -0.6825
vn 0.4162 0.4696 -0.7786
vn 0.2999 -0.7715 -0.5611
vn 0.3651 0.6326 -0.6831
vn 0.3651 -0.6326 -0.6831
vn 0.2999 0.7715 -0.5611
vn 0.4162 -0.4696 -0.7786
vn 0.2230 0.8810 -0.4173
vn 0.4513 -0.2890 -0.8443
vn 0.1374 0.9565 -0.2571
vn 0.4691 -0.0975 -0.8777
vn 0.0464 -0.9951 -0.0869
vn 0.0464 0.9951 -0.0869
vn 0.4691 0.0975 -0.8777
vn 0.1374 -0.9565 -0.2571
vn 0.4513 0.2890 -0.8443
vn 0.2230 -0.8810 -0.4173
vn 0.0846 0.9565 -0.2790
vn 0.2889 -0.0975 -0.9524
vn 0.0286 -0.9951 -0.0942
vn 0.0286 0.9951 -0.0942
vn 0.2889 0.0975 -0.9524
vn 0.0846 -0.9565 -0.2790
vn 0.2779 0.2890 -0.9161
vn 0.1374 -0.8810 -0.4528
vn 0.2563 0.4696 -0.8448
vn 0.1847 -0.7715 -0.6088
vn 0.2248 0.6326 -0.7412
vn 0.2248 -0.6326 -0.7412
vn 0.1847 0.7715 -0.6088
vn 0.2563 -0.4696 -0.8448
vn 0.1374 0.8810 -0.4528
vn 0.2779 -0.2890 -0.9161
vn 0.0624 -0.7715 -0.6332
vn 0.0759 0.6326 -0.7708
vn 0.0759 -0.6326 -0.7708
vn 0.0624 0.7715 -0.6332
vn 0.0865 -0.4696 -0.8786
vn 0.0464 0.8810 -0.4709
vn 0.0938 -0.2890 -0.9527
vn 0.0286 0.9565 -0.2902
vn 0.0975 -0.0975 -0.9904
vn 0.0097 -0.9951 -0.0980
vn 0.0097 0.9951 -0.0980
vn 0.0975 0.0975 -0.9904
vn 0.0286 -0.9565 -0.2902
vn 0.0938 0.2890 -0.9527
vn 0.0464 -0.8810 -0.4709
vn 0.0865 0.4696 -0.8786
vn -0.0976 -0.0975 -0.9904
vn -0.0097 -0.9951 -0.0980
vn -0.0097 0.9951 -0.0980
vn -0.0976 0.0975 -0.9904
vn -0.0286 -0.9565 -0.2902
vn -0.0938 0.2890 -0.9527
vn -0.0464 -0.8810 -0.4709
vn -0.0865 0.4696 -0.8786
vn -0.0624 -0.7715 -0.6332
vn -0.0759 0.6326 -0.7708
vn -0.0759 -0.6326 -0.7708
vn -0.0624 0.7715 -0.6332
vn -0.0865 -0.4696 -0.8786
vn -0.0464 0.8810 -0.4709
vn -0.0938 -0.2890 -0.9527
vn -0.0286 0.9565 -0.2902
vn -0.2248 0.6326 -0.7412
vn -0.2248 -0.6326 -0.7412
vn -0.1847 0.7715 -0.6088
vn -0.2563 -0.4696 -0.8448
vn -0.1374 0.8810 -0.4528
vn -0.2779 -0.2890 -0.9161
vn -0.0846 0.9565 -0.2790
vn -0.2889 -0.0975 -0.9524
vn -0.0286 -0.9951 -0.0942
vn -0.0286 0.9951 -0.0942
vn -0.2889 0.0975 -0.9524
vn -0.0846 -0.9565 -0.2790
vn -0.2779 0.2890 -0.9161
vn -0.1374 -0.8810 -0.4528
vn -0.2563 0.4696 -0.8448
vn -0.1847 -0.7715 -0.6088
vn -0.0464 -0.9951 -0.0869
vn -0.0464 0.9951 -0.0869
vn -0.4691 0.0975 -0.8777
vn -0.1374 -0.9565 -0.2571
vn -0.4513 0.2890 -0.8443
vn -0.2230 -0.8810 -0.4173
vn -0.4162 0.4696 -0.7786
vn -0.2999 -0.7715 -0.5611
vn -0.3651 0.6326 -0.6831
vn -0.3651 -0.6326 -0.6831
vn -0.2999 0.7715 -0.5611
vn -0.4162 -0.4696 -0.7786
vn -0.2231 0.8810 -0.4173
vn -0.4513 -0.2890 -0.8443
vn -0.1374 0.9565 -0.2571
vn -0.4691 -0.0975 -0.8777
vn -0.4913 -0.6326 -0.5987
vn -0.4036 0.7715 -0.4918
vn -0.5601 -0.4696 -0.6825
vn -0.3002 0.8810 -0.3658
vn -0.6073 -0.2890 -0.7400
vn -0.1850 0.9565 -0.2254
vn -0.6314 -0.0975 -0.7693
vn -0.0625 -0.9951 -0.0761
vn -0.0625 0.9951 -0.0761
vn -0.6314 0.0975 -0.7693
vn -0.1850 -0.9565 -0.2254
vn -0.6073 0.2890 -0.7400
vn -0.3002 -0.8810 -0.3658
vn -0.5601 0.4696 -0.6825
vn -0.4036 -0.7715 -0.4918
vn -0.4913 0.6326 -0.5987
vn -0.7693 0.0975 -0.6314
vn -0.2254 -0.9565 -0.1850
vn -0.7400 0.2890 -0.6073
vn -0.3658 -0.8810 -0.3002
vn -0.6825 0.4696 -0.5601
vn -0.4918 -0.7715 -0.4036
vn -0.5987 0.6326 -0.4913
vn -0.5987 -0.6326 -0.4913
vn -0.4918 0.7715 -0.4036
vn -0.6825 -0.4696 -0.5601
vn -0.3658 0.8810 -0.3002
vn -0.7400 -0.2890 -0.6073
vn -0.2254 0.9565 -0.1850
vn -0.7693 -0.0975 -0.6314
vn -0.0761 -0.9951 -0.0625
vn -0.0761 0.9951 -0.0625
vn -0.5611 0.7715 -0.2999
vn -0.7786 -0.4696 -0.4162
vn -0.4173 0.8810 -0.2230
vn -0.8443 -0.2890 -0.4513
vn -0.2571 0.9565 -0.1374
vn -0.8777 -0.0975 -0.4691
vn -0.0869 -0.9951 -0.0464
vn -0.0869 0.9951 -0.0464
vn -0.8777 0.0975 -0.4691
vn -0.2571 -0.9565 -0.1374
vn -0.8443 0.2890 -0.4513
vn -0.4173 -0.8810 -0.2230
vn -0.7786 0.4696 -0.4162
vn -0.5611 -0.7715 -0.2999
vn -0.6831 0.6326 -0.3651
vn -0.6831 -0.6326 -0.3651
vn -0.9161 0.2890 -0.2779
vn -0.4528 -0.8810 -0.1374
vn -0.8448 0.4696 -0.2563
vn -0.6088 -0.7715 -0.1847
vn -0.7412 0.6326 -0.2248
vn -0.7412 -0.6326 -0.2248
vn -0.6088 0.7715 -0.1847
vn -0.8448 -0.4696 -0.2563
vn -0.4528 0.8810 -0.1374
vn -0.9161 -0.2890 -0.2779
vn -0.2790 0.9565 -0.0846
vn -0.9524 -0.0975 -0.2889
vn -0.0942 -0.9951 -0.0286
vn -0.0942 0.9951 -0.0286
vn -0.9524 0.0975 -0.2889
vn -0.2790 -0.9565 -0.0846
vn -0.4709 0.8810 -0.0464
vn -0.9527 -0.2890 -0.0938
vn -0.2902 0.9565 -0.0286
vn -0.9904 -0.0975 -0.0975
vn -0.0980 -0.9951 -0.0097
vn -0.0980 0.9951 -0.0097
vn -0.9904 0.0975 -0.0976
vn -0.2902 -0.9565 -0.0286
vn -0.9527 0.2890 -0.0938
vn -0.4709 -0.8810 -0.0464
vn -0.8786 0.4696 -0.0865
vn -0.6332 -0.7715 -0.0624
vn -0.7708 0.6326 -0.0759
vn -0.7708 -0.6326 -0.0759
vn -0.6332 0.7715 -0.0624
vn -0.8786 -0.4696 -0.0865
vn -0.4709 -0.8810 0.0464
vn -0.8786 0.4696 0.0865
vn -0.6332 -0.7715 0.0624
vn -0.7708 0.6326 0.0759
vn -0.7708 -0.6326 0.0759
vn -0.6332 0.7715 0.0624
vn -0.8786 -0.4696 0.0865
vn -0.4709 0.8810 0.0464
vn -0.9527 -0.2890 0.0938
vn -0.2902 0.9565 0.0286
vn -0.9904 -0.0975 0.0976
vn -0.0980 -0.9951 0.0097
vn -0.0980 0.9951 0.0097
vn -0.9904 0.0975 0.0976
vn -0.2902 -0.9565 0.0286
vn -0.9527 0.2890 0.0938
vn -0.9161 -0.2890 0.2779
vn -0.2790 0.9565 0.0846
vn -0.9524 -0.0975 0.2889
vn -0.0942 -0.9951 0.0286
vn -0.0942 0.9951 0.0286
vn -0.9524 0.0975 0.2889
vn -0.2790 -0.9565 0.0846
vn -0.9161 0.2890 0.2779
vn -0.4528 -0.8810 0.1374
vn -0.8448 0.4696 0.2563
vn -0.6088 -0.7715 0.1847
vn -0.7412 0.6326 0.2248
vn -0.7412 -0.6326 0.2248
vn -0.6088 0.7715 0.1847
vn -0.8448 -0.4696 0.2563
vn -0.4528 0.8810 0.1374
vn -0.7786 0.4696 0.4162
vn -0.5611 -0.7715 0.2999
vn -0.6831 0.6326 0.3651
vn -0.6831 -0.6326 0.3651
vn -0.5611 0.7715 0.2999
vn -0.7786 -0.4696 0.4162
vn -0.4173 0.8810 0.2230
vn -0.8443 -0.2890 0.4513
vn -0.2571 0.9565 0.1374
vn -0.8777 -0.0975 0.4691
vn -0.0869 -0.9951 0.0464
vn -0.0869 0.9951 0.0464
vn -0.8777 0.0975 0.4691
vn -0.2571 -0.9565 0.1374
vn -0.8443 0.2890 0.4513
vn -0.4173 -0.8810 0.2231
vn -0.2254 0.9565 0.1850
vn -0.7693 -0.0975 0.6314
vn -0.0761 -0.9951 0.0625
vn -0.0761 0.9951 0.0625
vn -0.7693 0.0975 0.6314
vn -0.2254 -0.9565 0.1850
vn -0.7400 0.2890 0.6073
vn -0.3658 -0.8810 0.3002
vn -0.6825 0.4696 0.5601
vn -0.4918 -0.7715 0.4036
vn -0.5987 0.6326 0.4913
vn -0.5987 -0.6326 0.4913
vn -0.4918 0.7715 0.4036
vn -0.6825 -0.4696 0.5601
vn -0.3658 0.8810 0.3002
vn -0.7400 -0.2890 0.6073
vn -0.4036 -0.7715 0.4918
vn -0.4913 0.6326 0.5987
vn -0.4913 -0.6326 0.5987
vn -0.4036 0.7715 0.4918
vn -0.5601 -0.4696 0.6825
vn -0.3002 0.8810 0.3658
vn -0.6073 -0.2890 0.7400
vn -0.1850 0.9565 0.2254
vn -0.6314 -0.0975 0.7693
vn -0.0625 -0.9951 0.0761
vn -0.0625 0.9951 0.0761
vn -0.6314 0.0975 0.7693
vn -0.1850 -0.9565 0.2254
vn -0.6073 0.2890 0.7400
vn -0.3002 -0.8810 0.3658
vn -0.5601 0.4696 0.6825
vn -0.4691 -0.0975 0.8777
vn -0.0464 -0.9951 0.0869
vn -0.0464 0.9951 0.0869
vn -0.4691 0.0975 0.8777
vn -0.1374 -0.9565 0.2571
vn -0.4513 0.2890 0.8443
vn -0.2231 -0.8810 0.4173
vn -0.4162 0.4696 0.7786
vn -0.2999 -0.7715 0.5611
vn -0.3651 0.6326 0.6831
vn -0.3651 -0.6326 0.6831
vn -0.2999 0.7715 0.5611
vn -0.4162 -0.4696 0.7786
vn -0.2230 0.8810 0.4173
vn -0.4513 -0.2890 0.8443
vn -0.1374 0.9565 0.2571
vn -0.2248 0.6326 0.7412
vn -0.2248 -0.6326 0.7412
vn -0.1847 0.7715 0.6088
vn -0.2563 -0.4696 0.8448
vn -0.1374 0.8810 0.4528
vn -0.2779 -0.2890 0.9161
vn -0.0846 0.9565 0.2790
vn -0.2889 -0.0975 0.9524
vn -0.0286 -0.9951 0.0942
vn -0.0286 0.9951 0.0942
vn -0.2889 0.0975 0.9524
vn -0.0846 -0.9565 0.2790
vn -0.2779 0.2890 0.9161
vn -0.1374 -0.8810 0.4528
vn -0.2563 0.4696 0.8448
vn -0.1847 -0.7715 0.6088
vn -0.0097 0.9951 0.0980
vn -0.0975 0.0975 0.9904
vn -0.0286 -0.9565 0.2902
vn -0.0938 0.2890 0.9527
vn -0.0464 -0.8810 0.4709
vn -0.0865 0.4696 0.8786
vn -0.0624 -0.7715 0.6332
vn -0.0759 0.6326 0.7708
vn -0.0759 -0.6326 0.7708
vn -0.0624 0.7715 0.6332
vn -0.0865 -0.4696 0.8786
vn -0.0464 0.8810 0.4709
vn -0.0938 -0.2890 0.9527
vn -0.0286 0.9565 0.2902
vn -0.0976 -0.0975 0.9904
vn -0.0097 -0.9951 0.0980
vt 0.750000 0.937500
vt 0.734375 1.000000
vt 0.718750 0.937500
vt 0.734375 0.000000
vt 0.750000 0.062500
vt 0.718750 0.062500
vt 0.750000 0.437500
vt 0.750000 0.500000
vt 0.718750 0.500000
vt 0.718750 0.437500
vt 0.750000 0.875000
vt 0.718750 0.875000
vt 0.750000 0.375000
vt 0.718750 0.375000
vt 0.750000 0.812500
vt 0.718750 0.812500
vt 0.750000 0.312500
vt 0.718750 0.312500
vt 0.750000 0.750000
vt 0.718750 0.750000
vt 0.750000 0.250000
vt 0.718750 0.250000
vt 0.750000 0.687500
vt 0.718750 0.687500
vt 0.750000 0.187500
vt 0.718750 0.187500
vt 0.750000 0.625000
vt 0.718750 0.625000
vt 0.750000 0.125000
vt 0.718750 0.125000
vt 0.750000 0.562500
vt 0.718750 0.562500
vt 0.687500 0.625000
vt 0.687500 0.562500
vt 0.687500 0.125000
vt 0.687500 0.062500
vt 0.687500 0.500000
vt 0.703125 1.000000
vt 0.687500 0.937500
vt 0.703125 0.000000
vt 0.687500 0.437500
vt 0.687500 0.875000
vt 0.687500 0.375000
vt 0.687500 0.812500
vt 0.687500 0.312500
vt 0.687500 0.750000
vt 0.687500 0.250000
vt 0.687500 0.687500
vt 0.687500 0.187500
vt 0.656250 0.375000
vt 0.656250 0.312500
vt 0.656250 0.812500
vt 0.656250 0.750000
vt 0.656250 0.250000
vt 0.656250 0.687500
vt 0.656250 0.187500
vt 0.656250 0.625000
vt 0.656250 0.125000
vt 0.656250 0.562500
vt 0.656250 0.062500
vt 0.656250 0.500000
vt 0.671875 1.000000
vt 0.656250 0.937500
vt 0.671875 0.000000
vt 0.656250 0.437500
vt 0.656250 0.875000
vt 0.625000 0.125000
vt 0.625000 0.062500
vt 0.625000 0.562500
vt 0.625000 0.500000
vt 0.640625 1.000000
vt 0.625000 0.937500
vt 0.640625 0.000000
vt 0.625000 0.437500
vt 0.625000 0.875000
vt 0.625000 0.375000
vt 0.625000 0.812500
vt 0.625000 0.312500
vt 0.625000 0.750000
vt 0.625000 0.250000
vt 0.625000 0.687500
vt 0.625000 0.187500
vt 0.625000 0.625000
vt 0.593750 0.312500
vt 0.593750 0.250000
vt 0.593750 0.750000
vt 0.593750 0.687500
vt 0.593750 0.187500
vt 0.593750 0.625000
vt 0.593750 0.125000
vt 0.593750 0.562500
vt 0.593750 0.062500
vt 0.593750 0.500000
vt 0.609375 1.000000
vt 0.593750 0.937500
vt 0.609375 0.000000
vt 0.593750 0.437500
vt 0.593750 0.875000
vt 0.593750 0.375000
vt 0.593750 0.812500
vt 0.578125 1.000000
vt 0.562500 0.937500
vt 0.578125 0.000000
vt 0.562500 0.062500
vt 0.562500 0.500000
vt 0.562500 0.437500
vt 0.562500 0.875000
vt 0.562500 0.375000
vt 0.562500 0.812500
vt 0.562500 0.312500
vt 0.562500 0.750000
vt 0.562500 0.250000
vt 0.562500 0.687500
vt 0.562500 0.187500
vt 0.562500 0.625000
vt 0.562500 0.125000
vt 0.562500 0.562500
vt 0.531250 0.750000
vt 0.531250 0.687500
vt 0.531250 0.250000
vt 0.531250 0.187500
vt 0.531250 0.625000
vt 0.531250 0.125000
vt 0.531250 0.562500
vt 0.531250 0.062500
vt 0.531250 0.500000
vt 0.546875 1.000000
vt 0.531250 0.937500
vt 0.546875 0.000000
vt 0.531250 0.437500
vt 0.531250 0.875000
vt 0.531250 0.375000
vt 0.531250 0.812500
vt 0.531250 0.312500
vt 0.500000 0.500000
vt 0.500000 0.437500
vt 0.500000 0.937500
vt 0.500000 0.875000
vt 0.500000 0.375000
vt 0.500000 0.812500
vt 0.500000 0.312500
vt 0.500000 0.750000
vt 0.500000 0.250000
vt 0.500000 0.687500
vt 0.500000 0.187500
vt 0.500000 0.625000
vt 0.500000 0.125000
vt 0.500000 0.562500
vt 0.500000 0.062500
vt 0.515625 1.000000
vt 0.515625 0.000000
vt 0.468750 0.250000
vt 0.468750 0.187500
vt 0.468750 0.687500
vt 0.468750 0.625000
vt 0.468750 0.125000
vt 0.468750 0.562500
vt 0.468750 0.062500
vt 0.468750 0.500000
vt 0.484375 1.000000
vt 0.468750 0.937500
vt 0.484375 0.000000
vt 0.468750 0.437500
vt 0.468750 0.875000
vt 0.468750 0.375000
vt 0.468750 0.812500
vt 0.468750 0.312500
vt 0.468750 0.750000
vt 0.437500 0.937500
vt 0.437500 0.875000
vt 0.437500 0.437500
vt 0.437500 0.375000
vt 0.437500 0.812500
vt 0.437500 0.312500
vt 0.437500 0.750000
vt 0.437500 0.250000
vt 0.437500 0.687500
vt 0.437500 0.187500
vt 0.437500 0.625000
vt 0.437500 0.125000
vt 0.437500 0.562500
vt 0.437500 0.062500
vt 0.437500 0.500000
vt 0.453125 1.000000
vt 0.453125 0.000000
vt 0.406250 0.687500
vt 0.406250 0.625000
vt 0.406250 0.187500
vt 0.406250 0.125000
vt 0.406250 0.562500
vt 0.406250 0.062500
vt 0.406250 0.500000
vt 0.421875 1.000000
vt 0.406250 0.937500
vt 0.421875 0.000000
vt 0.406250 0.437500
vt 0.406250 0.875000
vt 0.406250 0.375000
vt 0.406250 0.812500
vt 0.406250 0.312500
vt 0.406250 0.750000
vt 0.406250 0.250000
vt 0.375000 0.437500
vt 0.375000 0.375000
vt 0.375000 0.875000
vt 0.375000 0.812500
vt 0.375000 0.312500
vt 0.375000 0.750000
vt 0.375000 0.250000
vt 0.375000 0.687500
vt 0.375000 0.187500
vt 0.375000 0.625000
vt 0.375000 0.125000
vt 0.375000 0.562500
vt 0.375000 0.062500
vt 0.375000 0.500000
vt 0.390625 1.000000
vt 0.375000 0.937500
vt 0.390625 0.000000
vt 0.343750 0.187500
vt 0.343750 0.125000
vt 0.343750 0.625000
vt 0.343750 0.562500
vt 0.343750 0.062500
vt 0.343750 0.500000
vt 0.359375 1.000000
vt 0.343750 0.937500
vt 0.359375 0.000000
vt 0.343750 0.437500
vt 0.343750 0.875000
vt 0.343750 0.375000
vt 0.343750 0.812500
vt 0.343750 0.312500
vt 0.343750 0.750000
vt 0.343750 0.250000
vt 0.343750 0.687500
vt 0.312500 0.375000
vt 0.312500 0.312500
vt 0.312500 0.812500
vt 0.312500 0.750000
vt 0.312500 0.250000
vt 0.312500 0.687500
vt 0.312500 0.187500
vt 0.312500 0.625000
vt 0.312500 0.125000
vt 0.312500 0.562500
vt 0.312500 0.062500
vt 0.312500 0.500000
vt 0.328125 1.000000
vt 0.312500 0.937500
vt 0.328125 0.000000
vt 0.312500 0.437500
vt 0.312500 0.875000
vt 0.281250 0.125000
vt 0.281250 0.062500
vt 0.281250 0.562500
vt 0.281250 0.500000
vt 0.296875 1.000000
vt 0.281250 0.937500
vt 0.296875 0.000000
vt 0.281250 0.437500
vt 0.281250 0.875000
vt 0.281250 0.375000
vt 0.281250 0.812500
vt 0.281250 0.312500
vt 0.281250 0.750000
vt 0.281250 0.250000
vt 0.281250 0.687500
vt 0.281250 0.187500
vt 0.281250 0.625000
vt 0.250000 0.812500
vt 0.250000 0.750000
vt 0.250000 0.312500
vt 0.250000 0.250000
vt 0.250000 0.687500
vt 0.250000 0.187500
vt 0.250000 0.625000
vt 0.250000 0.125000
vt 0.250000 0.562500
vt 0.250000 0.062500
vt 0.250000 0.500000
vt 0.265625 1.000000
vt 0.250000 0.937500
vt 0.265625 0.000000
vt 0.250000 0.437500
vt 0.250000 0.875000
vt 0.250000 0.375000
vt 0.218750 0.562500
vt 0.218750 0.500000
vt 0.234375 1.000000
vt 0.218750 0.937500
vt 0.234375 0.000000
vt 0.218750 0.062500
vt 0.218750 0.437500
vt 0.218750 0.875000
vt 0.218750 0.375000
vt 0.218750 0.812500
vt 0.218750 0.312500
vt 0.218750 0.750000
vt 0.218750 0.250000
vt 0.218750 0.687500
vt 0.218750 0.187500
vt 0.218750 0.625000
vt 0.218750 0.125000
vt 0.187500 0.312500
vt 0.187500 0.250000
vt 0.187500 0.750000
vt 0.187500 0.687500
vt 0.187500 0.187500
vt 0.187500 0.625000
vt 0.187500 0.125000
vt 0.187500 0.562500
vt 0.187500 0.062500
vt 0.187500 0.500000
vt 0.203125 1.000000
vt 0.187500 0.937500
vt 0.203125 0.000000
vt 0.187500 0.437500
vt 0.187500 0.875000
vt 0.187500 0.375000
vt 0.187500 0.812500
vt 0.171875 1.000000
vt 0.156250 0.937500
vt 0.171875 0.000000
vt 0.156250 0.062500
vt 0.156250 0.500000
vt 0.156250 0.437500
vt 0.156250 0.875000
vt 0.156250 0.375000
vt 0.156250 0.812500
vt 0.156250 0.312500
vt 0.156250 0.750000
vt 0.156250 0.250000
vt 0.156250 0.687500
vt 0.156250 0.187500
vt 0.156250 0.625000
vt 0.156250 0.125000
vt 0.156250 0.562500
vt 0.125000 0.750000
vt 0.125000 0.687500
vt 0.125000 0.250000
vt 0.125000 0.187500
vt 0.125000 0.625000
vt 0.125000 0.125000
vt 0.125000 0.562500
vt 0.125000 0.062500
vt 0.125000 0.500000
vt 0.140625 1.000000
vt 0.125000 0.937500
vt 0.140625 0.000000
vt 0.125000 0.437500
vt 0.125000 0.875000
vt 0.125000 0.375000
vt 0.125000 0.812500
vt 0.125000 0.312500
vt 0.093750 0.500000
vt 0.093750 0.437500
vt 0.093750 0.937500
vt 0.093750 0.875000
vt 0.093750 0.375000
vt 0.093750 0.812500
vt 0.093750 0.312500
vt 0.093750 0.750000
vt 0.093750 0.250000
vt 0.093750 0.687500
vt 0.093750 0.187500
vt 0.093750 0.625000
vt 0.093750 0.125000
vt 0.093750 0.562500
vt 0.093750 0.062500
vt 0.109375 1.000000
vt 0.109375 0.000000
vt 0.062500 0.250000
vt 0.062500 0.187500
vt 0.062500 0.687500
vt 0.062500 0.625000
vt 0.062500 0.125000
vt 0.062500 0.562500
vt 0.062500 0.062500
vt 0.062500 0.500000
vt 0.078125 1.000000
vt 0.062500 0.937500
vt 0.078125 0.000000
vt 0.062500 0.437500
vt 0.062500 0.875000
vt 0.062500 0.375000
vt 0.062500 0.812500
vt 0.062500 0.312500
vt 0.062500 0.750000
vt 0.031250 0.437500
vt 0.031250 0.375000
vt 0.031250 0.875000
vt 0.031250 0.812500
vt 0.031250 0.312500
vt 0.031250 0.750000
vt 0.031250 0.250000
vt 0.031250 0.687500
vt 0.031250 0.187500
vt 0.031250 0.625000
vt 0.031250 0.125000
vt 0.031250 0.562500
vt 0.031250 0.062500
vt 0.031250 0.500000
vt 0.046875 1.000000
vt 0.031250 0.937500
vt 0.046875 0.000000
vt 0.000000 0.187500
vt 0.000000 0.125000
vt 0.000000 0.625000
vt 0.000000 0.562500
vt 0.000000 0.062500
vt 0.000000 0.500000
vt 0.015625 1.000000
vt 0.000000 0.937500
vt 0.015625 0.000000
vt 0.000000 0.437500
vt 0.000000 0.875000
vt 0.000000 0.375000
vt 0.000000 0.812500
vt 0.000000 0.312500
vt 0.000000 0.750000
vt 0.000000 0.250000
vt 0.000000 0.687500
vt 1.000000 0.812500
vt 1.000000 0.875000
vt 0.968750 0.875000
vt 0.968750 0.812500
vt 1.000000 0.312500
vt 1.000000 0.375000
vt 0.968750 0.375000
vt 0.968750 0.312500
vt 1.000000 0.750000
vt 0.968750 0.750000
vt 1.000000 0.250000
vt 0.968750 0.250000
vt 1.000000 0.687500
vt 0.968750 0.687500
vt 1.000000 0.187500
vt 0.968750 0.187500
vt 1.000000 0.625000
vt 0.968750 0.625000
vt 1.000000 0.125000
vt 0.968750 0.125000
vt 1.000000 0.562500
vt 0.968750 0.562500
vt 1.000000 0.062500
vt 0.968750 0.062500
vt 1.000000 0.500000
vt 0.968750 0.500000
vt 1.000000 0.937500
vt 0.984375 1.000000
vt 0.968750 0.937500
vt 0.984375 0.000000
vt 1.000000 0.437500
vt 0.968750 0.437500
vt 0.937500 0.625000
vt 0.937500 0.562500
vt 0.937500 0.125000
vt 0.937500 0.062500
vt 0.937500 0.500000
vt 0.953125 1.000000
vt 0.937500 0.937500
vt 0.953125 0.000000
vt 0.937500 0.437500
vt 0.937500 0.875000
vt 0.937500 0.375000
vt 0.937500 0.812500
vt 0.937500 0.312500
vt 0.937500 0.750000
vt 0.937500 0.250000
vt 0.937500 0.687500
vt 0.937500 0.187500
vt 0.906250 0.375000
vt 0.906250 0.312500
vt 0.906250 0.812500
vt 0.906250 0.750000
vt 0.906250 0.250000
vt 0.906250 0.687500
vt 0.906250 0.187500
vt 0.906250 0.625000
vt 0.906250 0.125000
vt 0.906250 0.562500
vt 0.906250 0.062500
vt 0.906250 0.500000
vt 0.921875 1.000000
vt 0.906250 0.937500
vt 0.921875 0.000000
vt 0.906250 0.437500
vt 0.906250 0.875000
vt 0.875000 0.125000
vt 0.875000 0.062500
vt 0.875000 0.562500
vt 0.875000 0.500000
vt 0.890625 1.000000
vt 0.875000 0.937500
vt 0.890625 0.000000
vt 0.875000 0.437500
vt 0.875000 0.875000
vt 0.875000 0.375000
vt 0.875000 0.812500
vt 0.875000 0.312500
vt 0.875000 0.750000
vt 0.875000 0.250000
vt 0.875000 0.687500
vt 0.875000 0.187500
vt 0.875000 0.625000
vt 0.843750 0.812500
vt 0.843750 0.750000
vt 0.843750 0.312500
vt 0.843750 0.250000
vt 0.843750 0.687500
vt 0.843750 0.187500
vt 0.843750 0.625000
vt 0.843750 0.125000
vt 0.843750 0.562500
vt 0.843750 0.062500
vt 0.843750 0.500000
vt 0.859375 1.000000
vt 0.843750 0.937500
vt 0.859375 0.000000
vt 0.843750 0.437500
vt 0.843750 0.875000
vt 0.843750 0.375000
vt 0.812500 0.562500
vt 0.812500 0.500000
vt 0.828125 1.000000
vt 0.812500 0.937500
vt 0.828125 0.000000
vt 0.812500 0.062500
vt 0.812500 0.437500
vt 0.812500 0.875000
vt 0.812500 0.375000
vt 0.812500 0.812500
vt 0.812500 0.312500
vt 0.812500 0.750000
vt 0.812500 0.250000
vt 0.812500 0.687500
vt 0.812500 0.187500
vt 0.812500 0.625000
vt 0.812500 0.125000
vt 0.781250 0.312500
vt 0.781250 0.250000
vt 0.781250 0.750000
vt 0.781250 0.687500
vt 0.781250 0.187500
vt 0.781250 0.625000
vt 0.781250 0.125000
vt 0.781250 0.562500
vt 0.781250 0.062500
vt 0.781250 0.500000
vt 0.796875 1.000000
vt 0.781250 0.937500
vt 0.796875 0.000000
vt 0.781250 0.437500
vt 0.781250 0.875000
vt 0.781250 0.375000
vt 0.781250 0.812500
vt 0.765625 0.000000
vt 0.765625 1.000000
s 1
usemtl Material.001
f 483/560/533 808/561/533 493/562/533
f 964/563/534 963/564/534 507/565/534
f 960/566/535 959/567/535 500/568/535 501/569/535
f 484/570/536 483/560/536 493/562/536 494/571/536
f 961/572/537 960/566/537 501/569/537 502/573/537
f 485/574/538 484/570/538 494/571/538 495/575/538
f 490/576/539 961/572/539 502/573/539 503/577/539
f 486/578/540 485/574/540 495/575/540 496/579/540
f 491/580/541 490/576/541 503/577/541 504/581/541
f 487/582/542 486/578/542 496/579/542 497/583/542
f 492/584/543 491/580/543 504/581/543 505/585/543
f 488/586/544 487/582/544 497/583/544 498/587/544
f 962/588/545 492/584/545 505/585/545 506/589/545
f 489/590/546 488/586/546 498/587/546 499/591/546
f 963/564/547 962/588/547 506/589/547 507/565/547
f 959/567/548 489/590/548 499/591/548 500/568/548
f 499/591/549 498/587/549 513/592/549 514/593/549
f 507/565/550 506/589/550 521/594/550 522/595/550
f 500/568/551 499/591/551 514/593/551 515/596/551
f 493/562/552 808/597/552 508/598/552
f 964/599/553 507/565/553 522/595/553
f 501/569/554 500/568/554 515/596/554 516/600/554
f 494/571/555 493/562/555 508/598/555 509/601/555
f 502/573/556 501/569/556 516/600/556 517/602/556
f 495/575/557 494/571/557 509/601/557 510/603/557
f 503/577/558 502/573/558 517/602/558 518/604/558
f 496/579/559 495/575/559 510/603/559 511/605/559
f 504/581/560 503/577/560 518/604/560 519/606/560
f 497/583/561 496/579/561 511/605/561 512/607/561
f 505/585/562 504/581/562 519/606/562 520/608/562
f 498/587/563 497/583/563 512/607/563 513/592/563
f 506/589/564 505/585/564 520/608/564 521/594/564
f 518/604/565 517/602/565 532/609/565 533/610/565
f 511/605/566 510/603/566 525/611/566 526/612/566
f 519/606/567 518/604/567 533/610/567 534/613/567
f 512/607/568 511/605/568 526/612/568 527/614/568
f 520/608/569 519/606/569 534/613/569 535/615/569
f 513/592/570 512/607/570 527/614/570 528/616/570
f 521/594/571 520/608/571 535/615/571 536/617/571
f 514/593/572 513/592/572 528/616/572 529/618/572
f 522/595/573 521/594/573 536/617/573 537/619/573
f 515/596/574 514/593/574 529/618/574 530/620/574
f 508/598/575 808/621/575 523/622/575
f 964/623/576 522/595/576 537/619/576
f 516/600/577 515/596/577 530/620/577 531/624/577
f 509/601/578 508/598/578 523/622/578 524/625/578
f 517/602/579 516/600/579 531/624/579 532/609/579
f 510/603/580 509/601/580 524/625/580 525/611/580
f 537/619/581 536/617/581 551/626/581 552/627/581
f 530/620/582 529/618/582 544/628/582 545/629/582
f 523/622/583 808/630/583 538/631/583
f 964/632/584 537/619/584 552/627/584
f 531/624/585 530/620/585 545/629/585 546/633/585
f 524/625/586 523/622/586 538/631/586 539/634/586
f 532/609/587 531/624/587 546/633/587 547/635/587
f 525/611/588 524/625/588 539/634/588 540/636/588
f 533/610/589 532/609/589 547/635/589 548/637/589
f 526/612/590 525/611/590 540/636/590 541/638/590
f 534/613/591 533/610/591 548/637/591 549/639/591
f 527/614/592 526/612/592 541/638/592 542/640/592
f 535/615/593 534/613/593 549/639/593 550/641/593
f 528/616/594 527/614/594 542/640/594 543/642/594
f 536/617/595 535/615/595 550/641/595 551/626/595
f 529/618/596 528/616/596 543/642/596 544/628/596
f 549/639/597 548/637/597 563/643/597 564/644/597
f 542/640/598 541/638/598 556/645/598 557/646/598
f 550/641/599 549/639/599 564/644/599 565/647/599
f 543/642/600 542/640/600 557/646/600 558/648/600
f 551/626/601 550/641/601 565/647/601 566/649/601
f 544/628/602 543/642/602 558/648/602 559/650/602
f 552/627/603 551/626/603 566/649/603 567/651/603
f 545/629/604 544/628/604 559/650/604 560/652/604
f 538/631/605 808/653/605 553/654/605
f 964/655/606 552/627/606 567/651/606
f 546/633/607 545/629/607 560/652/607 561/656/607
f 539/634/608 538/631/608 553/654/608 554/657/608
f 547/635/609 546/633/609 561/656/609 562/658/609
f 540/636/610 539/634/610 554/657/610 555/659/610
f 548/637/611 547/635/611 562/658/611 563/643/611
f 541/638/612 540/636/612 555/659/612 556/645/612
f 553/654/613 808/660/613 568/661/613
f 964/662/614 567/651/614 582/663/614
f 561/656/615 560/652/615 575/664/615 576/665/615
f 554/657/616 553/654/616 568/661/616 569/666/616
f 562/658/617 561/656/617 576/665/617 577/667/617
f 555/659/618 554/657/618 569/666/618 570/668/618
f 563/643/619 562/658/619 577/667/619 578/669/619
f 556/645/620 555/659/620 570/668/620 571/670/620
f 564/644/621 563/643/621 578/669/621 579/671/621
f 557/646/622 556/645/622 571/670/622 572/672/622
f 565/647/623 564/644/623 579/671/623 580/673/623
f 558/648/624 557/646/624 572/672/624 573/674/624
f 566/649/625 565/647/625 580/673/625 581/675/625
f 559/650/626 558/648/626 573/674/626 574/676/626
f 567/651/627 566/649/627 581/675/627 582/663/627
f 560/652/628 559/650/628 574/676/628 575/664/628
f 572/672/629 571/670/629 586/677/629 587/678/629
f 580/673/630 579/671/630 594/679/630 595/680/630
f 573/674/631 572/672/631 587/678/631 588/681/631
f 581/675/632 580/673/632 595/680/632 596/682/632
f 574/676/633 573/674/633 588/681/633 589/683/633
f 582/663/634 581/675/634 596/682/634 597/684/634
f 575/664/635 574/676/635 589/683/635 590/685/635
f 568/661/636 808/686/636 583/687/636
f 964/688/637 582/663/637 597/684/637
f 576/665/638 575/664/638 590/685/638 591/689/638
f 569/666/639 568/661/639 583/687/639 584/690/639
f 577/667/640 576/665/640 591/689/640 592/691/640
f 570/668/641 569/666/641 584/690/641 585/692/641
f 578/669/642 577/667/642 592/691/642 593/693/642
f 571/670/643 570/668/643 585/692/643 586/677/643
f 579/671/644 578/669/644 593/693/644 594/679/644
f 591/689/645 590/685/645 605/694/645 606/695/645
f 584/690/646 583/687/646 598/696/646 599/697/646
f 592/691/647 591/689/647 606/695/647 607/698/647
f 585/692/648 584/690/648 599/697/648 600/699/648
f 593/693/649 592/691/649 607/698/649 608/700/649
f 586/677/650 585/692/650 600/699/650 601/701/650
f 594/679/651 593/693/651 608/700/651 609/702/651
f 587/678/652 586/677/652 601/701/652 602/703/652
f 595/680/653 594/679/653 609/702/653 610/704/653
f 588/681/654 587/678/654 602/703/654 603/705/654
f 596/682/655 595/680/655 610/704/655 611/706/655
f 589/683/656 588/681/656 603/705/656 604/707/656
f 597/684/657 596/682/657 611/706/657 612/708/657
f 590/685/658 589/683/658 604/707/658 605/694/658
f 583/687/659 808/709/659 598/696/659
f 964/710/660 597/684/660 612/708/660
f 610/704/661 609/702/661 624/711/661 625/712/661
f 603/705/662 602/703/662 617/713/662 618/714/662
f 611/706/663 610/704/663 625/712/663 626/715/663
f 604/707/664 603/705/664 618/714/664 619/716/664
f 612/708/665 611/706/665 626/715/665 627/717/665
f 605/694/666 604/707/666 619/716/666 620/718/666
f 598/696/667 808/719/667 613/720/667
f 964/721/668 612/708/668 627/717/668
f 606/695/669 605/694/669 620/718/669 621/722/669
f 599/697/670 598/696/670 613/720/670 614/723/670
f 607/698/671 606/695/671 621/722/671 622/724/671
f 600/699/672 599/697/672 614/723/672 615/725/672
f 608/700/673 607/698/673 622/724/673 623/726/673
f 601/701/674 600/699/674 615/725/674 616/727/674
f 609/702/675 608/700/675 623/726/675 624/711/675
f 602/703/676 601/701/676 616/727/676 617/713/676
f 614/723/677 613/720/677 628/728/677 629/729/677
f 622/724/678 621/722/678 636/730/678 637/731/678
f 615/725/679 614/723/679 629/729/679 630/732/679
f 623/726/680 622/724/680 637/731/680 638/733/680
f 616/727/681 615/725/681 630/732/681 631/734/681
f 624/711/682 623/726/682 638/733/682 639/735/682
f 617/713/683 616/727/683 631/734/683 632/736/683
f 625/712/684 624/711/684 639/735/684 640/737/684
f 618/714/685 617/713/685 632/736/685 633/738/685
f 626/715/686 625/712/686 640/737/686 641/739/686
f 619/716/687 618/714/687 633/738/687 634/740/687
f 627/717/688 626/715/688 641/739/688 642/741/688
f 620/718/689 619/716/689 634/740/689 635/742/689
f 613/720/690 808/743/690 628/728/690
f 964/744/691 627/717/691 642/741/691
f 621/722/692 620/718/692 635/742/692 636/730/692
f 633/738/693 632/736/693 647/745/693 648/746/693
f 641/739/694 640/737/694 655/747/694 656/748/694
f 634/740/695 633/738/695 648/746/695 649/749/695
f 642/741/696 641/739/696 656/748/696 657/750/696
f 635/742/697 634/740/697 649/749/697 650/751/697
f 628/728/698 808/752/698 643/753/698
f 964/754/699 642/741/699 657/750/699
f 636/730/700 635/742/700 650/751/700 651/755/700
f 629/729/701 628/728/701 643/753/701 644/756/701
f 637/731/702 636/730/702 651/755/702 652/757/702
f 630/732/703 629/729/703 644/756/703 645/758/703
f 638/733/704 637/731/704 652/757/704 653/759/704
f 631/734/705 630/732/705 645/758/705 646/760/705
f 639/735/706 638/733/706 653/759/706 654/761/706
f 632/736/707 631/734/707 646/760/707 647/745/707
f 640/737/708 639/735/708 654/761/708 655/747/708
f 652/757/709 651/755/709 666/762/709 667/763/709
f 645/758/710 644/756/710 659/764/710 660/765/710
f 653/759/711 652/757/711 667/763/711 668/766/711
f 646/760/712 645/758/712 660/765/712 661/767/712
f 654/761/713 653/759/713 668/766/713 669/768/713
f 647/745/714 646/760/714 661/767/714 662/769/714
f 655/747/715 654/761/715 669/768/715 670/770/715
f 648/746/716 647/745/716 662/769/716 663/771/716
f 656/748/717 655/747/717 670/770/717 671/772/717
f 649/749/718 648/746/718 663/771/718 664/773/718
f 657/750/719 656/748/719 671/772/719 672/774/719
f 650/751/720 649/749/720 664/773/720 665/775/720
f 643/753/721 808/776/721 658/777/721
f 964/778/722 657/750/722 672/774/722
f 651/755/723 650/751/723 665/775/723 666/762/723
f 644/756/724 643/753/724 658/777/724 659/764/724
f 671/772/725 670/770/725 685/779/725 686/780/725
f 664/773/726 663/771/726 678/781/726 679/782/726
f 672/774/727 671/772/727 686/780/727 687/783/727
f 665/775/728 664/773/728 679/782/728 680/784/728
f 658/777/729 808/785/729 673/786/729
f 964/787/730 672/774/730 687/783/730
f 666/762/731 665/775/731 680/784/731 681/788/731
f 659/764/732 658/777/732 673/786/732 674/789/732
f 667/763/733 666/762/733 681/788/733 682/790/733
f 660/765/734 659/764/734 674/789/734 675/791/734
f 668/766/735 667/763/735 682/790/735 683/792/735
f 661/767/736 660/765/736 675/791/736 676/793/736
f 669/768/737 668/766/737 683/792/737 684/794/737
f 662/769/738 661/767/738 676/793/738 677/795/738
f 670/770/739 669/768/739 684/794/739 685/779/739
f 663/771/740 662/769/740 677/795/740 678/781/740
f 683/792/741 682/790/741 697/796/741 698/797/741
f 676/793/742 675/791/742 690/798/742 691/799/742
f 684/794/743 683/792/743 698/797/743 699/800/743
f 677/795/744 676/793/744 691/799/744 692/801/744
f 685/779/745 684/794/745 699/800/745 700/802/745
f 678/781/746 677/795/746 692/801/746 693/803/746
f 686/780/747 685/779/747 700/802/747 701/804/747
f 679/782/748 678/781/748 693/803/748 694/805/748
f 687/783/749 686/780/749 701/804/749 702/806/749
f 680/784/750 679/782/750 694/805/750 695/807/750
f 673/786/751 808/808/751 688/809/751
f 964/810/752 687/783/752 702/806/752
f 681/788/753 680/784/753 695/807/753 696/811/753
f 674/789/754 673/786/754 688/809/754 689/812/754
f 682/790/755 681/788/755 696/811/755 697/796/755
f 675/791/756 674/789/756 689/812/756 690/798/756
f 702/806/757 701/804/757 716/813/757 717/814/757
f 695/807/758 694/805/758 709/815/758 710/816/758
f 688/809/759 808/817/759 703/818/759
f 964/819/760 702/806/760 717/814/760
f 696/811/761 695/807/761 710/816/761 711/820/761
f 689/812/762 688/809/762 703/818/762 704/821/762
f 697/796/763 696/811/763 711/820/763 712/822/763
f 690/798/764 689/812/764 704/821/764 705/823/764
f 698/797/765 697/796/765 712/822/765 713/824/765
f 691/799/766 690/798/766 705/823/766 706/825/766
f 699/800/767 698/797/767 713/824/767 714/826/767
f 692/801/768 691/799/768 706/825/768 707/827/768
f 700/802/769 699/800/769 714/826/769 715/828/769
f 693/803/770 692/801/770 707/827/770 708/829/770
f 701/804/771 700/802/771 715/828/771 716/813/771
f 694/805/772 693/803/772 708/829/772 709/815/772
f 706/825/773 705/823/773 720/830/773 721/831/773
f 714/826/774 713/824/774 728/832/774 729/833/774
f 707/827/775 706/825/775 721/831/775 722/834/775
f 715/828/776 714/826/776 729/833/776 730/835/776
f 708/829/777 707/827/777 722/834/777 723/836/777
f 716/813/778 715/828/778 730/835/778 731/837/778
f 709/815/779 708/829/779 723/836/779 724/838/779
f 717/814/780 716/813/780 731/837/780 732/839/780
f 710/816/781 709/815/781 724/838/781 725/840/781
f 703/818/782 808/841/782 718/842/782
f 964/843/783 717/814/783 732/839/783
f 711/820/784 710/816/784 725/840/784 726/844/784
f 704/821/785 703/818/785 718/842/785 719/845/785
f 712/822/786 711/820/786 726/844/786 727/846/786
f 705/823/787 704/821/787 719/845/787 720/830/787
f 713/824/788 712/822/788 727/846/788 728/832/788
f 725/840/789 724/838/789 739/847/789 740/848/789
f 718/842/790 808/849/790 733/850/790
f 964/851/791 732/839/791 747/852/791
f 726/844/792 725/840/792 740/848/792 741/853/792
f 719/845/793 718/842/793 733/850/793 734/854/793
f 727/846/794 726/844/794 741/853/794 742/855/794
f 720/830/795 719/845/795 734/854/795 735/856/795
f 728/832/796 727/846/796 742/855/796 743/857/796
f 721/831/797 720/830/797 735/856/797 736/858/797
f 729/833/798 728/832/798 743/857/798 744/859/798
f 722/834/799 721/831/799 736/858/799 737/860/799
f 730/835/800 729/833/800 744/859/800 745/861/800
f 723/836/801 722/834/801 737/860/801 738/862/801
f 731/837/802 730/835/802 745/861/802 746/863/802
f 724/838/803 723/836/803 738/862/803 739/847/803
f 732/839/804 731/837/804 746/863/804 747/852/804
f 744/859/805 743/857/805 758/864/805 759/865/805
f 737/860/806 736/858/806 751/866/806 752/867/806
f 745/861/807 744/859/807 759/865/807 760/868/807
f 738/862/808 737/860/808 752/867/808 753/869/808
f 746/863/809 745/861/809 760/868/809 761/870/809
f 739/847/810 738/862/810 753/869/810 754/871/810
f 747/852/811 746/863/811 761/870/811 762/872/811
f 740/848/812 739/847/812 754/871/812 755/873/812
f 733/850/813 808/874/813 748/875/813
f 964/876/814 747/852/814 762/872/814
f 741/853/815 740/848/815 755/873/815 756/877/815
f 734/854/816 733/850/816 748/875/816 749/878/816
f 742/855/817 741/853/817 756/877/817 757/879/817
f 735/856/818 734/854/818 749/878/818 750/880/818
f 743/857/819 742/855/819 757/879/819 758/864/819
f 736/858/820 735/856/820 750/880/820 751/866/820
f 748/875/821 808/881/821 763/882/821
f 964/883/822 762/872/822 777/884/822
f 756/877/823 755/873/823 770/885/823 771/886/823
f 749/878/824 748/875/824 763/882/824 764/887/824
f 757/879/825 756/877/825 771/886/825 772/888/825
f 750/880/826 749/878/826 764/887/826 765/889/826
f 758/864/827 757/879/827 772/888/827 773/890/827
f 751/866/828 750/880/828 765/889/828 766/891/828
f 759/865/829 758/864/829 773/890/829 774/892/829
f 752/867/830 751/866/830 766/891/830 767/893/830
f 760/868/831 759/865/831 774/892/831 775/894/831
f 753/869/832 752/867/832 767/893/832 768/895/832
f 761/870/833 760/868/833 775/894/833 776/896/833
f 754/871/834 753/869/834 768/895/834 769/897/834
f 762/872/835 761/870/835 776/896/835 777/884/835
f 755/873/836 754/871/836 769/897/836 770/885/836
f 767/893/837 766/891/837 781/898/837 782/899/837
f 775/894/838 774/892/838 789/900/838 790/901/838
f 768/895/839 767/893/839 782/899/839 783/902/839
f 776/896/840 775/894/840 790/901/840 791/903/840
f 769/897/841 768/895/841 783/902/841 784/904/841
f 777/884/842 776/896/842 791/903/842 792/905/842
f 770/885/843 769/897/843 784/904/843 785/906/843
f 763/882/844 808/907/844 778/908/844
f 964/909/845 777/884/845 792/905/845
f 771/886/846 770/885/846 785/906/846 786/910/846
f 764/887/847 763/882/847 778/908/847 779/911/847
f 772/888/848 771/886/848 786/910/848 787/912/848
f 765/889/849 764/887/849 779/911/849 780/913/849
f 773/890/850 772/888/850 787/912/850 788/914/850
f 766/891/851 765/889/851 780/913/851 781/898/851
f 774/892/852 773/890/852 788/914/852 789/900/852
f 786/910/853 785/906/853 800/915/853 801/916/853
f 779/911/854 778/908/854 793/917/854 794/918/854
f 787/912/855 786/910/855 801/916/855 802/919/855
f 780/913/856 779/911/856 794/918/856 795/920/856
f 788/914/857 787/912/857 802/919/857 803/921/857
f 781/898/858 780/913/858 795/920/858 796/922/858
f 789/900/859 788/914/859 803/921/859 804/923/859
f 782/899/860 781/898/860 796/922/860 797/924/860
f 790/901/861 789/900/861 804/923/861 805/925/861
f 783/902/862 782/899/862 797/924/862 798/926/862
f 791/903/863 790/901/863 805/925/863 806/927/863
f 784/904/864 783/902/864 798/926/864 799/928/864
f 792/905/865 791/903/865 806/927/865 807/929/865
f 785/906/866 784/904/866 799/928/866 800/915/866
f 778/908/867 808/930/867 793/917/867
f 964/931/868 792/905/868 807/929/868
f 805/925/869 804/923/869 820/932/869 821/933/869
f 798/926/870 797/924/870 813/934/870 814/935/870
f 806/927/871 805/925/871 821/933/871 822/936/871
f 799/928/872 798/926/872 814/935/872 815/937/872
f 807/929/873 806/927/873 822/936/873 823/938/873
f 800/915/874 799/928/874 815/937/874 816/939/874
f 793/917/875 808/940/875 809/941/875
f 964/942/876 807/929/876 823/938/876
f 801/916/877 800/915/877 816/939/877 817/943/877
f 794/918/878 793/917/878 809/941/878 810/944/878
f 802/919/879 801/916/879 817/943/879 818/945/879
f 795/920/880 794/918/880 810/944/880 811/946/880
f 803/921/881 802/919/881 818/945/881 819/947/881
f 796/922/882 795/920/882 811/946/882 812/948/882
f 804/923/883 803/921/883 819/947/883 820/932/883
f 797/924/884 796/922/884 812/948/884 813/934/884
f 818/945/885 817/943/885 832/949/885 833/950/885
f 811/946/886 810/944/886 825/951/886 826/952/886
f 819/947/887 818/945/887 833/950/887 834/953/887
f 812/948/888 811/946/888 826/952/888 827/954/888
f 820/932/889 819/947/889 834/953/889 835/955/889
f 813/934/890 812/948/890 827/954/890 828/956/890
f 821/933/891 820/932/891 835/955/891 836/957/891
f 814/935/892 813/934/892 828/956/892 829/958/892
f 822/936/893 821/933/893 836/957/893 837/959/893
f 815/937/894 814/935/894 829/958/894 830/960/894
f 823/938/895 822/936/895 837/959/895 838/961/895
f 816/939/896 815/937/896 830/960/896 831/962/896
f 809/941/897 808/963/897 824/964/897
f 964/965/898 823/938/898 838/961/898
f 817/943/899 816/939/899 831/962/899 832/949/899
f 810/944/900 809/941/900 824/964/900 825/951/900
f 837/959/901 836/957/901 851/966/901 852/967/901
f 830/960/902 829/958/902 844/968/902 845/969/902
f 838/961/903 837/959/903 852/967/903 853/970/903
f 831/962/904 830/960/904 845/969/904 846/971/904
f 824/964/905 808/972/905 839/973/905
f 964/974/906 838/961/906 853/970/906
f 832/949/907 831/962/907 846/971/907 847/975/907
f 825/951/908 824/964/908 839/973/908 840/976/908
f 833/950/909 832/949/909 847/975/909 848/977/909
f 826/952/910 825/951/910 840/976/910 841/978/910
f 834/953/911 833/950/911 848/977/911 849/979/911
f 827/954/912 826/952/912 841/978/912 842/980/912
f 835/955/913 834/953/913 849/979/913 850/981/913
f 828/956/914 827/954/914 842/980/914 843/982/914
f 836/957/915 835/955/915 850/981/915 851/966/915
f 829/958/916 828/956/916 843/982/916 844/968/916
f 841/983/917 840/984/917 855/985/917 856/986/917
f 849/987/918 848/988/918 863/989/918 864/990/918
f 842/991/919 841/983/919 856/986/919 857/992/919
f 850/993/920 849/987/920 864/990/920 865/994/920
f 843/995/921 842/991/921 857/992/921 858/996/921
f 851/997/922 850/993/922 865/994/922 866/998/922
f 844/999/923 843/995/923 858/996/923 859/1000/923
f 852/1001/924 851/997/924 866/998/924 867/1002/924
f 845/1003/925 844/999/925 859/1000/925 860/1004/925
f 853/1005/926 852/1001/926 867/1002/926 868/1006/926
f 846/1007/927 845/1003/927 860/1004/927 861/1008/927
f 839/1009/928 808/1010/928 854/1011/928
f 964/1012/929 853/1005/929 868/1006/929
f 847/1013/930 846/1007/930 861/1008/930 862/1014/930
f 840/984/931 839/1009/931 854/1011/931 855/985/931
f 848/988/932 847/1013/932 862/1014/932 863/989/932
f 860/1004/933 859/1000/933 874/1015/933 875/1016/933
f 868/1006/934 867/1002/934 882/1017/934 883/1018/934
f 861/1008/935 860/1004/935 875/1016/935 876/1019/935
f 854/1011/936 808/1020/936 869/1021/936
f 964/1022/937 868/1006/937 883/1018/937
f 862/1014/938 861/1008/938 876/1019/938 877/1023/938
f 855/985/939 854/1011/939 869/1021/939 870/1024/939
f 863/989/940 862/1014/940 877/1023/940 878/1025/940
f 856/986/941 855/985/941 870/1024/941 871/1026/941
f 864/990/942 863/989/942 878/1025/942 879/1027/942
f 857/992/943 856/986/943 871/1026/943 872/1028/943
f 865/994/944 864/990/944 879/1027/944 880/1029/944
f 858/996/945 857/992/945 872/1028/945 873/1030/945
f 866/998/946 865/994/946 880/1029/946 881/1031/946
f 859/1000/947 858/996/947 873/1030/947 874/1015/947
f 867/1002/948 866/998/948 881/1031/948 882/1017/948
f 879/1027/949 878/1025/949 893/1032/949 894/1033/949
f 872/1028/950 871/1026/950 886/1034/950 887/1035/950
f 880/1029/951 879/1027/951 894/1033/951 895/1036/951
f 873/1030/952 872/1028/952 887/1035/952 888/1037/952
f 881/1031/953 880/1029/953 895/1036/953 896/1038/953
f 874/1015/954 873/1030/954 888/1037/954 889/1039/954
f 882/1017/955 881/1031/955 896/1038/955 897/1040/955
f 875/1016/956 874/1015/956 889/1039/956 890/1041/956
f 883/1018/957 882/1017/957 897/1040/957 898/1042/957
f 876/1019/958 875/1016/958 890/1041/958 891/1043/958
f 869/1021/959 808/1044/959 884/1045/959
f 964/1046/960 883/1018/960 898/1042/960
f 877/1023/961 876/1019/961 891/1043/961 892/1047/961
f 870/1024/962 869/1021/962 884/1045/962 885/1048/962
f 878/1025/963 877/1023/963 892/1047/963 893/1032/963
f 871/1026/964 870/1024/964 885/1048/964 886/1034/964
f 898/1042/965 897/1040/965 912/1049/965 913/1050/965
f 891/1043/966 890/1041/966 905/1051/966 906/1052/966
f 884/1045/967 808/1053/967 899/1054/967
f 964/1055/968 898/1042/968 913/1050/968
f 892/1047/969 891/1043/969 906/1052/969 907/1056/969
f 885/1048/970 884/1045/970 899/1054/970 900/1057/970
f 893/1032/971 892/1047/971 907/1056/971 908/1058/971
f 886/1034/972 885/1048/972 900/1057/972 901/1059/972
f 894/1033/973 893/1032/973 908/1058/973 909/1060/973
f 887/1035/974 886/1034/974 901/1059/974 902/1061/974
f 895/1036/975 894/1033/975 909/1060/975 910/1062/975
f 888/1037/976 887/1035/976 902/1061/976 903/1063/976
f 896/1038/977 895/1036/977 910/1062/977 911/1064/977
f 889/1039/978 888/1037/978 903/1063/978 904/1065/978
f 897/1040/979 896/1038/979 911/1064/979 912/1049/979
f 890/1041/980 889/1039/980 904/1065/980 905/1051/980
f 902/1061/981 901/1059/981 916/1066/981 917/1067/981
f 910/1062/982 909/1060/982 924/1068/982 925/1069/982
f 903/1063/983 902/1061/983 917/1067/983 918/1070/983
f 911/1064/984 910/1062/984 925/1069/984 926/1071/984
f 904/1065/985 903/1063/985 918/1070/985 919/1072/985
f 912/1049/986 911/1064/986 926/1071/986 927/1073/986
f 905/1051/987 904/1065/987 919/1072/987 920/1074/987
f 913/1050/988 912/1049/988 927/1073/988 928/1075/988
f 906/1052/989 905/1051/989 920/1074/989 921/1076/989
f 899/1054/990 808/1077/990 914/1078/990
f 964/1079/991 913/1050/991 928/1075/991
f 907/1056/992 906/1052/992 921/1076/992 922/1080/992
f 900/1057/993 899/1054/993 914/1078/993 915/1081/993
f 908/1058/994 907/1056/994 922/1080/994 923/1082/994
f 901/1059/995 900/1057/995 915/1081/995 916/1066/995
f 909/1060/996 908/1058/996 923/1082/996 924/1068/996
f 921/1076/997 920/1074/997 935/1083/997 936/1084/997
f 914/1078/998 808/1085/998 929/1086/998
f 964/1087/999 928/1075/999 943/1088/999
f 922/1080/1000 921/1076/1000 936/1084/1000 937/1089/1000
f 915/1081/1001 914/1078/1001 929/1086/1001 930/1090/1001
f 923/1082/1002 922/1080/1002 937/1089/1002 938/1091/1002
f 916/1066/1003 915/1081/1003 930/1090/1003 931/1092/1003
f 924/1068/1004 923/1082/1004 938/1091/1004 939/1093/1004
f 917/1067/1005 916/1066/1005 931/1092/1005 932/1094/1005
f 925/1069/1006 924/1068/1006 939/1093/1006 940/1095/1006
f 918/1070/1007 917/1067/1007 932/1094/1007 933/1096/1007
f 926/1071/1008 925/1069/1008 940/1095/1008 941/1097/1008
f 919/1072/1009 918/1070/1009 933/1096/1009 934/1098/1009
f 927/1073/1010 926/1071/1010 941/1097/1010 942/1099/1010
f 920/1074/1011 919/1072/1011 934/1098/1011 935/1083/1011
f 928/1075/1012 927/1073/1012 942/1099/1012 943/1088/1012
f 940/1095/1013 939/1093/1013 954/1100/1013 955/1101/1013
f 933/1096/1014 932/1094/1014 947/1102/1014 948/1103/1014
f 941/1097/1015 940/1095/1015 955/1101/1015 956/1104/1015
f 934/1098/1016 933/1096/1016 948/1103/1016 949/1105/1016
f 942/1099/1017 941/1097/1017 956/1104/1017 957/1106/1017
f 935/1083/1018 934/1098/1018 949/1105/1018 950/1107/1018
f 943/1088/1019 942/1099/1019 957/1106/1019 958/1108/1019
f 936/1084/1020 935/1083/1020 950/1107/1020 951/1109/1020
f 929/1086/1021 808/1110/1021 944/1111/1021
f 964/1112/1022 943/1088/1022 958/1108/1022
f 937/1089/1023 936/1084/1023 951/1109/1023 952/1113/1023
f 930/1090/1024 929/1086/1024 944/1111/1024 945/1114/1024
f 938/1091/1025 937/1089/1025 952/1113/1025 953/1115/1025
f 931/1092/1026 930/1090/1026 945/1114/1026 946/1116/1026
f 939/1093/1027 938/1091/1027 953/1115/1027 954/1100/1027
f 932/1094/1028 931/1092/1028 946/1116/1028 947/1102/1028
f 964/1117/1029 958/1108/1029 963/564/1029
f 952/1113/1030 951/1109/1030 959/567/1030 960/566/1030
f 945/1114/1031 944/1111/1031 483/560/1031 484/570/1031
f 953/1115/1032 952/1113/1032 960/566/1032 961/572/1032
f 946/1116/1033 945/1114/1033 484/570/1033 485/574/1033
f 954/1100/1034 953/1115/1034 961/572/1034 490/576/1034
f 947/1102/1035 946/1116/1035 485/574/1035 486/578/1035
f 955/1101/1036 954/1100/1036 490/576/1036 491/580/1036
f 948/1103/1037 947/1102/1037 486/578/1037 487/582/1037
f 956/1104/1038 955/1101/1038 491/580/1038 492/584/1038
f 949/1105/1039 948/1103/1039 487/582/1039 488/586/1039
f 957/1106/1040 956/1104/1040 492/584/1040 962/588/1040
f 950/1107/1041 949/1105/1041 488/586/1041 489/590/1041
f 958/1108/1042 957/1106/1042 962/588/1042 963/564/1042
f 951/1109/1043 950/1107/1043 489/590/1043 959/567/1043
f 944/1111/1044 808/1118/1044 483/560/1044
